{
    "match_ratio": 0.0,
    "recall": 0.0,
    "precision": 0.0,
    "n_avail": 12,
    "n_pred": 32,
    "out_scores": [
        1.0,
        1.0,
        1.0,
        1.0,
        1.0,
        1.0,
        1.0,
        1.0,
        1.0,
        1.0,
        1.0,
        1.0,
        1.0,
        1.0,
        1.0,
        1.0,
        1.0,
        1.0,
        1.0,
        1.0,
        1.0,
        1.0,
        1.0,
        1.0,
        1.0,
        1.0,
        1.0,
        1.0,
        1.0,
        1.0,
        1.0,
        1.0
    ],
    "min_trans_rot_dists": [
        [
            0.4140762485437573,
            0.1307233901606284
        ],
        [
            0.14413079927897557,
            0.040279610551279155
        ],
        [
            0.3410974958493309,
            0.1307233901606284
        ],
        [
            0.22813748105583231,
            0.040279610551279155
        ],
        [
            0.26286461365987956,
            0.1307233901606284
        ],
        [
            0.3166211083982529,
            0.040279610551279155
        ],
        [
            0.26181669324951684,
            0.1307233901606284
        ],
        [
            0.4552290492570784,
            0.040279610551279155
        ],
        [
            0.39046780011645954,
            0.1307233901606284
        ],
        [
            0.359310960379342,
            0.040279610551279155
        ],
        [
            0.40793258524235926,
            0.1307233901606284
        ],
        [
            0.22271862696366693,
            0.040279610551279155
        ]
    ],
    "min_trans_rot_dists_prec": [
        [
            0.9345741761095607,
            0.8901690593672287
        ],
        [
            0.5953215300637195,
            0.6588879144970915
        ],
        [
            0.3913766989273124,
            0.9248774573884909
        ],
        [
            0.6184975461301276,
            0.3275687894180841
        ],
        [
            0.7645194636744391,
            0.7994449541587192
        ],
        [
            0.9973514950684546,
            0.793800844877818
        ],
        [
            0.6357929601649128,
            0.39875328301038526
        ],
        [
            0.1003209998265893,
            0.9962311755579003
        ],
        [
            0.14413079927897557,
            0.9785595975333344
        ],
        [
            0.4140762485437573,
            0.1307233901606284
        ],
        [
            0.6593053493608184,
            0.5212997451017034
        ],
        [
            0.5766801604079616,
            0.7706551794761793
        ],
        [
            0.8183325703365227,
            0.2391378925429385
        ],
        [
            0.5155576580247581,
            0.6744879175800736
        ],
        [
            0.9270562139895986,
            0.3977023507788714
        ],
        [
            0.1750602116470058,
            0.8484397579469167
        ],
        [
            0.39474553384289945,
            0.9423108306699759
        ],
        [
            0.8475125005647749,
            0.18318300855855096
        ],
        [
            0.5449428837940402,
            0.8963576455236556
        ],
        [
            0.19104692465442882,
            0.9708585562287875
        ],
        [
            0.6946042036140452,
            0.8336952635195591
        ],
        [
            0.7097393659897885,
            0.39759777549623165
        ],
        [
            0.5203724818891082,
            0.25007938660578566
        ],
        [
            0.4730008929581771,
            0.7488765790079783
        ],
        [
            0.9818874585953217,
            0.5299790427309778
        ],
        [
            0.613499257172547,
            0.5728870517610981
        ],
        [
            0.9381169186180804,
            0.4752827072841497
        ],
        [
            0.2988547478042331,
            0.9916450583724845
        ],
        [
            0.5831923637364673,
            0.5518562756311904
        ],
        [
            0.5709818672154581,
            0.43747289035464254
        ],
        [
            1.1453333668189716,
            0.3741767433499177
        ],
        [
            0.3904844264311046,
            0.286134239267402
        ]
    ],
    "r_thresh_deg": 5,
    "t_thresh": 0.035,
    "t_thresh_prec": 0.04
}