{
    "match_ratio": 0.0,
    "recall": 0.0,
    "precision": 0.0,
    "n_avail": 4,
    "n_pred": 32,
    "out_scores": [
        1.0,
        1.0,
        1.0,
        1.0,
        1.0,
        1.0,
        1.0,
        1.0,
        1.0,
        1.0,
        1.0,
        1.0,
        1.0,
        1.0,
        1.0,
        1.0,
        1.0,
        1.0,
        1.0,
        1.0,
        1.0,
        1.0,
        1.0,
        1.0,
        1.0,
        1.0,
        1.0,
        1.0,
        1.0,
        1.0,
        1.0,
        1.0
    ],
    "min_trans_rot_dists": [
        [
            0.03869871841994357,
            0.5642859392758224
        ],
        [
            0.03869871841994357,
            0.8453629645712948
        ],
        [
            0.12636813451132586,
            0.08286471729431044
        ],
        [
            0.2750815123491767,
            0.09364535571947563
        ]
    ],
    "min_trans_rot_dists_prec": [
        [
            0.03869871841994357,
            0.5642859392758224
        ],
        [
            0.3345445764657905,
            0.6099694336924731
        ],
        [
            0.32292154724624467,
            0.08286471729431044
        ],
        [
            0.26346960341612263,
            0.9243123812696519
        ],
        [
            0.3937214286150893,
            0.8027297225438026
        ],
        [
            0.10695156936982049,
            0.9992768005794114
        ],
        [
            0.18835581249263222,
            0.9403046643627485
        ],
        [
            0.2750815123491767,
            0.09364535571947563
        ],
        [
            0.10136751063788843,
            0.9978277747393364
        ],
        [
            0.28821058999722193,
            0.4094200408929659
        ],
        [
            0.10458641602899982,
            0.9485689722491424
        ],
        [
            0.2777348529885802,
            0.47061888228046755
        ],
        [
            0.19474941777111585,
            0.9859963604352776
        ],
        [
            0.0740084897181375,
            0.9968704652370295
        ],
        [
            0.442356103529251,
            0.5036233432986945
        ],
        [
            0.2450264401865887,
            0.9084931443335774
        ],
        [
            0.17639001425336104,
            0.5244592679572874
        ],
        [
            0.37950137135308554,
            0.9308886834153371
        ],
        [
            0.21473784557051123,
            0.2922686256517918
        ],
        [
            0.12241489447677631,
            0.7432259446751789
        ],
        [
            0.15302425926453092,
            0.7802743116568426
        ],
        [
            0.11404767437210378,
            0.32019741742634933
        ],
        [
            0.11056369645102367,
            0.9604611308377793
        ],
        [
            0.2435253369179498,
            0.24809385260909478
        ],
        [
            0.26192920104542017,
            0.5483623513974849
        ],
        [
            0.16931025887536846,
            0.9916794101975127
        ],
        [
            0.26129894571046697,
            0.261989740407643
        ],
        [
            0.2026191000061174,
            0.4362352436560293
        ],
        [
            0.23305625588027112,
            0.7852181662993262
        ],
        [
            0.2325308088378136,
            0.5554308283062432
        ],
        [
            0.160404024242953,
            0.7141674394819433
        ],
        [
            0.3244873800938496,
            0.8321317170409233
        ]
    ],
    "r_thresh_deg": 5,
    "t_thresh": 0.035,
    "t_thresh_prec": 0.04
}