{
    "match_ratio": 0.0,
    "recall": 0.0,
    "precision": 0.0,
    "n_avail": 6,
    "n_pred": 32,
    "out_scores": [
        1.0,
        1.0,
        1.0,
        1.0,
        1.0,
        1.0,
        1.0,
        1.0,
        1.0,
        1.0,
        1.0,
        1.0,
        1.0,
        1.0,
        1.0,
        1.0,
        1.0,
        1.0,
        1.0,
        1.0,
        1.0,
        1.0,
        1.0,
        1.0,
        1.0,
        1.0,
        1.0,
        1.0,
        1.0,
        1.0,
        1.0,
        1.0
    ],
    "min_trans_rot_dists": [
        [
            0.01838778537215681,
            0.24160376624685886
        ],
        [
            0.09641833887459314,
            0.9279579751212405
        ],
        [
            0.06965771932067259,
            0.33453116311958275
        ],
        [
            0.04539816879872237,
            0.778951705346592
        ],
        [
            0.11423041102260374,
            0.24158750018261477
        ],
        [
            0.05648780141455782,
            0.9249018783074452
        ]
    ],
    "min_trans_rot_dists_prec": [
        [
            0.09641833887459314,
            0.33453116311958275
        ],
        [
            0.21335761669405823,
            0.8218773767217346
        ],
        [
            0.36137875279876763,
            0.29152906015217106
        ],
        [
            0.051499296601281525,
            0.4624178386115735
        ],
        [
            0.16377249714927106,
            0.9291851559578419
        ],
        [
            0.33314940995211195,
            0.42530650712435303
        ],
        [
            0.2923788504424245,
            0.5528260606025193
        ],
        [
            0.14594689459545782,
            0.24158750018261477
        ],
        [
            0.32489707901275394,
            0.4937657931517041
        ],
        [
            0.2660582029688436,
            0.45915485790398647
        ],
        [
            0.19159388335380081,
            0.8312672211548849
        ],
        [
            0.09700661814152861,
            0.7621603555682839
        ],
        [
            0.3633936584640326,
            0.36339680742131686
        ],
        [
            0.3451609756456393,
            0.3479489170401787
        ],
        [
            0.34663327368819047,
            0.5165753603882723
        ],
        [
            0.2246760961506295,
            0.41962315604407885
        ],
        [
            0.1562980120505662,
            0.7330527277190375
        ],
        [
            0.01838778537215681,
            0.24160376624685886
        ],
        [
            0.22604078965934235,
            0.1800785472605574
        ],
        [
            0.21993466027846492,
            0.47147344230436505
        ],
        [
            0.010838650044389478,
            0.3621779609229303
        ],
        [
            0.19728787310774437,
            0.9015012829033138
        ],
        [
            0.19001256377689565,
            0.6490171899617241
        ],
        [
            0.2855469259090636,
            0.4139889188821143
        ],
        [
            0.10357922746658373,
            0.4921553864379026
        ],
        [
            0.23422470238919485,
            0.1592675783161429
        ],
        [
            0.2667930006339304,
            0.6559992442386147
        ],
        [
            0.21695555970211808,
            0.38627873877134755
        ],
        [
            0.3486872168877426,
            0.8236982523321276
        ],
        [
            0.21003144474179966,
            0.7358725688129699
        ],
        [
            0.25347726418394856,
            0.4267337212547756
        ],
        [
            0.13491239354404833,
            0.3942533060798077
        ]
    ],
    "r_thresh_deg": 5,
    "t_thresh": 0.035,
    "t_thresh_prec": 0.04
}