{
    "match_ratio": 0.0,
    "recall": 0.0,
    "precision": 0.0,
    "n_avail": 8,
    "n_pred": 32,
    "out_scores": [
        1.0,
        1.0,
        1.0,
        1.0,
        1.0,
        1.0,
        1.0,
        1.0,
        1.0,
        1.0,
        1.0,
        1.0,
        1.0,
        1.0,
        1.0,
        1.0,
        1.0,
        1.0,
        1.0,
        1.0,
        1.0,
        1.0,
        1.0,
        1.0,
        1.0,
        1.0,
        1.0,
        1.0,
        1.0,
        1.0,
        1.0,
        1.0
    ],
    "min_trans_rot_dists": [
        [
            0.18274962349751148,
            0.2556851471005591
        ],
        [
            0.2587044042156269,
            0.2522238233709304
        ],
        [
            0.14063151123516998,
            0.1526330605247328
        ],
        [
            0.18910119893527572,
            0.2522238233709304
        ],
        [
            0.13962178210464773,
            0.2556851471005591
        ],
        [
            0.1287009146451474,
            0.2522238233709304
        ],
        [
            0.1578474554268759,
            0.012004201410094395
        ],
        [
            0.219264176699836,
            0.2522238233709304
        ]
    ],
    "min_trans_rot_dists_prec": [
        [
            0.6508726114987533,
            0.7018512232736843
        ],
        [
            0.7338814286879741,
            0.6630037394414534
        ],
        [
            0.3453945248844535,
            0.9143418216676905
        ],
        [
            0.4603077553589595,
            0.4142385549514771
        ],
        [
            0.21363665174446453,
            0.4032579079763794
        ],
        [
            0.42156348803132954,
            0.9679166616739299
        ],
        [
            0.4042915964470675,
            0.9463510226242943
        ],
        [
            0.18274962349751148,
            0.2556851471005591
        ],
        [
            0.21047984813561046,
            0.1526330605247328
        ],
        [
            0.3822438983975579,
            0.8201788893380448
        ],
        [
            0.31706941310441883,
            0.8659293579211187
        ],
        [
            0.2807643023532716,
            0.909847294854929
        ],
        [
            0.760311987912412,
            0.7836892718342174
        ],
        [
            0.24968990730751817,
            0.5688983894803339
        ],
        [
            0.7996418957117781,
            0.6654889021144366
        ],
        [
            0.09618523370676284,
            0.8864346934643472
        ],
        [
            0.18910119893527572,
            0.2522238233709304
        ],
        [
            0.625413883824331,
            0.19858948517345631
        ],
        [
            0.41777981984548923,
            0.8929358429667864
        ],
        [
            0.8255155504843206,
            0.09488023036168425
        ],
        [
            0.18216790850094353,
            0.7746106627980749
        ],
        [
            0.34018310069050356,
            0.9907997221415628
        ],
        [
            0.5040343151930397,
            0.5480078750537446
        ],
        [
            0.5504765633218667,
            0.08843835498925412
        ],
        [
            0.716710772604614,
            0.5097978250430434
        ],
        [
            0.48562776281496334,
            0.3924939243719112
        ],
        [
            0.2345406757291235,
            0.7071920271439353
        ],
        [
            0.721518571944623,
            0.34611658375142484
        ],
        [
            0.19011708662201063,
            0.6034482778486492
        ],
        [
            0.5394419757003718,
            0.7728217952844003
        ],
        [
            1.0365919197650089,
            0.3759458616353758
        ],
        [
            0.29701834162967444,
            0.012004201410094395
        ]
    ],
    "r_thresh_deg": 5,
    "t_thresh": 0.035,
    "t_thresh_prec": 0.04
}