{
    "match_ratio": 0.0,
    "recall": 0.0,
    "precision": 0.0,
    "n_avail": 4,
    "n_pred": 32,
    "out_scores": [
        1.0,
        1.0,
        1.0,
        1.0,
        1.0,
        1.0,
        1.0,
        1.0,
        1.0,
        1.0,
        1.0,
        1.0,
        1.0,
        1.0,
        1.0,
        1.0,
        1.0,
        1.0,
        1.0,
        1.0,
        1.0,
        1.0,
        1.0,
        1.0,
        1.0,
        1.0,
        1.0,
        1.0,
        1.0,
        1.0,
        1.0,
        1.0
    ],
    "min_trans_rot_dists": [
        [
            0.08908450156961409,
            0.15073649011589108
        ],
        [
            0.11384442432787498,
            0.30221822737793935
        ],
        [
            0.11411841488479757,
            0.032970966794788725
        ],
        [
            0.1163179454051329,
            0.24965108602308583
        ]
    ],
    "min_trans_rot_dists_prec": [
        [
            0.1549802412863811,
            0.15898564177465357
        ],
        [
            0.18236954514663306,
            0.2349160211075536
        ],
        [
            0.2636742020196602,
            0.5537501365969729
        ],
        [
            0.07117036351582313,
            0.19244492753970788
        ],
        [
            0.277495377776005,
            0.22782800059330388
        ],
        [
            0.2979828265500136,
            0.4348423776911712
        ],
        [
            0.3466028847759755,
            0.967965580956705
        ],
        [
            0.12609431018436704,
            0.9565053188920206
        ],
        [
            0.20221378576509155,
            0.8933764929794871
        ],
        [
            0.09574184303604757,
            0.5442135753545396
        ],
        [
            0.15154149341284454,
            0.2824146640798947
        ],
        [
            0.08908450156961409,
            0.15073649011589108
        ],
        [
            0.07054256630757105,
            0.338948669362358
        ],
        [
            0.14210511269839846,
            0.07459031058851973
        ],
        [
            0.11384442432787498,
            0.9500045108154214
        ],
        [
            0.16981805137438177,
            0.7173573007763903
        ],
        [
            0.45795926599361286,
            0.8461977125598745
        ],
        [
            0.1163179454051329,
            0.24965108602308583
        ],
        [
            0.18038432475571806,
            0.8666863592162899
        ],
        [
            0.1909393346508637,
            0.25198250650582543
        ],
        [
            0.20545111044630135,
            0.1338671538040036
        ],
        [
            0.21033283878387662,
            0.032970966794788725
        ],
        [
            0.3910474260246433,
            0.7957894386414728
        ],
        [
            0.2159818835777918,
            0.9969306710482302
        ],
        [
            0.30460662804682975,
            0.1412861609365782
        ],
        [
            0.1801753591687901,
            0.6471924946464335
        ],
        [
            0.3269518080724508,
            0.527987042112191
        ],
        [
            0.3010941602815692,
            0.4428690312768735
        ],
        [
            0.22399979390920866,
            0.702035527708835
        ],
        [
            0.2391968153144358,
            0.01330537912135532
        ],
        [
            0.2680563651698658,
            0.3222744827323638
        ],
        [
            0.17411329800822978,
            0.32767303083685473
        ]
    ],
    "r_thresh_deg": 5,
    "t_thresh": 0.035,
    "t_thresh_prec": 0.04
}