{
    "match_ratio": 0.0,
    "recall": 0.0,
    "precision": 0.0,
    "n_avail": 6,
    "n_pred": 32,
    "out_scores": [
        1.0,
        1.0,
        1.0,
        1.0,
        1.0,
        1.0,
        1.0,
        1.0,
        1.0,
        1.0,
        1.0,
        1.0,
        1.0,
        1.0,
        1.0,
        1.0,
        1.0,
        1.0,
        1.0,
        1.0,
        1.0,
        1.0,
        1.0,
        1.0,
        1.0,
        1.0,
        1.0,
        1.0,
        1.0,
        1.0,
        1.0,
        1.0
    ],
    "min_trans_rot_dists": [
        [
            0.17040411151037946,
            0.24901429195541847
        ],
        [
            0.2677964840271057,
            0.0185791934759999
        ],
        [
            0.21328941891014444,
            0.24901429195541847
        ],
        [
            0.2943067568351304,
            0.0185791934759999
        ],
        [
            0.24572142835168645,
            0.390865838343772
        ],
        [
            0.36062306869163185,
            0.0185791934759999
        ]
    ],
    "min_trans_rot_dists_prec": [
        [
            0.37250432287132607,
            0.8862671784358747
        ],
        [
            0.2381602484037575,
            0.7359208904797547
        ],
        [
            0.3802075060111564,
            0.5326379745389445
        ],
        [
            0.4215365742087489,
            0.8982245174108284
        ],
        [
            0.46125619809540663,
            0.5999540787357414
        ],
        [
            0.2677964840271057,
            0.9977435702969544
        ],
        [
            0.5434989294502641,
            0.3950360196993332
        ],
        [
            0.32360496435147695,
            0.390865838343772
        ],
        [
            0.3534596189108352,
            0.9119632299793698
        ],
        [
            0.17040411151037946,
            0.24901429195541847
        ],
        [
            0.5349874203716131,
            0.7566817164716363
        ],
        [
            0.4001774022012497,
            0.20981096081817097
        ],
        [
            0.5453004799012631,
            0.3888486993407565
        ],
        [
            0.37588907694299306,
            0.6830310206564945
        ],
        [
            0.2581760803998179,
            0.7619384266323145
        ],
        [
            0.5649661183309834,
            0.7151848031000299
        ],
        [
            0.22599837217752877,
            0.8032974688989577
        ],
        [
            0.07716476793659932,
            0.9917172920526173
        ],
        [
            0.4063669855171273,
            0.5602190859024369
        ],
        [
            0.07377363366682965,
            0.5976834217735052
        ],
        [
            0.31247439334222565,
            0.9990350910036209
        ],
        [
            0.5692877913560761,
            0.8732098293152293
        ],
        [
            0.46165046246090186,
            0.66237318731662
        ],
        [
            0.42679559016675744,
            0.9387149396012399
        ],
        [
            0.3992239772504964,
            0.9987826135120716
        ],
        [
            0.3737587163379429,
            0.5628215671638226
        ],
        [
            0.6992993069064447,
            0.6621461539416142
        ],
        [
            0.35986835563978076,
            0.7229079402483434
        ],
        [
            0.49194935384066535,
            0.6477331481876321
        ],
        [
            0.4413191300703199,
            0.9687286139477838
        ],
        [
            0.5718826518462995,
            0.6509817880726386
        ],
        [
            0.5247760739759803,
            0.7108442412090826
        ]
    ],
    "r_thresh_deg": 5,
    "t_thresh": 0.035,
    "t_thresh_prec": 0.04
}