{
    "match_ratio": 0.0,
    "recall": 0.0,
    "precision": 0.0,
    "n_avail": 16,
    "n_pred": 32,
    "out_scores": [
        1.0,
        1.0,
        1.0,
        1.0,
        1.0,
        1.0,
        1.0,
        1.0,
        1.0,
        1.0,
        1.0,
        1.0,
        1.0,
        1.0,
        1.0,
        1.0,
        1.0,
        1.0,
        1.0,
        1.0,
        1.0,
        1.0,
        1.0,
        1.0,
        1.0,
        1.0,
        1.0,
        1.0,
        1.0,
        1.0,
        1.0,
        1.0
    ],
    "min_trans_rot_dists": [
        [
            0.12185682146290873,
            0.7901140671351581
        ],
        [
            0.12185682146290873,
            0.9886271933423495
        ],
        [
            0.06033134621903282,
            0.7901140671351581
        ],
        [
            0.06033134621903282,
            0.9886271933423495
        ],
        [
            0.08124161375714253,
            0.2348644804398171
        ],
        [
            0.09652598943061398,
            0.38903647788549445
        ],
        [
            0.08974566212159081,
            0.6705892547437645
        ],
        [
            0.08974566212159081,
            0.38903647788549445
        ],
        [
            0.0847346223784956,
            0.47449553770052133
        ],
        [
            0.2097932862030553,
            0.38903647788549445
        ],
        [
            0.10232607888415587,
            0.2348644804398171
        ],
        [
            0.11840795791261392,
            0.38903647788549445
        ],
        [
            0.03779275603194881,
            0.5442616360256072
        ],
        [
            0.1676202681563097,
            0.38903647788549445
        ],
        [
            0.12934661244000004,
            0.5442616360256072
        ],
        [
            0.05457752440035114,
            0.877668125192764
        ]
    ],
    "min_trans_rot_dists_prec": [
        [
            0.12185682146290873,
            0.7901140671351581
        ],
        [
            0.190814648451617,
            0.5442616360256072
        ],
        [
            0.18493932004655822,
            0.38903647788549445
        ],
        [
            0.19103683140658317,
            0.6790618209624062
        ],
        [
            0.3932657461912965,
            0.45626144584727313
        ],
        [
            0.22656406219126382,
            0.9126406389953342
        ],
        [
            0.15215889641707764,
            0.877668125192764
        ],
        [
            0.44639071009478637,
            0.5449760568456625
        ],
        [
            0.18791584745011383,
            0.9570734728235247
        ],
        [
            0.21465171152133772,
            0.9925339755031405
        ],
        [
            0.2545257972416172,
            0.4877931738005268
        ],
        [
            0.16819507473886716,
            0.6281403260992571
        ],
        [
            0.17754129446273295,
            0.7917210021484632
        ],
        [
            0.3656081572736458,
            0.6499060254763297
        ],
        [
            0.13710469298865574,
            0.5514699108413873
        ],
        [
            0.3376581214738849,
            0.7305531830173265
        ],
        [
            0.3449574715676567,
            0.5523909798381188
        ],
        [
            0.2382644958797622,
            0.9245016490674423
        ],
        [
            0.2639967969307268,
            0.46136744004244723
        ],
        [
            0.17393074214231724,
            0.5892755343402178
        ],
        [
            0.21907151583548637,
            0.9143573362841745
        ],
        [
            0.34220500290120653,
            0.47449553770052133
        ],
        [
            0.16414959546143087,
            0.45798285710467457
        ],
        [
            0.17501343283394136,
            0.8203775764792537
        ],
        [
            0.34149079265916654,
            0.5112905915893973
        ],
        [
            0.2176108599060984,
            0.8615195624632982
        ],
        [
            0.3049844714537574,
            0.6631206182292826
        ],
        [
            0.19728877603342987,
            0.2348644804398171
        ],
        [
            0.3405433498741215,
            0.7071379494429352
        ],
        [
            0.332275140765538,
            0.5894660660132633
        ],
        [
            0.18456510210178648,
            0.5774921150217798
        ],
        [
            0.2195315251717448,
            0.2987613408710055
        ]
    ],
    "r_thresh_deg": 5,
    "t_thresh": 0.035,
    "t_thresh_prec": 0.04
}