{
    "match_ratio": 0.08333333333333333,
    "recall": 0.08333333333333333,
    "precision": 0.03125,
    "n_avail": 12,
    "n_pred": 32,
    "out_scores": [
        1.0,
        1.0,
        1.0,
        1.0,
        1.0,
        1.0,
        1.0,
        1.0,
        1.0,
        1.0,
        1.0,
        1.0,
        1.0,
        1.0,
        1.0,
        1.0,
        1.0,
        1.0,
        1.0,
        1.0,
        1.0,
        1.0,
        1.0,
        1.0,
        1.0,
        1.0,
        1.0,
        1.0,
        1.0,
        1.0,
        1.0,
        1.0
    ],
    "min_trans_rot_dists": [
        [
            0.3061142431081997,
            0.042248487694892534
        ],
        [
            0.20418920403862872,
            0.33965001194194244
        ],
        [
            0.348138864150151,
            0.24163440055844698
        ],
        [
            0.17183539843459775,
            0.33965001194194244
        ],
        [
            0.3190276465671743,
            0.24163440055844698
        ],
        [
            0.2871866284990496,
            0.33965001194194244
        ],
        [
            0.14308553082790898,
            0.232540080120754
        ],
        [
            0.24028049656734282,
            0.1826386488688858
        ],
        [
            0.028229190446694433,
            0.042248487694892534
        ],
        [
            0.08555414359639635,
            0.1826386488688858
        ],
        [
            0.06800392650585657,
            0.7495262190210449
        ],
        [
            0.06800392650585657,
            0.3513169500391018
        ]
    ],
    "min_trans_rot_dists_prec": [
        [
            0.28282773665568345,
            0.3513169500391018
        ],
        [
            0.3641407680338105,
            0.24163440055844698
        ],
        [
            0.3757069248351575,
            0.7134520976270912
        ],
        [
            0.28878470738669504,
            0.5677897724468703
        ],
        [
            0.4343592237428868,
            0.8429247538031664
        ],
        [
            0.3207736507322172,
            0.232540080120754
        ],
        [
            0.3041500401298764,
            0.13105205861186997
        ],
        [
            0.5154725983818814,
            0.6770426382707271
        ],
        [
            0.48386354472943505,
            0.5325705267399431
        ],
        [
            0.2761473227273172,
            0.9303211160407183
        ],
        [
            0.2200972042201604,
            0.5683266408923004
        ],
        [
            0.028229190446694433,
            0.042248487694892534
        ],
        [
            0.255036455464211,
            0.7100102767379175
        ],
        [
            0.2680572343372255,
            0.6576433025207953
        ],
        [
            0.2692885534361889,
            0.645436185042852
        ],
        [
            0.22989652484617737,
            0.9772384737248193
        ],
        [
            0.2955510809758411,
            0.7638204576723232
        ],
        [
            0.2285396228054901,
            0.973985373837419
        ],
        [
            0.2407022289013424,
            0.7064677804435971
        ],
        [
            0.6759531536220019,
            0.7449034988327852
        ],
        [
            0.629919503338072,
            0.07748346162614617
        ],
        [
            0.18507132166104498,
            0.38290247716366577
        ],
        [
            0.09275041792846063,
            0.991258431949452
        ],
        [
            0.3974251803899862,
            0.3135773555237966
        ],
        [
            0.24028049656734282,
            0.1826386488688858
        ],
        [
            0.5414449567513802,
            0.5758079052488403
        ],
        [
            0.15999385276043118,
            0.8446210957789495
        ],
        [
            0.17183539843459775,
            0.33965001194194244
        ],
        [
            0.3788813636906187,
            0.3113121304481561
        ],
        [
            0.09841424467814594,
            0.9893119571245912
        ],
        [
            0.11469256763711297,
            0.618334742171256
        ],
        [
            0.16066532552906151,
            0.8811592131903673
        ]
    ],
    "r_thresh_deg": 5,
    "t_thresh": 0.035,
    "t_thresh_prec": 0.04
}