{
    "match_ratio": 0.0,
    "recall": 0.0,
    "precision": 0.0,
    "n_avail": 4,
    "n_pred": 32,
    "out_scores": [
        1.0,
        1.0,
        1.0,
        1.0,
        1.0,
        1.0,
        1.0,
        1.0,
        1.0,
        1.0,
        1.0,
        1.0,
        1.0,
        1.0,
        1.0,
        1.0,
        1.0,
        1.0,
        1.0,
        1.0,
        1.0,
        1.0,
        1.0,
        1.0,
        1.0,
        1.0,
        1.0,
        1.0,
        1.0,
        1.0,
        1.0,
        1.0
    ],
    "min_trans_rot_dists": [
        [
            0.05676219934463288,
            0.2285956917006241
        ],
        [
            0.07607903646970711,
            0.13746483141069965
        ],
        [
            0.05904475276810759,
            0.9979377553094219
        ],
        [
            0.05904475276810759,
            0.8842178501735051
        ]
    ],
    "min_trans_rot_dists_prec": [
        [
            0.05904475276810759,
            0.8842178501735051
        ],
        [
            0.3361056448494979,
            0.739075758357743
        ],
        [
            0.16526551420064517,
            0.8376405414068497
        ],
        [
            0.28261221901727274,
            0.325483129378369
        ],
        [
            0.20536699019073115,
            0.5281386077757253
        ],
        [
            0.166705039866414,
            0.3949052613391908
        ],
        [
            0.1457945329057132,
            0.6477025347727461
        ],
        [
            0.09674234005699733,
            0.42466079765138476
        ],
        [
            0.19701740014723843,
            0.6988507096712162
        ],
        [
            0.07607903646970711,
            0.9994809553455967
        ],
        [
            0.26352674258401576,
            0.4979804783509969
        ],
        [
            0.15371095359056008,
            0.33719573481456855
        ],
        [
            0.11891526968898418,
            0.3344461870876597
        ],
        [
            0.15118282792023735,
            0.8111408711477708
        ],
        [
            0.13737393296910627,
            0.12343394725416756
        ],
        [
            0.06561561602528526,
            0.27148131500330597
        ],
        [
            0.13387038565334713,
            0.10043938211304859
        ],
        [
            0.3151710932264349,
            0.7405989097063437
        ],
        [
            0.10284968195962566,
            0.23251448321472412
        ],
        [
            0.16375337186439945,
            0.43805168737446165
        ],
        [
            0.12297349037643715,
            0.6360180269002824
        ],
        [
            0.05676219934463288,
            0.2285956917006241
        ],
        [
            0.047086614349124964,
            0.8777613028031404
        ],
        [
            0.0912480423864764,
            0.3078935773599698
        ],
        [
            0.060739722386415756,
            0.008696108890613896
        ],
        [
            0.28918237279333164,
            0.5055174078539413
        ],
        [
            0.08404407657487475,
            0.31797574587357436
        ],
        [
            0.40822129533538143,
            0.8155825970418028
        ],
        [
            0.3537092978820169,
            0.5016118921774605
        ],
        [
            0.14887732902351722,
            0.9712615846939983
        ],
        [
            0.24558727508293493,
            0.7779230755294063
        ],
        [
            0.46149995778918584,
            0.8108300005653037
        ]
    ],
    "r_thresh_deg": 5,
    "t_thresh": 0.035,
    "t_thresh_prec": 0.04
}