{
    "match_ratio": 0.0,
    "recall": 0.0,
    "precision": 0.0,
    "n_avail": 4,
    "n_pred": 32,
    "out_scores": [
        1.0,
        1.0,
        1.0,
        1.0,
        1.0,
        1.0,
        1.0,
        1.0,
        1.0,
        1.0,
        1.0,
        1.0,
        1.0,
        1.0,
        1.0,
        1.0,
        1.0,
        1.0,
        1.0,
        1.0,
        1.0,
        1.0,
        1.0,
        1.0,
        1.0,
        1.0,
        1.0,
        1.0,
        1.0,
        1.0,
        1.0,
        1.0
    ],
    "min_trans_rot_dists": [
        [
            0.11042269575506952,
            0.04962506306531944
        ],
        [
            0.09278256301769679,
            0.009832344939327053
        ],
        [
            0.14632336685535502,
            0.04962506306531944
        ],
        [
            0.07114924747335069,
            0.16945994236179407
        ]
    ],
    "min_trans_rot_dists_prec": [
        [
            0.19789295776463714,
            0.45700368216753573
        ],
        [
            0.11042269575506952,
            0.04962506306531944
        ],
        [
            0.09278256301769679,
            0.9935580176272577
        ],
        [
            0.15936978907861146,
            0.37371400131432086
        ],
        [
            0.07114924747335069,
            0.16945994236179407
        ],
        [
            0.15951673738093453,
            0.34871150424302033
        ],
        [
            0.15809480021744968,
            0.1528068107988304
        ],
        [
            0.27071905061928764,
            0.27582717481565855
        ],
        [
            0.1731898641053665,
            0.35974397935058444
        ],
        [
            0.303658205132112,
            0.9177389333891574
        ],
        [
            0.06386780507219263,
            0.25656144409581616
        ],
        [
            0.11662589548801112,
            0.5763037360063732
        ],
        [
            0.13713175147252876,
            0.3795002705520655
        ],
        [
            0.20204421033563832,
            0.20981525512663723
        ],
        [
            0.17825596731068968,
            0.7441804466061155
        ],
        [
            0.12767462306906696,
            0.8995301665434725
        ],
        [
            0.2031199438767813,
            0.3486881220785101
        ],
        [
            0.1338166346259442,
            0.9355613035919863
        ],
        [
            0.3350555534556875,
            0.7844028603580262
        ],
        [
            0.12418451812793946,
            0.1961969166767723
        ],
        [
            0.1731355613009528,
            0.44924058639562336
        ],
        [
            0.13191967223671464,
            0.3873994777669715
        ],
        [
            0.21583061980021634,
            0.7448652616292415
        ],
        [
            0.30406090007448555,
            0.7859896746693418
        ],
        [
            0.20445957515553262,
            0.7531685887078149
        ],
        [
            0.15334651367495933,
            0.9040352552439773
        ],
        [
            0.29707838938423065,
            0.6139279762256107
        ],
        [
            0.2564783535041656,
            0.6329104232144851
        ],
        [
            0.17858467562075858,
            0.2667541474697457
        ],
        [
            0.3081516643315343,
            0.42102878471211747
        ],
        [
            0.22171924087761608,
            0.424178257207241
        ],
        [
            0.28331369302041065,
            0.9983384985928321
        ]
    ],
    "r_thresh_deg": 5,
    "t_thresh": 0.035,
    "t_thresh_prec": 0.04
}