{
    "match_ratio": 0.0,
    "recall": 0.0,
    "precision": 0.0,
    "n_avail": 8,
    "n_pred": 32,
    "out_scores": [
        1.0,
        1.0,
        1.0,
        1.0,
        1.0,
        1.0,
        1.0,
        1.0,
        1.0,
        1.0,
        1.0,
        1.0,
        1.0,
        1.0,
        1.0,
        1.0,
        1.0,
        1.0,
        1.0,
        1.0,
        1.0,
        1.0,
        1.0,
        1.0,
        1.0,
        1.0,
        1.0,
        1.0,
        1.0,
        1.0,
        1.0,
        1.0
    ],
    "min_trans_rot_dists": [
        [
            0.2931917304001181,
            0.9817190563344345
        ],
        [
            0.328723885971228,
            0.2622903764571255
        ],
        [
            0.19787257585383733,
            0.9817190563344345
        ],
        [
            0.2618972711318776,
            0.2622903764571255
        ],
        [
            0.2888329287923801,
            0.9555410262742505
        ],
        [
            0.30749235443245265,
            0.1889565421588536
        ],
        [
            0.24173867693807669,
            0.9600914547227113
        ],
        [
            0.24173867693807669,
            0.1889565421588536
        ]
    ],
    "min_trans_rot_dists_prec": [
        [
            0.2618972711318776,
            0.2622903764571255
        ],
        [
            0.7004439853909982,
            0.41553391003926365
        ],
        [
            0.5368710165577918,
            0.1556650093531602
        ],
        [
            0.6363039928854317,
            0.6874696650379636
        ],
        [
            1.0376015564136543,
            0.6810540076748496
        ],
        [
            1.5055576776273465,
            0.010200627377712546
        ],
        [
            0.8128644135762108,
            0.6137520612046996
        ],
        [
            0.19787257585383733,
            0.3194253864894897
        ],
        [
            0.44679884413178117,
            0.5828510761406342
        ],
        [
            0.7897269186469462,
            0.6313960277593043
        ],
        [
            0.34324036294005295,
            0.1889565421588536
        ],
        [
            0.6206440523775036,
            0.5441836750879536
        ],
        [
            0.9630399505103922,
            0.777604844649685
        ],
        [
            0.5362067796881616,
            0.8726065555997498
        ],
        [
            0.49226445792720747,
            0.9928793299766927
        ],
        [
            0.7581687476824025,
            0.9202317918552746
        ],
        [
            0.7937903653866805,
            0.7135156624186982
        ],
        [
            0.6967653895820359,
            0.8778381761162457
        ],
        [
            0.5322964969535804,
            0.8491547622476878
        ],
        [
            1.0757025672449203,
            0.9999761666081832
        ],
        [
            0.6869160834491747,
            0.503047137834288
        ],
        [
            1.163074339982823,
            0.9789452622259797
        ],
        [
            0.9422106059235398,
            0.9347006645980389
        ],
        [
            0.7322444091186721,
            0.822153661332587
        ],
        [
            0.6439067065088065,
            0.2665012194523414
        ],
        [
            0.6786225764063405,
            0.6871137707177115
        ],
        [
            1.214007520294373,
            0.98884437278276
        ],
        [
            0.6267073294690942,
            0.3475721085718526
        ],
        [
            0.2130609273061766,
            0.9994668780310205
        ],
        [
            0.8517776155909222,
            0.461428880092011
        ],
        [
            0.9865556876798783,
            0.9334621872154272
        ],
        [
            0.9818510488538987,
            0.4280252959188473
        ]
    ],
    "r_thresh_deg": 5,
    "t_thresh": 0.035,
    "t_thresh_prec": 0.04
}