{
    "match_ratio": 0.0,
    "recall": 0.0,
    "precision": 0.0,
    "n_avail": 6,
    "n_pred": 32,
    "out_scores": [
        1.0,
        1.0,
        1.0,
        1.0,
        1.0,
        1.0,
        1.0,
        1.0,
        1.0,
        1.0,
        1.0,
        1.0,
        1.0,
        1.0,
        1.0,
        1.0,
        1.0,
        1.0,
        1.0,
        1.0,
        1.0,
        1.0,
        1.0,
        1.0,
        1.0,
        1.0,
        1.0,
        1.0,
        1.0,
        1.0,
        1.0,
        1.0
    ],
    "min_trans_rot_dists": [
        [
            0.21680199195117253,
            0.3867131629852739
        ],
        [
            0.07688570114878084,
            0.11644790362830426
        ],
        [
            0.12768637693057402,
            0.3867131629852739
        ],
        [
            0.1097091842196771,
            0.11644790362830426
        ],
        [
            0.04882353587970478,
            0.3867131629852739
        ],
        [
            0.15210291069241721,
            0.11644790362830426
        ]
    ],
    "min_trans_rot_dists_prec": [
        [
            0.35234666892494154,
            0.6470719576122748
        ],
        [
            0.37312026720318126,
            0.6965684803983667
        ],
        [
            0.2251584730377427,
            0.6731730313281776
        ],
        [
            0.23793993425924218,
            0.15265460497036631
        ],
        [
            0.3739997522238107,
            0.503399963324402
        ],
        [
            0.41525902920292945,
            0.9260006356436725
        ],
        [
            0.2592568462413401,
            0.48063181431952395
        ],
        [
            0.2399319223531235,
            0.7452801216954003
        ],
        [
            0.3621259546052201,
            0.6603484388486445
        ],
        [
            0.21680199195117253,
            0.3867131629852739
        ],
        [
            0.4696964676678103,
            0.745343122724915
        ],
        [
            0.38918577805327703,
            0.9386584696866969
        ],
        [
            0.5085346350282248,
            0.6199496733268981
        ],
        [
            0.49169936216453747,
            0.7097993787918702
        ],
        [
            0.07688570114878084,
            0.9767663218345739
        ],
        [
            0.23230516850627744,
            0.9703952604506466
        ],
        [
            0.1737408404708813,
            0.3904680759691197
        ],
        [
            0.3298520537000633,
            0.8302191158115761
        ],
        [
            0.3256469667068323,
            0.9191450352986519
        ],
        [
            0.27351481982301706,
            0.7382193077166372
        ],
        [
            0.29387827518611565,
            0.8152467340641901
        ],
        [
            0.20820448406070974,
            0.8127954310307739
        ],
        [
            0.2886116483980793,
            0.7063956790017509
        ],
        [
            0.10004100488555785,
            0.506479483336489
        ],
        [
            0.45586027204560126,
            0.31506541108867636
        ],
        [
            0.6307437912271375,
            0.45902663288487366
        ],
        [
            0.2460628610043853,
            0.7852842356240985
        ],
        [
            0.20749755316132826,
            0.8344964448805657
        ],
        [
            0.4754102991126617,
            0.7291376345056892
        ],
        [
            0.3183085944715126,
            0.9655578382991735
        ],
        [
            0.5124123619739772,
            0.8335011621395625
        ],
        [
            0.4063466950324292,
            0.4507956504490854
        ]
    ],
    "r_thresh_deg": 5,
    "t_thresh": 0.035,
    "t_thresh_prec": 0.04
}