{
    "match_ratio": 0.0,
    "recall": 0.0,
    "precision": 0.0,
    "n_avail": 8,
    "n_pred": 32,
    "out_scores": [
        1.0,
        1.0,
        1.0,
        1.0,
        1.0,
        1.0,
        1.0,
        1.0,
        1.0,
        1.0,
        1.0,
        1.0,
        1.0,
        1.0,
        1.0,
        1.0,
        1.0,
        1.0,
        1.0,
        1.0,
        1.0,
        1.0,
        1.0,
        1.0,
        1.0,
        1.0,
        1.0,
        1.0,
        1.0,
        1.0,
        1.0,
        1.0
    ],
    "min_trans_rot_dists": [
        [
            0.2178871328742166,
            0.0270908892049887
        ],
        [
            0.23289880321701814,
            0.8415796190516706
        ],
        [
            0.1589232659620184,
            0.011669661031196266
        ],
        [
            0.20046835499516263,
            0.4836840369685357
        ],
        [
            0.11987097770179009,
            0.011669661031196266
        ],
        [
            0.2346077119382922,
            0.4836840369685357
        ],
        [
            0.07070127225810027,
            0.011669661031196266
        ],
        [
            0.1491960129126563,
            0.8887486664505111
        ]
    ],
    "min_trans_rot_dists_prec": [
        [
            0.27584949008923104,
            0.8887486664505111
        ],
        [
            0.402808799003164,
            0.4123379677523207
        ],
        [
            0.7367830606085145,
            0.6328021978524059
        ],
        [
            0.6517637389542666,
            0.5292928296366621
        ],
        [
            0.39121980746537127,
            0.834153577196024
        ],
        [
            0.7517207878207544,
            0.7144885362715715
        ],
        [
            0.23289880321701814,
            0.693851795108763
        ],
        [
            0.20046835499516263,
            0.4836840369685357
        ],
        [
            0.7152972432493366,
            0.4204156812147992
        ],
        [
            0.733745029805246,
            0.8206791168033544
        ],
        [
            0.5565768832934006,
            0.9273514203521723
        ],
        [
            0.8010571652736795,
            0.7608057136298589
        ],
        [
            0.9160022026677347,
            0.7526288649265555
        ],
        [
            0.31873339437827625,
            0.17338119516299744
        ],
        [
            0.5496708667616579,
            0.5785557423700799
        ],
        [
            0.4596473033394685,
            0.685177527885928
        ],
        [
            0.2412880409431932,
            0.011669661031196266
        ],
        [
            0.534052270651914,
            0.7512921871071278
        ],
        [
            0.4866993541684768,
            0.5268504925657762
        ],
        [
            0.6724557606616167,
            0.2679092582760759
        ],
        [
            0.6876548365298241,
            0.669030190926399
        ],
        [
            0.3694136764095323,
            0.7859814660021713
        ],
        [
            0.2178871328742166,
            0.0270908892049887
        ],
        [
            0.2932525434583142,
            0.9274727671112145
        ],
        [
            0.7592914965217786,
            0.8276055334727236
        ],
        [
            0.29894046405431596,
            0.6691124237323598
        ],
        [
            0.581137060801572,
            0.5027923489034573
        ],
        [
            0.3726616856151578,
            0.8959821492905176
        ],
        [
            0.40409716299109266,
            0.4293302711589464
        ],
        [
            0.558963695951996,
            0.14765878281607292
        ],
        [
            0.32609570031046925,
            0.9170504327742538
        ],
        [
            0.6715268645441366,
            0.2812579857903522
        ]
    ],
    "r_thresh_deg": 5,
    "t_thresh": 0.035,
    "t_thresh_prec": 0.04
}