{
    "match_ratio": 0.0,
    "recall": 0.0,
    "precision": 0.0,
    "n_avail": 4,
    "n_pred": 32,
    "out_scores": [
        1.0,
        1.0,
        1.0,
        1.0,
        1.0,
        1.0,
        1.0,
        1.0,
        1.0,
        1.0,
        1.0,
        1.0,
        1.0,
        1.0,
        1.0,
        1.0,
        1.0,
        1.0,
        1.0,
        1.0,
        1.0,
        1.0,
        1.0,
        1.0,
        1.0,
        1.0,
        1.0,
        1.0,
        1.0,
        1.0,
        1.0,
        1.0
    ],
    "min_trans_rot_dists": [
        [
            0.17968877243315878,
            0.4200649479830153
        ],
        [
            0.17968877243315878,
            0.9050351018116655
        ],
        [
            0.012246638797655886,
            0.13057300164572805
        ],
        [
            0.04121251832321199,
            0.6748052026646505
        ]
    ],
    "min_trans_rot_dists_prec": [
        [
            0.17968877243315878,
            0.4200649479830153
        ],
        [
            0.3508185534481277,
            0.5061369577355069
        ],
        [
            0.1092702040956612,
            0.9829283821657041
        ],
        [
            0.10068715702795472,
            0.855771571858182
        ],
        [
            0.47540967687182634,
            0.5582421791901038
        ],
        [
            0.2747619809760621,
            0.6190316763965594
        ],
        [
            0.2481686838612181,
            0.7571072366355919
        ],
        [
            0.2371492041316376,
            0.13057300164572805
        ],
        [
            0.4231171567655248,
            0.3488803858293448
        ],
        [
            0.35990349676687233,
            0.4143915016151932
        ],
        [
            0.24936405809288817,
            0.5455512614311018
        ],
        [
            0.43795767394638924,
            0.3913958012102623
        ],
        [
            0.23059263864342625,
            0.16533600784019076
        ],
        [
            0.36889504442644666,
            0.5709459454019566
        ],
        [
            0.42389605162101646,
            0.5606223779542567
        ],
        [
            0.19894278930628215,
            0.5714375296392223
        ],
        [
            0.409975014384192,
            0.1504285505442644
        ],
        [
            0.416807825275054,
            0.2609825302752169
        ],
        [
            0.22418410025258473,
            0.7947394400393472
        ],
        [
            0.47340663161469676,
            0.40342844189501936
        ],
        [
            0.29318645490375306,
            0.06846164131432697
        ],
        [
            0.3068055995566429,
            0.3669157518536049
        ],
        [
            0.2649802862449222,
            0.7008072963680441
        ],
        [
            0.23045954761878873,
            0.15320551690920248
        ],
        [
            0.3102887988032497,
            0.44957718259928736
        ],
        [
            0.22860976211388456,
            0.7590759275239276
        ],
        [
            0.33023586751105916,
            0.4849989889535573
        ],
        [
            0.4208101743733761,
            0.2715691603657425
        ],
        [
            0.3954562231543726,
            0.213993568639556
        ],
        [
            0.16286175390355107,
            0.8636132794084987
        ],
        [
            0.27564310074714,
            0.7083074020811676
        ],
        [
            0.3789819041289104,
            0.5831539184522857
        ]
    ],
    "r_thresh_deg": 5,
    "t_thresh": 0.035,
    "t_thresh_prec": 0.04
}