{
    "match_ratio": 0.0,
    "recall": 0.0,
    "precision": 0.0,
    "n_avail": 4,
    "n_pred": 32,
    "out_scores": [
        1.0,
        1.0,
        1.0,
        1.0,
        1.0,
        1.0,
        1.0,
        1.0,
        1.0,
        1.0,
        1.0,
        1.0,
        1.0,
        1.0,
        1.0,
        1.0,
        1.0,
        1.0,
        1.0,
        1.0,
        1.0,
        1.0,
        1.0,
        1.0,
        1.0,
        1.0,
        1.0,
        1.0,
        1.0,
        1.0,
        1.0,
        1.0
    ],
    "min_trans_rot_dists": [
        [
            0.3816631118348508,
            0.41664564192851905
        ],
        [
            0.3352329968578981,
            0.07149446608375565
        ],
        [
            0.3360803562588043,
            0.2990593487557597
        ],
        [
            0.24727772329745817,
            0.07149446608375565
        ]
    ],
    "min_trans_rot_dists_prec": [
        [
            1.1914377409082608,
            0.8317867750514016
        ],
        [
            0.8237184792356376,
            0.24443614187442853
        ],
        [
            0.6497323609478495,
            0.9950972210239837
        ],
        [
            0.36324112968595706,
            0.9876386888163412
        ],
        [
            0.7923298549902665,
            0.30149237817877483
        ],
        [
            0.3816631118348508,
            0.41664564192851905
        ],
        [
            0.4633999830285412,
            0.9733255815762776
        ],
        [
            0.8809950179971008,
            0.1130475819884249
        ],
        [
            0.5402361837544721,
            0.2990593487557597
        ],
        [
            0.24727772329745817,
            0.07149446608375565
        ],
        [
            0.5927703672518515,
            0.058605098793777954
        ],
        [
            0.6101301968082956,
            0.307854514267938
        ],
        [
            0.7501637100521156,
            0.041996399206296275
        ],
        [
            0.9060223928105142,
            0.8124351776975125
        ],
        [
            0.6183906627144065,
            0.599252841053312
        ],
        [
            0.2694162047324168,
            0.25335343081039796
        ],
        [
            0.7270383927577345,
            0.9829589433954148
        ],
        [
            1.0251783824016563,
            0.588835226753009
        ],
        [
            0.96955986941501,
            0.49819161031308357
        ],
        [
            0.2460150868010243,
            0.9950389113620802
        ],
        [
            0.6906610109828585,
            0.33865925253997997
        ],
        [
            0.5656457741314881,
            0.2439818582353951
        ],
        [
            0.10660709756720868,
            0.8259846598803463
        ],
        [
            0.42626894350783523,
            0.46322619726023173
        ],
        [
            0.22515148187797437,
            0.7769771574875939
        ],
        [
            0.6751956071071072,
            0.2857133121775379
        ],
        [
            0.3956889937169823,
            0.9440718602347707
        ],
        [
            0.43276011521385144,
            0.41043354172893254
        ],
        [
            0.791559523738522,
            0.49095955828058846
        ],
        [
            0.9185633639731045,
            0.5833377342910518
        ],
        [
            0.6014849735497939,
            0.9583457995100999
        ],
        [
            0.4057434660506997,
            0.3827272992919145
        ]
    ],
    "r_thresh_deg": 5,
    "t_thresh": 0.035,
    "t_thresh_prec": 0.04
}