{
    "match_ratio": 0.1,
    "recall": 0.1,
    "precision": 0.03125,
    "n_avail": 10,
    "n_pred": 32,
    "out_scores": [
        1.0,
        1.0,
        1.0,
        1.0,
        1.0,
        1.0,
        1.0,
        1.0,
        1.0,
        1.0,
        1.0,
        1.0,
        1.0,
        1.0,
        1.0,
        1.0,
        1.0,
        1.0,
        1.0,
        1.0,
        1.0,
        1.0,
        1.0,
        1.0,
        1.0,
        1.0,
        1.0,
        1.0,
        1.0,
        1.0,
        1.0,
        1.0
    ],
    "min_trans_rot_dists": [
        [
            0.13511015876449675,
            0.41367453720122227
        ],
        [
            0.1321866083639442,
            0.7570604665570092
        ],
        [
            0.11345355480334784,
            0.06679686861961409
        ],
        [
            0.14525728210767658,
            0.9071597005528774
        ],
        [
            0.05608968733171556,
            0.06679686861961409
        ],
        [
            0.13929160468647794,
            0.9071597005528774
        ],
        [
            0.06884126893554257,
            0.06724500834703229
        ],
        [
            0.1467915275696397,
            0.2533374206239466
        ],
        [
            0.008389785135161287,
            0.047623403700638445
        ],
        [
            0.1891286111317305,
            0.7570604665570092
        ]
    ],
    "min_trans_rot_dists_prec": [
        [
            0.18855292390445375,
            0.7629937408784073
        ],
        [
            0.29080775126712793,
            0.935441349379425
        ],
        [
            0.24488563432495483,
            0.9895317796082813
        ],
        [
            0.1727457909174205,
            0.8302942300096121
        ],
        [
            0.6399680747089828,
            0.4754642835027183
        ],
        [
            0.4176224610117799,
            0.704173565036998
        ],
        [
            0.2667961340193906,
            0.06679686861961409
        ],
        [
            0.2949984440229054,
            0.31415417200527895
        ],
        [
            0.3553043617711727,
            0.34376466649780235
        ],
        [
            0.008389785135161287,
            0.047623403700638445
        ],
        [
            0.21572343325467902,
            0.7444188225246977
        ],
        [
            0.2752951299818454,
            0.8210401200986432
        ],
        [
            0.4582158153360091,
            0.2533374206239466
        ],
        [
            0.5309571501119823,
            0.6825743710461469
        ],
        [
            0.13511015876449675,
            0.41367453720122227
        ],
        [
            0.1321866083639442,
            0.7502114462705288
        ],
        [
            0.5469782397266304,
            0.2591823433746635
        ],
        [
            0.6104809555773796,
            0.17474174276345678
        ],
        [
            0.6563945664805501,
            0.4506253043095696
        ],
        [
            0.2898193923147772,
            0.7878439179812486
        ],
        [
            0.30212122669882785,
            0.23708307661437356
        ],
        [
            0.21719636904145737,
            0.9598763066026629
        ],
        [
            0.5220474527151027,
            0.5444403730815309
        ],
        [
            0.4231299988148706,
            0.06724500834703229
        ],
        [
            0.48621329102219046,
            0.30855243057484494
        ],
        [
            0.3329275185358325,
            0.20796098477675384
        ],
        [
            0.449836820246147,
            0.12094294037493769
        ],
        [
            0.3290312859979985,
            0.951710493243692
        ],
        [
            0.41796059188522866,
            0.2196429631049247
        ],
        [
            0.20667844018510853,
            0.9044451164770674
        ],
        [
            0.24898474832835768,
            0.7751086672037227
        ],
        [
            0.4454113070272242,
            0.6993941783702295
        ]
    ],
    "r_thresh_deg": 5,
    "t_thresh": 0.035,
    "t_thresh_prec": 0.04
}