{
    "match_ratio": 0.0,
    "recall": 0.0,
    "precision": 0.0,
    "n_avail": 14,
    "n_pred": 32,
    "out_scores": [
        1.0,
        1.0,
        1.0,
        1.0,
        1.0,
        1.0,
        1.0,
        1.0,
        1.0,
        1.0,
        1.0,
        1.0,
        1.0,
        1.0,
        1.0,
        1.0,
        1.0,
        1.0,
        1.0,
        1.0,
        1.0,
        1.0,
        1.0,
        1.0,
        1.0,
        1.0,
        1.0,
        1.0,
        1.0,
        1.0,
        1.0,
        1.0
    ],
    "min_trans_rot_dists": [
        [
            0.16546008994447772,
            0.38428579768973326
        ],
        [
            0.11018157825227833,
            0.448408059186179
        ],
        [
            0.10138434372740872,
            0.38428579768973326
        ],
        [
            0.053214663745856323,
            0.448408059186179
        ],
        [
            0.0712945633578139,
            0.38428579768973326
        ],
        [
            0.10414256413467682,
            0.448408059186179
        ],
        [
            0.07911723251080914,
            0.3205911067639804
        ],
        [
            0.11465922545745531,
            0.6847703735501417
        ],
        [
            0.15046608962127067,
            0.3116887545027358
        ],
        [
            0.0674188988780406,
            0.40376640863289015
        ],
        [
            0.0647753478188719,
            0.3116887545027358
        ],
        [
            0.054053705212874864,
            0.6616181647505532
        ],
        [
            0.14418373419824299,
            0.3116887545027358
        ],
        [
            0.05021775672118174,
            0.6616181647505532
        ]
    ],
    "min_trans_rot_dists_prec": [
        [
            0.4390840141836969,
            0.6958245638825507
        ],
        [
            0.2540632622001409,
            0.646020357937544
        ],
        [
            0.21933867225981754,
            0.8230170304607246
        ],
        [
            0.35532567585077474,
            0.3116887545027358
        ],
        [
            0.5026928767043787,
            0.5083215082583741
        ],
        [
            0.42106387963088254,
            0.5018998984934205
        ],
        [
            0.2041093233048932,
            0.3870397438126575
        ],
        [
            0.34235392221510774,
            0.6616181647505532
        ],
        [
            0.1781879764746485,
            0.9747611983592137
        ],
        [
            0.16546008994447772,
            0.38428579768973326
        ],
        [
            0.1923126479857999,
            0.36983010186590914
        ],
        [
            0.23666660327269157,
            0.7064280739456466
        ],
        [
            0.053214663745856323,
            0.448408059186179
        ],
        [
            0.10378467192609153,
            0.4195296519680741
        ],
        [
            0.2664646513876429,
            0.48298424159560216
        ],
        [
            0.1892130367220503,
            0.5956097721660605
        ],
        [
            0.21798212892042584,
            0.3205911067639804
        ],
        [
            0.49238275078089516,
            0.5521001651563884
        ],
        [
            0.23263503410973402,
            0.6550793745618239
        ],
        [
            0.2668361306071199,
            0.4555209795255353
        ],
        [
            0.25393806468196567,
            0.40376640863289015
        ],
        [
            0.06236547802949333,
            0.4681113226372219
        ],
        [
            0.18199709054795493,
            0.46965336647374056
        ],
        [
            0.19573838390224374,
            0.6675073817911105
        ],
        [
            0.20338719187113985,
            0.7748315793879815
        ],
        [
            0.09034318836441393,
            0.36404224474095337
        ],
        [
            0.04906063714946383,
            0.535880621930656
        ],
        [
            0.25089893311608846,
            0.9173341394329169
        ],
        [
            0.2454567832342276,
            0.9976008835199394
        ],
        [
            0.26375995492349347,
            0.5339022052856367
        ],
        [
            0.5878858702470265,
            0.25665137270067484
        ],
        [
            0.24041130767010763,
            0.3744281118421081
        ]
    ],
    "r_thresh_deg": 5,
    "t_thresh": 0.035,
    "t_thresh_prec": 0.04
}