{
    "match_ratio": 0.0,
    "recall": 0.0,
    "precision": 0.0,
    "n_avail": 6,
    "n_pred": 32,
    "out_scores": [
        1.0,
        1.0,
        1.0,
        1.0,
        1.0,
        1.0,
        1.0,
        1.0,
        1.0,
        1.0,
        1.0,
        1.0,
        1.0,
        1.0,
        1.0,
        1.0,
        1.0,
        1.0,
        1.0,
        1.0,
        1.0,
        1.0,
        1.0,
        1.0,
        1.0,
        1.0,
        1.0,
        1.0,
        1.0,
        1.0,
        1.0,
        1.0
    ],
    "min_trans_rot_dists": [
        [
            0.25240440671665565,
            0.6234959978947672
        ],
        [
            0.18281816445184929,
            0.6451713621091837
        ],
        [
            0.1636605066972297,
            0.6234959978947672
        ],
        [
            0.14891732247808295,
            0.8876375157427048
        ],
        [
            0.015674597153145224,
            0.47939122900821973
        ],
        [
            0.06188651142907195,
            0.9142337689156879
        ]
    ],
    "min_trans_rot_dists_prec": [
        [
            0.1846248818891564,
            0.9142337689156879
        ],
        [
            0.3334042876308664,
            0.5131017794008773
        ],
        [
            0.35594065976757533,
            0.10516751494956023
        ],
        [
            0.3870179960597146,
            0.6277157936024809
        ],
        [
            0.40403810862866574,
            0.9054583720333401
        ],
        [
            0.25240440671665565,
            0.6234959978947672
        ],
        [
            0.18281816445184929,
            0.9257394308462304
        ],
        [
            0.14169491280901286,
            0.7544226845357382
        ],
        [
            0.34155599552944654,
            0.6412567554051154
        ],
        [
            0.42743155108409464,
            0.7855887849867309
        ],
        [
            0.2504622335210748,
            0.9820441336419963
        ],
        [
            0.22580163173778786,
            0.5250805704033951
        ],
        [
            0.24733053461586796,
            0.7161542013464981
        ],
        [
            0.33743250880052583,
            0.8917501545645363
        ],
        [
            0.26686730132220216,
            0.46463331268153985
        ],
        [
            0.3254369288679491,
            0.47939122900821973
        ],
        [
            0.32413316470006226,
            0.9285216393595294
        ],
        [
            0.2520577683580491,
            0.44659225939467384
        ],
        [
            0.263049624240066,
            0.6820012782174887
        ],
        [
            0.14668333639247474,
            0.7652995532590818
        ],
        [
            0.2665916682014969,
            0.5507925902942338
        ],
        [
            0.08680555824762344,
            0.9975185249324139
        ],
        [
            0.2196162629747973,
            0.9118372325877896
        ],
        [
            0.24560549991060535,
            0.8257074767594528
        ],
        [
            0.23658510299475305,
            0.9434702659745136
        ],
        [
            0.29800476225162764,
            0.5410184907569608
        ],
        [
            0.29306588259839467,
            0.37240500282209377
        ],
        [
            0.28462095301773993,
            0.7920929115297267
        ],
        [
            0.4230168615836103,
            0.21720228944329223
        ],
        [
            0.21111879077393478,
            0.781917305608645
        ],
        [
            0.3173195494231222,
            0.8217533986324566
        ],
        [
            0.3057435041080811,
            0.33543485100252923
        ]
    ],
    "r_thresh_deg": 5,
    "t_thresh": 0.035,
    "t_thresh_prec": 0.04
}