{
    "match_ratio": 0.0,
    "recall": 0.0,
    "precision": 0.0,
    "n_avail": 2,
    "n_pred": 32,
    "out_scores": [
        1.0,
        1.0,
        1.0,
        1.0,
        1.0,
        1.0,
        1.0,
        1.0,
        1.0,
        1.0,
        1.0,
        1.0,
        1.0,
        1.0,
        1.0,
        1.0,
        1.0,
        1.0,
        1.0,
        1.0,
        1.0,
        1.0,
        1.0,
        1.0,
        1.0,
        1.0,
        1.0,
        1.0,
        1.0,
        1.0,
        1.0,
        1.0
    ],
    "min_trans_rot_dists": [
        [
            0.08622303555748005,
            0.04923099374746054
        ],
        [
            0.13875569951562955,
            0.020012584631565966
        ]
    ],
    "min_trans_rot_dists_prec": [
        [
            0.26631712069562136,
            0.7802099267761516
        ],
        [
            0.08622303555748005,
            0.04923099374746054
        ],
        [
            0.2099174250017217,
            0.9422027377545136
        ],
        [
            0.13410878587362365,
            0.8789489301853946
        ],
        [
            0.13459262854603368,
            0.38548941558972083
        ],
        [
            0.21493200834502127,
            0.7092564335038976
        ],
        [
            0.24991383675171666,
            0.9580339823725971
        ],
        [
            0.09505834917101876,
            0.36513054859363725
        ],
        [
            0.12804017859368044,
            0.6481877131158287
        ],
        [
            0.10616343338765918,
            0.5129318220384635
        ],
        [
            0.05634329249268402,
            0.5593132393469271
        ],
        [
            0.09857197124795626,
            0.9820419869078406
        ],
        [
            0.2714993274649889,
            0.5572361252456176
        ],
        [
            0.09743229635872519,
            0.9141743568564383
        ],
        [
            0.1303856780323781,
            0.38348021812864963
        ],
        [
            0.0777066226100887,
            0.8321226314373619
        ],
        [
            0.11960311864299684,
            0.7699212274895957
        ],
        [
            0.13875569951562955,
            0.9874179346277251
        ],
        [
            0.18418746366157343,
            0.5961146613830126
        ],
        [
            0.2961702713613117,
            0.8535367875831309
        ],
        [
            0.08143758248723436,
            0.2777596744425297
        ],
        [
            0.05190422742366952,
            0.9375852679694027
        ],
        [
            0.15626122959691496,
            0.7170240467832192
        ],
        [
            0.0636083980876935,
            0.5568536139510782
        ],
        [
            0.1407261345360635,
            0.6680856465648051
        ],
        [
            0.02143544193984519,
            0.4187171107936539
        ],
        [
            0.05237762831862112,
            0.37664600337868037
        ],
        [
            0.31196996787545495,
            0.8237699010066881
        ],
        [
            0.08166734655700686,
            0.6089712407407553
        ],
        [
            0.3031640105809675,
            0.8880685471744617
        ],
        [
            0.12338676396582111,
            0.976453318852173
        ],
        [
            0.18793553571899438,
            0.4759353247832292
        ]
    ],
    "r_thresh_deg": 5,
    "t_thresh": 0.035,
    "t_thresh_prec": 0.04
}