{
    "match_ratio": 0.0,
    "recall": 0.0,
    "precision": 0.0,
    "n_avail": 2,
    "n_pred": 32,
    "out_scores": [
        1.0,
        1.0,
        1.0,
        1.0,
        1.0,
        1.0,
        1.0,
        1.0,
        1.0,
        1.0,
        1.0,
        1.0,
        1.0,
        1.0,
        1.0,
        1.0,
        1.0,
        1.0,
        1.0,
        1.0,
        1.0,
        1.0,
        1.0,
        1.0,
        1.0,
        1.0,
        1.0,
        1.0,
        1.0,
        1.0,
        1.0,
        1.0
    ],
    "min_trans_rot_dists": [
        [
            0.15707755718461852,
            0.660451163972092
        ],
        [
            0.05641541508314362,
            0.9062574458709397
        ]
    ],
    "min_trans_rot_dists_prec": [
        [
            0.15707755718461852,
            0.660451163972092
        ],
        [
            0.5334039458974551,
            0.9105909638566895
        ],
        [
            0.3843250724073459,
            0.9734754541492265
        ],
        [
            0.5374876717865278,
            0.9946812697825904
        ],
        [
            0.46758344889959036,
            0.9997531043860817
        ],
        [
            0.4737006865527295,
            0.9999873781041454
        ],
        [
            0.4103383639957314,
            0.97008623129217
        ],
        [
            0.3071118456105297,
            0.7434463234017181
        ],
        [
            0.4938412769286928,
            0.9999838180491025
        ],
        [
            0.30889686138126327,
            0.683137852467414
        ],
        [
            0.3407251035970381,
            0.9471919504750054
        ],
        [
            0.33580877925317715,
            0.8016811765886203
        ],
        [
            0.41879896995457344,
            0.5044407356774556
        ],
        [
            0.4039898565539491,
            0.9461099688681557
        ],
        [
            0.3945795095946498,
            0.9367967444254052
        ],
        [
            0.4547599936567643,
            0.9748468395930957
        ],
        [
            0.487143677830034,
            0.9938316874766789
        ],
        [
            0.4717396768418413,
            0.997047681180828
        ],
        [
            0.38389730773043246,
            0.6670411044555885
        ],
        [
            0.4894691132477358,
            0.6179020996748263
        ],
        [
            0.2915285082238003,
            0.6737514741032202
        ],
        [
            0.5097008928784078,
            0.9860484711921358
        ],
        [
            0.22856627726037926,
            0.9905001791039181
        ],
        [
            0.45150671291728034,
            0.8299339953839059
        ],
        [
            0.2186494302839265,
            0.9843323269278347
        ],
        [
            0.29792390118302325,
            0.2691715503456288
        ],
        [
            0.20137557900194575,
            0.9912596719726491
        ],
        [
            0.3153742754222966,
            0.9176802645454145
        ],
        [
            0.22195464684307534,
            0.9412305571514229
        ],
        [
            0.05641541508314362,
            0.685600852444469
        ],
        [
            0.36418548204627055,
            0.6329785497310867
        ],
        [
            0.45921684894938586,
            0.6450238874128897
        ]
    ],
    "r_thresh_deg": 5,
    "t_thresh": 0.035,
    "t_thresh_prec": 0.04
}