{
    "match_ratio": 0.0,
    "recall": 0.0,
    "precision": 0.0,
    "n_avail": 10,
    "n_pred": 32,
    "out_scores": [
        1.0,
        1.0,
        1.0,
        1.0,
        1.0,
        1.0,
        1.0,
        1.0,
        1.0,
        1.0,
        1.0,
        1.0,
        1.0,
        1.0,
        1.0,
        1.0,
        1.0,
        1.0,
        1.0,
        1.0,
        1.0,
        1.0,
        1.0,
        1.0,
        1.0,
        1.0,
        1.0,
        1.0,
        1.0,
        1.0,
        1.0,
        1.0
    ],
    "min_trans_rot_dists": [
        [
            0.12494836084012409,
            0.5723562050095028
        ],
        [
            0.26469403429374583,
            0.30261737914431175
        ],
        [
            0.11741219101861036,
            0.5723562050095028
        ],
        [
            0.30483711267430225,
            0.30261737914431175
        ],
        [
            0.11758681911341021,
            0.5822074877079013
        ],
        [
            0.41816734269033895,
            0.30261737914431175
        ],
        [
            0.08865938373340941,
            0.01382847386796926
        ],
        [
            0.31307772089545555,
            0.30261737914431175
        ],
        [
            0.10704111962875841,
            0.05571187294729407
        ],
        [
            0.22201170276501014,
            0.30261737914431175
        ]
    ],
    "min_trans_rot_dists_prec": [
        [
            0.48324500041028107,
            0.8838797494877126
        ],
        [
            0.32075167633595586,
            0.9006924411391308
        ],
        [
            0.69414735066351,
            0.7971734319132889
        ],
        [
            0.22201170276501014,
            0.30261737914431175
        ],
        [
            0.4763380442749695,
            0.35051328788320735
        ],
        [
            0.12906629297599062,
            0.9191550481235888
        ],
        [
            0.42155156396974813,
            0.05571187294729407
        ],
        [
            0.3329340173205802,
            0.4142441220517943
        ],
        [
            0.22842234224007693,
            0.9028200190840552
        ],
        [
            0.3481383093724048,
            0.955251212026258
        ],
        [
            0.3319054145516853,
            0.6303845229970735
        ],
        [
            0.3594941892392559,
            0.01382847386796926
        ],
        [
            0.5747759580648576,
            0.4990600937872931
        ],
        [
            0.34988268386851645,
            0.5822074877079013
        ],
        [
            0.36268259614073517,
            0.2533650128220908
        ],
        [
            0.3985839875797832,
            0.5629537130510219
        ],
        [
            0.3890831183640025,
            0.5495058729939699
        ],
        [
            0.12494836084012409,
            0.5723562050095028
        ],
        [
            0.3849964872119577,
            0.4232686016353606
        ],
        [
            0.3972458279052954,
            0.956076126791009
        ],
        [
            0.16460686233389116,
            0.6156625088183814
        ],
        [
            0.11508475419579299,
            0.8180527325034482
        ],
        [
            0.4534728757599367,
            0.899303567773322
        ],
        [
            0.21113823763165446,
            0.7325700120737632
        ],
        [
            0.5162654889363485,
            0.49936982587425827
        ],
        [
            0.32885796475604573,
            0.7373653881125467
        ],
        [
            0.28519474344674367,
            0.9633094034023191
        ],
        [
            0.45233086089981495,
            0.8107783328640996
        ],
        [
            0.1844527131084688,
            0.6220427522594623
        ],
        [
            0.15677112031968074,
            0.741166833210417
        ],
        [
            0.5850418412158603,
            0.6461597754991495
        ],
        [
            0.32782723815770143,
            0.6906970074608747
        ]
    ],
    "r_thresh_deg": 5,
    "t_thresh": 0.035,
    "t_thresh_prec": 0.04
}