{
    "match_ratio": 0.0,
    "recall": 0.0,
    "precision": 0.0,
    "n_avail": 8,
    "n_pred": 32,
    "out_scores": [
        1.0,
        1.0,
        1.0,
        1.0,
        1.0,
        1.0,
        1.0,
        1.0,
        1.0,
        1.0,
        1.0,
        1.0,
        1.0,
        1.0,
        1.0,
        1.0,
        1.0,
        1.0,
        1.0,
        1.0,
        1.0,
        1.0,
        1.0,
        1.0,
        1.0,
        1.0,
        1.0,
        1.0,
        1.0,
        1.0,
        1.0,
        1.0
    ],
    "min_trans_rot_dists": [
        [
            0.13296160102992843,
            0.1522777464640631
        ],
        [
            0.12304613309376099,
            0.40886261522789213
        ],
        [
            0.037359782070701,
            0.1522777464640631
        ],
        [
            0.12939209590390777,
            0.40886261522789213
        ],
        [
            0.134441829207766,
            0.029291010954979435
        ],
        [
            0.07625885395968537,
            0.19645649250086317
        ],
        [
            0.15364933151255356,
            0.029291010954979435
        ],
        [
            0.02314943794446709,
            0.14007983320426098
        ]
    ],
    "min_trans_rot_dists_prec": [
        [
            0.34197042660234983,
            0.6383752989434421
        ],
        [
            0.32099751537864757,
            0.7979085708052294
        ],
        [
            0.13296160102992843,
            0.1522777464640631
        ],
        [
            0.4950072905128306,
            0.029291010954979435
        ],
        [
            0.13418451210249166,
            0.7949096429288522
        ],
        [
            0.3500165090157385,
            0.8516031766152645
        ],
        [
            0.36907032635241993,
            0.9341967688301112
        ],
        [
            0.5582903199251159,
            0.3759568066035298
        ],
        [
            0.12304613309376099,
            0.8520362585062158
        ],
        [
            0.3701158829595842,
            0.8812161095516204
        ],
        [
            0.07668143830183369,
            0.7550982506285737
        ],
        [
            0.2443689902541226,
            0.14848234849372088
        ],
        [
            0.2443468109547404,
            0.3977434070113648
        ],
        [
            0.022780653999395755,
            0.21130021739397886
        ],
        [
            0.31123849704191836,
            0.19645649250086317
        ],
        [
            0.24666240894147987,
            0.42533144104401
        ],
        [
            0.4340396634024417,
            0.6238680641879832
        ],
        [
            0.19511643076088817,
            0.9575004051626368
        ],
        [
            0.1568293708560419,
            0.24222429455498984
        ],
        [
            0.6060421724143646,
            0.8408089430556442
        ],
        [
            0.1983396360706614,
            0.9246953716287101
        ],
        [
            0.2699296124420679,
            0.8813875201881607
        ],
        [
            0.3533802317857935,
            0.16558231625376807
        ],
        [
            0.4347836394309541,
            0.33379980382787366
        ],
        [
            0.18772124255763165,
            0.640501685525103
        ],
        [
            0.22500323100132458,
            0.5719109383259706
        ],
        [
            0.29371837194465494,
            0.14007983320426098
        ],
        [
            0.3163346985996168,
            0.6877360794508165
        ],
        [
            0.16033033673848082,
            0.31790002973327103
        ],
        [
            0.5127496469960545,
            0.7251860938922391
        ],
        [
            0.227292518070713,
            0.5565039381990164
        ],
        [
            0.4480232756365376,
            0.7489054351969567
        ]
    ],
    "r_thresh_deg": 5,
    "t_thresh": 0.035,
    "t_thresh_prec": 0.04
}