{
    "match_ratio": 0.0,
    "recall": 0.0,
    "precision": 0.0,
    "n_avail": 14,
    "n_pred": 32,
    "out_scores": [
        1.0,
        1.0,
        1.0,
        1.0,
        1.0,
        1.0,
        1.0,
        1.0,
        1.0,
        1.0,
        1.0,
        1.0,
        1.0,
        1.0,
        1.0,
        1.0,
        1.0,
        1.0,
        1.0,
        1.0,
        1.0,
        1.0,
        1.0,
        1.0,
        1.0,
        1.0,
        1.0,
        1.0,
        1.0,
        1.0,
        1.0,
        1.0
    ],
    "min_trans_rot_dists": [
        [
            0.1475828849107042,
            0.47483378048396985
        ],
        [
            0.22558290357285465,
            0.25833691829956873
        ],
        [
            0.07239677064599577,
            0.8650246841389251
        ],
        [
            0.21324447836285337,
            0.25833691829956873
        ],
        [
            0.08979534304819968,
            0.2234915321551053
        ],
        [
            0.2985599907770865,
            0.25833691829956873
        ],
        [
            0.11223815258269042,
            0.2234915321551053
        ],
        [
            0.41232911354949087,
            0.14446192893619614
        ],
        [
            0.21849885708391267,
            0.7767421678420304
        ],
        [
            0.13960291596254085,
            0.14446192893619614
        ],
        [
            0.05592633276242625,
            0.9967589068651133
        ],
        [
            0.10905169319903371,
            0.25833691829956873
        ],
        [
            0.04480312469678382,
            0.27635360785073004
        ],
        [
            0.07796552540384784,
            0.25833691829956873
        ]
    ],
    "min_trans_rot_dists_prec": [
        [
            0.21324447836285337,
            0.25833691829956873
        ],
        [
            0.2597079257202489,
            0.3349672188319055
        ],
        [
            0.07239677064599577,
            0.8047903641401635
        ],
        [
            0.1971571039364533,
            0.43596699797076977
        ],
        [
            0.20764379332295504,
            0.8622515506825232
        ],
        [
            0.17719770956933728,
            0.5627397166422441
        ],
        [
            0.1964658659870967,
            0.9896178565280472
        ],
        [
            0.2664331844760136,
            0.27658093214777524
        ],
        [
            0.2616248277708415,
            0.7002924525139519
        ],
        [
            0.5211857300764705,
            0.3886124442642709
        ],
        [
            0.2423590380911639,
            0.9944319247847246
        ],
        [
            0.3305955109932078,
            0.9558029186214209
        ],
        [
            0.2142638326883813,
            0.7767421678420304
        ],
        [
            0.1933282983303759,
            0.8894874394684638
        ],
        [
            0.4210054232856292,
            0.5585225140694209
        ],
        [
            0.30443333721803767,
            0.4678186637558962
        ],
        [
            0.18261072898105907,
            0.27635360785073004
        ],
        [
            0.24955551696546718,
            0.3057741825449446
        ],
        [
            0.18388210269317218,
            0.4876029421334245
        ],
        [
            0.30898453624075706,
            0.8813398193606508
        ],
        [
            0.40189734864298654,
            0.8775130514703637
        ],
        [
            0.17105372098640165,
            0.6473491407802383
        ],
        [
            0.2065470884028005,
            0.8677664412079329
        ],
        [
            0.1475828849107042,
            0.47483378048396985
        ],
        [
            0.27378191856807754,
            0.2234915321551053
        ],
        [
            0.17065219865493747,
            0.29965410071371157
        ],
        [
            0.07738995917169474,
            0.9817473934137374
        ],
        [
            0.259966614245716,
            0.872689630469825
        ],
        [
            0.323038228308478,
            0.14446192893619614
        ],
        [
            0.19310211363229485,
            0.5225607662183633
        ],
        [
            0.2588367241039859,
            0.9967908179652798
        ],
        [
            0.3152572252805148,
            0.20862206101978142
        ]
    ],
    "r_thresh_deg": 5,
    "t_thresh": 0.035,
    "t_thresh_prec": 0.04
}