{
    "match_ratio": 0.0,
    "recall": 0.0,
    "precision": 0.0,
    "n_avail": 12,
    "n_pred": 32,
    "out_scores": [
        1.0,
        1.0,
        1.0,
        1.0,
        1.0,
        1.0,
        1.0,
        1.0,
        1.0,
        1.0,
        1.0,
        1.0,
        1.0,
        1.0,
        1.0,
        1.0,
        1.0,
        1.0,
        1.0,
        1.0,
        1.0,
        1.0,
        1.0,
        1.0,
        1.0,
        1.0,
        1.0,
        1.0,
        1.0,
        1.0,
        1.0,
        1.0
    ],
    "min_trans_rot_dists": [
        [
            0.10689651390850732,
            0.9558115237545938
        ],
        [
            0.2325712127232747,
            0.1934047998468521
        ],
        [
            0.08171212748675755,
            0.9558115237545938
        ],
        [
            0.24432831475762645,
            0.1934047998468521
        ],
        [
            0.1038340124153114,
            0.8470992466575638
        ],
        [
            0.1038340124153114,
            0.1934047998468521
        ],
        [
            0.13577384294464165,
            0.6562095508889414
        ],
        [
            0.13612418300764267,
            0.8632172171482688
        ],
        [
            0.08222348636969098,
            0.1365096481498781
        ],
        [
            0.08222348636969098,
            0.9513775071460214
        ],
        [
            0.028833295055138222,
            0.1365096481498781
        ],
        [
            0.02217286539155205,
            0.9765725535930297
        ]
    ],
    "min_trans_rot_dists_prec": [
        [
            0.25873437658243814,
            0.9611035205260978
        ],
        [
            0.37649043442378116,
            0.9861780064472195
        ],
        [
            0.242558216446609,
            0.994298722816928
        ],
        [
            0.36171516607124105,
            0.45866203205595
        ],
        [
            0.30095183090901767,
            0.9181672096900604
        ],
        [
            0.37280467273300266,
            0.9398381514524562
        ],
        [
            0.19998169204459978,
            0.23494356982819264
        ],
        [
            0.10689651390850732,
            0.9558115237545938
        ],
        [
            0.3987403977227771,
            0.47703901591765885
        ],
        [
            0.3316816542447824,
            0.9554048383356374
        ],
        [
            0.3139933121857269,
            0.6562095508889414
        ],
        [
            0.4816954011157344,
            0.6171556688270905
        ],
        [
            0.12380381873777294,
            0.9986828105424341
        ],
        [
            0.4144616331454087,
            0.9636865680852075
        ],
        [
            0.4807249533594283,
            0.4878281631128083
        ],
        [
            0.46135847968253024,
            0.42348245669654694
        ],
        [
            0.5217888061970286,
            0.4340755881767534
        ],
        [
            0.2276657648904086,
            0.5050239032532247
        ],
        [
            0.3064384800956184,
            0.04613334575187933
        ],
        [
            0.32377473402501855,
            0.4511747022832461
        ],
        [
            0.34648597846755763,
            0.15682618185852648
        ],
        [
            0.2532866578650525,
            0.2559575301206556
        ],
        [
            0.13665260173197835,
            0.9765725535930297
        ],
        [
            0.1038340124153114,
            0.1934047998468521
        ],
        [
            0.3396398484322413,
            0.13616342241926715
        ],
        [
            0.07954411789971312,
            0.9997841191757196
        ],
        [
            0.2932721966783156,
            0.44393439451840055
        ],
        [
            0.11908659510575623,
            0.8677234444291602
        ],
        [
            0.317007768841837,
            0.8327859653002602
        ],
        [
            0.11083764165419951,
            0.8455969216042576
        ],
        [
            0.2921244435184288,
            0.1365096481498781
        ],
        [
            0.35814518535761186,
            0.730225967488082
        ]
    ],
    "r_thresh_deg": 5,
    "t_thresh": 0.035,
    "t_thresh_prec": 0.04
}