{
    "match_ratio": 0.0,
    "recall": 0.0,
    "precision": 0.0,
    "n_avail": 14,
    "n_pred": 32,
    "out_scores": [
        1.0,
        1.0,
        1.0,
        1.0,
        1.0,
        1.0,
        1.0,
        1.0,
        1.0,
        1.0,
        1.0,
        1.0,
        1.0,
        1.0,
        1.0,
        1.0,
        1.0,
        1.0,
        1.0,
        1.0,
        1.0,
        1.0,
        1.0,
        1.0,
        1.0,
        1.0,
        1.0,
        1.0,
        1.0,
        1.0,
        1.0,
        1.0
    ],
    "min_trans_rot_dists": [
        [
            0.18827272904713113,
            0.4005731157491095
        ],
        [
            0.10067597760111727,
            0.8728011703864511
        ],
        [
            0.20401307396602983,
            0.4005731157491095
        ],
        [
            0.10267472245594265,
            0.8728011703864511
        ],
        [
            0.227463991313419,
            0.4005731157491095
        ],
        [
            0.11651409954529778,
            0.559512022252702
        ],
        [
            0.37045367168482224,
            0.4005731157491095
        ],
        [
            0.13437415385625348,
            0.559512022252702
        ],
        [
            0.14083351475649475,
            0.4005731157491095
        ],
        [
            0.23482565657408463,
            0.4159213199296984
        ],
        [
            0.24409822385528718,
            0.4005731157491095
        ],
        [
            0.31569567440328455,
            0.4137748561993314
        ],
        [
            0.26837510043737195,
            0.4005731157491095
        ],
        [
            0.3627678385373413,
            0.4137748561993314
        ]
    ],
    "min_trans_rot_dists_prec": [
        [
            0.281630449357903,
            0.5069087011046691
        ],
        [
            0.41952092752702863,
            0.8097766550247224
        ],
        [
            0.4091869799927602,
            0.7994709649327341
        ],
        [
            0.2804746996486083,
            0.7041229367116328
        ],
        [
            0.45803002937171344,
            0.9882230158077547
        ],
        [
            0.18132693972917066,
            0.8908870445167131
        ],
        [
            0.24897113471080592,
            0.8615322046970291
        ],
        [
            0.5235368176915358,
            0.5125468886270456
        ],
        [
            0.7329288834703832,
            0.5396615431527569
        ],
        [
            0.7111177651911793,
            0.9492586285488945
        ],
        [
            0.589551260228024,
            0.4137748561993314
        ],
        [
            0.6103166294335038,
            0.31889195291125205
        ],
        [
            0.18827272904713113,
            0.4005731157491095
        ],
        [
            0.4828840911756387,
            0.604289837466867
        ],
        [
            0.10067597760111727,
            0.8866552751902088
        ],
        [
            0.25124084843396977,
            0.860350337734078
        ],
        [
            0.8062636213424828,
            0.5056495441890376
        ],
        [
            0.14825497283780004,
            0.520742985098011
        ],
        [
            0.14562615165113482,
            0.559512022252702
        ],
        [
            0.40719806784089807,
            0.7638270147450402
        ],
        [
            0.20584965292175464,
            0.181396485046472
        ],
        [
            0.2503893984246155,
            0.5510796151676844
        ],
        [
            0.4882872994089257,
            0.7958292061608994
        ],
        [
            0.3970980072462917,
            0.8954063099778344
        ],
        [
            0.4504159157759767,
            0.3979531500364165
        ],
        [
            0.3375759693449654,
            0.9456723995986993
        ],
        [
            0.5194414337657391,
            0.5510673507399197
        ],
        [
            0.5893665984038178,
            0.9432437919957192
        ],
        [
            0.18781536513937783,
            0.5217884308035168
        ],
        [
            0.4819249032518375,
            0.5892246357547999
        ],
        [
            0.29780693016094356,
            0.12736709962634818
        ],
        [
            0.23482565657408463,
            0.4159213199296984
        ]
    ],
    "r_thresh_deg": 5,
    "t_thresh": 0.035,
    "t_thresh_prec": 0.04
}