{
    "match_ratio": 0.1,
    "recall": 0.1,
    "precision": 0.03125,
    "n_avail": 10,
    "n_pred": 32,
    "out_scores": [
        1.0,
        1.0,
        1.0,
        1.0,
        1.0,
        1.0,
        1.0,
        1.0,
        1.0,
        1.0,
        1.0,
        1.0,
        1.0,
        1.0,
        1.0,
        1.0,
        1.0,
        1.0,
        1.0,
        1.0,
        1.0,
        1.0,
        1.0,
        1.0,
        1.0,
        1.0,
        1.0,
        1.0,
        1.0,
        1.0,
        1.0,
        1.0
    ],
    "min_trans_rot_dists": [
        [
            0.15761309953249303,
            0.04371679978263643
        ],
        [
            0.17147160378000664,
            0.9402396966099175
        ],
        [
            0.10107415016328904,
            0.04371679978263643
        ],
        [
            0.10107415016328904,
            0.9618530283195389
        ],
        [
            0.13651474645974263,
            0.9897022784660109
        ],
        [
            0.13651474645974263,
            0.9716206784507463
        ],
        [
            0.022363911914492295,
            0.06735278713926185
        ],
        [
            0.11340639297630552,
            0.9306856760216077
        ],
        [
            0.11249964978153885,
            0.027118920886103903
        ],
        [
            0.24450201900612534,
            0.1472478662036003
        ]
    ],
    "min_trans_rot_dists_prec": [
        [
            0.1074587541254639,
            0.9716206784507463
        ],
        [
            0.5166498161915692,
            0.10693275806651725
        ],
        [
            0.19937408873545365,
            0.027118920886103903
        ],
        [
            0.17147160378000664,
            0.0736674541250446
        ],
        [
            0.13415681721914455,
            0.3406110246712476
        ],
        [
            0.3230910227840761,
            0.2539632535011257
        ],
        [
            0.3597527736532391,
            0.9999516157945421
        ],
        [
            0.6685215819171546,
            0.7534868579402174
        ],
        [
            0.1848972290445175,
            0.002844713175326974
        ],
        [
            0.2703803097435157,
            0.1472478662036003
        ],
        [
            0.33742660104574124,
            0.12052112065925669
        ],
        [
            0.10617686218655772,
            0.9771696000082671
        ],
        [
            0.33249917195967776,
            0.7241732615959753
        ],
        [
            0.3814133311343019,
            0.32720234263405124
        ],
        [
            0.6897681987459507,
            0.9572945937122936
        ],
        [
            0.4314302642210774,
            0.878437341278749
        ],
        [
            0.43552697488796804,
            0.8889868222436503
        ],
        [
            0.4284555232785752,
            0.9933156174376568
        ],
        [
            0.4015297682601724,
            0.4283242785812835
        ],
        [
            0.022363911914492295,
            0.06735278713926185
        ],
        [
            0.15761309953249303,
            0.04371679978263643
        ],
        [
            0.4718274291388089,
            0.9847597167111759
        ],
        [
            0.2892312047909958,
            0.21433402474788277
        ],
        [
            0.4041467667176408,
            0.9815818719459591
        ],
        [
            0.20101429972258664,
            0.21703434752725048
        ],
        [
            0.7907798414711045,
            0.8158590872542346
        ],
        [
            0.7590553268197371,
            0.9863301437328548
        ],
        [
            0.4681027495459358,
            0.17904984462641338
        ],
        [
            0.6219277982502631,
            0.6539426871514835
        ],
        [
            0.21044767424325883,
            0.6039864230230848
        ],
        [
            0.20176471010031682,
            0.7780179331732962
        ],
        [
            0.6829803934327489,
            0.9103586840940825
        ]
    ],
    "r_thresh_deg": 5,
    "t_thresh": 0.035,
    "t_thresh_prec": 0.04
}