{
    "match_ratio": 0.0,
    "recall": 0.0,
    "precision": 0.0,
    "n_avail": 10,
    "n_pred": 32,
    "out_scores": [
        1.0,
        1.0,
        1.0,
        1.0,
        1.0,
        1.0,
        1.0,
        1.0,
        1.0,
        1.0,
        1.0,
        1.0,
        1.0,
        1.0,
        1.0,
        1.0,
        1.0,
        1.0,
        1.0,
        1.0,
        1.0,
        1.0,
        1.0,
        1.0,
        1.0,
        1.0,
        1.0,
        1.0,
        1.0,
        1.0,
        1.0,
        1.0
    ],
    "min_trans_rot_dists": [
        [
            0.2351664014572023,
            0.6581603702758776
        ],
        [
            0.1571088085016084,
            0.5246200311864164
        ],
        [
            0.15934223062137298,
            0.4720411872032537
        ],
        [
            0.06287966849589428,
            0.5246200311864164
        ],
        [
            0.1381603446209552,
            0.5173712452166084
        ],
        [
            0.05920824247984123,
            0.5246200311864164
        ],
        [
            0.16036015623315208,
            0.17939951770662588
        ],
        [
            0.2706512268826499,
            0.7604188257435835
        ],
        [
            0.11983562324381657,
            0.13303241578039626
        ],
        [
            0.11894029330243035,
            0.5389911703164583
        ]
    ],
    "min_trans_rot_dists_prec": [
        [
            0.2351664014572023,
            0.6581603702758776
        ],
        [
            0.4036238254834834,
            0.940465744282343
        ],
        [
            0.3022435491497095,
            0.5173712452166084
        ],
        [
            0.41602894567841925,
            0.2603310727087853
        ],
        [
            0.6286724689268226,
            0.638939880177003
        ],
        [
            0.3856535217767845,
            0.6650232618470726
        ],
        [
            0.3443615012433032,
            0.21040358482065347
        ],
        [
            0.310464751758048,
            0.5389911703164583
        ],
        [
            0.4526677350929651,
            0.6399446723273099
        ],
        [
            0.37283543687872517,
            0.8751028373316107
        ],
        [
            0.31399430562315883,
            0.7958985317088435
        ],
        [
            0.35551462773785136,
            0.26376907443199005
        ],
        [
            0.7417062879411473,
            0.8592376066844241
        ],
        [
            0.26250843099728105,
            0.4720411872032537
        ],
        [
            0.4906051280244166,
            0.7446053288665959
        ],
        [
            0.70719279568159,
            0.17939951770662588
        ],
        [
            0.2519604417105568,
            0.4647173856331205
        ],
        [
            0.2928570664577126,
            0.248139870854177
        ],
        [
            0.3229930428274706,
            0.10176533534887222
        ],
        [
            0.3136373993751708,
            0.06795686497401787
        ],
        [
            0.3564672808174767,
            0.5939216668244256
        ],
        [
            0.35024258746169734,
            0.3441422390942874
        ],
        [
            0.26998309379079005,
            0.9038202299104333
        ],
        [
            0.29939511133935065,
            0.9850032498416119
        ],
        [
            0.41624866903458885,
            0.13303241578039626
        ],
        [
            0.38045702798213166,
            0.46659662572632854
        ],
        [
            0.45816648451949377,
            0.7924445761554945
        ],
        [
            0.24570243525791408,
            0.23303425985927162
        ],
        [
            0.4743084202083671,
            0.79839725630336
        ],
        [
            0.30130215583772507,
            0.9149625848776008
        ],
        [
            0.06287966849589428,
            0.5246200311864164
        ],
        [
            0.32530532110724425,
            0.6942929433003093
        ]
    ],
    "r_thresh_deg": 5,
    "t_thresh": 0.035,
    "t_thresh_prec": 0.04
}