{
    "match_ratio": 0.0,
    "recall": 0.0,
    "precision": 0.0,
    "n_avail": 6,
    "n_pred": 32,
    "out_scores": [
        1.0,
        1.0,
        1.0,
        1.0,
        1.0,
        1.0,
        1.0,
        1.0,
        1.0,
        1.0,
        1.0,
        1.0,
        1.0,
        1.0,
        1.0,
        1.0,
        1.0,
        1.0,
        1.0,
        1.0,
        1.0,
        1.0,
        1.0,
        1.0,
        1.0,
        1.0,
        1.0,
        1.0,
        1.0,
        1.0,
        1.0,
        1.0
    ],
    "min_trans_rot_dists": [
        [
            0.209830348168481,
            0.10612507835866103
        ],
        [
            0.5968296187247337,
            0.208437227889959
        ],
        [
            0.2758333702558596,
            0.10612507835866103
        ],
        [
            0.5371625726366005,
            0.208437227889959
        ],
        [
            0.3645986624704722,
            0.10612507835866103
        ],
        [
            1.0091561833348761,
            0.14270863760951336
        ]
    ],
    "min_trans_rot_dists_prec": [
        [
            0.9987373126220047,
            0.10931179956826598
        ],
        [
            1.0780412161391981,
            0.14270863760951336
        ],
        [
            0.7469004648547501,
            0.24485862069857356
        ],
        [
            1.0345318832505006,
            0.5554162848345123
        ],
        [
            1.0031099266029269,
            0.635249997594864
        ],
        [
            1.0442581263809025,
            0.8979689541554218
        ],
        [
            0.7683319803015326,
            0.4420085746106287
        ],
        [
            0.6622116550775538,
            0.9999846429146718
        ],
        [
            0.9850022748458426,
            0.20715045764904494
        ],
        [
            0.9817516741481546,
            0.17722461771676745
        ],
        [
            0.8535080413681403,
            0.2967100968908063
        ],
        [
            0.6516216572822108,
            0.9967151711321194
        ],
        [
            1.2182833165697566,
            0.615095462106379
        ],
        [
            0.5371625726366005,
            0.208437227889959
        ],
        [
            0.599971557500407,
            0.4049844114916056
        ],
        [
            0.6198514724932243,
            0.9606005437486833
        ],
        [
            0.7295884428992074,
            0.2348151851442537
        ],
        [
            0.4542581628891214,
            0.46488044698952113
        ],
        [
            0.8310001897291506,
            0.3655862356739492
        ],
        [
            0.8551506293513387,
            0.44588637049266544
        ],
        [
            0.47429837464327956,
            0.9959376927180345
        ],
        [
            0.7088391294481369,
            0.9776422086292487
        ],
        [
            1.1928911665420125,
            0.882742760521462
        ],
        [
            1.2319866197700602,
            0.21602293282173213
        ],
        [
            0.9577080480376885,
            0.9971734274661255
        ],
        [
            1.1829715298447459,
            0.9995196558466996
        ],
        [
            0.209830348168481,
            0.10612507835866103
        ],
        [
            0.7982323834264049,
            0.6083242759168901
        ],
        [
            1.219627204493902,
            0.4490114278447266
        ],
        [
            0.49860640669123246,
            0.42627433856117947
        ],
        [
            0.6764860521738865,
            0.4095231712068147
        ],
        [
            0.8929910566055939,
            0.5407073767106994
        ]
    ],
    "r_thresh_deg": 5,
    "t_thresh": 0.035,
    "t_thresh_prec": 0.04
}