{
    "match_ratio": 0.0,
    "recall": 0.0,
    "precision": 0.0,
    "n_avail": 14,
    "n_pred": 32,
    "out_scores": [
        1.0,
        1.0,
        1.0,
        1.0,
        1.0,
        1.0,
        1.0,
        1.0,
        1.0,
        1.0,
        1.0,
        1.0,
        1.0,
        1.0,
        1.0,
        1.0,
        1.0,
        1.0,
        1.0,
        1.0,
        1.0,
        1.0,
        1.0,
        1.0,
        1.0,
        1.0,
        1.0,
        1.0,
        1.0,
        1.0,
        1.0,
        1.0
    ],
    "min_trans_rot_dists": [
        [
            0.3927967290036691,
            0.005340164762502986
        ],
        [
            0.40058441085019003,
            0.17854129151171716
        ],
        [
            0.31490653177892447,
            0.005340164762502986
        ],
        [
            0.3165490338969905,
            0.17854129151171716
        ],
        [
            0.34478876464947633,
            0.4032623427146266
        ],
        [
            0.34794520862588413,
            0.17854129151171716
        ],
        [
            0.10181853445726985,
            0.4957219464829885
        ],
        [
            0.3685386708240675,
            0.17854129151171716
        ],
        [
            0.09965709943025666,
            0.42424150854153775
        ],
        [
            0.14305047718221015,
            0.17854129151171716
        ],
        [
            0.015577376528976268,
            0.9888773346579213
        ],
        [
            0.015577376528976268,
            0.17854129151171716
        ],
        [
            0.06476884120840666,
            0.005340164762502986
        ],
        [
            0.09605320253413181,
            0.17854129151171716
        ]
    ],
    "min_trans_rot_dists_prec": [
        [
            0.3165490338969905,
            0.17854129151171716
        ],
        [
            0.6248629850414339,
            0.4989969638522094
        ],
        [
            0.37111098758332006,
            0.5842471852617467
        ],
        [
            0.3927967290036691,
            0.005340164762502986
        ],
        [
            0.1841899012447495,
            0.4032623427146266
        ],
        [
            0.28747227188113056,
            0.5729928352577291
        ],
        [
            0.3676428036935414,
            0.4295041283773292
        ],
        [
            0.43506290404116804,
            0.26854702209917847
        ],
        [
            0.5416478509919554,
            0.04807485664510758
        ],
        [
            0.35144022077851667,
            0.4957219464829885
        ],
        [
            0.3698570196110424,
            0.3663587571823389
        ],
        [
            0.564903152149856,
            0.4845619577934519
        ],
        [
            0.4679587610717011,
            0.3155035686807901
        ],
        [
            0.28706862997591104,
            0.7485176805131726
        ],
        [
            0.7001770503982216,
            0.4872920637220991
        ],
        [
            0.36873880078744903,
            0.6838437292143938
        ],
        [
            0.5773558750058617,
            0.42424150854153775
        ],
        [
            0.5367994145994602,
            0.49519571365284676
        ],
        [
            0.41369392348544076,
            0.5776244733932299
        ],
        [
            0.34346123686694247,
            0.053021322677238136
        ],
        [
            0.2273044499027709,
            0.7715696910074292
        ],
        [
            0.5144065480597105,
            0.46901487431039424
        ],
        [
            0.24020096426445003,
            0.434676102104681
        ],
        [
            0.40505535339779586,
            0.09970240413726705
        ],
        [
            0.45050426090479595,
            0.00422035057326442
        ],
        [
            0.6305981322266445,
            0.8766269088279772
        ],
        [
            0.27017434838864324,
            0.459076192778919
        ],
        [
            0.42611801728092535,
            0.013972475971511966
        ],
        [
            0.3102802809673337,
            0.6788816222288941
        ],
        [
            0.3650029323257884,
            0.9263763017173021
        ],
        [
            0.22029486705206658,
            0.6665588805206984
        ],
        [
            0.5428484109126218,
            0.10771529548370018
        ]
    ],
    "r_thresh_deg": 5,
    "t_thresh": 0.035,
    "t_thresh_prec": 0.04
}