{
    "match_ratio": 0.0,
    "recall": 0.0,
    "precision": 0.0,
    "n_avail": 8,
    "n_pred": 32,
    "out_scores": [
        1.0,
        1.0,
        1.0,
        1.0,
        1.0,
        1.0,
        1.0,
        1.0,
        1.0,
        1.0,
        1.0,
        1.0,
        1.0,
        1.0,
        1.0,
        1.0,
        1.0,
        1.0,
        1.0,
        1.0,
        1.0,
        1.0,
        1.0,
        1.0,
        1.0,
        1.0,
        1.0,
        1.0,
        1.0,
        1.0,
        1.0,
        1.0
    ],
    "min_trans_rot_dists": [
        [
            0.22725407353092125,
            0.03538573688833235
        ],
        [
            0.3217923574919368,
            0.10035690108526185
        ],
        [
            0.19608064827298674,
            0.03538573688833235
        ],
        [
            0.21783098867560022,
            0.10035690108526185
        ],
        [
            0.11281312109789751,
            0.6565579297845272
        ],
        [
            0.1590188934972345,
            0.10035690108526185
        ],
        [
            0.10602694439959522,
            0.03538573688833235
        ],
        [
            0.21062835987923764,
            0.10035690108526185
        ]
    ],
    "min_trans_rot_dists_prec": [
        [
            0.383572657223026,
            0.578088316762718
        ],
        [
            0.32752340589343115,
            0.732180323082994
        ],
        [
            0.21783098867560022,
            0.10035690108526185
        ],
        [
            0.3970503058228542,
            0.7080846687980029
        ],
        [
            0.30267963064549314,
            0.38790650250290537
        ],
        [
            0.23247427880871305,
            0.6233468029487922
        ],
        [
            0.3023208225845033,
            0.07491927006731025
        ],
        [
            0.09546844338281066,
            0.9434278287845297
        ],
        [
            0.20550197563478848,
            0.845924001379523
        ],
        [
            0.3987502181766343,
            0.30749710053342016
        ],
        [
            0.40057904444115006,
            0.42044471558626717
        ],
        [
            0.29902514600392155,
            0.9712699522061703
        ],
        [
            0.282525874000045,
            0.4414495380392508
        ],
        [
            0.19929234740480295,
            0.6544581168548418
        ],
        [
            0.41565634954836195,
            0.5815204190034017
        ],
        [
            0.3040965984124084,
            0.3254245470354672
        ],
        [
            0.387087422136493,
            0.9102630947391408
        ],
        [
            0.1750729405374198,
            0.9040059363085946
        ],
        [
            0.27626759427686154,
            0.9681492756972062
        ],
        [
            0.33738349875965307,
            0.6599658300462945
        ],
        [
            0.3882964760239138,
            0.8213282820014296
        ],
        [
            0.24033243100436175,
            0.9696884537381544
        ],
        [
            0.1758253879390257,
            0.6565579297845272
        ],
        [
            0.32295230851288076,
            0.5547327135847084
        ],
        [
            0.3371563334238746,
            0.917530282732337
        ],
        [
            0.14056618634298598,
            0.6616837007128615
        ],
        [
            0.13734020569319869,
            0.9678863200435879
        ],
        [
            0.1501200633606104,
            0.8728191176841282
        ],
        [
            0.28970175877196414,
            0.17291169164926257
        ],
        [
            0.3832873108046263,
            0.4892534270621579
        ],
        [
            0.22725407353092125,
            0.03538573688833235
        ],
        [
            0.24750626908867762,
            0.9851794112350746
        ]
    ],
    "r_thresh_deg": 5,
    "t_thresh": 0.035,
    "t_thresh_prec": 0.04
}