{
    "match_ratio": 1.0,
    "recall": 1.0,
    "precision": 0.96875,
    "n_avail": 8,
    "n_pred": 32,
    "out_scores": [
        0.9724568128585815,
        0.9933958649635315,
        0.9509211778640747,
        0.9817503690719604,
        0.9834240078926086,
        0.9747899174690247,
        0.9804179668426514,
        0.9816206097602844,
        0.9565352201461792,
        8.466259896522388e-05,
        0.9809050559997559,
        0.9845004081726074,
        0.9705093502998352,
        0.987903892993927,
        0.9875626564025879,
        0.9655935168266296,
        0.9808540344238281,
        0.9778128862380981,
        0.8505745530128479,
        0.9865336418151855,
        0.9835516810417175,
        0.9609017372131348,
        0.9761350750923157,
        0.9816141128540039,
        0.9765170812606812,
        0.977412760257721,
        0.9849056601524353,
        0.8610016107559204,
        0.9796416759490967,
        0.8923214077949524,
        0.9768593907356262,
        0.9736984372138977
    ],
    "min_trans_rot_dists": [
        [
            0.026321494103380194,
            7.172367468599727e-05
        ],
        [
            0.033416424963935154,
            7.01838515015929e-05
        ],
        [
            0.007846993952784657,
            0.00014384960460078755
        ],
        [
            0.019428610882357592,
            3.9268811974468854e-05
        ],
        [
            0.023316213237407707,
            0.0001488653934303974
        ],
        [
            0.03199573962228721,
            0.0003133855712236233
        ],
        [
            0.005059107474823774,
            8.140260230915519e-05
        ],
        [
            0.020135638224183204,
            3.425271685331133e-05
        ]
    ],
    "min_trans_rot_dists_prec": [
        [
            0.00718180642448924,
            0.00011925762211040247
        ],
        [
            0.03199573962228721,
            0.0003133855712236233
        ],
        [
            0.022723000129082092,
            9.795225422126741e-05
        ],
        [
            0.020014950501949184,
            2.0706391139047042e-05
        ],
        [
            0.01946529782011577,
            1.777432184479899e-05
        ],
        [
            0.020026830816739255,
            4.2751973189036896e-05
        ],
        [
            0.020658799596664675,
            2.9384257684617054e-05
        ],
        [
            0.020445101972131813,
            7.219214632070425e-05
        ],
        [
            0.022637494451217176,
            0.00034220655663719235
        ],
        [
            0.01737359731493049,
            0.9997927695488752
        ],
        [
            0.020099775616979104,
            4.497746243237177e-05
        ],
        [
            0.019240975526155,
            3.703169649960092e-05
        ],
        [
            0.02151205851901868,
            2.746713935319889e-05
        ],
        [
            0.03353287179236379,
            9.530665259627202e-05
        ],
        [
            0.007274305561157443,
            0.00017777391009010657
        ],
        [
            0.004698687700817938,
            0.00010672786939958101
        ],
        [
            0.007423435782383583,
            0.00015341561061410491
        ],
        [
            0.020879795175853342,
            5.370872290921813e-05
        ],
        [
            0.026022388922366517,
            7.683390460933026e-05
        ],
        [
            0.033416424963935154,
            7.01838515015929e-05
        ],
        [
            0.020135638224183204,
            3.425271685331133e-05
        ],
        [
            0.024534967728751633,
            0.00010739220639688352
        ],
        [
            0.007846993952784657,
            0.00014384960460078755
        ],
        [
            0.019137764516110326,
            5.949790436843294e-05
        ],
        [
            0.00466457452402858,
            0.00013916204992880932
        ],
        [
            0.004023620428407716,
            0.0001701614164275611
        ],
        [
            0.01883173793462039,
            1.472250613399062e-05
        ],
        [
            0.026321494103380194,
            7.172367468599727e-05
        ],
        [
            0.019428610882357592,
            3.9268811974468854e-05
        ],
        [
            0.023316213237407707,
            0.0001488653934303974
        ],
        [
            0.00462159460828728,
            0.00015353281874930236
        ],
        [
            0.005059107474823774,
            8.140260230915519e-05
        ]
    ],
    "r_thresh_deg": 5,
    "t_thresh": 0.035,
    "t_thresh_prec": 0.04
}