{
    "match_ratio": 0.4166666666666667,
    "recall": 0.4166666666666667,
    "precision": 1.0,
    "n_avail": 12,
    "n_pred": 32,
    "out_scores": [
        0.9923130869865417,
        0.9890590310096741,
        0.9181548357009888,
        0.9936337471008301,
        0.9839443564414978,
        0.9931920170783997,
        0.9893459677696228,
        0.992573618888855,
        0.9895272254943848,
        0.9873790144920349,
        0.9572738409042358,
        0.9806153178215027,
        0.9852678775787354,
        0.992256760597229,
        0.9831136465072632,
        0.9490251541137695,
        0.994244396686554,
        0.9609686732292175,
        0.9812445640563965,
        0.9835167527198792,
        0.9830445051193237,
        0.9912125468254089,
        0.978749692440033,
        0.9440590739250183,
        0.9503600001335144,
        0.9925895929336548,
        0.9612160325050354,
        0.9561828970909119,
        0.9934481978416443,
        0.972010612487793,
        0.9601579308509827,
        0.9931977987289429
    ],
    "min_trans_rot_dists": [
        [
            0.00666631290822805,
            4.404878878383478e-05
        ],
        [
            0.021399820871224162,
            4.742746828967359e-05
        ],
        [
            0.014464948091914995,
            5.2707189027279e-05
        ],
        [
            0.02532572342693996,
            5.0535875314672296e-05
        ],
        [
            0.2001583258544939,
            4.896264962450658e-05
        ],
        [
            0.038626930400541125,
            0.0002818408811083861
        ],
        [
            0.20055160410290884,
            4.0809524378571105e-05
        ],
        [
            0.038626930400541125,
            0.9997559776515663
        ],
        [
            0.2509663439394165,
            4.896264962450658e-05
        ],
        [
            0.02843178417316684,
            0.0002818408811083861
        ],
        [
            0.2512716414792703,
            4.0809524378571105e-05
        ],
        [
            0.02843178417316684,
            0.9997559776515663
        ]
    ],
    "min_trans_rot_dists_prec": [
        [
            0.01516401062685489,
            6.21014334305503e-05
        ],
        [
            0.015331520059476023,
            4.073566633122638e-05
        ],
        [
            0.025130860952058975,
            5.3843484683735454e-05
        ],
        [
            0.01455297002359369,
            9.087118037032216e-05
        ],
        [
            0.02261028953979515,
            0.00010471596444661113
        ],
        [
            0.014736346741247276,
            9.328870110758558e-05
        ],
        [
            0.015929048773641014,
            4.296341062870468e-05
        ],
        [
            0.014783166214130696,
            4.0809524378571105e-05
        ],
        [
            0.015560481982589223,
            5.7588075459524823e-05
        ],
        [
            0.023177839662030752,
            7.129233363578624e-05
        ],
        [
            0.026111371293519543,
            5.408617185276299e-05
        ],
        [
            0.006627034926091781,
            4.896264962450658e-05
        ],
        [
            0.005346619183974286,
            7.986460327735756e-05
        ],
        [
            0.014764426050868282,
            7.054449156207454e-05
        ],
        [
            0.02843178417316684,
            0.0002818408811083861
        ],
        [
            0.025673861502039496,
            5.7329768833103145e-05
        ],
        [
            0.013985446003743,
            0.00012283349058472837
        ],
        [
            0.006509559687291151,
            5.707546480282488e-05
        ],
        [
            0.005575642787094304,
            6.080447478029605e-05
        ],
        [
            0.016230729018895523,
            6.16512004582015e-05
        ],
        [
            0.006099690708254593,
            5.060425195357876e-05
        ],
        [
            0.015392767381377766,
            5.5668880739490056e-05
        ],
        [
            0.021399820871224162,
            4.742746828967359e-05
        ],
        [
            0.00728927900985207,
            7.985792988018936e-05
        ],
        [
            0.024462828839658966,
            7.643789910360965e-05
        ],
        [
            0.014805404322923238,
            6.1639739450281e-05
        ],
        [
            0.025250473488729358,
            8.02217220569057e-05
        ],
        [
            0.00666631290822805,
            4.404878878383478e-05
        ],
        [
            0.014853275605575833,
            0.00010397855400456901
        ],
        [
            0.025567265334158613,
            6.566015398545844e-05
        ],
        [
            0.02532572342693996,
            5.0535875314672296e-05
        ],
        [
            0.014464948091914995,
            5.2707189027279e-05
        ]
    ],
    "r_thresh_deg": 5,
    "t_thresh": 0.035,
    "t_thresh_prec": 0.04
}