{
    "match_ratio": 0.6875,
    "recall": 0.6875,
    "precision": 1.0,
    "n_avail": 16,
    "n_pred": 32,
    "out_scores": [
        0.986884593963623,
        0.9838525056838989,
        0.9903822541236877,
        0.9863471388816833,
        0.985072910785675,
        0.9800840616226196,
        0.9751774668693542,
        0.9847164154052734,
        0.8549394011497498,
        0.9898473620414734,
        0.983549952507019,
        0.9849653244018555,
        0.9873369336128235,
        0.8873641490936279,
        0.9804742336273193,
        0.9841254949569702,
        0.9876853227615356,
        0.9853761792182922,
        0.8673375844955444,
        0.8317229747772217,
        0.8867790699005127,
        0.9791192412376404,
        0.8470555543899536,
        0.9889123439788818,
        0.9794919490814209,
        0.9850035905838013,
        0.9841943383216858,
        0.9901323318481445,
        0.879096269607544,
        0.9821767807006836,
        0.7150460481643677,
        0.8798631429672241
    ],
    "min_trans_rot_dists": [
        [
            0.38371031483225293,
            9.815461162410166e-06
        ],
        [
            0.023776510689728598,
            0.0001282975045254764
        ],
        [
            0.018206593487005512,
            7.906828689863143e-05
        ],
        [
            0.027780220001535887,
            6.034665526277738e-05
        ],
        [
            0.29324810355183367,
            9.815461162410166e-06
        ],
        [
            0.08932971628498232,
            0.0001282975045254764
        ],
        [
            0.028120296644168635,
            0.9999766639028672
        ],
        [
            0.026098432948751627,
            0.000203347069232529
        ],
        [
            0.026606315696967524,
            8.277426798652954e-06
        ],
        [
            0.03471704122353328,
            9.696928348501554e-05
        ],
        [
            0.026365703420299876,
            8.112953217098706e-05
        ],
        [
            0.027143061105532103,
            4.056081437076031e-05
        ],
        [
            0.023284106483751524,
            8.277426798652954e-06
        ],
        [
            0.032339451904948725,
            0.00011035669023695682
        ],
        [
            0.029606262907617434,
            8.112953217098706e-05
        ],
        [
            0.025841091308662203,
            0.9999682003072795
        ]
    ],
    "min_trans_rot_dists_prec": [
        [
            0.025974658329582404,
            9.815461162410166e-06
        ],
        [
            0.026877736571981795,
            0.00011757596885841881
        ],
        [
            0.025841091308662203,
            3.2128256410302036e-05
        ],
        [
            0.0260076297188741,
            7.549540525642051e-05
        ],
        [
            0.026092508161019698,
            7.694761908605408e-05
        ],
        [
            0.02836684641066289,
            7.740605280481816e-05
        ],
        [
            0.028120296644168635,
            0.00017672048500216864
        ],
        [
            0.026316311063554487,
            3.6516609348780094e-05
        ],
        [
            0.032418121415606,
            9.514439006874653e-05
        ],
        [
            0.018553473972599585,
            2.532773638674879e-05
        ],
        [
            0.026550832112821724,
            3.0387108228557835e-05
        ],
        [
            0.028500456403852147,
            1.4660927359910758e-05
        ],
        [
            0.0262889216397545,
            5.761485686883727e-05
        ],
        [
            0.017947172235549137,
            0.00011545890358100053
        ],
        [
            0.03332403918990255,
            0.00022438315839590217
        ],
        [
            0.032971851656611435,
            0.00017017334616042934
        ],
        [
            0.02601329924826024,
            0.0001258270686212981
        ],
        [
            0.027188066885684994,
            2.8313947143754348e-05
        ],
        [
            0.01757370879179951,
            0.00013756765441297336
        ],
        [
            0.032207853382523466,
            9.696928348501554e-05
        ],
        [
            0.027780220001535887,
            6.034665526277738e-05
        ],
        [
            0.027143061105532103,
            4.056081437076031e-05
        ],
        [
            0.017658097961493542,
            0.00016851543268947555
        ],
        [
            0.026098432948751627,
            0.000203347069232529
        ],
        [
            0.03316350292071775,
            0.0001242243954854283
        ],
        [
            0.033280676562524224,
            0.0002868530578659101
        ],
        [
            0.03158390758864146,
            0.00015722565435571934
        ],
        [
            0.023284106483751524,
            8.277426798652954e-06
        ],
        [
            0.018206593487005512,
            7.906828689863143e-05
        ],
        [
            0.029606262907617434,
            8.112953217098706e-05
        ],
        [
            0.023776510689728598,
            0.0001282975045254764
        ],
        [
            0.032339451904948725,
            0.00011035669023695682
        ]
    ],
    "r_thresh_deg": 5,
    "t_thresh": 0.035,
    "t_thresh_prec": 0.04
}