{
    "match_ratio": 0.5,
    "recall": 0.5,
    "precision": 1.0,
    "n_avail": 20,
    "n_pred": 32,
    "out_scores": [
        0.12459629774093628,
        0.3928319811820984,
        0.07852207124233246,
        0.24217212200164795,
        0.9711180329322815,
        0.973887026309967,
        0.36142730712890625,
        0.7797160744667053,
        0.9919531941413879,
        0.18860439956188202,
        0.13200291991233826,
        0.14837318658828735,
        0.8329548239707947,
        0.23290809988975525,
        0.9751782417297363,
        0.8630058169364929,
        0.9946504235267639,
        0.6178990006446838,
        0.7357214689254761,
        0.9776757955551147,
        0.39779233932495117,
        0.9772311449050903,
        0.30467963218688965,
        0.040960751473903656,
        0.040158189833164215,
        0.9790311455726624,
        0.988013744354248,
        0.9786041975021362,
        0.663788378238678,
        0.9017518758773804,
        0.9856873154640198,
        0.9851205945014954
    ],
    "min_trans_rot_dists": [
        [
            0.15968020955810264,
            0.00023933380158380757
        ],
        [
            0.1558184225551547,
            4.0960040348814175e-05
        ],
        [
            0.15696551638805709,
            4.092656038001685e-05
        ],
        [
            0.34668706570826013,
            1.3888322258126529e-05
        ],
        [
            0.122012794237436,
            0.00023933380158380757
        ],
        [
            0.11752806762252657,
            4.0960040348814175e-05
        ],
        [
            0.11935797728295687,
            4.092656038001685e-05
        ],
        [
            0.3082702847186973,
            1.3888322258126529e-05
        ],
        [
            0.02823692802753085,
            0.0003686210945184065
        ],
        [
            0.010915014602385146,
            5.4288764069543305e-05
        ],
        [
            0.028546753244586984,
            4.092656038001685e-05
        ],
        [
            0.015447064596093487,
            0.00036817669101563144
        ],
        [
            0.030226294087139068,
            0.9998225821687688
        ],
        [
            0.01058712195811815,
            7.065096668690263e-05
        ],
        [
            0.03072263189179921,
            0.0001420969333393307
        ],
        [
            0.014301213168607664,
            1.3888322258126529e-05
        ],
        [
            0.033303928735103384,
            0.0004199896691048366
        ],
        [
            0.00818851369870016,
            4.9289182315614966e-05
        ],
        [
            0.00818851369870016,
            0.9999693732047834
        ],
        [
            0.017109746357606075,
            0.00022825368207723962
        ]
    ],
    "min_trans_rot_dists_prec": [
        [
            0.01624655127491174,
            0.00022946736806717105
        ],
        [
            0.02827207134875448,
            0.00023933380158380757
        ],
        [
            0.015115986303295742,
            0.0006177142783149181
        ],
        [
            0.00818851369870016,
            4.9289182315614966e-05
        ],
        [
            0.012544897568759972,
            4.0960040348814175e-05
        ],
        [
            0.01596576506817988,
            0.0003066157236926159
        ],
        [
            0.03516780031708608,
            0.0001772898457491623
        ],
        [
            0.028677585529790602,
            6.47491200362893e-05
        ],
        [
            0.010746420934539548,
            8.629575342755658e-05
        ],
        [
            0.036444135987675604,
            0.00024705597227281384
        ],
        [
            0.015016462662666362,
            0.000530902724635185
        ],
        [
            0.03511180812835174,
            0.00040776324420188637
        ],
        [
            0.02946456897105212,
            9.70090974072857e-06
        ],
        [
            0.016117518265756803,
            0.0005892571629448895
        ],
        [
            0.015447064596093487,
            0.00036817669101563144
        ],
        [
            0.029932709114582484,
            0.00019578206460857395
        ],
        [
            0.01058712195811815,
            7.065096668690263e-05
        ],
        [
            0.02823692802753085,
            0.0003686210945184065
        ],
        [
            0.028074077141721006,
            4.5405542645982067e-05
        ],
        [
            0.030226294087139068,
            0.0001819408402377043
        ],
        [
            0.016502870537534853,
            0.0002923176621815182
        ],
        [
            0.011888856531674518,
            7.418306811957098e-05
        ],
        [
            0.01618026758218557,
            0.0002516772178615678
        ],
        [
            0.014595756462892066,
            0.00016010508278740954
        ],
        [
            0.017109746357606075,
            0.00022825368207723962
        ],
        [
            0.03072263189179921,
            0.0001420969333393307
        ],
        [
            0.014301213168607664,
            1.3888322258126529e-05
        ],
        [
            0.011194878549828728,
            0.00013174247408154205
        ],
        [
            0.033303928735103384,
            0.0004199896691048366
        ],
        [
            0.028546753244586984,
            4.092656038001685e-05
        ],
        [
            0.010915014602385146,
            5.4288764069543305e-05
        ],
        [
            0.03547790033557085,
            7.044548102297377e-06
        ]
    ],
    "r_thresh_deg": 5,
    "t_thresh": 0.035,
    "t_thresh_prec": 0.04
}