{
    "match_ratio": 0.55,
    "recall": 0.55,
    "precision": 1.0,
    "n_avail": 20,
    "n_pred": 32,
    "out_scores": [
        0.9356162548065186,
        0.9888762831687927,
        0.9520396590232849,
        0.9809056520462036,
        0.8974161148071289,
        0.7849640846252441,
        0.989459753036499,
        0.9736663699150085,
        0.9736252427101135,
        0.4111974835395813,
        0.6184082627296448,
        0.9893929958343506,
        0.8581429123878479,
        0.9902462959289551,
        0.9884504079818726,
        0.9938409328460693,
        0.1275068074464798,
        0.9925634264945984,
        0.9932453036308289,
        0.7191742658615112,
        0.8595722913742065,
        0.9946755170822144,
        0.9930210709571838,
        0.9913580417633057,
        0.9883878827095032,
        0.9735732674598694,
        0.7729965448379517,
        0.9815409183502197,
        0.042164113372564316,
        0.8961575031280518,
        0.9601279497146606,
        0.9914065599441528
    ],
    "min_trans_rot_dists": [
        [
            0.025326233786499903,
            0.0005306245972964696
        ],
        [
            0.04337915834669173,
            0.0002623757277923078
        ],
        [
            0.04261562265794566,
            6.48097903716005e-05
        ],
        [
            0.34021402412077334,
            0.00010463088457923764
        ],
        [
            0.016467635603532555,
            0.0005306245972964696
        ],
        [
            0.025894205093798108,
            6.621018393671019e-05
        ],
        [
            0.022159703900012716,
            0.00019004702468738977
        ],
        [
            0.030629066837104365,
            0.000565717974739588
        ],
        [
            0.11789253186821598,
            0.9996270054193247
        ],
        [
            0.11878706799457073,
            6.621018393671019e-05
        ],
        [
            0.11776884331873445,
            6.48097903716005e-05
        ],
        [
            0.18707565638759277,
            0.00010463088457923764
        ],
        [
            0.005488823054059649,
            1.175084635152146e-05
        ],
        [
            0.018038421235971356,
            0.00011792356802620141
        ],
        [
            0.013895335169667686,
            0.0002463507502158402
        ],
        [
            0.02522796921372189,
            3.8346918874943015e-05
        ],
        [
            0.02033337190293506,
            0.9999465266912203
        ],
        [
            0.020570114904299268,
            0.00016813597164666572
        ],
        [
            0.02033337190293506,
            8.820137321008392e-05
        ],
        [
            0.02033337190293506,
            0.9999784828722557
        ]
    ],
    "min_trans_rot_dists_prec": [
        [
            0.02033337190293506,
            8.820137321008392e-05
        ],
        [
            0.014522022695176943,
            7.7886628301993e-05
        ],
        [
            0.02556492752671316,
            0.0001813314341250205
        ],
        [
            0.024544613942727504,
            0.00010463088457923764
        ],
        [
            0.02579017785711769,
            0.0002623757277923078
        ],
        [
            0.019311096281999268,
            0.000375543358954622
        ],
        [
            0.01424519337015184,
            0.0004292166700754496
        ],
        [
            0.030629066837104365,
            0.000565717974739588
        ],
        [
            0.002348209289861708,
            0.00014431539259629478
        ],
        [
            0.028647532678710882,
            0.0002444992315702166
        ],
        [
            0.01735675132303717,
            0.0004060529576469518
        ],
        [
            0.0157503272380486,
            0.0002456746531216414
        ],
        [
            0.025965422198182438,
            0.00033272814222684577
        ],
        [
            0.01541129639891613,
            0.0001268020846856288
        ],
        [
            0.015974988581602463,
            0.00021202839412315377
        ],
        [
            0.017628675129331334,
            0.00015267351141923236
        ],
        [
            0.030592490615202052,
            0.0003370305325399725
        ],
        [
            0.01500190595494341,
            0.00010081945736029052
        ],
        [
            0.017625455324300262,
            5.270262521406277e-05
        ],
        [
            0.019834592123394293,
            6.48097903716005e-05
        ],
        [
            0.025894205093798108,
            6.621018393671019e-05
        ],
        [
            0.012575809671203501,
            0.0007219163848055654
        ],
        [
            0.018038421235971356,
            0.00011792356802620141
        ],
        [
            0.014470069980638925,
            9.15362745732562e-05
        ],
        [
            0.016467635603532555,
            0.0005306245972964696
        ],
        [
            0.005488823054059649,
            1.175084635152146e-05
        ],
        [
            0.018646428896235395,
            0.00018863367245869345
        ],
        [
            0.02319362582536677,
            5.828748608593948e-05
        ],
        [
            0.022159703900012716,
            0.00019004702468738977
        ],
        [
            0.020570114904299268,
            0.00016813597164666572
        ],
        [
            0.02522796921372189,
            3.8346918874943015e-05
        ],
        [
            0.013895335169667686,
            0.0002463507502158402
        ]
    ],
    "r_thresh_deg": 5,
    "t_thresh": 0.035,
    "t_thresh_prec": 0.04
}