{
    "match_ratio": 0.45,
    "recall": 0.45,
    "precision": 1.0,
    "n_avail": 20,
    "n_pred": 32,
    "out_scores": [
        0.9913522005081177,
        0.9924740195274353,
        0.945919394493103,
        0.9525142312049866,
        0.9832757711410522,
        0.993650496006012,
        0.9864495396614075,
        0.9773696064949036,
        0.985678493976593,
        0.984308660030365,
        0.9638970494270325,
        0.9724391102790833,
        0.9924969673156738,
        0.9862489104270935,
        0.9915536046028137,
        0.9728841781616211,
        0.9915000796318054,
        0.9801490902900696,
        0.9818149209022522,
        0.9343383312225342,
        0.9728143215179443,
        0.9772487878799438,
        0.9610322117805481,
        0.9876890182495117,
        0.9570905566215515,
        0.9639440178871155,
        0.9925258159637451,
        0.9382050037384033,
        0.9907214641571045,
        0.9439451098442078,
        0.8109874725341797,
        0.9293501377105713
    ],
    "min_trans_rot_dists": [
        [
            0.09085674787219554,
            0.9999505928507619
        ],
        [
            0.08262435407584827,
            2.74590240356698e-06
        ],
        [
            0.0831435978553916,
            4.218939633238161e-05
        ],
        [
            0.43583851630100656,
            3.736023568734481e-05
        ],
        [
            0.028766691475130543,
            0.9999505928507619
        ],
        [
            0.01706187923083193,
            6.0414003889786017e-05
        ],
        [
            0.027725642925959526,
            1.5110172847054848e-05
        ],
        [
            0.024330853503187352,
            4.661968092722901e-05
        ],
        [
            0.01183227755346404,
            3.510602955736353e-05
        ],
        [
            0.01291274153837828,
            5.577854899607715e-05
        ],
        [
            0.0792424339632823,
            5.336502555908229e-05
        ],
        [
            0.27567769020288,
            3.736023568734481e-05
        ],
        [
            0.11503138601987872,
            2.2497880754146493e-05
        ],
        [
            0.11545444359908268,
            0.9999807837346548
        ],
        [
            0.11621145894251318,
            0.9999377948107655
        ],
        [
            0.11643982587444932,
            3.736023568734481e-05
        ],
        [
            0.014429477851460133,
            2.076229793868123e-05
        ],
        [
            0.010316558062149754,
            4.750881736570456e-06
        ],
        [
            0.02060982436841142,
            2.767511026902092e-06
        ],
        [
            0.02270633344551212,
            2.3433668869032864e-05
        ]
    ],
    "min_trans_rot_dists_prec": [
        [
            0.02315905408541195,
            3.736023568734481e-05
        ],
        [
            0.014216804854060055,
            7.951804601535883e-05
        ],
        [
            0.017707943372127086,
            2.74590240356698e-06
        ],
        [
            0.028766691475130543,
            5.336502555908229e-05
        ],
        [
            0.014826214378425259,
            2.2497880754146493e-05
        ],
        [
            0.010588708002525588,
            1.3637364395191476e-05
        ],
        [
            0.02222009045996391,
            1.374738179849011e-05
        ],
        [
            0.010875445917625168,
            9.998354540408094e-05
        ],
        [
            0.014085719786942867,
            6.93744022928211e-06
        ],
        [
            0.021970955849633225,
            9.414432060594891e-07
        ],
        [
            0.011028507402505877,
            0.00013122498763873391
        ],
        [
            0.023208925253371187,
            5.4444530913189126e-05
        ],
        [
            0.013615144630382487,
            2.9358875820340025e-05
        ],
        [
            0.02064304500474489,
            4.001271802123174e-05
        ],
        [
            0.014429477851460133,
            2.076229793868123e-05
        ],
        [
            0.02204396252712669,
            1.1649522306811377e-06
        ],
        [
            0.010407743169016433,
            3.1983256112422254e-06
        ],
        [
            0.008123156601176993,
            6.269346709886214e-06
        ],
        [
            0.00811922931227903,
            4.346341455185865e-06
        ],
        [
            0.009977545439787038,
            7.946601461539249e-05
        ],
        [
            0.01183227755346404,
            3.510602955736353e-05
        ],
        [
            0.025565567608226612,
            4.218939633238161e-05
        ],
        [
            0.021258774283884677,
            5.075539738608192e-06
        ],
        [
            0.02270633344551212,
            2.3433668869032864e-05
        ],
        [
            0.024330853503187352,
            4.661968092722901e-05
        ],
        [
            0.027273435598991282,
            1.5317802307124317e-05
        ],
        [
            0.010316558062149754,
            4.750881736570456e-06
        ],
        [
            0.027725642925959526,
            1.5110172847054848e-05
        ],
        [
            0.01291274153837828,
            5.577854899607715e-05
        ],
        [
            0.01706187923083193,
            6.0414003889786017e-05
        ],
        [
            0.021500190687585765,
            1.1296174140640325e-05
        ],
        [
            0.02060982436841142,
            2.767511026902092e-06
        ]
    ],
    "r_thresh_deg": 5,
    "t_thresh": 0.035,
    "t_thresh_prec": 0.04
}