{
    "match_ratio": 0.6,
    "recall": 0.6,
    "precision": 1.0,
    "n_avail": 20,
    "n_pred": 32,
    "out_scores": [
        0.9914135932922363,
        0.983588695526123,
        0.967304527759552,
        0.9941330552101135,
        0.98533034324646,
        0.9912281036376953,
        0.9813762903213501,
        0.9931461811065674,
        0.9547324776649475,
        0.9736316800117493,
        0.9915394186973572,
        0.9768487811088562,
        0.9935089349746704,
        0.9946954846382141,
        0.9924192428588867,
        0.9657275676727295,
        0.9875527620315552,
        0.9892503023147583,
        0.98382967710495,
        0.9845308065414429,
        0.991399884223938,
        0.9893773198127747,
        0.9832590818405151,
        0.9585156440734863,
        0.9787792563438416,
        0.9884852170944214,
        0.9936546087265015,
        0.989849328994751,
        0.9817700982093811,
        0.9613528251647949,
        0.9737618565559387,
        0.9582566022872925
    ],
    "min_trans_rot_dists": [
        [
            0.317555604770874,
            4.756298307595497e-05
        ],
        [
            0.32193997067197805,
            2.9005546068772148e-05
        ],
        [
            0.32387618590644207,
            1.1084114166282077e-05
        ],
        [
            0.3187214491426019,
            0.00011946013966157576
        ],
        [
            0.023259413050203293,
            6.810014043789892e-05
        ],
        [
            0.02565596832188054,
            8.54206584905981e-05
        ],
        [
            0.24363060667001438,
            1.1084114166282077e-05
        ],
        [
            0.23866847848469286,
            0.00011946013966157576
        ],
        [
            0.023588429861492736,
            0.0001837488317594227
        ],
        [
            0.16307247161212854,
            2.9005546068772148e-05
        ],
        [
            0.005506391081930767,
            0.00016451246572690703
        ],
        [
            0.15881180686058136,
            0.00011946013966157576
        ],
        [
            0.023047856519253555,
            4.487627389360149e-05
        ],
        [
            0.03251130371190131,
            2.9005546068772148e-05
        ],
        [
            0.004795977759812169,
            3.240345169375214e-05
        ],
        [
            0.019363404458696203,
            0.00018656193956079203
        ],
        [
            0.02353427509130265,
            7.119562792268219e-05
        ],
        [
            0.027303907574392588,
            6.590386921512259e-05
        ],
        [
            0.006683706083992552,
            6.449434261313058e-06
        ],
        [
            0.01950635802170122,
            0.0004101940040941443
        ]
    ],
    "min_trans_rot_dists_prec": [
        [
            0.0209337334635845,
            0.00029650445710660556
        ],
        [
            0.0230844410298414,
            6.447763716088684e-05
        ],
        [
            0.027473755612231473,
            5.752802512148936e-05
        ],
        [
            0.003426371054239201,
            1.1084114166282077e-05
        ],
        [
            0.034883596364298025,
            4.6957564459493284e-05
        ],
        [
            0.020608729449766102,
            0.00041648029782304086
        ],
        [
            0.0065829698855303905,
            2.8558490710706153e-05
        ],
        [
            0.033034439559517514,
            7.259009425686358e-05
        ],
        [
            0.02565596832188054,
            8.54206584905981e-05
        ],
        [
            0.023259413050203293,
            6.810014043789892e-05
        ],
        [
            0.02083741984662378,
            0.0003656408825144508
        ],
        [
            0.006003143231126647,
            2.0856270499192142e-05
        ],
        [
            0.005119391593928001,
            2.9334728938179566e-06
        ],
        [
            0.03110383677903698,
            5.556370818771139e-05
        ],
        [
            0.004795977759812169,
            3.240345169375214e-05
        ],
        [
            0.023588429861492736,
            0.0001837488317594227
        ],
        [
            0.02353427509130265,
            7.119562792268219e-05
        ],
        [
            0.02086281698364899,
            0.0004309438894379847
        ],
        [
            0.022560782347945903,
            4.756298307595497e-05
        ],
        [
            0.023047856519253555,
            4.487627389360149e-05
        ],
        [
            0.01950635802170122,
            0.0004101940040941443
        ],
        [
            0.019392922498418428,
            0.00011946013966157576
        ],
        [
            0.005000785070114669,
            2.727979452032958e-05
        ],
        [
            0.02662492300815805,
            8.431165685562902e-05
        ],
        [
            0.005506391081930767,
            0.00016451246572690703
        ],
        [
            0.019011381685368683,
            0.00021174089407460794
        ],
        [
            0.03251130371190131,
            2.9005546068772148e-05
        ],
        [
            0.019363404458696203,
            0.00018656193956079203
        ],
        [
            0.0052429490289974704,
            1.55547799007838e-05
        ],
        [
            0.02734539733338976,
            7.406052911873573e-05
        ],
        [
            0.006683706083992552,
            6.449434261313058e-06
        ],
        [
            0.027303907574392588,
            6.590386921512259e-05
        ]
    ],
    "r_thresh_deg": 5,
    "t_thresh": 0.035,
    "t_thresh_prec": 0.04
}