{
    "match_ratio": 0.25,
    "recall": 0.25,
    "precision": 0.90625,
    "n_avail": 16,
    "n_pred": 32,
    "out_scores": [
        0.9929458498954773,
        0.9861555695533752,
        0.9933589100837708,
        0.992314875125885,
        0.9826688766479492,
        0.9938905239105225,
        0.987047553062439,
        0.9933531284332275,
        0.9933969974517822,
        0.9918792843818665,
        0.969308614730835,
        0.9872475862503052,
        0.9835931658744812,
        0.9808385372161865,
        0.9922425746917725,
        0.9879007339477539,
        0.991493821144104,
        0.9809701442718506,
        0.9923281073570251,
        0.993755578994751,
        0.9868149757385254,
        0.9919031262397766,
        0.9920790791511536,
        0.9894443154335022,
        0.9888606667518616,
        0.9910131096839905,
        0.9798229336738586,
        0.9912583231925964,
        0.9913458228111267,
        0.9799973964691162,
        0.9938311576843262,
        0.9933438301086426
    ],
    "min_trans_rot_dists": [
        [
            0.1298002715220611,
            0.9999714525758047
        ],
        [
            0.13011931938733415,
            6.432531096034477e-05
        ],
        [
            0.03385608059907127,
            7.555061201203195e-05
        ],
        [
            0.1298002715220611,
            0.9997834795848394
        ],
        [
            0.025144658565737388,
            0.9999714525758047
        ],
        [
            0.025476357106022123,
            0.00027653740480992894
        ],
        [
            0.034323826633745905,
            7.921455826509494e-05
        ],
        [
            0.014927259997404331,
            1.9334253807401502e-05
        ],
        [
            0.26916054470156897,
            5.0528020236084714e-05
        ],
        [
            0.27605945375518925,
            0.00012035846175595388
        ],
        [
            0.2723392931556574,
            0.9998900347702221
        ],
        [
            0.268914471414849,
            3.3809726787126237e-06
        ],
        [
            0.31349643203733224,
            5.0528020236084714e-05
        ],
        [
            0.32064497659581725,
            0.00012035846175595388
        ],
        [
            0.31666305642260933,
            0.9998900347702221
        ],
        [
            0.3136059401931768,
            3.3809726787126237e-06
        ]
    ],
    "min_trans_rot_dists_prec": [
        [
            0.026097429547084355,
            0.00012035846175595388
        ],
        [
            0.038230213594224405,
            7.661615622056583e-05
        ],
        [
            0.026226823084898307,
            0.00015158724603592244
        ],
        [
            0.034386776229831585,
            0.00014864639315481654
        ],
        [
            0.140508695604883,
            5.332727223783529e-05
        ],
        [
            0.025144658565737388,
            0.000245151215563566
        ],
        [
            0.0396383687948558,
            7.492178725165832e-05
        ],
        [
            0.034562564246016746,
            5.314785310439607e-05
        ],
        [
            0.03462225368348169,
            0.00025061811585225247
        ],
        [
            0.026015363015494553,
            0.0001786400568920543
        ],
        [
            0.03937311570037226,
            5.0528020236084714e-05
        ],
        [
            0.02573934937653874,
            0.00021105289910861025
        ],
        [
            0.13935069212003545,
            0.00011153073065561792
        ],
        [
            0.039156201730948435,
            2.3594373792179546e-05
        ],
        [
            0.014538365798084917,
            3.3809726787126237e-06
        ],
        [
            0.01577370528443369,
            1.4284204707393222e-05
        ],
        [
            0.034593120441631375,
            1.1527590641047247e-05
        ],
        [
            0.03992345052178019,
            8.371922099681406e-05
        ],
        [
            0.013412572593090411,
            1.8281702048539294e-05
        ],
        [
            0.025769381886307174,
            0.00020057931691919162
        ],
        [
            0.13789072337672564,
            5.5479566354099674e-05
        ],
        [
            0.014197402709691394,
            4.3840694463948005e-05
        ],
        [
            0.013762238471922938,
            2.3771287739449143e-05
        ],
        [
            0.038135911428672606,
            7.52030084827382e-05
        ],
        [
            0.01318842197295107,
            7.85234522016065e-06
        ],
        [
            0.026399522946262514,
            6.432531096034477e-05
        ],
        [
            0.03947072689337596,
            8.639367006779697e-05
        ],
        [
            0.014927259997404331,
            1.9334253807401502e-05
        ],
        [
            0.03385608059907127,
            7.555061201203195e-05
        ],
        [
            0.03912735043207923,
            4.4859099879168696e-06
        ],
        [
            0.025476357106022123,
            0.00027653740480992894
        ],
        [
            0.034323826633745905,
            7.921455826509494e-05
        ]
    ],
    "r_thresh_deg": 5,
    "t_thresh": 0.035,
    "t_thresh_prec": 0.04
}