{
    "match_ratio": 0.65,
    "recall": 0.65,
    "precision": 1.0,
    "n_avail": 20,
    "n_pred": 32,
    "out_scores": [
        0.09344392269849777,
        0.9659718871116638,
        0.9576713442802429,
        0.959969699382782,
        0.8620240092277527,
        0.9566578269004822,
        0.9874752163887024,
        0.013704280368983746,
        0.984493613243103,
        0.9857820272445679,
        0.9127984642982483,
        0.9434800744056702,
        0.9585071206092834,
        0.9554529190063477,
        4.405547315400327e-06,
        0.9374873638153076,
        0.9210603833198547,
        0.9783273339271545,
        0.9820218086242676,
        0.9601278305053711,
        0.9708621501922607,
        0.9409752488136292,
        0.9562069177627563,
        0.9934427738189697,
        0.9946972131729126,
        0.9871628880500793,
        0.8937645554542542,
        0.943972110748291,
        0.9691348075866699,
        0.9962024092674255,
        0.9574514031410217,
        0.008152137510478497
    ],
    "min_trans_rot_dists": [
        [
            0.0395047722499291,
            0.0001156771674488688
        ],
        [
            0.031268989074337374,
            0.00024391259713474334
        ],
        [
            0.03393654936928849,
            0.00010290141509017303
        ],
        [
            0.02939928476302769,
            0.00028307039465946815
        ],
        [
            0.031398901438765364,
            0.00019445888812996692
        ],
        [
            0.023813990876045455,
            0.00024391259713474334
        ],
        [
            0.018088122043065997,
            5.266041994700377e-05
        ],
        [
            0.01952083839480403,
            0.00028307039465946815
        ],
        [
            0.1269462720633249,
            0.0006960218404622465
        ],
        [
            0.018782344346386794,
            0.0003611465522941337
        ],
        [
            0.01779123553687917,
            0.00045139098982183157
        ],
        [
            0.01779123553687917,
            0.9999831774639912
        ],
        [
            0.02499866752417701,
            0.00010812853656672061
        ],
        [
            0.021915386567067967,
            0.00012689539591814736
        ],
        [
            0.01638755973774178,
            6.833207346401693e-05
        ],
        [
            0.01290647915384971,
            0.00011338622217405003
        ],
        [
            0.11988900190911154,
            0.00013304856218399053
        ],
        [
            0.11672913437127565,
            0.00012360694678170692
        ],
        [
            0.11320910152968365,
            8.038142989907904e-05
        ],
        [
            0.12080110955599596,
            3.252938567277486e-05
        ]
    ],
    "min_trans_rot_dists_prec": [
        [
            0.029751120888820388,
            0.0006960218404622465
        ],
        [
            0.013713186692784209,
            8.686960145520839e-05
        ],
        [
            0.016325432628963073,
            8.038142989907904e-05
        ],
        [
            0.013452806905965937,
            4.9594443757294826e-05
        ],
        [
            0.025231163212306798,
            0.00020210236529394354
        ],
        [
            0.01647527409777122,
            0.0001930049013511015
        ],
        [
            0.023519554134400947,
            0.00013485195266760286
        ],
        [
            0.03099960720130294,
            0.0001156771674488688
        ],
        [
            0.025030627969677574,
            0.00015754840685988647
        ],
        [
            0.017688359644286236,
            0.00010290141509017303
        ],
        [
            0.016822601600192312,
            9.21518420511358e-05
        ],
        [
            0.024419502861883022,
            0.00013304856218399053
        ],
        [
            0.01638755973774178,
            6.833207346401693e-05
        ],
        [
            0.012824243000352419,
            8.148315565970066e-05
        ],
        [
            0.03503077701649811,
            0.0005648428479003709
        ],
        [
            0.02527589877080206,
            9.344316815829146e-05
        ],
        [
            0.02499866752417701,
            0.00010812853656672061
        ],
        [
            0.012786995737747553,
            2.7071369929076994e-05
        ],
        [
            0.011960154382865074,
            3.252938567277486e-05
        ],
        [
            0.018088122043065997,
            5.266041994700377e-05
        ],
        [
            0.012682149182188972,
            4.442206687937933e-05
        ],
        [
            0.013564284902177355,
            0.000128197944981423
        ],
        [
            0.01338404521369286,
            3.3478386293972484e-05
        ],
        [
            0.022883475746893856,
            0.00012360694678170692
        ],
        [
            0.021915386567067967,
            0.00012689539591814736
        ],
        [
            0.023813990876045455,
            0.00024391259713474334
        ],
        [
            0.01845626201134441,
            0.00020460898674790062
        ],
        [
            0.01952083839480403,
            0.00028307039465946815
        ],
        [
            0.01779123553687917,
            0.00045139098982183157
        ],
        [
            0.018782344346386794,
            0.0003611465522941337
        ],
        [
            0.01290647915384971,
            0.00011338622217405003
        ],
        [
            0.031398901438765364,
            0.00019445888812996692
        ]
    ],
    "r_thresh_deg": 5,
    "t_thresh": 0.035,
    "t_thresh_prec": 0.04
}