{
    "match_ratio": 0.75,
    "recall": 0.75,
    "precision": 1.0,
    "n_avail": 16,
    "n_pred": 32,
    "out_scores": [
        0.22060707211494446,
        0.7869568467140198,
        0.5271042585372925,
        0.2893468737602234,
        0.9753885865211487,
        0.7724289298057556,
        0.00029801641358062625,
        0.3235117793083191,
        0.9891226887702942,
        0.015417964197695255,
        0.9745112061500549,
        0.9492422938346863,
        0.0034171752631664276,
        0.6936842799186707,
        0.9652853608131409,
        0.9534817934036255,
        0.9247375726699829,
        0.0055475179105997086,
        0.42143991589546204,
        0.060527920722961426,
        0.7340726852416992,
        0.971957802772522,
        0.9883669018745422,
        0.8600399494171143,
        0.9676523208618164,
        0.018985170871019363,
        0.5329541563987732,
        0.021098166704177856,
        0.026248140260577202,
        0.9841363430023193,
        0.00315255974419415,
        0.1758059412240982
    ],
    "min_trans_rot_dists": [
        [
            0.438952995121528,
            1.1487670514842563e-05
        ],
        [
            0.02356557630323618,
            0.0012217033176550318
        ],
        [
            0.12557487963400937,
            0.0002064336147310497
        ],
        [
            0.023670454424835393,
            0.00038555496608805306
        ],
        [
            0.017874467884243492,
            8.385355077389356e-05
        ],
        [
            0.030758493808943566,
            0.00016542089705184893
        ],
        [
            0.02458723107319766,
            0.000241710256176475
        ],
        [
            0.029747437091942837,
            3.160712844929581e-05
        ],
        [
            0.03776369478799053,
            1.1487670514842563e-05
        ],
        [
            0.020610330748026574,
            3.5641037775202555e-05
        ],
        [
            0.03630215622884957,
            7.174857727476613e-05
        ],
        [
            0.02624146510975908,
            9.625000447943677e-05
        ],
        [
            0.016596675715153983,
            0.00017431498122966183
        ],
        [
            0.022905741994672532,
            4.9020564111157405e-05
        ],
        [
            0.018862149185854257,
            8.292982232549484e-05
        ],
        [
            0.03457227220356887,
            0.00010200385190795025
        ]
    ],
    "min_trans_rot_dists_prec": [
        [
            0.01448086984945663,
            7.418755302368574e-05
        ],
        [
            0.02493541528563304,
            5.845156710515553e-05
        ],
        [
            0.026530334848230603,
            0.00011864738542199937
        ],
        [
            0.017261609025008326,
            9.565290971036422e-05
        ],
        [
            0.02059014867535402,
            0.0002518203757909676
        ],
        [
            0.01546060296751837,
            8.717679493397412e-05
        ],
        [
            0.03153175694949901,
            6.755878406572435e-05
        ],
        [
            0.03457227220356887,
            0.00010200385190795025
        ],
        [
            0.023670454424835393,
            0.00038555496608805306
        ],
        [
            0.011882833548055286,
            4.62265027149078e-05
        ],
        [
            0.020219612773016683,
            6.631506357124284e-05
        ],
        [
            0.013550820055021354,
            8.462517280616311e-05
        ],
        [
            0.029275320835205364,
            3.4527283053975566e-05
        ],
        [
            0.02356557630323618,
            0.0012217033176550318
        ],
        [
            0.019440098430347753,
            0.0001159982936647097
        ],
        [
            0.022846639473361244,
            0.0002064336147310497
        ],
        [
            0.02458723107319766,
            0.000241710256176475
        ],
        [
            0.03448997966133064,
            0.00014013278687607933
        ],
        [
            0.02781149370350076,
            0.00019087757097513425
        ],
        [
            0.03148610268591295,
            0.00013868905713965152
        ],
        [
            0.017874467884243492,
            8.385355077389356e-05
        ],
        [
            0.020610330748026574,
            3.5641037775202555e-05
        ],
        [
            0.0191128091455076,
            0.00011613583520908577
        ],
        [
            0.021935114268538367,
            7.174857727476613e-05
        ],
        [
            0.018862149185854257,
            8.292982232549484e-05
        ],
        [
            0.01411211327400444,
            1.1487670514842563e-05
        ],
        [
            0.02624146510975908,
            9.625000447943677e-05
        ],
        [
            0.027776269015599608,
            3.659085749918578e-05
        ],
        [
            0.016596675715153983,
            0.00017431498122966183
        ],
        [
            0.022905741994672532,
            4.9020564111157405e-05
        ],
        [
            0.029747437091942837,
            3.160712844929581e-05
        ],
        [
            0.030758493808943566,
            0.00016542089705184893
        ]
    ],
    "r_thresh_deg": 5,
    "t_thresh": 0.035,
    "t_thresh_prec": 0.04
}