{
    "match_ratio": 0.25,
    "recall": 0.25,
    "precision": 0.75,
    "n_avail": 28,
    "n_pred": 32,
    "out_scores": [
        0.9904492497444153,
        0.9931772947311401,
        0.9929352402687073,
        0.9946933388710022,
        0.9876547455787659,
        0.9929518103599548,
        0.9923446774482727,
        0.9878085851669312,
        0.9906737208366394,
        0.9876323938369751,
        0.9940296411514282,
        0.9933035969734192,
        0.9914588928222656,
        0.992845356464386,
        0.9870501756668091,
        0.9906511306762695,
        0.9940616488456726,
        0.9924554824829102,
        0.9909499287605286,
        0.991608202457428,
        0.980170488357544,
        0.9936743974685669,
        0.9954348206520081,
        0.9948570728302002,
        0.9907181859016418,
        0.9597955346107483,
        0.9911244511604309,
        0.9829917550086975,
        0.9844951033592224,
        0.9400002360343933,
        0.9910089373588562,
        0.9936895370483398
    ],
    "min_trans_rot_dists": [
        [
            0.020123643754783725,
            0.00013444558143660412
        ],
        [
            0.03286875783190565,
            0.00011684146592549904
        ],
        [
            0.029184286773276297,
            5.1896818103358555e-05
        ],
        [
            0.22529722038170988,
            3.1086213767683724e-05
        ],
        [
            0.08382064562902031,
            0.9999455356613945
        ],
        [
            0.3974358651748025,
            5.3655231205818055e-06
        ],
        [
            0.08379042433478118,
            5.1896818103358555e-05
        ],
        [
            0.14197339262062608,
            3.1086213767683724e-05
        ],
        [
            0.02058401621486296,
            8.014288085278487e-06
        ],
        [
            0.269890074052499,
            5.3655231205818055e-06
        ],
        [
            0.03660383397572363,
            5.5596620322506674e-05
        ],
        [
            0.04131033815122362,
            3.1086213767683724e-05
        ],
        [
            0.03724067780022169,
            0.9999571655865396
        ],
        [
            0.22757437845035283,
            5.3655231205818055e-06
        ],
        [
            0.038681561328117876,
            5.5596620322506674e-05
        ],
        [
            0.05364290496933347,
            3.1086213767683724e-05
        ],
        [
            0.08575852834140987,
            0.00016486777552948695
        ],
        [
            0.10296303468843086,
            5.3655231205818055e-06
        ],
        [
            0.08565392459484923,
            0.9998720389488023
        ],
        [
            0.09316881209141327,
            0.00011793098414158987
        ],
        [
            0.01914314414856005,
            0.00016486777552948695
        ],
        [
            0.03712397329055811,
            0.00012938072390678013
        ],
        [
            0.0331826120617102,
            8.06113473778014e-05
        ],
        [
            0.03712397329055811,
            0.999874093750183
        ],
        [
            0.013465294504352878,
            2.15286183130603e-05
        ],
        [
            0.07795583039224022,
            0.00012938072390678013
        ],
        [
            0.07730181900690818,
            0.9997382919277632
        ],
        [
            0.04046849564563516,
            2.3152848909968604e-05
        ]
    ],
    "min_trans_rot_dists_prec": [
        [
            0.03712397329055811,
            0.00012938072390678013
        ],
        [
            0.038681561328117876,
            5.5596620322506674e-05
        ],
        [
            0.38631868263213304,
            0.00012002168411084924
        ],
        [
            0.03800928245216393,
            5.3655231205818055e-06
        ],
        [
            0.0215773634859377,
            0.00016807964760412464
        ],
        [
            0.033252955176180106,
            0.00014721970541609064
        ],
        [
            0.385028117360454,
            0.00013198365487310237
        ],
        [
            0.024188607775507756,
            0.00027877025846068104
        ],
        [
            0.020866944694159322,
            0.00023714823611409308
        ],
        [
            0.03286875783190565,
            0.00011684146592549904
        ],
        [
            0.03813098093898165,
            5.911406911640604e-06
        ],
        [
            0.03724067780022169,
            0.0001831059831979287
        ],
        [
            0.4728062804310321,
            2.3152848909968604e-05
        ],
        [
            0.029414159305092422,
            0.00010378338948457966
        ],
        [
            0.3893486721053995,
            0.0001499911999581771
        ],
        [
            0.3894361297093223,
            0.00012456532780180662
        ],
        [
            0.01812152349448911,
            0.0001015793633120099
        ],
        [
            0.035844334795016426,
            8.962311686644409e-05
        ],
        [
            0.04131033815122362,
            3.1086213767683724e-05
        ],
        [
            0.03280907644686817,
            0.0001762660302206953
        ],
        [
            0.38557966736505755,
            0.00011793098414158987
        ],
        [
            0.03852711717460973,
            0.00011764272924319474
        ],
        [
            0.017665415942728163,
            4.809540486006014e-05
        ],
        [
            0.03922251743666889,
            2.1690450155542607e-05
        ],
        [
            0.029184286773276297,
            5.1896818103358555e-05
        ],
        [
            0.04134050266979346,
            0.9999970498108811
        ],
        [
            0.0331826120617102,
            8.06113473778014e-05
        ],
        [
            0.02058401621486296,
            8.014288085278487e-06
        ],
        [
            0.013465294504352878,
            2.15286183130603e-05
        ],
        [
            0.020123643754783725,
            0.00013444558143660412
        ],
        [
            0.02058319571459169,
            0.00017255959975137625
        ],
        [
            0.01914314414856005,
            0.00016486777552948695
        ]
    ],
    "r_thresh_deg": 5,
    "t_thresh": 0.035,
    "t_thresh_prec": 0.04
}