{
    "match_ratio": 0.5625,
    "recall": 0.5625,
    "precision": 1.0,
    "n_avail": 16,
    "n_pred": 32,
    "out_scores": [
        1.0,
        1.0,
        1.0,
        1.0,
        1.0,
        1.0,
        1.0,
        1.0,
        1.0,
        1.0,
        1.0,
        1.0,
        1.0,
        1.0,
        1.0,
        1.0,
        1.0,
        1.0,
        1.0,
        1.0,
        1.0,
        1.0,
        1.0,
        1.0,
        1.0,
        1.0,
        1.0,
        1.0,
        1.0,
        1.0,
        1.0,
        1.0
    ],
    "min_trans_rot_dists": [
        [
            0.1365010702619815,
            0.0015311493507834673
        ],
        [
            0.1284147430304664,
            0.0010564747824642895
        ],
        [
            0.02980986906594565,
            0.002384351319326239
        ],
        [
            0.138155938184572,
            0.0006167788076021363
        ],
        [
            0.026229698503898884,
            0.0015687712893562855
        ],
        [
            0.015007510726608476,
            0.0013528319437886571
        ],
        [
            0.026093271998799395,
            0.0022023951294020128
        ],
        [
            0.011452810934474115,
            0.0004887245962824638
        ],
        [
            0.025791589293905903,
            0.001001463216928622
        ],
        [
            0.01748776247707652,
            0.0019798445747912785
        ],
        [
            0.02611439268224486,
            0.001209266495218131
        ],
        [
            0.016125147378244185,
            0.0017826703492801466
        ],
        [
            0.03977598237299463,
            0.0008681102420327047
        ],
        [
            0.04940333088259166,
            0.001606263375623418
        ],
        [
            0.035077874848680614,
            0.9997730081648479
        ],
        [
            0.036901328743348075,
            0.0013652911243235977
        ]
    ],
    "min_trans_rot_dists_prec": [
        [
            0.016434518614235404,
            0.0020341113900276264
        ],
        [
            0.026108373876715,
            0.0012349375101613491
        ],
        [
            0.02594790125866072,
            0.0015311493507834673
        ],
        [
            0.03977598237299463,
            0.0008681102420327047
        ],
        [
            0.014930101991300909,
            0.0018397121560128626
        ],
        [
            0.024929168068351697,
            0.0026069277754935394
        ],
        [
            0.010993724253592524,
            0.0006937235939856734
        ],
        [
            0.036901328743348075,
            0.0013652911243235977
        ],
        [
            0.02647926952772491,
            0.0014589049188206138
        ],
        [
            0.025326306652190954,
            0.0012535856628534958
        ],
        [
            0.01593829100992685,
            0.0010564747824642895
        ],
        [
            0.011560853520264066,
            0.0006167788076021363
        ],
        [
            0.027049893311842363,
            0.0021905781207575137
        ],
        [
            0.028455674436336183,
            0.0009654978851421081
        ],
        [
            0.017302394712951644,
            0.002375363825567023
        ],
        [
            0.024266080455031383,
            0.0009684760818488014
        ],
        [
            0.024482666116390356,
            0.0012906206062525127
        ],
        [
            0.02980986906594565,
            0.002384351319326239
        ],
        [
            0.013260633001654134,
            0.00042565993873233676
        ],
        [
            0.011312533373334743,
            0.0005232034663426033
        ],
        [
            0.015007510726608476,
            0.0013528319437886571
        ],
        [
            0.025967310348826267,
            0.0012660276633320589
        ],
        [
            0.025791589293905903,
            0.001001463216928622
        ],
        [
            0.026093271998799395,
            0.0022023951294020128
        ],
        [
            0.02611439268224486,
            0.001209266495218131
        ],
        [
            0.015419911310853759,
            0.001606263375623418
        ],
        [
            0.035077874848680614,
            0.0017826703492801466
        ],
        [
            0.02589080227822927,
            0.0017709507166496774
        ],
        [
            0.01748776247707652,
            0.0019798445747912785
        ],
        [
            0.02643388506955542,
            0.0011110913437832881
        ],
        [
            0.011452810934474115,
            0.0004887245962824638
        ],
        [
            0.026229698503898884,
            0.0015687712893562855
        ]
    ],
    "r_thresh_deg": 5,
    "t_thresh": 0.035,
    "t_thresh_prec": 0.04
}