{
    "match_ratio": 0.65,
    "recall": 0.65,
    "precision": 1.0,
    "n_avail": 20,
    "n_pred": 32,
    "out_scores": [
        0.967136025428772,
        0.09483810514211655,
        0.9953320622444153,
        0.9630304574966431,
        0.6554103493690491,
        0.9649708271026611,
        0.2624872326850891,
        0.7720044255256653,
        0.9604621529579163,
        0.9675236344337463,
        0.9646809697151184,
        0.992077648639679,
        0.7808169722557068,
        0.891372561454773,
        0.9029607176780701,
        0.9708076119422913,
        0.9598264694213867,
        0.8016862273216248,
        0.9871200323104858,
        0.9688825011253357,
        0.9854211211204529,
        0.9888697862625122,
        0.7330368757247925,
        0.5854070782661438,
        0.9535278677940369,
        0.5667523741722107,
        0.4424584209918976,
        0.9709241390228271,
        0.9629877209663391,
        0.9940862655639648,
        0.9612045288085938,
        0.9906428456306458
    ],
    "min_trans_rot_dists": [
        [
            0.03271272134507536,
            3.283278320320715e-05
        ],
        [
            0.019394942852074378,
            0.0005511884759913377
        ],
        [
            0.034130332082172206,
            0.00014489366883363441
        ],
        [
            0.03047790238936004,
            0.00025701337548944547
        ],
        [
            0.028520644918418384,
            3.283278320320715e-05
        ],
        [
            0.03185394206542296,
            0.0005511884759913377
        ],
        [
            0.023100582097384716,
            0.00014489366883363441
        ],
        [
            0.02167730142450354,
            0.00025701337548944547
        ],
        [
            0.12905807692752816,
            4.809335277888849e-05
        ],
        [
            0.14033933533603765,
            0.0005448763919906341
        ],
        [
            0.022658751611691272,
            0.00012591965383057513
        ],
        [
            0.13867955121557798,
            5.287544190446525e-05
        ],
        [
            0.023570063009341124,
            0.0004734094727318894
        ],
        [
            0.013171174396458277,
            9.955584586829325e-05
        ],
        [
            0.02006056851733124,
            0.0003358995083847516
        ],
        [
            0.016246520728258215,
            0.00025872710772156804
        ],
        [
            0.11578906608736265,
            0.9997263510807264
        ],
        [
            0.11578138887578293,
            0.00010340034635702988
        ],
        [
            0.11578906608736265,
            0.0003358995083847516
        ],
        [
            0.11916163115752869,
            0.00024229664682950958
        ]
    ],
    "min_trans_rot_dists_prec": [
        [
            0.01572310969821143,
            0.00024229664682950958
        ],
        [
            0.025081995626201746,
            0.0006133648926086588
        ],
        [
            0.02006056851733124,
            0.0003358995083847516
        ],
        [
            0.032093338263045106,
            0.0007849613143028344
        ],
        [
            0.022973194958616792,
            0.0005154572330553497
        ],
        [
            0.01591814049652552,
            0.0002808439497098414
        ],
        [
            0.02416707759389575,
            0.0005057955983197582
        ],
        [
            0.02200850077672817,
            0.0006119596280932393
        ],
        [
            0.031152528785598436,
            9.258444215631823e-05
        ],
        [
            0.015956151385115785,
            0.0002283243717389194
        ],
        [
            0.015721826515368582,
            0.00028331630189915025
        ],
        [
            0.014349980186566545,
            0.00010340034635702988
        ],
        [
            0.025487669287399248,
            4.809335277888849e-05
        ],
        [
            0.02952534740329874,
            5.287544190446525e-05
        ],
        [
            0.021132287018254307,
            0.0005473339954328305
        ],
        [
            0.023647796322214188,
            6.253142246326338e-05
        ],
        [
            0.028444469243473883,
            0.0005448763919906341
        ],
        [
            0.023380663237077066,
            0.00015998899030800207
        ],
        [
            0.016115971399906535,
            6.540248241315716e-05
        ],
        [
            0.016246520728258215,
            0.00025872710772156804
        ],
        [
            0.016333237383751396,
            9.627371977516397e-05
        ],
        [
            0.028170656028874537,
            7.49567891494829e-05
        ],
        [
            0.02942065253934045,
            5.864177950742899e-05
        ],
        [
            0.022437689135364095,
            0.0005574475527529987
        ],
        [
            0.022658751611691272,
            0.00012591965383057513
        ],
        [
            0.028520644918418384,
            3.283278320320715e-05
        ],
        [
            0.023570063009341124,
            0.0004734094727318894
        ],
        [
            0.03185394206542296,
            0.0005511884759913377
        ],
        [
            0.023385436635124504,
            0.00016524612764501345
        ],
        [
            0.013171174396458277,
            9.955584586829325e-05
        ],
        [
            0.02167730142450354,
            0.00025701337548944547
        ],
        [
            0.023100582097384716,
            0.00014489366883363441
        ]
    ],
    "r_thresh_deg": 5,
    "t_thresh": 0.035,
    "t_thresh_prec": 0.04
}