{
    "match_ratio": 0.3125,
    "recall": 0.3125,
    "precision": 0.90625,
    "n_avail": 16,
    "n_pred": 32,
    "out_scores": [
        0.9510663747787476,
        0.8650692701339722,
        0.9177106618881226,
        0.7950620055198669,
        0.9496068954467773,
        0.9863292574882507,
        0.9566102623939514,
        0.9392485022544861,
        0.9507157206535339,
        0.7620127201080322,
        0.9903354644775391,
        0.9511968493461609,
        0.9494227766990662,
        0.9285035729408264,
        0.9856744408607483,
        0.9850499033927917,
        0.9685856103897095,
        0.9500012397766113,
        0.9793725609779358,
        0.9379196763038635,
        0.9664551019668579,
        0.9311729073524475,
        0.9450698494911194,
        0.9620968699455261,
        0.9804958701133728,
        0.9858481884002686,
        0.8562790751457214,
        0.8617591261863708,
        0.9480606913566589,
        0.9824773669242859,
        0.9526979327201843,
        0.985405445098877
    ],
    "min_trans_rot_dists": [
        [
            0.09262161403960109,
            0.000630091685015266
        ],
        [
            0.07761478349574615,
            0.0005073580831062019
        ],
        [
            0.08051382917446508,
            0.00041550294640413377
        ],
        [
            0.08826718167131083,
            0.0008390098270532054
        ],
        [
            0.03811187997891902,
            0.0009698685873493762
        ],
        [
            0.028725486323420556,
            0.00040503005222469746
        ],
        [
            0.03262610686282618,
            0.0006196995941416539
        ],
        [
            0.01908493162191644,
            0.0011974857772477643
        ],
        [
            0.08877554197051393,
            0.0011081180876678642
        ],
        [
            0.03313912154974042,
            0.00028829474081337736
        ],
        [
            0.03318376024907672,
            0.0007508695741121896
        ],
        [
            0.08193164458953561,
            0.0014988434532698935
        ],
        [
            0.03794028591455352,
            0.00026186861786259286
        ],
        [
            0.30530846301587505,
            0.00028829474081337736
        ],
        [
            0.04131785459870608,
            0.0005001658921982566
        ],
        [
            0.37372205368644873,
            0.0014988434532698935
        ]
    ],
    "min_trans_rot_dists_prec": [
        [
            0.03862468540083201,
            0.0011081180876678642
        ],
        [
            0.019705311163476465,
            0.0014988434532698935
        ],
        [
            0.020625560701091214,
            0.001543133514014694
        ],
        [
            0.019959003482312613,
            0.00219959943726733
        ],
        [
            0.020226242380845083,
            0.0008390098270532054
        ],
        [
            0.02832359274626201,
            0.0006474003151708541
        ],
        [
            0.03333799091988237,
            0.0006415296441559803
        ],
        [
            0.03944556250506478,
            0.0007695477128049077
        ],
        [
            0.03881830593080324,
            0.0010064372958630274
        ],
        [
            0.03794028591455352,
            0.00026186861786259286
        ],
        [
            0.03313912154974042,
            0.00028829474081337736
        ],
        [
            0.03909193535424443,
            0.0010614171810514605
        ],
        [
            0.039153263403204894,
            0.0009877516384672047
        ],
        [
            0.3515106156266218,
            0.0005001658921982566
        ],
        [
            0.028616581296464574,
            0.0003439121746050544
        ],
        [
            0.028688569453778262,
            0.0003623179867074944
        ],
        [
            0.034365025932936236,
            0.00041550294640413377
        ],
        [
            0.03315993703067106,
            0.0005665338872100634
        ],
        [
            0.02925799116314124,
            0.0005073580831062019
        ],
        [
            0.03287980315694061,
            0.0005654548000455506
        ],
        [
            0.03811187997891902,
            0.0009698685873493762
        ],
        [
            0.03262610686282618,
            0.0006196995941416539
        ],
        [
            0.35059859292612716,
            0.00025250581163915875
        ],
        [
            0.03903305752509534,
            0.000630091685015266
        ],
        [
            0.028810444850204318,
            0.0005105763284496412
        ],
        [
            0.027982779610899053,
            0.00027828278737696
        ],
        [
            0.019095180125831415,
            0.0012608959095782302
        ],
        [
            0.01908493162191644,
            0.0011974857772477643
        ],
        [
            0.03209272776737027,
            0.0004597853772870808
        ],
        [
            0.028725486323420556,
            0.00040503005222469746
        ],
        [
            0.03318376024907672,
            0.0007508695741121896
        ],
        [
            0.3526952254603082,
            0.00015569774995916053
        ]
    ],
    "r_thresh_deg": 5,
    "t_thresh": 0.035,
    "t_thresh_prec": 0.04
}