{
    "match_ratio": 0.325,
    "recall": 0.325,
    "precision": 0.8125,
    "n_avail": 40,
    "n_pred": 32,
    "out_scores": [
        0.06198356673121452,
        0.9884470105171204,
        0.9955266118049622,
        0.3361240029335022,
        0.9872111082077026,
        0.4676091969013214,
        0.34331363439559937,
        0.9726770520210266,
        0.6115930676460266,
        0.8875051140785217,
        0.9891418218612671,
        0.9938018918037415,
        0.9917318224906921,
        0.9845431447029114,
        0.9881784319877625,
        0.9649027585983276,
        0.9896010756492615,
        0.987260103225708,
        3.918956281268038e-06,
        0.8090367913246155,
        0.9654895663261414,
        0.9891098737716675,
        0.9897729754447937,
        2.3751829303364502e-06,
        0.985203742980957,
        0.9916759729385376,
        0.9953617453575134,
        0.9809142351150513,
        0.073521189391613,
        0.9876247644424438,
        0.9930711388587952,
        1.5526045444858028e-06
    ],
    "min_trans_rot_dists": [
        [
            0.3001342622065655,
            0.00020897860439583749
        ],
        [
            0.2942426601334912,
            4.951799319152794e-05
        ],
        [
            0.319630846566513,
            4.054445314150001e-06
        ],
        [
            0.3231388768622997,
            3.0081993372954585e-05
        ],
        [
            0.30017979270919454,
            0.00020897860439583749
        ],
        [
            0.2958628914455281,
            4.951799319152794e-05
        ],
        [
            0.01745860502082421,
            4.498191062807244e-05
        ],
        [
            0.2300309479145723,
            3.0081993372954585e-05
        ],
        [
            0.28977305390314384,
            0.9999381164647259
        ],
        [
            0.009356417329381021,
            6.073510741999577e-05
        ],
        [
            0.13374811724203123,
            4.054445314150001e-06
        ],
        [
            0.13712082795783936,
            3.0081993372954585e-05
        ],
        [
            0.2946652478320723,
            0.9999381164647259
        ],
        [
            0.30243037487814056,
            7.897302431447706e-06
        ],
        [
            0.01776965655425284,
            4.7016636781638255e-06
        ],
        [
            0.0169345856213554,
            6.439360183096987e-05
        ],
        [
            0.30062794315662095,
            0.00048683341448574335
        ],
        [
            0.09963764219688771,
            4.685530818981931e-05
        ],
        [
            0.10186537251334585,
            4.054445314150001e-06
        ],
        [
            0.09804845932065279,
            3.0081993372954585e-05
        ],
        [
            0.03364200965658702,
            0.999970863993299
        ],
        [
            0.0347419097206536,
            4.77526957790575e-05
        ],
        [
            0.1944438719081627,
            4.054445314150001e-06
        ],
        [
            0.18967523834626085,
            0.0001547671678192586
        ],
        [
            0.021223452052485912,
            0.00020897860439583749
        ],
        [
            0.01849315685096296,
            8.246746153350859e-05
        ],
        [
            0.27425874793782634,
            4.498191062807244e-05
        ],
        [
            0.2002437354430078,
            0.00010647279688824618
        ],
        [
            0.01699263765373384,
            0.00018345716579770688
        ],
        [
            0.01585616171945187,
            3.243050617685039e-05
        ],
        [
            0.021800393866842245,
            0.0001501602548154013
        ],
        [
            0.02253364743616267,
            8.155833063505646e-05
        ],
        [
            0.037174046905650356,
            0.9999381164647259
        ],
        [
            0.044452817966769684,
            7.897302431447706e-06
        ],
        [
            0.13393924929599285,
            5.250423893032874e-05
        ],
        [
            0.03568696145699689,
            8.155833063505646e-05
        ],
        [
            0.025191939193136885,
            0.00048683341448574335
        ],
        [
            0.1826734841542817,
            7.897302431447706e-06
        ],
        [
            0.031247432590324937,
            5.250423893032874e-05
        ],
        [
            0.1722193742755985,
            8.155833063505646e-05
        ]
    ],
    "min_trans_rot_dists_prec": [
        [
            0.5114968674722752,
            0.00029414303374308837
        ],
        [
            0.037174046905650356,
            0.00010647279688824618
        ],
        [
            0.017656525280000463,
            4.951799319152794e-05
        ],
        [
            0.031247432590324937,
            5.250423893032874e-05
        ],
        [
            0.015469139653361368,
            2.5411602745939454e-05
        ],
        [
            0.5292601613245691,
            0.00017299853620422745
        ],
        [
            0.5925039912466672,
            0.0007277524887217002
        ],
        [
            0.01587316636283197,
            0.0001547671678192586
        ],
        [
            0.5944546466636413,
            0.0005938942727985452
        ],
        [
            0.021223452052485912,
            0.00020897860439583749
        ],
        [
            0.014492110343131756,
            1.677783066156291e-05
        ],
        [
            0.01835946934543546,
            4.054445314150001e-06
        ],
        [
            0.011626511065681636,
            3.851407017585462e-05
        ],
        [
            0.03801685600988071,
            0.00020816062201411967
        ],
        [
            0.015641704094844607,
            3.0081993372954585e-05
        ],
        [
            0.0169345856213554,
            6.439360183096987e-05
        ],
        [
            0.03568696145699689,
            8.155833063505646e-05
        ],
        [
            0.014412750047096454,
            7.897302431447706e-06
        ],
        [
            0.03364200965658702,
            4.685530818981931e-05
        ],
        [
            0.025191939193136885,
            0.00048683341448574335
        ],
        [
            0.009356417329381021,
            6.073510741999577e-05
        ],
        [
            0.015093474092579785,
            0.00011140231866835215
        ],
        [
            0.021800393866842245,
            0.0001501602548154013
        ],
        [
            0.0347419097206536,
            4.77526957790575e-05
        ],
        [
            0.03732583571279835,
            0.00018345716579770688
        ],
        [
            0.41176156289752824,
            0.00016439267100920585
        ],
        [
            0.01849315685096296,
            8.246746153350859e-05
        ],
        [
            0.01745860502082421,
            4.498191062807244e-05
        ],
        [
            0.5922714950022246,
            0.0023316002654107937
        ],
        [
            0.01585616171945187,
            3.243050617685039e-05
        ],
        [
            0.01776965655425284,
            4.7016636781638255e-06
        ],
        [
            0.037690474945007754,
            5.764943667585509e-05
        ]
    ],
    "r_thresh_deg": 5,
    "t_thresh": 0.035,
    "t_thresh_prec": 0.04
}