{
    "match_ratio": 0.35,
    "recall": 0.35,
    "precision": 1.0,
    "n_avail": 40,
    "n_pred": 32,
    "out_scores": [
        0.9788990616798401,
        0.9794741272926331,
        0.9788644313812256,
        0.9736897349357605,
        0.8936338424682617,
        0.9911885261535645,
        0.9631840586662292,
        0.9377124905586243,
        0.9747233986854553,
        0.9599543213844299,
        0.9331222772598267,
        0.9904062151908875,
        0.9856449365615845,
        0.9936990737915039,
        0.9448110461235046,
        0.8427802920341492,
        0.9773977398872375,
        0.982165515422821,
        0.8847458362579346,
        0.9931188821792603,
        0.9875262379646301,
        0.7817941904067993,
        0.9633541107177734,
        0.9784606099128723,
        0.9067695140838623,
        0.9816011190414429,
        0.9948549270629883,
        0.9797400832176208,
        0.9915341734886169,
        0.9481580853462219,
        0.5882214307785034,
        0.989047110080719
    ],
    "min_trans_rot_dists": [
        [
            0.023000658401021164,
            1.7665285982015888e-05
        ],
        [
            0.35787214108210835,
            0.00013577975892653527
        ],
        [
            0.49088184987487177,
            9.11295771377496e-05
        ],
        [
            0.3671143654271448,
            0.00016008976696724186
        ],
        [
            0.02042295618300308,
            4.2609220581524276e-05
        ],
        [
            0.24758273186378643,
            0.0003526983729772448
        ],
        [
            0.3919772101434038,
            9.11295771377496e-05
        ],
        [
            0.23490680322948795,
            0.00016008976696724186
        ],
        [
            0.025390891325149125,
            0.00016716085923318413
        ],
        [
            0.032148500361936616,
            0.000346171708307641
        ],
        [
            0.2932059240342279,
            9.11295771377496e-05
        ],
        [
            0.017982127252947257,
            0.00021659509788685138
        ],
        [
            0.030191387331914166,
            0.00016716085923318413
        ],
        [
            0.025145938078994633,
            0.000346171708307641
        ],
        [
            0.0059414647077239416,
            0.00028666081468431415
        ],
        [
            0.03319588352746445,
            0.00016008976696724186
        ],
        [
            0.15773944184168048,
            0.00013271821589733168
        ],
        [
            0.15092753048848057,
            0.0003526983729772448
        ],
        [
            0.3184988052832403,
            0.00011424958721195644
        ],
        [
            0.15092753048848057,
            0.9996754347670923
        ],
        [
            0.3156186073732709,
            1.7665285982015888e-05
        ],
        [
            0.26625034308755674,
            0.00013577975892653527
        ],
        [
            0.48434472350344826,
            9.11295771377496e-05
        ],
        [
            0.46948918120806543,
            0.00012060352009624076
        ],
        [
            0.20908377552585775,
            0.00021803729278857542
        ],
        [
            0.028063682162054022,
            0.00013577975892653527
        ],
        [
            0.2197130975780814,
            9.11295771377496e-05
        ],
        [
            0.2057412863092284,
            0.00012060352009624076
        ],
        [
            0.038371792774044663,
            0.00021803729278857542
        ],
        [
            0.038371792774044663,
            0.9997885504639595
        ],
        [
            0.04379738211446508,
            9.11295771377496e-05
        ],
        [
            0.03817604001101306,
            0.00012060352009624076
        ],
        [
            0.02536460087953181,
            0.00021803729278857542
        ],
        [
            0.03354351356441752,
            0.001673982850460165
        ],
        [
            0.007821650222854597,
            9.11295771377496e-05
        ],
        [
            0.031525548094643016,
            0.00016778146572216102
        ],
        [
            0.12443632265572982,
            0.9997330402008013
        ],
        [
            0.12665186331191658,
            0.0020997541429865763
        ],
        [
            0.1274426185309516,
            0.0001744535743120057
        ],
        [
            0.12665186331191658,
            0.9979361722722793
        ]
    ],
    "min_trans_rot_dists_prec": [
        [
            0.01202327573348003,
            0.0001744535743120057
        ],
        [
            0.008023339670204596,
            0.00011424958721195644
        ],
        [
            0.007151072304177474,
            0.00016730454722424515
        ],
        [
            0.0313710674667644,
            0.00020400782203022771
        ],
        [
            0.024160472934187018,
            0.0003526983729772448
        ],
        [
            0.0297566046793561,
            0.00014439658758136353
        ],
        [
            0.030162393839140197,
            0.00013271821589733168
        ],
        [
            0.01638927462797359,
            0.0003277316646610462
        ],
        [
            0.007668885529435504,
            0.00022732253494628374
        ],
        [
            0.0140983952349649,
            0.0001229965463395155
        ],
        [
            0.03319588352746445,
            0.00016008976696724186
        ],
        [
            0.03468489368925071,
            0.0020997541429865763
        ],
        [
            0.03430924510537567,
            0.001986252890178619
        ],
        [
            0.03316816589777897,
            0.0022178686912682766
        ],
        [
            0.008240623372897294,
            0.0001274786610275802
        ],
        [
            0.025145938078994633,
            0.000346171708307641
        ],
        [
            0.036985804144277906,
            0.0001691285578848678
        ],
        [
            0.0059414647077239416,
            0.00028666081468431415
        ],
        [
            0.029295632385631036,
            0.00017083307178145102
        ],
        [
            0.02536460087953181,
            0.00021803729278857542
        ],
        [
            0.031165196767485543,
            0.00012060352009624076
        ],
        [
            0.023000658401021164,
            1.7665285982015888e-05
        ],
        [
            0.01393637088239067,
            9.712358219793327e-05
        ],
        [
            0.007821650222854597,
            9.11295771377496e-05
        ],
        [
            0.03354865735768475,
            0.00015611928655789864
        ],
        [
            0.031525548094643016,
            0.00016778146572216102
        ],
        [
            0.028063682162054022,
            0.00013577975892653527
        ],
        [
            0.030191387331914166,
            0.00016716085923318413
        ],
        [
            0.03354351356441752,
            0.001673982850460165
        ],
        [
            0.03602607030046692,
            0.00021659509788685138
        ],
        [
            0.02042295618300308,
            4.2609220581524276e-05
        ],
        [
            0.03690741674700755,
            0.002088221446659433
        ]
    ],
    "r_thresh_deg": 5,
    "t_thresh": 0.035,
    "t_thresh_prec": 0.04
}