{
    "match_ratio": 0.32142857142857145,
    "recall": 0.32142857142857145,
    "precision": 1.0,
    "n_avail": 28,
    "n_pred": 32,
    "out_scores": [
        1.0,
        1.0,
        1.0,
        1.0,
        1.0,
        1.0,
        1.0,
        1.0,
        1.0,
        1.0,
        1.0,
        1.0,
        1.0,
        1.0,
        1.0,
        1.0,
        1.0,
        1.0,
        1.0,
        1.0,
        1.0,
        1.0,
        1.0,
        1.0,
        1.0,
        1.0,
        1.0,
        1.0,
        1.0,
        1.0,
        1.0,
        1.0
    ],
    "min_trans_rot_dists": [
        [
            0.09905357725439687,
            0.9999933105003334
        ],
        [
            0.49572693160544096,
            1.1292392045558763e-05
        ],
        [
            0.09905357725439687,
            3.657926201638961e-05
        ],
        [
            0.09905357725439687,
            0.9999842310980088
        ],
        [
            0.025269945401667233,
            0.9999547170236566
        ],
        [
            0.025269945401667233,
            5.3040330216358456e-05
        ],
        [
            0.028809678056002205,
            5.4393292041376995e-05
        ],
        [
            0.026113300864896223,
            0.9999842310980088
        ],
        [
            0.024654982366635617,
            0.9999547170236566
        ],
        [
            0.024654982366635617,
            5.3040330216358456e-05
        ],
        [
            0.045372442472108594,
            2.7131277336334136e-05
        ],
        [
            0.045372442472108594,
            0.9999798159178215
        ],
        [
            0.016034783484690042,
            0.0008161624864635453
        ],
        [
            0.2732159621690405,
            1.1292392045558763e-05
        ],
        [
            0.1292090509797755,
            2.7131277336334136e-05
        ],
        [
            0.015090173087493285,
            0.00019869013780104972
        ],
        [
            0.06421473080886508,
            0.9999774513182204
        ],
        [
            0.09537651180565833,
            1.1292392045558763e-05
        ],
        [
            0.08575864144012921,
            0.999992102306603
        ],
        [
            0.08575864144012921,
            1.5822065551840403e-05
        ],
        [
            0.017952792278199143,
            2.6675403331788416e-06
        ],
        [
            0.012964081529635928,
            1.645803308225613e-05
        ],
        [
            0.026063110186426045,
            1.5334445377046535e-05
        ],
        [
            0.01760985596925818,
            2.8576963440718472e-05
        ],
        [
            0.08193810596167306,
            0.9999898175433141
        ],
        [
            0.08336263770505704,
            1.1292392045558763e-05
        ],
        [
            0.08193810596167306,
            0.9999957256546298
        ],
        [
            0.08336263770505704,
            0.9999911265961737
        ]
    ],
    "min_trans_rot_dists_prec": [
        [
            0.009881169824269936,
            1.1292392045558763e-05
        ],
        [
            0.026113300864896223,
            3.657926201638961e-05
        ],
        [
            0.015783941493654932,
            0.00040338245685000995
        ],
        [
            0.016114496052071037,
            1.5822065551840403e-05
        ],
        [
            0.026285686612346017,
            4.407480318957546e-05
        ],
        [
            0.015660924885376154,
            3.3691397539392653e-05
        ],
        [
            0.015361469533542699,
            0.00034951956278606033
        ],
        [
            0.024654982366635617,
            5.3040330216358456e-05
        ],
        [
            0.025854670124064193,
            3.382545868457765e-05
        ],
        [
            0.026214658954181663,
            1.0903613227308817e-05
        ],
        [
            0.010973323571892946,
            8.162140721412747e-06
        ],
        [
            0.02560638636121777,
            4.315007172961405e-05
        ],
        [
            0.016918341650473706,
            2.6666825428733887e-05
        ],
        [
            0.01578613321333198,
            4.638455411143383e-05
        ],
        [
            0.016434614757888752,
            0.00033448650504475097
        ],
        [
            0.017952792278199143,
            2.6675403331788416e-06
        ],
        [
            0.025009790996985047,
            9.779682627275577e-06
        ],
        [
            0.010498835064151987,
            2.0804417606101744e-05
        ],
        [
            0.013703896470712055,
            0.0003944192034988081
        ],
        [
            0.015217889435142214,
            0.00032456487894771957
        ],
        [
            0.00960789906147188,
            1.486788252258453e-05
        ],
        [
            0.016282054823365536,
            3.0795540949091205e-05
        ],
        [
            0.0165268933216334,
            0.0007960722097360984
        ],
        [
            0.02653333167868338,
            2.7125247406889486e-05
        ],
        [
            0.026063110186426045,
            1.5334445377046535e-05
        ],
        [
            0.015090173087493285,
            0.00019869013780104972
        ],
        [
            0.016253531144128933,
            2.4737996203061385e-05
        ],
        [
            0.016034783484690042,
            0.0008161624864635453
        ],
        [
            0.01760985596925818,
            2.8576963440718472e-05
        ],
        [
            0.012964081529635928,
            1.645803308225613e-05
        ],
        [
            0.02616339765718237,
            2.7131277336334136e-05
        ],
        [
            0.028809678056002205,
            5.4393292041376995e-05
        ]
    ],
    "r_thresh_deg": 5,
    "t_thresh": 0.035,
    "t_thresh_prec": 0.04
}