{
    "match_ratio": 0.75,
    "recall": 0.75,
    "precision": 1.0,
    "n_avail": 16,
    "n_pred": 32,
    "out_scores": [
        0.8796321153640747,
        0.9835053086280823,
        0.9957906603813171,
        0.9516248106956482,
        0.9822400212287903,
        0.9139456152915955,
        0.9844968318939209,
        0.9064901471138,
        0.8932012915611267,
        0.9902215003967285,
        0.8723929524421692,
        0.9923251867294312,
        0.9898316860198975,
        0.9334344267845154,
        0.9903104901313782,
        0.9964082837104797,
        0.9104619026184082,
        0.9850746393203735,
        0.960175633430481,
        0.9716667532920837,
        0.9936918020248413,
        0.9611986875534058,
        0.9740333557128906,
        0.9463209509849548,
        0.9213659763336182,
        0.9867826700210571,
        0.9743573665618896,
        0.9300376772880554,
        0.96837317943573,
        0.8821611404418945,
        0.9747335910797119,
        0.9922477006912231
    ],
    "min_trans_rot_dists": [
        [
            0.12848906720282485,
            0.9999995119206702
        ],
        [
            0.13027593981013139,
            9.80833305308515e-06
        ],
        [
            0.13027593981013139,
            0.9999999028044034
        ],
        [
            0.1289293205205286,
            0.9999061451638774
        ],
        [
            0.030809564282265042,
            1.0613571207462869e-06
        ],
        [
            0.013936713491945705,
            6.879287800887202e-05
        ],
        [
            0.027605150953212226,
            9.670498237968062e-06
        ],
        [
            0.02775777808239028,
            9.59235272680603e-05
        ],
        [
            0.018179845440231247,
            1.0613571207462869e-06
        ],
        [
            0.02869090238877902,
            6.879287800887202e-05
        ],
        [
            0.03274835955076943,
            9.670498237968062e-06
        ],
        [
            0.02680468578354854,
            9.59235272680603e-05
        ],
        [
            0.01421055313522025,
            2.9286274926265676e-06
        ],
        [
            0.007200894486174991,
            4.3045015342135784e-05
        ],
        [
            0.022116237555749343,
            0.00015108977355182684
        ],
        [
            0.018162220510797075,
            8.261321531588539e-05
        ]
    ],
    "min_trans_rot_dists_prec": [
        [
            0.02738228766458228,
            9.80833305308515e-06
        ],
        [
            0.022160130658112592,
            4.4026178324108045e-06
        ],
        [
            0.007184698692456377,
            2.9024020021806152e-05
        ],
        [
            0.030473877956575725,
            0.00010295948403149513
        ],
        [
            0.02161009662115998,
            2.2082497651565447e-06
        ],
        [
            0.030077139110392316,
            8.200219480147819e-05
        ],
        [
            0.021797819723773374,
            5.613302349360971e-05
        ],
        [
            0.02814286987683949,
            9.396889951340803e-05
        ],
        [
            0.028103186186644397,
            8.612659818130197e-05
        ],
        [
            0.021955184923543754,
            5.227208071922895e-05
        ],
        [
            0.02869090238877902,
            6.879287800887202e-05
        ],
        [
            0.015408545444929927,
            9.400205023379904e-06
        ],
        [
            0.012395594440395095,
            2.1176193508276597e-05
        ],
        [
            0.03507193580996559,
            8.755786677927535e-05
        ],
        [
            0.022453163618144405,
            8.558687777548979e-05
        ],
        [
            0.007200894486174991,
            4.3045015342135784e-05
        ],
        [
            0.031013624176197765,
            8.316548819609082e-06
        ],
        [
            0.021964102282367188,
            5.460523343159274e-06
        ],
        [
            0.024469567942961273,
            8.489196390515374e-05
        ],
        [
            0.020391786128224572,
            2.1498552997822884e-06
        ],
        [
            0.01421055313522025,
            2.9286274926265676e-06
        ],
        [
            0.018162220510797075,
            8.261321531588539e-05
        ],
        [
            0.01990494871010604,
            2.2243968190505115e-05
        ],
        [
            0.03283485462671272,
            0.00010937301224578366
        ],
        [
            0.02999554288398127,
            1.632970312770432e-05
        ],
        [
            0.021887060471268288,
            4.819885042639527e-05
        ],
        [
            0.023990432885015078,
            0.00020859587285393388
        ],
        [
            0.03274835955076943,
            9.670498237968062e-06
        ],
        [
            0.018179845440231247,
            1.0613571207462869e-06
        ],
        [
            0.02680468578354854,
            9.59235272680603e-05
        ],
        [
            0.020894759421538223,
            5.155386157917885e-05
        ],
        [
            0.022116237555749343,
            0.00015108977355182684
        ]
    ],
    "r_thresh_deg": 5,
    "t_thresh": 0.035,
    "t_thresh_prec": 0.04
}