{
    "match_ratio": 0.4,
    "recall": 0.4,
    "precision": 0.9375,
    "n_avail": 20,
    "n_pred": 32,
    "out_scores": [
        0.9931730628013611,
        0.9907902479171753,
        0.9937777519226074,
        0.9939768314361572,
        0.9939299821853638,
        0.9919723272323608,
        0.9909337759017944,
        0.9924373030662537,
        0.9871282577514648,
        0.8660535216331482,
        0.9883818030357361,
        0.9928303360939026,
        0.9914320707321167,
        0.9845798015594482,
        0.9935646653175354,
        0.9946781396865845,
        0.9946303367614746,
        0.9929292798042297,
        0.9944522976875305,
        0.99272221326828,
        0.9820641279220581,
        0.9673512578010559,
        0.9937134385108948,
        0.9928892850875854,
        0.9257562756538391,
        0.9909924268722534,
        0.9918646216392517,
        0.9913191199302673,
        0.9584481120109558,
        0.9310773015022278,
        0.9931835532188416,
        0.9936485886573792
    ],
    "min_trans_rot_dists": [
        [
            0.15965361655257562,
            0.9999817295337526
        ],
        [
            0.15965361655257562,
            7.320775367292143e-05
        ],
        [
            0.15981060505564754,
            0.00018383043501146723
        ],
        [
            0.1618893012961017,
            4.769351831124258e-05
        ],
        [
            0.024286558632834326,
            0.0003209207339809339
        ],
        [
            0.01911013460328936,
            5.850003036289575e-05
        ],
        [
            0.021661477328269167,
            7.116137842333448e-05
        ],
        [
            0.010936774382105316,
            4.769351831124258e-05
        ],
        [
            0.04001016261585575,
            0.9996919218849298
        ],
        [
            0.03403477021423787,
            5.8365387958669857e-05
        ],
        [
            0.058834220991604166,
            6.670667781683015e-05
        ],
        [
            0.06780586941410312,
            5.190370243635112e-05
        ],
        [
            0.1909650629244223,
            0.9996919218849298
        ],
        [
            0.0724491672552577,
            7.208887005571984e-05
        ],
        [
            0.07918036528671814,
            3.456287492553667e-05
        ],
        [
            0.08294866181036514,
            1.51652586963813e-05
        ],
        [
            0.2675618823536238,
            0.9996919218849298
        ],
        [
            0.015303720262380341,
            9.595376615822993e-05
        ],
        [
            0.021548237639752124,
            5.5024159751226875e-05
        ],
        [
            0.011808723155870266,
            2.263933920421124e-05
        ]
    ],
    "min_trans_rot_dists_prec": [
        [
            0.011546792081175624,
            5.190370243635112e-05
        ],
        [
            0.02095008646980256,
            8.303173692791876e-05
        ],
        [
            0.015882106674954346,
            7.320775367292143e-05
        ],
        [
            0.011882188991358558,
            1.51652586963813e-05
        ],
        [
            0.043651080090848955,
            0.00010584119712875317
        ],
        [
            0.019674088240264072,
            0.00011276719349528896
        ],
        [
            0.043077564906245376,
            0.00037227037566489596
        ],
        [
            0.025098052032517606,
            4.346162234658557e-05
        ],
        [
            0.016981807276307208,
            7.208887005571984e-05
        ],
        [
            0.02722113797052326,
            0.00010966782081800464
        ],
        [
            0.026269104838419047,
            6.670667781683015e-05
        ],
        [
            0.016632064986609907,
            0.00018383043501146723
        ],
        [
            0.011443594476332562,
            9.176252588938283e-05
        ],
        [
            0.02947144667960006,
            6.798973917754303e-05
        ],
        [
            0.0181036710214784,
            0.00010365256004474244
        ],
        [
            0.03403477021423787,
            5.8365387958669857e-05
        ],
        [
            0.033604299382475264,
            3.953416082480565e-05
        ],
        [
            0.018824666374704497,
            0.0001492708878745308
        ],
        [
            0.02680943058997949,
            1.9079587092907246e-05
        ],
        [
            0.01911013460328936,
            5.850003036289575e-05
        ],
        [
            0.023915916466322323,
            0.0002499247441627439
        ],
        [
            0.025229006452177308,
            0.0002470875652955673
        ],
        [
            0.013531449507911604,
            8.198734059461366e-05
        ],
        [
            0.011808723155870266,
            2.263933920421124e-05
        ],
        [
            0.02304798648579828,
            3.456287492553667e-05
        ],
        [
            0.022305885483804567,
            8.626439880776715e-05
        ],
        [
            0.020513054093071588,
            0.00010334994874217074
        ],
        [
            0.021661477328269167,
            7.116137842333448e-05
        ],
        [
            0.021548237639752124,
            5.5024159751226875e-05
        ],
        [
            0.024286558632834326,
            0.0003209207339809339
        ],
        [
            0.015303720262380341,
            9.595376615822993e-05
        ],
        [
            0.010936774382105316,
            4.769351831124258e-05
        ]
    ],
    "r_thresh_deg": 5,
    "t_thresh": 0.035,
    "t_thresh_prec": 0.04
}