{
    "match_ratio": 0.625,
    "recall": 0.625,
    "precision": 1.0,
    "n_avail": 16,
    "n_pred": 32,
    "out_scores": [
        0.4595223367214203,
        0.5809491276741028,
        0.951219379901886,
        0.9374953508377075,
        0.7543343305587769,
        0.8849205374717712,
        0.8077983856201172,
        0.712092399597168,
        0.7571303844451904,
        0.5422785878181458,
        0.6428524851799011,
        0.7605994939804077,
        0.19584380090236664,
        0.4571266174316406,
        0.9022451639175415,
        0.683041512966156,
        0.9773910045623779,
        0.9284393191337585,
        0.7726626396179199,
        0.6142938733100891,
        0.8868603706359863,
        0.8696010112762451,
        0.7713228464126587,
        0.8067979216575623,
        0.9060726165771484,
        0.9149603247642517,
        0.8468007445335388,
        0.7088447213172913,
        0.5798988938331604,
        0.8863714337348938,
        0.6782374382019043,
        0.7181758284568787
    ],
    "min_trans_rot_dists": [
        [
            0.13123979076203748,
            3.7909076920916718e-06
        ],
        [
            0.40399365412068816,
            1.8185505790691003e-05
        ],
        [
            0.4094725740276186,
            1.779345414720801e-05
        ],
        [
            0.12493871543701987,
            0.9999554020348207
        ],
        [
            0.010487792424131821,
            3.7909076920916718e-06
        ],
        [
            0.019890070764569816,
            9.095258338609469e-05
        ],
        [
            0.029298542159782146,
            3.545209949407102e-05
        ],
        [
            0.02566714660565775,
            2.7024762235927646e-05
        ],
        [
            0.014683750776472217,
            6.22681609717679e-05
        ],
        [
            0.02651419307395041,
            8.065035326088044e-05
        ],
        [
            0.024431166563211905,
            2.552677624301225e-05
        ],
        [
            0.028217088726966832,
            0.00011895494985469934
        ],
        [
            0.027617093367047377,
            0.00015301470575457277
        ],
        [
            0.028876912363344203,
            8.065035326088044e-05
        ],
        [
            0.027617093367047377,
            0.9998534550786986
        ],
        [
            0.02614403440515792,
            0.9999910421053555
        ]
    ],
    "min_trans_rot_dists_prec": [
        [
            0.03860944942305909,
            8.21990939542383e-05
        ],
        [
            0.027617093367047377,
            0.00015301470575457277
        ],
        [
            0.018386824682152133,
            1.8185505790691003e-05
        ],
        [
            0.02614403440515792,
            1.8142281885680234e-05
        ],
        [
            0.011041863703640017,
            1.1273528553790158e-05
        ],
        [
            0.02165640389437808,
            5.3204670339757065e-05
        ],
        [
            0.024069609864381284,
            1.779345414720801e-05
        ],
        [
            0.031898918580662385,
            6.592059494547886e-05
        ],
        [
            0.024528447759262977,
            7.078015535366688e-05
        ],
        [
            0.012367845742902258,
            3.2317357098410326e-05
        ],
        [
            0.012185191301281248,
            1.5279295622727673e-05
        ],
        [
            0.030580279473357282,
            6.098886926364511e-05
        ],
        [
            0.028217088726966832,
            0.00011895494985469934
        ],
        [
            0.0296105666640328,
            6.928374672210413e-05
        ],
        [
            0.023395281964049313,
            7.261182590201365e-05
        ],
        [
            0.02117388133475119,
            0.00010196378628779534
        ],
        [
            0.02344068353854112,
            1.679351085925873e-05
        ],
        [
            0.028876912363344203,
            8.065035326088044e-05
        ],
        [
            0.03123638075489518,
            7.431377447120191e-05
        ],
        [
            0.03513148762942184,
            6.22681609717679e-05
        ],
        [
            0.03606207392532555,
            2.1228583729215877e-05
        ],
        [
            0.02062760211799952,
            4.4971475978261566e-05
        ],
        [
            0.024431166563211905,
            2.552677624301225e-05
        ],
        [
            0.025200428481268952,
            1.1888962638817446e-05
        ],
        [
            0.02424416192583084,
            2.8589145483093326e-05
        ],
        [
            0.019897089883132657,
            4.6355456777447124e-05
        ],
        [
            0.010487792424131821,
            3.7909076920916718e-06
        ],
        [
            0.022272027317351072,
            3.8626062129787364e-05
        ],
        [
            0.03065746316854064,
            5.0231865021399535e-05
        ],
        [
            0.029298542159782146,
            3.545209949407102e-05
        ],
        [
            0.02566714660565775,
            2.7024762235927646e-05
        ],
        [
            0.019890070764569816,
            9.095258338609469e-05
        ]
    ],
    "r_thresh_deg": 5,
    "t_thresh": 0.035,
    "t_thresh_prec": 0.04
}