{
    "match_ratio": 0.4,
    "recall": 0.4,
    "precision": 1.0,
    "n_avail": 20,
    "n_pred": 32,
    "out_scores": [
        0.9560410380363464,
        0.8459455370903015,
        0.8836039304733276,
        0.957299530506134,
        0.9830229878425598,
        0.9176931977272034,
        0.9909018278121948,
        0.9753285646438599,
        0.9890657663345337,
        0.990728497505188,
        0.9899463057518005,
        0.8781744837760925,
        0.9816649556159973,
        0.9934093952178955,
        0.8997862935066223,
        0.9882311224937439,
        0.9896690249443054,
        0.9932283759117126,
        0.9886928796768188,
        0.852225661277771,
        0.9824174046516418,
        0.9935886859893799,
        0.9245357513427734,
        0.9862658381462097,
        0.9921410083770752,
        0.9917113780975342,
        0.8620553612709045,
        0.8191070556640625,
        0.9629704356193542,
        0.9701695442199707,
        0.8525683879852295,
        0.9921701550483704
    ],
    "min_trans_rot_dists": [
        [
            0.06823802453170609,
            0.9999831164229616
        ],
        [
            0.08222300098609439,
            1.2346622719316969e-05
        ],
        [
            0.44538260829922427,
            2.3768009631330855e-05
        ],
        [
            0.06823802453170609,
            8.745612856664309e-05
        ],
        [
            0.009321026786866944,
            0.00022540049490926695
        ],
        [
            0.016463687742922156,
            4.281852130350039e-05
        ],
        [
            0.3652034034391431,
            2.3768009631330855e-05
        ],
        [
            0.027034912920274233,
            5.2524961797972836e-05
        ],
        [
            0.08005725282463891,
            0.9999681628326693
        ],
        [
            0.081849830717675,
            1.2346622719316969e-05
        ],
        [
            0.28506253855800306,
            2.3768009631330855e-05
        ],
        [
            0.09489294110559048,
            4.418941608885785e-05
        ],
        [
            0.017571383186293175,
            0.9999413248073867
        ],
        [
            0.12578582509896755,
            5.575579083760829e-05
        ],
        [
            0.01722481575203372,
            3.332224861751776e-05
        ],
        [
            0.1193230456117167,
            0.00021204297649346504
        ],
        [
            0.009216654791653496,
            1.5355727606913838e-05
        ],
        [
            0.013872895265453997,
            0.00023351835093965434
        ],
        [
            0.016898384750103426,
            3.429009330535582e-05
        ],
        [
            0.020683354988426196,
            0.00022088648200480065
        ]
    ],
    "min_trans_rot_dists_prec": [
        [
            0.016139335439757777,
            0.00026043610292481034
        ],
        [
            0.016851268002768892,
            2.766124177178142e-05
        ],
        [
            0.028923931892969528,
            8.745612856664309e-05
        ],
        [
            0.017571383186293175,
            6.8453695914239e-05
        ],
        [
            0.026618336112652442,
            0.00021204297649346504
        ],
        [
            0.017621966163255513,
            5.946625914576842e-05
        ],
        [
            0.017040389992385125,
            1.2346622719316969e-05
        ],
        [
            0.007169240213787532,
            1.0548979469060527e-05
        ],
        [
            0.017045430710790885,
            2.1907682874133805e-05
        ],
        [
            0.009798133223334933,
            8.06807139924759e-05
        ],
        [
            0.02053193475550241,
            0.0001045196144380256
        ],
        [
            0.02546181080144369,
            4.418941608885785e-05
        ],
        [
            0.025346969561840047,
            0.00015136622654721155
        ],
        [
            0.009216654791653496,
            1.5355727606913838e-05
        ],
        [
            0.01722481575203372,
            3.332224861751776e-05
        ],
        [
            0.015353556537326615,
            3.6938131847685796e-05
        ],
        [
            0.02074562311184145,
            0.00021618155547087348
        ],
        [
            0.02246512231419982,
            0.00016867666956921212
        ],
        [
            0.016463687742922156,
            4.281852130350039e-05
        ],
        [
            0.01397854752235012,
            5.575579083760829e-05
        ],
        [
            0.010845832104676685,
            0.000297850074412187
        ],
        [
            0.022786120538103204,
            8.340758582081609e-05
        ],
        [
            0.017023960362815487,
            2.3768009631330855e-05
        ],
        [
            0.009321026786866944,
            0.00022540049490926695
        ],
        [
            0.02379792187812497,
            8.649849345865324e-05
        ],
        [
            0.02383150148554237,
            0.0002295380167132155
        ],
        [
            0.014010388277323902,
            0.00026959072906485027
        ],
        [
            0.013872895265453997,
            0.00023351835093965434
        ],
        [
            0.01727766774891482,
            2.3136283735625263e-05
        ],
        [
            0.027034912920274233,
            5.2524961797972836e-05
        ],
        [
            0.016898384750103426,
            3.429009330535582e-05
        ],
        [
            0.020683354988426196,
            0.00022088648200480065
        ]
    ],
    "r_thresh_deg": 5,
    "t_thresh": 0.035,
    "t_thresh_prec": 0.04
}