{
    "match_ratio": 0.75,
    "recall": 0.75,
    "precision": 0.75,
    "n_avail": 20,
    "n_pred": 32,
    "out_scores": [
        1.0,
        1.0,
        1.0,
        1.0,
        1.0,
        1.0,
        1.0,
        1.0,
        1.0,
        1.0,
        1.0,
        1.0,
        1.0,
        1.0,
        1.0,
        1.0,
        1.0,
        1.0,
        1.0,
        1.0,
        1.0,
        1.0,
        1.0,
        1.0,
        1.0,
        1.0,
        1.0,
        1.0,
        1.0,
        1.0,
        1.0,
        1.0
    ],
    "min_trans_rot_dists": [
        [
            0.016625838009275137,
            0.000145881082688315
        ],
        [
            0.016625838009275137,
            0.9999934330673547
        ],
        [
            0.03199415233371475,
            6.054083532425203e-05
        ],
        [
            0.029365354241604857,
            0.0001719257555646836
        ],
        [
            0.22080849080295326,
            8.641308513346324e-05
        ],
        [
            0.02602763149795151,
            0.9998423302813905
        ],
        [
            0.11310741739079914,
            0.9996199752461424
        ],
        [
            0.02602763149795151,
            0.00016659326380119577
        ],
        [
            0.022660290413568634,
            9.659389920435579e-05
        ],
        [
            0.008684136155881738,
            9.736648307012707e-05
        ],
        [
            0.03171077432317692,
            2.1355916026144506e-05
        ],
        [
            0.022499963586504065,
            0.0002321034728215432
        ],
        [
            0.03372329755206681,
            0.00010196102175885624
        ],
        [
            0.007954013608088685,
            5.3106859876805856e-05
        ],
        [
            0.031795205596523664,
            6.368100046361125e-05
        ],
        [
            0.025020749321995654,
            0.00012241640086430028
        ],
        [
            0.02980613436061696,
            0.0001793420553698466
        ],
        [
            0.008967159697127318,
            0.00010936301917019442
        ],
        [
            0.10646876091343435,
            6.368100046361125e-05
        ],
        [
            0.02646920942622971,
            7.622753903335777e-05
        ]
    ],
    "min_trans_rot_dists_prec": [
        [
            0.017134744503217707,
            0.00010059744335555454
        ],
        [
            0.030397104158587134,
            7.087227400004448e-05
        ],
        [
            0.03306341898351655,
            0.00041483972472178277
        ],
        [
            0.029365354241604857,
            0.0001719257555646836
        ],
        [
            0.025020749321995654,
            0.00012241640086430028
        ],
        [
            0.5577296085909579,
            0.00016498747693516336
        ],
        [
            0.017268094653285836,
            0.00019810740418468864
        ],
        [
            0.02602763149795151,
            0.00016659326380119577
        ],
        [
            0.037976090941568064,
            8.834611351016264e-05
        ],
        [
            0.008967159697127318,
            0.00010936301917019442
        ],
        [
            0.031795205596523664,
            6.368100046361125e-05
        ],
        [
            0.030828582315459086,
            8.641308513346324e-05
        ],
        [
            0.03171077432317692,
            2.1355916026144506e-05
        ],
        [
            0.45426978452258304,
            0.0003552654052876303
        ],
        [
            0.34644165808552346,
            0.00017398964911585768
        ],
        [
            0.022499963586504065,
            0.0002321034728215432
        ],
        [
            0.011999927205510654,
            0.00011037974032446218
        ],
        [
            0.008684136155881738,
            9.736648307012707e-05
        ],
        [
            0.016625838009275137,
            0.000145881082688315
        ],
        [
            0.030651985987786495,
            0.00037050331335619635
        ],
        [
            0.4522926638796922,
            0.00025798636421658916
        ],
        [
            0.022660290413568634,
            9.659389920435579e-05
        ],
        [
            0.02980613436061696,
            0.0001793420553698466
        ],
        [
            0.03372329755206681,
            0.00010196102175885624
        ],
        [
            0.5574826926495894,
            0.00018961855733579114
        ],
        [
            0.5638315096000004,
            0.00039075593419124477
        ],
        [
            0.5602894547387552,
            0.00032851455143412256
        ],
        [
            0.03199415233371475,
            6.054083532425203e-05
        ],
        [
            0.007954013608088685,
            5.3106859876805856e-05
        ],
        [
            0.02646920942622971,
            7.622753903335777e-05
        ],
        [
            0.035808204801419316,
            2.1090771342047177e-05
        ],
        [
            0.4519085967376816,
            8.43983626860334e-05
        ]
    ],
    "r_thresh_deg": 5,
    "t_thresh": 0.035,
    "t_thresh_prec": 0.04
}