{
    "match_ratio": 0.5625,
    "recall": 0.5625,
    "precision": 1.0,
    "n_avail": 16,
    "n_pred": 32,
    "out_scores": [
        1.0,
        1.0,
        1.0,
        1.0,
        1.0,
        1.0,
        1.0,
        1.0,
        1.0,
        1.0,
        1.0,
        1.0,
        1.0,
        1.0,
        1.0,
        1.0,
        1.0,
        1.0,
        1.0,
        1.0,
        1.0,
        1.0,
        1.0,
        1.0,
        1.0,
        1.0,
        1.0,
        1.0,
        1.0,
        1.0,
        1.0,
        1.0
    ],
    "min_trans_rot_dists": [
        [
            0.04476449854918052,
            0.9998058037427793
        ],
        [
            0.04339130427740933,
            0.0002034841247263719
        ],
        [
            0.04339130427740933,
            0.9999251405241792
        ],
        [
            0.04476449854918052,
            0.9999223801086055
        ],
        [
            0.033052143274385354,
            0.000340430801526459
        ],
        [
            0.022015918643713005,
            0.00029235639312696904
        ],
        [
            0.026040041627668202,
            0.00028066272450255614
        ],
        [
            0.011598613906856108,
            0.00016289069808750334
        ],
        [
            0.08286110464465898,
            0.00016889023673960502
        ],
        [
            0.025727670337883136,
            0.00026083417096733896
        ],
        [
            0.029828274795637034,
            0.00010811928752718636
        ],
        [
            0.07894717101428392,
            0.00012937346289620955
        ],
        [
            0.03142826644649137,
            0.0005313633636883086
        ],
        [
            0.03154977683056592,
            0.00046437195672377474
        ],
        [
            0.03142826644649137,
            0.999641072957732
        ],
        [
            0.012541430395827441,
            0.0006938790589818833
        ]
    ],
    "min_trans_rot_dists_prec": [
        [
            0.023653928364052577,
            0.0003452876111200709
        ],
        [
            0.03142826644649137,
            0.0005313633636883086
        ],
        [
            0.012831165380787693,
            0.00014677464145329555
        ],
        [
            0.034783775317433145,
            0.0005296604513396197
        ],
        [
            0.02659900819145518,
            0.000356650452754681
        ],
        [
            0.02959602587276033,
            0.00030791535724927765
        ],
        [
            0.03154977683056592,
            0.00046437195672377474
        ],
        [
            0.012911661378388051,
            0.00015734882798823513
        ],
        [
            0.030825281688778888,
            0.0001373172051277738
        ],
        [
            0.025808583001602964,
            0.0002905906271362113
        ],
        [
            0.03414964271910291,
            0.00023745672574282395
        ],
        [
            0.01080404510023244,
            0.00010991577842345279
        ],
        [
            0.025735200718992265,
            0.0003363439652744882
        ],
        [
            0.02212465876207012,
            0.0002034841247263719
        ],
        [
            0.03364808998006473,
            0.00016889023673960502
        ],
        [
            0.03404845604206497,
            0.00013623728834266657
        ],
        [
            0.026508075036577462,
            0.00030693596309971927
        ],
        [
            0.0126782639086384,
            0.00012937346289620955
        ],
        [
            0.011236855391239814,
            0.00028519540457627723
        ],
        [
            0.02834803153071229,
            0.00021049490112312608
        ],
        [
            0.034121818725809716,
            0.0002263169878958804
        ],
        [
            0.033576766847335335,
            0.00031166743342603276
        ],
        [
            0.033052143274385354,
            0.000340430801526459
        ],
        [
            0.022015918643713005,
            0.00029235639312696904
        ],
        [
            0.012553164340238183,
            0.00013388157654892208
        ],
        [
            0.026449420754333375,
            0.00025526498769790074
        ],
        [
            0.029828274795637034,
            0.00010811928752718636
        ],
        [
            0.011598613906856108,
            0.00016289069808750334
        ],
        [
            0.013029859845415655,
            0.00043495998331621877
        ],
        [
            0.026040041627668202,
            0.00028066272450255614
        ],
        [
            0.025727670337883136,
            0.00026083417096733896
        ],
        [
            0.012541430395827441,
            0.0006938790589818833
        ]
    ],
    "r_thresh_deg": 5,
    "t_thresh": 0.035,
    "t_thresh_prec": 0.04
}