{
    "match_ratio": 0.35,
    "recall": 0.35,
    "precision": 1.0,
    "n_avail": 20,
    "n_pred": 32,
    "out_scores": [
        1.0,
        1.0,
        1.0,
        1.0,
        1.0,
        1.0,
        1.0,
        1.0,
        1.0,
        1.0,
        1.0,
        1.0,
        1.0,
        1.0,
        1.0,
        1.0,
        1.0,
        1.0,
        1.0,
        1.0,
        1.0,
        1.0,
        1.0,
        1.0,
        1.0,
        1.0,
        1.0,
        1.0,
        1.0,
        1.0,
        1.0,
        1.0
    ],
    "min_trans_rot_dists": [
        [
            0.1486411475241311,
            0.9999049481829286
        ],
        [
            0.15032132902184214,
            4.550209709730524e-05
        ],
        [
            0.14973600493952993,
            3.7897055038316196e-05
        ],
        [
            0.15032132902184214,
            0.9999638683103341
        ],
        [
            0.024869130460568968,
            8.19878235935878e-06
        ],
        [
            0.02391803679609159,
            2.7022018273314963e-05
        ],
        [
            0.010410715630944886,
            1.6649523575718028e-05
        ],
        [
            0.015436635729198256,
            0.0001324346540587662
        ],
        [
            0.06944905752656799,
            8.19878235935878e-06
        ],
        [
            0.08402848766646472,
            2.2694462964767403e-05
        ],
        [
            0.07315268776291875,
            0.9999863005214499
        ],
        [
            0.07480419629277298,
            1.812454310179401e-05
        ],
        [
            0.09216287790035631,
            5.783341164189437e-06
        ],
        [
            0.23569017998533306,
            2.2694462964767403e-05
        ],
        [
            0.0769353205787907,
            0.00023241546550711867
        ],
        [
            0.22728040637794125,
            1.812454310179401e-05
        ],
        [
            0.021518434150049687,
            5.783341164189437e-06
        ],
        [
            0.3122221686568983,
            2.2694462964767403e-05
        ],
        [
            0.0056346420840592765,
            0.00023241546550711867
        ],
        [
            0.02024355842528324,
            9.218721976567146e-05
        ]
    ],
    "min_trans_rot_dists_prec": [
        [
            0.024692237876542743,
            5.7232547866381545e-05
        ],
        [
            0.023237006269530572,
            2.0674107063300973e-05
        ],
        [
            0.012462111865406902,
            3.7897055038316196e-05
        ],
        [
            0.012521548481111812,
            0.00010091357901864662
        ],
        [
            0.01592465607621553,
            1.812454310179401e-05
        ],
        [
            0.015972072950412496,
            1.932127268367001e-05
        ],
        [
            0.022461838678205285,
            2.2694462964767403e-05
        ],
        [
            0.023572356462335554,
            2.8352193882863475e-05
        ],
        [
            0.021518434150049687,
            5.783341164189437e-06
        ],
        [
            0.015572733712978142,
            2.2373111830620296e-05
        ],
        [
            0.018994029878432604,
            7.896240022120526e-05
        ],
        [
            0.024049817651931486,
            5.276625965633386e-05
        ],
        [
            0.022940764636032653,
            3.812187284912838e-05
        ],
        [
            0.0230323198400327,
            2.5576268946947422e-05
        ],
        [
            0.022620284035676563,
            0.00013231671634206243
        ],
        [
            0.010773097398651644,
            6.395908224432478e-05
        ],
        [
            0.015701507955432733,
            4.026366978293616e-05
        ],
        [
            0.02303078452408415,
            2.1661992813948316e-05
        ],
        [
            0.010930616683175408,
            7.338307364335162e-05
        ],
        [
            0.024078423878346595,
            4.7548105423178555e-05
        ],
        [
            0.024575576147233703,
            3.385065050709457e-05
        ],
        [
            0.02366062541851248,
            4.550209709730524e-05
        ],
        [
            0.010410715630944886,
            1.6649523575718028e-05
        ],
        [
            0.0056346420840592765,
            0.00023241546550711867
        ],
        [
            0.023432571389906454,
            1.180414414936326e-05
        ],
        [
            0.02024355842528324,
            9.218721976567146e-05
        ],
        [
            0.016817588775555736,
            3.790287069149745e-05
        ],
        [
            0.02391803679609159,
            2.7022018273314963e-05
        ],
        [
            0.023278423502231277,
            1.841289498372145e-05
        ],
        [
            0.016618070763559218,
            5.242651296932799e-05
        ],
        [
            0.024869130460568968,
            8.19878235935878e-06
        ],
        [
            0.015436635729198256,
            0.0001324346540587662
        ]
    ],
    "r_thresh_deg": 5,
    "t_thresh": 0.035,
    "t_thresh_prec": 0.04
}