{
    "match_ratio": 0.4,
    "recall": 0.4,
    "precision": 1.0,
    "n_avail": 20,
    "n_pred": 32,
    "out_scores": [
        0.9937936067581177,
        0.9777708649635315,
        0.993293046951294,
        0.9901713728904724,
        0.9926955699920654,
        0.9647468328475952,
        0.990909993648529,
        0.9684523344039917,
        0.9657512307167053,
        0.9933232665061951,
        0.9883700609207153,
        0.9696337580680847,
        0.9899279475212097,
        0.9563010931015015,
        0.9752724766731262,
        0.9847560524940491,
        0.9744195342063904,
        0.9947457313537598,
        0.9910715222358704,
        0.964823842048645,
        0.973999559879303,
        0.9920217394828796,
        0.9882503747940063,
        0.9932750463485718,
        0.9928050637245178,
        0.9560310244560242,
        0.9740070104598999,
        0.9696367979049683,
        0.9916428327560425,
        0.9801859855651855,
        0.9929256439208984,
        0.9780644178390503
    ],
    "min_trans_rot_dists": [
        [
            0.3455435448582531,
            4.827645604099651e-05
        ],
        [
            0.15297225043308474,
            0.9997596126722669
        ],
        [
            0.15692667545394723,
            0.9997243681760167
        ],
        [
            0.1532862825411982,
            0.00014102797607884465
        ],
        [
            0.3072047566521558,
            4.827645604099651e-05
        ],
        [
            0.11484641937067992,
            0.9997596126722669
        ],
        [
            0.11931688356037537,
            0.9997243681760167
        ],
        [
            0.11515944293524741,
            0.00014102797607884465
        ],
        [
            0.027426078353852676,
            0.00018806344310851042
        ],
        [
            0.030772725567883557,
            0.00019564525852333592
        ],
        [
            0.008201479257477367,
            0.00018470506903978112
        ],
        [
            0.01631201228650589,
            0.00022610299945158285
        ],
        [
            0.026348798116967765,
            4.520041757571924e-05
        ],
        [
            0.027936035223663832,
            0.00020682520617010258
        ],
        [
            0.011161711216814845,
            0.0002481297491354617
        ],
        [
            0.01802650747176224,
            1.4634549658332219e-05
        ],
        [
            0.11890608073018218,
            3.675721599172288e-05
        ],
        [
            0.10974431210505746,
            0.9999512277270178
        ],
        [
            0.11016155391186284,
            0.00014543351026419238
        ],
        [
            0.1174424129407027,
            0.9998194626093586
        ]
    ],
    "min_trans_rot_dists_prec": [
        [
            0.025197468327840266,
            4.827645604099651e-05
        ],
        [
            0.017345492328731393,
            0.00014102797607884465
        ],
        [
            0.012314449559783825,
            0.00020813555434529007
        ],
        [
            0.011312077490718612,
            0.00030479736506161537
        ],
        [
            0.02571999053170395,
            3.675721599172288e-05
        ],
        [
            0.017519024322967522,
            0.00023458552162314295
        ],
        [
            0.011367710737495497,
            0.00015000406433829383
        ],
        [
            0.028500185342474615,
            0.00028729584896414195
        ],
        [
            0.017434641277657793,
            0.00033326750949425055
        ],
        [
            0.02561060981107434,
            2.4597759010314135e-05
        ],
        [
            0.02941844139295224,
            0.00021682918153109743
        ],
        [
            0.028116081636268962,
            0.0005668235863456328
        ],
        [
            0.011825215364913873,
            0.00014543351026419238
        ],
        [
            0.017360936690666632,
            0.0002704712830409184
        ],
        [
            0.03136496166415789,
            0.0001957202345914677
        ],
        [
            0.02939941525623764,
            0.00011613438336322002
        ],
        [
            0.008760656684078673,
            0.00018040550424125446
        ],
        [
            0.013132145717321755,
            0.0003261504531034687
        ],
        [
            0.02695363772454469,
            3.102141934852032e-05
        ],
        [
            0.016949009320524948,
            0.00017853525744560006
        ],
        [
            0.008201479257477367,
            0.00018470506903978112
        ],
        [
            0.01223108143881288,
            0.000239591055808841
        ],
        [
            0.027936035223663832,
            0.00020682520617010258
        ],
        [
            0.01802650747176224,
            1.4634549658332219e-05
        ],
        [
            0.012047968906029922,
            0.00014783226429837537
        ],
        [
            0.01631201228650589,
            0.00022610299945158285
        ],
        [
            0.030772725567883557,
            0.00019564525852333592
        ],
        [
            0.028194050455749083,
            0.00013625982124954028
        ],
        [
            0.026348798116967765,
            4.520041757571924e-05
        ],
        [
            0.026900852835748848,
            0.0003408551412551475
        ],
        [
            0.011161711216814845,
            0.0002481297491354617
        ],
        [
            0.027426078353852676,
            0.00018806344310851042
        ]
    ],
    "r_thresh_deg": 5,
    "t_thresh": 0.035,
    "t_thresh_prec": 0.04
}