{
    "match_ratio": 0.5833333333333334,
    "recall": 0.5833333333333334,
    "precision": 0.9375,
    "n_avail": 12,
    "n_pred": 32,
    "out_scores": [
        0.9947478175163269,
        0.9875079989433289,
        0.9943349361419678,
        0.9848896861076355,
        0.9779711365699768,
        0.9755256175994873,
        0.8940218687057495,
        0.991000235080719,
        0.967362105846405,
        0.9714462161064148,
        0.9813922047615051,
        0.9806265234947205,
        0.9715684056282043,
        0.9899975061416626,
        0.9904401302337646,
        0.991510272026062,
        0.9845346212387085,
        0.9873411059379578,
        0.9316737651824951,
        0.9825848340988159,
        0.9809331893920898,
        0.9793776869773865,
        0.9717712998390198,
        0.9682670831680298,
        0.9876211285591125,
        0.9922060370445251,
        0.9900599718093872,
        0.9900487661361694,
        0.795656144618988,
        0.9861739873886108,
        0.9931057095527649,
        0.9771534204483032
    ],
    "min_trans_rot_dists": [
        [
            0.02030038082902675,
            0.00022357991287480505
        ],
        [
            0.02304921902621699,
            2.9907772777892916e-05
        ],
        [
            0.009261247086227773,
            4.3054044751578147e-05
        ],
        [
            0.016020983357830792,
            4.5369790221849726e-05
        ],
        [
            0.012050139344849572,
            0.0009866059324606935
        ],
        [
            0.017348390006688034,
            0.9993071302726336
        ],
        [
            0.0064378958652049805,
            0.0012156664793173677
        ],
        [
            0.017348390006688034,
            0.0007048834176925922
        ],
        [
            0.25577178395541406,
            0.0002744561872257689
        ],
        [
            0.04376125199706778,
            0.9993071302726336
        ],
        [
            0.24896238418530797,
            5.412493508705207e-05
        ],
        [
            0.04376125199706778,
            0.0007048834176925922
        ]
    ],
    "min_trans_rot_dists_prec": [
        [
            0.01834655927650403,
            0.0002744561872257689
        ],
        [
            0.016055165289830087,
            3.08819412575545e-05
        ],
        [
            0.01921440653932718,
            0.0001505223670450473
        ],
        [
            0.015086378693606153,
            2.7863842200659406e-05
        ],
        [
            0.015229774110587653,
            1.5732505911469907e-05
        ],
        [
            0.0095293822263229,
            6.299301088219522e-05
        ],
        [
            0.3325370543576804,
            0.0005648147309006424
        ],
        [
            0.01480506990399378,
            5.868240267803415e-05
        ],
        [
            0.010630611046003626,
            0.00014310690866914388
        ],
        [
            0.010781820565339986,
            0.00012758165346360428
        ],
        [
            0.009584878654159835,
            7.171026474528386e-05
        ],
        [
            0.008438496751084712,
            9.638917930931967e-05
        ],
        [
            0.010199311040430608,
            5.412493508705207e-05
        ],
        [
            0.014627581078539674,
            3.3965194863094794e-05
        ],
        [
            0.02091334296419042,
            0.00038628042622046443
        ],
        [
            0.02035359959932976,
            0.00023326553130509353
        ],
        [
            0.007956706081722796,
            3.172180634558597e-05
        ],
        [
            0.014455215602537555,
            3.2139419943066905e-05
        ],
        [
            0.32229696909184724,
            0.9999771899429575
        ],
        [
            0.024680084096061733,
            5.9681991094628906e-05
        ],
        [
            0.02432628499433911,
            9.690976986476141e-05
        ],
        [
            0.008879534830258171,
            0.00011565227744059214
        ],
        [
            0.009559959182578133,
            0.00015040837275004382
        ],
        [
            0.02304921902621699,
            2.9907772777892916e-05
        ],
        [
            0.014615459767105885,
            4.908697550998209e-05
        ],
        [
            0.012050139344849572,
            0.0009866059324606935
        ],
        [
            0.01491823721051351,
            0.00013000873088142573
        ],
        [
            0.016020983357830792,
            4.5369790221849726e-05
        ],
        [
            0.0064378958652049805,
            0.0012156664793173677
        ],
        [
            0.017348390006688034,
            0.0007048834176925922
        ],
        [
            0.02030038082902675,
            0.00022357991287480505
        ],
        [
            0.009261247086227773,
            4.3054044751578147e-05
        ]
    ],
    "r_thresh_deg": 5,
    "t_thresh": 0.035,
    "t_thresh_prec": 0.04
}