{
    "match_ratio": 0.35714285714285715,
    "recall": 0.35714285714285715,
    "precision": 1.0,
    "n_avail": 28,
    "n_pred": 32,
    "out_scores": [
        0.9927065968513489,
        0.9783914685249329,
        0.9106929898262024,
        0.9033531546592712,
        0.9924998879432678,
        0.9889001846313477,
        0.989175021648407,
        0.9932249188423157,
        0.9896450042724609,
        0.929386556148529,
        0.99077308177948,
        0.9920241832733154,
        0.9937500357627869,
        0.9808366298675537,
        0.6018547415733337,
        0.988754391670227,
        0.9328548908233643,
        0.9933722019195557,
        0.9911366701126099,
        0.9838196635246277,
        0.23037327826023102,
        0.04707010090351105,
        0.9911333918571472,
        0.9893465638160706,
        0.9095561504364014,
        0.821646511554718,
        0.9267761707305908,
        0.9829226732254028,
        0.9326978325843811,
        0.02033599652349949,
        0.9869155883789062,
        0.9912815093994141
    ],
    "min_trans_rot_dists": [
        [
            0.4937730838172416,
            7.200982081256857e-05
        ],
        [
            0.49210812585469704,
            6.695070170248396e-05
        ],
        [
            0.23162941537761586,
            0.0001285843262797126
        ],
        [
            0.14872425532997371,
            0.9999287421410336
        ],
        [
            0.4047845727792706,
            7.200982081256857e-05
        ],
        [
            0.4031424619641694,
            6.695070170248396e-05
        ],
        [
            0.14318843194586683,
            0.0001285843262797126
        ],
        [
            0.06183549300676561,
            0.9999287421410336
        ],
        [
            0.3602969905364716,
            7.200982081256857e-05
        ],
        [
            0.02490010506091867,
            9.688691362819135e-05
        ],
        [
            0.09935956185125774,
            0.0001285843262797126
        ],
        [
            0.02490010506091867,
            0.9999287421410336
        ],
        [
            0.01725647261285362,
            8.835073712099017e-05
        ],
        [
            0.26976679799677855,
            6.695070170248396e-05
        ],
        [
            0.022986980572353412,
            0.00018551002744338074
        ],
        [
            0.024617357571276442,
            0.0002218874865317355
        ],
        [
            0.09386425079079447,
            7.200982081256857e-05
        ],
        [
            0.09265743102988384,
            6.695070170248396e-05
        ],
        [
            0.09386425079079447,
            0.9999826565098676
        ],
        [
            0.09520450954164396,
            0.9999720677744595
        ],
        [
            0.012578010152843848,
            8.347684430942692e-05
        ],
        [
            0.01588407866218861,
            1.1733347691444962e-05
        ],
        [
            0.014150552234425183,
            4.321892742253919e-05
        ],
        [
            0.01620541004755292,
            0.9999720677744595
        ],
        [
            0.012197397602283624,
            0.00022354793280821017
        ],
        [
            0.02054452143170667,
            0.00014611300441902397
        ],
        [
            0.01172270535245659,
            0.99988854408741
        ],
        [
            0.0242723141600499,
            0.0002172800329736102
        ]
    ],
    "min_trans_rot_dists_prec": [
        [
            0.01620541004755292,
            7.733717074753788e-05
        ],
        [
            0.01174689594514082,
            5.9505077381061255e-05
        ],
        [
            0.013322523877934525,
            7.200982081256857e-05
        ],
        [
            0.02490010506091867,
            9.688691362819135e-05
        ],
        [
            0.015474556580826356,
            2.9866652767829294e-05
        ],
        [
            0.01172270535245659,
            0.0001284049372225482
        ],
        [
            0.01634431520805278,
            6.695070170248396e-05
        ],
        [
            0.01498927805334228,
            2.207102002504957e-05
        ],
        [
            0.014815459363693712,
            2.086460010830571e-05
        ],
        [
            0.01949656612280615,
            0.00017944215136300734
        ],
        [
            0.016199557733158943,
            2.09433114155555e-05
        ],
        [
            0.013494948832875883,
            3.412965083193775e-05
        ],
        [
            0.014573873593561205,
            2.1649373654453186e-05
        ],
        [
            0.012577090101728089,
            6.444658245741142e-05
        ],
        [
            0.023012508848425334,
            6.219474338031716e-05
        ],
        [
            0.016653177991193403,
            5.3209643613216784e-05
        ],
        [
            0.022341967437201963,
            0.0001285843262797126
        ],
        [
            0.014150552234425183,
            4.321892742253919e-05
        ],
        [
            0.016874633760679915,
            3.6832868753999826e-05
        ],
        [
            0.014120053340073924,
            4.670033966291953e-05
        ],
        [
            0.0242723141600499,
            0.0002172800329736102
        ],
        [
            0.024617357571276442,
            0.0002218874865317355
        ],
        [
            0.01664991906936963,
            3.479765986691419e-05
        ],
        [
            0.011118753318160967,
            8.777423099082249e-05
        ],
        [
            0.022986980572353412,
            0.00018551002744338074
        ],
        [
            0.02054452143170667,
            0.00014611300441902397
        ],
        [
            0.01305444248709023,
            7.397086454252744e-05
        ],
        [
            0.013361903046395195,
            8.148787945549962e-05
        ],
        [
            0.012578010152843848,
            8.347684430942692e-05
        ],
        [
            0.01725647261285362,
            8.835073712099017e-05
        ],
        [
            0.012197397602283624,
            0.00022354793280821017
        ],
        [
            0.01588407866218861,
            1.1733347691444962e-05
        ]
    ],
    "r_thresh_deg": 5,
    "t_thresh": 0.035,
    "t_thresh_prec": 0.04
}