{
    "match_ratio": 0.5,
    "recall": 0.5,
    "precision": 1.0,
    "n_avail": 20,
    "n_pred": 32,
    "out_scores": [
        1.0,
        1.0,
        1.0,
        1.0,
        1.0,
        1.0,
        1.0,
        1.0,
        1.0,
        1.0,
        1.0,
        1.0,
        1.0,
        1.0,
        1.0,
        1.0,
        1.0,
        1.0,
        1.0,
        1.0,
        1.0,
        1.0,
        1.0,
        1.0,
        1.0,
        1.0,
        1.0,
        1.0,
        1.0,
        1.0,
        1.0,
        1.0
    ],
    "min_trans_rot_dists": [
        [
            0.038207353234977544,
            0.9993190020751002
        ],
        [
            0.15742588538177527,
            0.0002219241224661328
        ],
        [
            0.038207353234977544,
            0.0007215309887784738
        ],
        [
            0.03738861588295103,
            0.9993066917630128
        ],
        [
            0.024732542966863124,
            0.9993190020751002
        ],
        [
            0.005061961978579061,
            0.0007635021580775225
        ],
        [
            0.024732542966863124,
            0.0007215309887784738
        ],
        [
            0.005061961978579061,
            0.9993066917630128
        ],
        [
            0.019361586206993887,
            0.00012170468494943076
        ],
        [
            0.006582341253403413,
            0.00020731263895257257
        ],
        [
            0.023936739797637257,
            0.00028456256798881086
        ],
        [
            0.01780950560146135,
            0.0005218997557269178
        ],
        [
            0.01923437824654263,
            4.339900321193024e-05
        ],
        [
            0.0029305089375458145,
            0.00047915511911211794
        ],
        [
            0.023684332772562863,
            0.0004984230768784181
        ],
        [
            0.016866782446396094,
            3.5405093729012904e-06
        ],
        [
            0.11886188570989006,
            2.6088888293362977e-05
        ],
        [
            0.3038466734547086,
            0.00020731263895257257
        ],
        [
            0.11736745011432576,
            0.0004984230768784181
        ],
        [
            0.11662110940073699,
            2.2015365649386e-05
        ]
    ],
    "min_trans_rot_dists_prec": [
        [
            0.006409292861670313,
            0.0002219241224661328
        ],
        [
            0.024732542966863124,
            0.0007215309887784738
        ],
        [
            0.020023998256626926,
            8.763373988396328e-05
        ],
        [
            0.015233282345045071,
            2.2015365649386e-05
        ],
        [
            0.003836791425080683,
            0.0005819531722687232
        ],
        [
            0.01824740921395636,
            2.6088888293362977e-05
        ],
        [
            0.023684332772562863,
            0.0004984230768784181
        ],
        [
            0.017631103296159342,
            4.9257775134980974e-05
        ],
        [
            0.016404040337332743,
            0.0003015964572833374
        ],
        [
            0.015995722387893884,
            1.7129031526952332e-05
        ],
        [
            0.020810465733337266,
            0.000135136805830105
        ],
        [
            0.02318497735080979,
            0.00022315017348395472
        ],
        [
            0.005061961978579061,
            0.0007635021580775225
        ],
        [
            0.014536686459077148,
            3.389799317798925e-06
        ],
        [
            0.023231202428796133,
            0.0001342411058099513
        ],
        [
            0.016707951950400795,
            0.00032956262331840236
        ],
        [
            0.018752491540350982,
            5.114606886080786e-05
        ],
        [
            0.01730202908120068,
            0.00037036069740670197
        ],
        [
            0.0029305089375458145,
            0.00047915511911211794
        ],
        [
            0.02287035189041143,
            0.0002089605446382592
        ],
        [
            0.019720402559180537,
            0.00018441467771812547
        ],
        [
            0.01698451244787154,
            0.00013267956760110167
        ],
        [
            0.020299841626621764,
            0.0002110290922731073
        ],
        [
            0.023462526005045413,
            0.00020161371786908688
        ],
        [
            0.023936739797637257,
            0.00028456256798881086
        ],
        [
            0.01780950560146135,
            0.0005218997557269178
        ],
        [
            0.016581196283265508,
            2.9675706185838813e-05
        ],
        [
            0.006582341253403413,
            0.00020731263895257257
        ],
        [
            0.015418986718710372,
            6.764619219112866e-06
        ],
        [
            0.016866782446396094,
            3.5405093729012904e-06
        ],
        [
            0.019361586206993887,
            0.00012170468494943076
        ],
        [
            0.01923437824654263,
            4.339900321193024e-05
        ]
    ],
    "r_thresh_deg": 5,
    "t_thresh": 0.035,
    "t_thresh_prec": 0.04
}