{
    "match_ratio": 0.5357142857142857,
    "recall": 0.5357142857142857,
    "precision": 1.0,
    "n_avail": 28,
    "n_pred": 32,
    "out_scores": [
        1.0,
        1.0,
        1.0,
        1.0,
        1.0,
        1.0,
        1.0,
        1.0,
        1.0,
        1.0,
        1.0,
        1.0,
        1.0,
        1.0,
        1.0,
        1.0,
        1.0,
        1.0,
        1.0,
        1.0,
        1.0,
        1.0,
        1.0,
        1.0,
        1.0,
        1.0,
        1.0,
        1.0,
        1.0,
        1.0,
        1.0,
        1.0
    ],
    "min_trans_rot_dists": [
        [
            0.09774751100314277,
            0.9996373902093603
        ],
        [
            0.09774751100314277,
            0.0005346113376545336
        ],
        [
            0.09258453097540649,
            0.9997953809112515
        ],
        [
            0.09258453097540649,
            0.000436098684912789
        ],
        [
            0.014845637549599526,
            0.9996373902093603
        ],
        [
            0.016029050147421006,
            0.0005640779508434557
        ],
        [
            0.023689327697487796,
            0.000253716855176056
        ],
        [
            0.016255215151700926,
            0.00048031273033100064
        ],
        [
            0.018052534556247363,
            0.0008009573064918785
        ],
        [
            0.023693648098171236,
            0.00044267726001656627
        ],
        [
            0.03137401214470331,
            0.0006396582775565207
        ],
        [
            0.03256053685531363,
            0.00048031273033100064
        ],
        [
            0.019844913642722353,
            0.0011227887630019806
        ],
        [
            0.11066622776790619,
            0.00044267726001656627
        ],
        [
            0.019844913642722353,
            0.9988875982089879
        ],
        [
            0.09820331960715804,
            0.0004211608160702429
        ],
        [
            0.014885378266361883,
            0.0004084792454700503
        ],
        [
            0.012829318964706078,
            0.0011586402468849455
        ],
        [
            0.015561055466383006,
            0.0004449612996576535
        ],
        [
            0.011966777340132179,
            0.0003276391143632873
        ],
        [
            0.02141069733381619,
            0.0009812627614952385
        ],
        [
            0.017055241266171344,
            0.0002798968256634282
        ],
        [
            0.018843514211929653,
            0.0022893227518407944
        ],
        [
            0.09416471103094771,
            0.0003111120234696729
        ],
        [
            0.08848021775830546,
            0.997962023585327
        ],
        [
            0.08579982624821367,
            0.0002798968256634282
        ],
        [
            0.16990900909571446,
            0.0004449612996576535
        ],
        [
            0.18281814669021437,
            0.0003111120234696729
        ]
    ],
    "min_trans_rot_dists_prec": [
        [
            0.03869530305365389,
            0.0005346113376545336
        ],
        [
            0.016988282477183498,
            0.0006143491233416842
        ],
        [
            0.014114996090989287,
            0.0004211608160702429
        ],
        [
            0.018843514211929653,
            0.0022893227518407944
        ],
        [
            0.017055241266171344,
            0.0002798968256634282
        ],
        [
            0.03830183498373147,
            0.0005461366313568305
        ],
        [
            0.015950279319679045,
            0.0004521073215967286
        ],
        [
            0.013853759707566906,
            0.000981793833562672
        ],
        [
            0.012737510863837872,
            0.0003111120234696729
        ],
        [
            0.03309667217136647,
            0.0003990004236062994
        ],
        [
            0.02141069733381619,
            0.0009812627614952385
        ],
        [
            0.014894818601388228,
            0.00048619197922494806
        ],
        [
            0.015469618632087729,
            0.0005893640504911479
        ],
        [
            0.015561055466383006,
            0.0004449612996576535
        ],
        [
            0.012936396849267291,
            0.0010561805050923745
        ],
        [
            0.015803095162947728,
            0.0006101036457681897
        ],
        [
            0.01424734957793319,
            0.0005588581836786233
        ],
        [
            0.019844913642722353,
            0.0011227887630019806
        ],
        [
            0.03551437367326003,
            0.0005386976019915446
        ],
        [
            0.018052534556247363,
            0.0008009573064918785
        ],
        [
            0.03137401214470331,
            0.0006396582775565207
        ],
        [
            0.014905780244624198,
            0.0005271223704438333
        ],
        [
            0.01611941846315878,
            0.0005903708020014165
        ],
        [
            0.009590610678439943,
            0.000436098684912789
        ],
        [
            0.014885378266361883,
            0.0004084792454700503
        ],
        [
            0.012829318964706078,
            0.0011586402468849455
        ],
        [
            0.03754803181741608,
            0.0002602217756058067
        ],
        [
            0.035061212731836884,
            0.000253716855176056
        ],
        [
            0.023693648098171236,
            0.00044267726001656627
        ],
        [
            0.03256053685531363,
            0.00048031273033100064
        ],
        [
            0.03801265856397353,
            0.0005640779508434557
        ],
        [
            0.011966777340132179,
            0.0003276391143632873
        ]
    ],
    "r_thresh_deg": 5,
    "t_thresh": 0.035,
    "t_thresh_prec": 0.04
}