{
    "match_ratio": 0.3269230769230769,
    "recall": 0.3269230769230769,
    "precision": 1.0,
    "n_avail": 52,
    "n_pred": 32,
    "out_scores": [
        0.9916087985038757,
        0.8251380324363708,
        0.9848858714103699,
        0.9942982792854309,
        0.9385965466499329,
        0.990885853767395,
        0.3142768442630768,
        0.9871616959571838,
        0.9836607575416565,
        0.8245551586151123,
        0.058311644941568375,
        0.9952239394187927,
        0.9478567242622375,
        0.902952253818512,
        0.8804959058761597,
        0.9935460686683655,
        0.757311224937439,
        0.9869465827941895,
        0.9961053729057312,
        0.8736141324043274,
        0.9890700578689575,
        0.9954262375831604,
        0.9953354001045227,
        0.9911647439002991,
        0.9941346049308777,
        0.5000960826873779,
        0.978343665599823,
        0.954243004322052,
        0.954160749912262,
        0.9295769929885864,
        0.0153570044785738,
        0.9946505427360535
    ],
    "min_trans_rot_dists": [
        [
            0.03425269400897559,
            1.06053666444339e-05
        ],
        [
            0.02973941982933434,
            0.0003581224360870161
        ],
        [
            0.03113116230865042,
            0.0005304614274426189
        ],
        [
            0.33091918519027796,
            8.9856167290292e-05
        ],
        [
            0.009703798704147674,
            1.06053666444339e-05
        ],
        [
            0.01428757030227959,
            0.0003581224360870161
        ],
        [
            0.017017549471400013,
            0.0005304614274426189
        ],
        [
            0.3176404096920316,
            8.9856167290292e-05
        ],
        [
            0.08591026752466922,
            4.516068241033899e-06
        ],
        [
            0.11017753505989158,
            6.018144721553487e-05
        ],
        [
            0.09182709279771865,
            0.0005304614274426189
        ],
        [
            0.30524252306811933,
            8.9856167290292e-05
        ],
        [
            0.03766923658721602,
            0.00013843127736501426
        ],
        [
            0.029754663991175854,
            8.659420341960988e-05
        ],
        [
            0.033983915603396336,
            4.042311567087342e-05
        ],
        [
            0.028425333558669934,
            0.0002695967176975511
        ],
        [
            0.007548453174459405,
            0.00013843127736501426
        ],
        [
            0.014075852112847101,
            8.659420341960988e-05
        ],
        [
            0.013956712003137674,
            4.042311567087342e-05
        ],
        [
            0.017797890085126035,
            0.0002695967176975511
        ],
        [
            0.12072547295890779,
            0.00024288163661989604
        ],
        [
            0.12808283294050787,
            0.00010330400854363653
        ],
        [
            0.12072547295890779,
            0.999796001512415
        ],
        [
            0.3821249563011693,
            8.9856167290292e-05
        ],
        [
            0.20024158265563646,
            0.00024288163661989604
        ],
        [
            0.20756839687632317,
            0.00010330400854363653
        ],
        [
            0.20024158265563646,
            0.999796001512415
        ],
        [
            0.434710137641111,
            8.9856167290292e-05
        ],
        [
            0.24149903301866443,
            0.9995872073665828
        ],
        [
            0.24045013489621492,
            0.0003052834510430813
        ],
        [
            0.24275278829256985,
            0.00041196184417524595
        ],
        [
            0.24595058275588294,
            3.0114673075565257e-05
        ],
        [
            0.16219538329242048,
            0.9995872073665828
        ],
        [
            0.16109649101599874,
            0.0003052834510430813
        ],
        [
            0.16365362194404448,
            0.00041196184417524595
        ],
        [
            0.1667874355741669,
            3.0114673075565257e-05
        ],
        [
            0.02286469560845016,
            0.00023038525029639434
        ],
        [
            0.015877174253121178,
            0.0003883367220833822
        ],
        [
            0.01421461118324632,
            0.00032518659718394627
        ],
        [
            0.02920073517326593,
            9.502608830891379e-05
        ],
        [
            0.07185996097280757,
            0.0001593930547181266
        ],
        [
            0.07185996097280757,
            0.9998772355684629
        ],
        [
            0.07308080509866385,
            0.9999715365196716
        ],
        [
            0.07308080509866385,
            8.9856167290292e-05
        ],
        [
            0.14940952642856611,
            0.0001593930547181266
        ],
        [
            0.14940952642856611,
            0.9998772355684629
        ],
        [
            0.1515133619638719,
            0.9999715365196716
        ],
        [
            0.1515133619638719,
            8.9856167290292e-05
        ],
        [
            0.3076504541210421,
            0.0001593930547181266
        ],
        [
            0.3076504541210421,
            0.9998772355684629
        ],
        [
            0.3101518636944378,
            0.9999715365196716
        ],
        [
            0.3101518636944378,
            8.9856167290292e-05
        ]
    ],