{
    "match_ratio": 0.42857142857142855,
    "recall": 0.42857142857142855,
    "precision": 0.90625,
    "n_avail": 28,
    "n_pred": 32,
    "out_scores": [
        0.9614844918251038,
        0.9902952909469604,
        0.9920420050621033,
        0.9884217381477356,
        0.0018413644284009933,
        0.8620419502258301,
        0.8056899309158325,
        0.8059903383255005,
        0.9909529685974121,
        0.932705819606781,
        0.9459346532821655,
        0.9926416277885437,
        0.8173276782035828,
        0.9266209006309509,
        0.9819470643997192,
        0.9961830973625183,
        0.6870207786560059,
        0.9809366464614868,
        0.9926992058753967,
        0.8836768269538879,
        0.9353818297386169,
        0.9257574081420898,
        0.9459046721458435,
        0.08468643575906754,
        0.9870327711105347,
        0.9280378222465515,
        0.7710760235786438,
        0.9542790651321411,
        0.9949445128440857,
        0.9887933135032654,
        0.9896284341812134,
        0.9422120451927185
    ],
    "min_trans_rot_dists": [
        [
            0.08162124121022044,
            0.0003313163116189788
        ],
        [
            0.08162124121022044,
            0.9999155760233288
        ],
        [
            0.08162124121022044,
            0.9997791642402333
        ],
        [
            0.22393169891806458,
            4.748362455353483e-05
        ],
        [
            0.00867704712592334,
            0.0003313163116189788
        ],
        [
            0.00867704712592334,
            0.9999155760233288
        ],
        [
            0.00867704712592334,
            0.9997791642402333
        ],
        [
            0.13955916761200263,
            4.748362455353483e-05
        ],
        [
            0.019766322127635495,
            0.9999295563334788
        ],
        [
            0.030454626350046733,
            0.9999793862049714
        ],
        [
            0.021361614421578728,
            0.0001522754538264559
        ],
        [
            0.03275143854660223,
            9.9954257057e-05
        ],
        [
            0.02265356896773414,
            0.9999649581946077
        ],
        [
            0.02265356896773414,
            0.00029695803865947834
        ],
        [
            0.031847874136776776,
            0.0001522754538264559
        ],
        [
            0.04304755493438876,
            4.0595411569088746e-05
        ],
        [
            0.007107304432346361,
            4.806665605816551e-05
        ],
        [
            0.019588715140858193,
            4.6682230989913975e-05
        ],
        [
            0.017943947238380494,
            5.5795590503393555e-06
        ],
        [
            0.029007364741265154,
            0.00019616428955093745
        ],
        [
            0.04981562744066847,
            0.9997951262047446
        ],
        [
            0.08461672095097046,
            4.6682230989913975e-05
        ],
        [
            0.06489016118089319,
            8.339224235931475e-06
        ],
        [
            0.2465430265534884,
            4.0595411569088746e-05
        ],
        [
            0.02368958634163686,
            0.00010824589689806263
        ],
        [
            0.027555740283087247,
            0.0004810548805790349
        ],
        [
            0.021037703191127775,
            3.74963380538329e-05
        ],
        [
            0.3316309040407696,
            4.0595411569088746e-05
        ]
    ],
    "min_trans_rot_dists_prec": [
        [
            0.030454626350046733,
            4.748362455353483e-05
        ],
        [
            0.019903024655220224,
            4.855960280214511e-05
        ],
        [
            0.3386455431919931,
            0.00022301419258441424
        ],
        [
            0.02265356896773414,
            0.00029695803865947834
        ],
        [
            0.029726156851050456,
            2.2949013254391915e-05
        ],
        [
            0.032006690720367,
            0.000103551430659099
        ],
        [
            0.03224994840022067,
            4.73877976393533e-05
        ],
        [
            0.019588715140858193,
            4.6682230989913975e-05
        ],
        [
            0.034341276755052864,
            0.00010244074422416372
        ],
        [
            0.03184940293651322,
            8.362185761168206e-05
        ],
        [
            0.02759302648747193,
            0.00021219366068825352
        ],
        [
            0.031847874136776776,
            0.0001522754538264559
        ],
        [
            0.3029860156671011,
            0.00012507847596199273
        ],
        [
            0.0310382716412526,
            7.970305432958291e-05
        ],
        [
            0.008211395379046738,
            3.7298059286094976e-05
        ],
        [
            0.00867704712592334,
            0.0003313163116189788
        ],
        [
            0.03295560302256212,
            2.5734417140488297e-05
        ],
        [
            0.021323570860088934,
            1.9275295170317897e-05
        ],
        [
            0.01774037584086568,
            1.9334544664184605e-05
        ],
        [
            0.029007364741265154,
            0.00019616428955093745
        ],
        [
            0.021037703191127775,
            3.74963380538329e-05
        ],
        [
            0.031757376494247376,
            0.00012121243108909052
        ],
        [
            0.032380449420229065,
            4.0595411569088746e-05
        ],
        [
            0.02368958634163686,
            0.00010824589689806263
        ],
        [
            0.006537439870873803,
            6.929316324144619e-05
        ],
        [
            0.005642198008693844,
            2.9185754699012634e-05
        ],
        [
            0.4287501232632199,
            0.00012865432230013685
        ],
        [
            0.007107304432346361,
            4.806665605816551e-05
        ],
        [
            0.02739156958309115,
            8.339224235931475e-06
        ],
        [
            0.027555740283087247,
            0.0004810548805790349
        ],
        [
            0.017943947238380494,
            5.5795590503393555e-06
        ],
        [
            0.03275143854660223,
            9.9954257057e-05
        ]
    ],
    "r_thresh_deg": 5,
    "t_thresh": 0.035,
    "t_thresh_prec": 0.04
}