{
    "match_ratio": 0.5,
    "recall": 0.5,
    "precision": 0.90625,
    "n_avail": 8,
    "n_pred": 32,
    "out_scores": [
        0.9924170970916748,
        0.9902780652046204,
        0.9925002455711365,
        0.9898598790168762,
        0.9912011623382568,
        0.9936240911483765,
        0.9932093024253845,
        0.9924224019050598,
        0.9910775423049927,
        0.968461275100708,
        0.9948452711105347,
        0.9830005168914795,
        0.9900193214416504,
        0.9910030364990234,
        0.9944250583648682,
        0.9936497807502747,
        0.991081178188324,
        0.9928537011146545,
        0.9940097332000732,
        0.9932714104652405,
        0.9904808402061462,
        0.9924072623252869,
        0.990702748298645,
        0.99101322889328,
        0.9931469559669495,
        0.9913014769554138,
        0.9886366724967957,
        0.991936206817627,
        0.987114429473877,
        0.9934768080711365,
        0.990985631942749,
        0.991908073425293
    ],
    "min_trans_rot_dists": [
        [
            0.11230830945144239,
            0.9998907829516086
        ],
        [
            0.11230830945144239,
            0.999999753905385
        ],
        [
            0.11230830945144239,
            0.00011142238347705558
        ],
        [
            0.11230830945144239,
            0.9999980407595294
        ],
        [
            0.0204456762355849,
            0.00018281819077758943
        ],
        [
            0.0200949396850706,
            4.783130197894003e-05
        ],
        [
            0.013503994089348523,
            4.9051314304771054e-06
        ],
        [
            0.013170451216015169,
            5.232556457746007e-05
        ]
    ],
    "min_trans_rot_dists_prec": [
        [
            0.012682513049833926,
            0.00011142238347705558
        ],
        [
            0.01837303283848852,
            2.218061429060114e-05
        ],
        [
            0.013556197319698007,
            5.8252457833529725e-05
        ],
        [
            0.01870987525880079,
            1.7360410532463177e-05
        ],
        [
            0.01960432283519,
            0.00010050102254755
        ],
        [
            0.012822751639482266,
            5.018890676300458e-05
        ],
        [
            0.011932392789662287,
            4.4380101149599227e-07
        ],
        [
            0.02059453869860823,
            0.00019382027563152882
        ],
        [
            0.23755203405901856,
            0.00016918772664442638
        ],
        [
            0.24171425941727545,
            0.9998434137618304
        ],
        [
            0.019193916520172636,
            0.00024315885588566122
        ],
        [
            0.251720781307407,
            5.9777406706484904e-05
        ],
        [
            0.018862375657570075,
            1.3843713803862734e-05
        ],
        [
            0.019155952654858723,
            0.00010991047748465377
        ],
        [
            0.012866599553868322,
            3.284615842302774e-05
        ],
        [
            0.020005076036392015,
            0.00011709718441743622
        ],
        [
            0.01959252047295329,
            2.3111928354468958e-05
        ],
        [
            0.012604203201187578,
            1.2943916641638964e-05
        ],
        [
            0.0204456762355849,
            0.00018281819077758943
        ],
        [
            0.013058681710882822,
            2.828942219768038e-05
        ],
        [
            0.01876273151393502,
            0.00016057479242881367
        ],
        [
            0.01253734397826775,
            1.000656000449407e-05
        ],
        [
            0.01875021750408249,
            9.788587394765624e-05
        ],
        [
            0.013278292526100417,
            2.4968958483695403e-05
        ],
        [
            0.013148503309526206,
            8.776045124714305e-05
        ],
        [
            0.013445448512520799,
            2.2478256176405864e-06
        ],
        [
            0.018214420593493565,
            2.549153343622823e-05
        ],
        [
            0.013525804638531555,
            2.57323787322683e-06
        ],
        [
            0.015091350042211498,
            7.237281133876117e-05
        ],
        [
            0.013170451216015169,
            5.232556457746007e-05
        ],
        [
            0.013503994089348523,
            4.9051314304771054e-06
        ],
        [
            0.0200949396850706,
            4.783130197894003e-05
        ]
    ],
    "r_thresh_deg": 5,
    "t_thresh": 0.035,
    "t_thresh_prec": 0.04
}