{
    "match_ratio": 0.5,
    "recall": 0.5,
    "precision": 1.0,
    "n_avail": 16,
    "n_pred": 32,
    "out_scores": [
        0.9915977716445923,
        0.9057723879814148,
        0.8290509581565857,
        0.9218273758888245,
        0.6802853345870972,
        0.98826664686203,
        0.9385567307472229,
        0.990748941898346,
        0.7782857418060303,
        0.9899269342422485,
        0.8551799654960632,
        0.9537971615791321,
        0.9458070993423462,
        0.8509398698806763,
        0.9669771790504456,
        0.9455307722091675,
        0.9001956582069397,
        0.9824066162109375,
        0.9919920563697815,
        0.8897350430488586,
        0.9724651575088501,
        0.8655423521995544,
        0.9247967004776001,
        0.766408383846283,
        0.8703604340553284,
        0.9925547242164612,
        0.973730206489563,
        0.9450518488883972,
        0.9569404721260071,
        0.9185010194778442,
        0.8712785243988037,
        0.9927943348884583
    ],
    "min_trans_rot_dists": [
        [
            0.03717092422889652,
            0.0004584188559210167
        ],
        [
            0.13049257197106148,
            0.0016645729832394096
        ],
        [
            0.03717092422889652,
            0.999810259520577
        ],
        [
            0.012732626867849997,
            0.0014039905796677798
        ],
        [
            0.02840774201563466,
            0.00043359211191007496
        ],
        [
            0.015933901287113986,
            0.0025495449401817805
        ],
        [
            0.021149814246953984,
            0.0008095027620943496
        ],
        [
            0.007329179374954787,
            0.0009722575293251712
        ],
        [
            0.03155760366901289,
            0.00042887689614079516
        ],
        [
            0.02192819013849892,
            0.0012624561023321101
        ],
        [
            0.02480402093066169,
            0.0009405833504385619
        ],
        [
            0.26128491797170583,
            0.0007392893205351303
        ],
        [
            0.04746372721751283,
            0.00042887689614079516
        ],
        [
            0.05237207466824157,
            0.0012624561023321101
        ],
        [
            0.05191296876368758,
            0.0011389350706566548
        ],
        [
            0.30602035798543686,
            0.0007392893205351303
        ]
    ],
    "min_trans_rot_dists_prec": [
        [
            0.01681931658575669,
            0.00220934721096977
        ],
        [
            0.024634069409945673,
            0.001378676933601386
        ],
        [
            0.03717092422889652,
            0.0004584188559210167
        ],
        [
            0.007089682598776963,
            0.0010485237666563174
        ],
        [
            0.037858846702219624,
            0.00033666610458416013
        ],
        [
            0.021863805650503103,
            0.0005714306227083688
        ],
        [
            0.0283639803595451,
            0.00046859776295127276
        ],
        [
            0.02213330441601174,
            0.0011952791260988471
        ],
        [
            0.012732626867849997,
            0.0014039905796677798
        ],
        [
            0.017595583408122145,
            0.0016645729832394096
        ],
        [
            0.009819846211727375,
            0.0007392893205351303
        ],
        [
            0.02869839459568692,
            0.0004204969852509288
        ],
        [
            0.028748690961997253,
            0.0003678874676873445
        ],
        [
            0.008811020005954726,
            0.000874338612272596
        ],
        [
            0.022075045507209345,
            0.001886598227669345
        ],
        [
            0.02865093981711804,
            0.00043529420853105627
        ],
        [
            0.028821436949108263,
            0.0006599753790573759
        ],
        [
            0.021149814246953984,
            0.0008095027620943496
        ],
        [
            0.015191981867903288,
            0.002525951261587167
        ],
        [
            0.02311606039544037,
            0.0011389350706566548
        ],
        [
            0.021376481116885088,
            0.0015620907193000244
        ],
        [
            0.03163043332841651,
            0.0005404920556189019
        ],
        [
            0.0069734539657595246,
            0.001029631143698806
        ],
        [
            0.008745756561172626,
            0.0008132495994802591
        ],
        [
            0.007329179374954787,
            0.0009722575293251712
        ],
        [
            0.017769848356727305,
            0.001715119739983284
        ],
        [
            0.02192819013849892,
            0.0012624561023321101
        ],
        [
            0.03222605421301756,
            0.00046780910000920883
        ],
        [
            0.02840774201563466,
            0.00043359211191007496
        ],
        [
            0.02480402093066169,
            0.0009405833504385619
        ],
        [
            0.03155760366901289,
            0.00042887689614079516
        ],
        [
            0.015933901287113986,
            0.0025495449401817805
        ]
    ],
    "r_thresh_deg": 5,
    "t_thresh": 0.035,
    "t_thresh_prec": 0.04
}