{
    "match_ratio": 0.35714285714285715,
    "recall": 0.35714285714285715,
    "precision": 1.0,
    "n_avail": 28,
    "n_pred": 32,
    "out_scores": [
        0.9759581089019775,
        0.287734717130661,
        0.02378719672560692,
        0.21635936200618744,
        0.28980469703674316,
        0.9618531465530396,
        0.9947262406349182,
        0.9567945003509521,
        0.03897929564118385,
        0.9117631912231445,
        0.9635095596313477,
        0.7305514216423035,
        0.19548943638801575,
        0.013950120657682419,
        0.03324689343571663,
        0.9502513408660889,
        0.9731032252311707,
        0.9954299926757812,
        0.037077657878398895,
        0.9804516434669495,
        0.99333655834198,
        0.159914031624794,
        0.994341254234314,
        0.2129199504852295,
        0.9682059288024902,
        0.9880999326705933,
        0.9954609274864197,
        0.9955459833145142,
        0.9938977360725403,
        0.9939975738525391,
        0.9596024751663208,
        0.9934426546096802
    ],
    "min_trans_rot_dists": [
        [
            0.22602549680225567,
            0.00018030719122397176
        ],
        [
            0.2233882695439669,
            0.9998646500633243
        ],
        [
            0.22594984035684934,
            0.00010009624286233532
        ],
        [
            0.2233882695439669,
            0.00022596036574573652
        ],
        [
            0.13737378559423846,
            0.00018030719122397176
        ],
        [
            0.1359320088009699,
            0.9998646500633243
        ],
        [
            0.13714296022428266,
            0.00010009624286233532
        ],
        [
            0.1359320088009699,
            0.00022596036574573652
        ],
        [
            0.0933145103993597,
            0.00018030719122397176
        ],
        [
            0.0928958940463122,
            0.9999380441072023
        ],
        [
            0.0928958940463122,
            0.00010009624286233532
        ],
        [
            0.09162004260401668,
            0.9998694921580187
        ],
        [
            0.015700007003296188,
            0.00013616543629457745
        ],
        [
            0.03306308340226072,
            0.00017392412431038728
        ],
        [
            0.01308879998183286,
            0.00012008633702864646
        ],
        [
            0.03326328569975387,
            0.00019309283412805023
        ],
        [
            0.016377453036548827,
            7.40071411999832e-05
        ],
        [
            0.01423882122106774,
            0.9999704354668589
        ],
        [
            0.015684215781790935,
            0.0002594020394780516
        ],
        [
            0.03383708371040265,
            9.291372028430445e-06
        ],
        [
            0.0861954597099658,
            0.9997074568436753
        ],
        [
            0.08412974677045514,
            0.999959028249001
        ],
        [
            0.01628529329209541,
            3.173352893037773e-05
        ],
        [
            0.08412974677045514,
            0.9999918918039651
        ],
        [
            0.014106713938886925,
            0.0007512929965631798
        ],
        [
            0.17251193377212895,
            0.999959028249001
        ],
        [
            0.013221372905661367,
            4.325473257693613e-05
        ],
        [
            0.014106713938886925,
            0.9999862469616461
        ]
    ],
    "min_trans_rot_dists_prec": [
        [
            0.01423882122106774,
            0.000325679335478668
        ],
        [
            0.01628529329209541,
            3.173352893037773e-05
        ],
        [
            0.01423084272297291,
            0.0005947790304486889
        ],
        [
            0.01636244534317973,
            0.00018030719122397176
        ],
        [
            0.015513472829035936,
            0.00022009719408588868
        ],
        [
            0.012673133598607398,
            0.00010009624286233532
        ],
        [
            0.03166094910230143,
            0.0001090302502119167
        ],
        [
            0.012974491325634385,
            0.00010585286502207136
        ],
        [
            0.013221372905661367,
            4.325473257693613e-05
        ],
        [
            0.03256415345643371,
            0.00022596036574573652
        ],
        [
            0.01308879998183286,
            0.00012008633702864646
        ],
        [
            0.016377453036548827,
            7.40071411999832e-05
        ],
        [
            0.014988656548483914,
            0.00019377431059697248
        ],
        [
            0.015067845091927178,
            0.0008222909558138758
        ],
        [
            0.014863466784247699,
            0.000364168934004816
        ],
        [
            0.03326328569975387,
            0.00019309283412805023
        ],
        [
            0.03232011977244482,
            1.7344176481359774e-05
        ],
        [
            0.03602516323268335,
            4.8606569543085953e-05
        ],
        [
            0.014106713938886925,
            0.0007512929965631798
        ],
        [
            0.01433252446660646,
            0.00014916329084757596
        ],
        [
            0.032521717427458366,
            0.00016869182675638417
        ],
        [
            0.0159361621332618,
            0.00019665732917195644
        ],
        [
            0.03248561263349781,
            0.00010146817959810761
        ],
        [
            0.015700007003296188,
            0.00013616543629457745
        ],
        [
            0.032852127466605534,
            6.967794120216197e-05
        ],
        [
            0.015684215781790935,
            0.0002594020394780516
        ],
        [
            0.03593348053952619,
            0.00010900312442374549
        ],
        [
            0.0351283811573368,
            0.00012128465597305293
        ],
        [
            0.032064219715618944,
            7.750975097409185e-05
        ],
        [
            0.03240079620854015,
            0.00011500292656319022
        ],
        [
            0.03383708371040265,
            9.291372028430445e-06
        ],
        [
            0.03306308340226072,
            0.00017392412431038728
        ]
    ],
    "r_thresh_deg": 5,
    "t_thresh": 0.035,
    "t_thresh_prec": 0.04
}