{
    "match_ratio": 0.25,
    "recall": 0.25,
    "precision": 1.0,
    "n_avail": 28,
    "n_pred": 32,
    "out_scores": [
        0.9926307201385498,
        0.9657220244407654,
        0.9328959584236145,
        0.806885302066803,
        0.9918516278266907,
        0.9791136384010315,
        0.6627403497695923,
        0.8759278059005737,
        0.9740542769432068,
        0.9918783903121948,
        0.898848295211792,
        0.9871037602424622,
        0.9448503255844116,
        0.9394883513450623,
        0.9916613101959229,
        0.983974277973175,
        0.982212245464325,
        0.9592078924179077,
        0.9815463423728943,
        0.9811415076255798,
        0.9809193015098572,
        0.9832327961921692,
        0.9863133430480957,
        0.9206261038780212,
        0.9926785230636597,
        0.9831857681274414,
        0.9923264980316162,
        0.8613670468330383,
        0.9932799935340881,
        0.8210127949714661,
        0.9556369781494141,
        0.9416899681091309
    ],
    "min_trans_rot_dists": [
        [
            0.12757648615674538,
            2.296776720667193e-05
        ],
        [
            0.12757648615674538,
            0.9999895457555154
        ],
        [
            0.14263018958425724,
            4.360350617738096e-05
        ],
        [
            0.4898251122329147,
            4.452190387582711e-06
        ],
        [
            0.040573919679444674,
            2.296776720667193e-05
        ],
        [
            0.04039350148303131,
            9.014880740654263e-05
        ],
        [
            0.061490533467051633,
            4.360350617738096e-05
        ],
        [
            0.4010492348674834,
            4.452190387582711e-06
        ],
        [
            0.016598479685431187,
            2.296776720667193e-05
        ],
        [
            0.006732086709650156,
            9.014880740654263e-05
        ],
        [
            0.03799957985769135,
            4.360350617738096e-05
        ],
        [
            0.03472580207842275,
            4.4680333097235625e-05
        ],
        [
            0.09706746452169478,
            2.296776720667193e-05
        ],
        [
            0.08895129746858506,
            0.00010624505074019464
        ],
        [
            0.08538913089785256,
            2.5918460173746105e-05
        ],
        [
            0.2681946794996914,
            4.452190387582711e-06
        ],
        [
            0.08803519646216228,
            3.884599472836481e-05
        ],
        [
            0.08837798718221947,
            0.9999954837927872
        ],
        [
            0.0982582693012042,
            7.38689650164881e-05
        ],
        [
            0.09410888667155196,
            4.452190387582711e-06
        ],
        [
            0.01344688818278233,
            3.884599472836481e-05
        ],
        [
            0.007520249341401587,
            3.997591203508399e-06
        ],
        [
            0.03445407293165262,
            2.7436349888554368e-05
        ],
        [
            0.03388479292903467,
            8.918144754010982e-06
        ],
        [
            0.09131970499592823,
            6.014556762667933e-05
        ],
        [
            0.08527033002512847,
            6.2612953614094025e-06
        ],
        [
            0.09181319418880365,
            4.929274856491084e-05
        ],
        [
            0.08709025259851798,
            0.9999544607134971
        ]
    ],
    "min_trans_rot_dists_prec": [
        [
            0.03439306457370054,
            7.38689650164881e-05
        ],
        [
            0.033115415936063014,
            4.452190387582711e-06
        ],
        [
            0.012231594412760732,
            6.014556762667933e-05
        ],
        [
            0.013771452404472735,
            0.00022795384322482626
        ],
        [
            0.0353397454001834,
            5.509330932917944e-05
        ],
        [
            0.007808692976713382,
            6.2612953614094025e-06
        ],
        [
            0.016598479685431187,
            2.296776720667193e-05
        ],
        [
            0.013737073609483454,
            9.343793179095172e-05
        ],
        [
            0.007177927597700935,
            5.083654657800363e-05
        ],
        [
            0.03481331316029202,
            0.00018112572525674775
        ],
        [
            0.03472580207842275,
            4.4680333097235625e-05
        ],
        [
            0.008876448836393474,
            3.345035531232554e-06
        ],
        [
            0.03465030352227489,
            1.3832789646173183e-05
        ],
        [
            0.03799957985769135,
            4.360350617738096e-05
        ],
        [
            0.03437508199529176,
            9.334385459247585e-06
        ],
        [
            0.00782485541110935,
            2.459140727895104e-05
        ],
        [
            0.008221130749187028,
            2.518259505301934e-05
        ],
        [
            0.03881990070733224,
            2.5918460173746105e-05
        ],
        [
            0.007159696613739521,
            2.8980322845484352e-05
        ],
        [
            0.00766051651579003,
            1.411221061842216e-05
        ],
        [
            0.007457907704263324,
            5.716238861919187e-06
        ],
        [
            0.00738174147598776,
            8.536185685970032e-06
        ],
        [
            0.008828549393455495,
            4.703996238419883e-06
        ],
        [
            0.01344688818278233,
            3.884599472836481e-05
        ],
        [
            0.03477389162051106,
            5.89843186995509e-05
        ],
        [
            0.007520249341401587,
            3.997591203508399e-06
        ],
        [
            0.03497892716962566,
            4.929274856491084e-05
        ],
        [
            0.005563722469404171,
            0.00010624505074019464
        ],
        [
            0.03445407293165262,
            2.7436349888554368e-05
        ],
        [
            0.006732086709650156,
            9.014880740654263e-05
        ],
        [
            0.03577913914393552,
            4.5131033230561e-05
        ],
        [
            0.03388479292903467,
            8.918144754010982e-06
        ]
    ],
    "r_thresh_deg": 5,
    "t_thresh": 0.035,
    "t_thresh_prec": 0.04
}