{
    "match_ratio": 0.65,
    "recall": 0.65,
    "precision": 0.90625,
    "n_avail": 20,
    "n_pred": 32,
    "out_scores": [
        0.9947558641433716,
        0.783415675163269,
        0.32743752002716064,
        0.7951425909996033,
        0.9962083101272583,
        0.9701296091079712,
        0.9941864013671875,
        0.44625386595726013,
        0.07127300649881363,
        0.6943662166595459,
        0.2401951402425766,
        0.018168097361922264,
        0.0762975662946701,
        0.9482271075248718,
        0.8176040649414062,
        0.07053053379058838,
        0.9630081653594971,
        0.006595008075237274,
        0.36991602182388306,
        0.9861261248588562,
        0.005630358587950468,
        0.9832512736320496,
        0.9959008097648621,
        0.9935680031776428,
        0.9951314926147461,
        0.04989976808428764,
        0.9954583644866943,
        0.9719336628913879,
        0.9953324198722839,
        0.9918791651725769,
        0.8530985116958618,
        0.9936851859092712
    ],
    "min_trans_rot_dists": [
        [
            0.010864398055968146,
            0.0030383733804029145
        ],
        [
            0.014506543776100712,
            0.0019424336950860654
        ],
        [
            0.017899242067120045,
            0.0015474516730787924
        ],
        [
            0.01517459635515606,
            0.0006881867696243438
        ],
        [
            0.10750168103139587,
            0.0018724904487793514
        ],
        [
            0.1238070543274253,
            0.0010362627651994138
        ],
        [
            0.11299407109723861,
            0.9972612630837214
        ],
        [
            0.11005774071986915,
            0.0009451520251559931
        ],
        [
            0.019152888627181317,
            0.0023982230209910194
        ],
        [
            0.023120542054974,
            0.0012095807366804268
        ],
        [
            0.018716259040607627,
            0.0007828372912307424
        ],
        [
            0.01984319215473229,
            0.0007670153820599213
        ],
        [
            0.021466068201425433,
            0.002192112487822584
        ],
        [
            0.10027924544882436,
            0.0012572013040534902
        ],
        [
            0.021094345758008913,
            0.0007313010242694373
        ],
        [
            0.02195346280066474,
            0.0008581599358827852
        ],
        [
            0.022882015732973805,
            0.002344881189338177
        ],
        [
            0.21057246624202997,
            0.0012572013040534902
        ],
        [
            0.022882015732973805,
            0.9976637971668398
        ],
        [
            0.02262578955117172,
            0.0013161538599945066
        ]
    ],
    "min_trans_rot_dists_prec": [
        [
            0.024567776712123155,
            0.0012572013040534902
        ],
        [
            0.018296489493922548,
            0.0017850729919268726
        ],
        [
            0.022882015732973805,
            0.002344881189338177
        ],
        [
            0.016680084744878615,
            0.0027622953109305293
        ],
        [
            0.025097216208597593,
            0.0012148619848144637
        ],
        [
            0.020665917229173988,
            0.0009451520251559931
        ],
        [
            0.02393228411512696,
            0.0008105738416551711
        ],
        [
            0.015390955924305146,
            0.0017015825969424192
        ],
        [
            0.020396072086260774,
            0.0018114432389645385
        ],
        [
            0.018077187962551748,
            0.0018724904487793514
        ],
        [
            0.014506543776100712,
            0.0019424336950860654
        ],
        [
            0.02098394460686427,
            0.0016279214472419978
        ],
        [
            0.01517459635515606,
            0.0006881867696243438
        ],
        [
            0.021094345758008913,
            0.0007313010242694373
        ],
        [
            0.01633994186572794,
            0.002443979709779942
        ],
        [
            0.021466068201425433,
            0.002192112487822584
        ],
        [
            0.010864398055968146,
            0.0030383733804029145
        ],
        [
            0.39770659378592005,
            0.008069229906985442
        ],
        [
            0.019152888627181317,
            0.0023982230209910194
        ],
        [
            0.01745898147398201,
            0.0006821136818436768
        ],
        [
            0.47567911177106503,
            0.0021425958171719106
        ],
        [
            0.018716259040607627,
            0.0007828372912307424
        ],
        [
            0.02402541502261447,
            0.0010362627651994138
        ],
        [
            0.02262578955117172,
            0.0013161538599945066
        ],
        [
            0.025710191523137683,
            0.000841720879887764
        ],
        [
            0.4994605917347265,
            0.0006035769385979162
        ],
        [
            0.023973064399970163,
            0.0007503366833205849
        ],
        [
            0.01984319215473229,
            0.0007670153820599213
        ],
        [
            0.023120542054974,
            0.0012095807366804268
        ],
        [
            0.021828615157252308,
            0.0009509422388485067
        ],
        [
            0.017899242067120045,
            0.0015474516730787924
        ],
        [
            0.02195346280066474,
            0.0008581599358827852
        ]
    ],
    "r_thresh_deg": 5,
    "t_thresh": 0.035,
    "t_thresh_prec": 0.04
}