{
    "match_ratio": 0.425,
    "recall": 0.425,
    "precision": 1.0,
    "n_avail": 40,
    "n_pred": 32,
    "out_scores": [
        0.9911036491394043,
        0.9579305052757263,
        0.9708583950996399,
        0.9440898895263672,
        0.9864252805709839,
        0.9491916298866272,
        0.9901418089866638,
        0.9841825366020203,
        0.9927288889884949,
        0.9728672504425049,
        0.990011990070343,
        0.9857991933822632,
        0.9946533441543579,
        0.9879698753356934,
        0.9822555780410767,
        0.9366376996040344,
        0.9931885004043579,
        0.987981379032135,
        0.9793212413787842,
        0.9950945377349854,
        0.9811217784881592,
        0.9897902607917786,
        0.9871894717216492,
        0.9626380801200867,
        0.9871596097946167,
        0.9903953671455383,
        0.9311120510101318,
        0.9946669340133667,
        0.9716821908950806,
        0.957490861415863,
        0.9897838234901428,
        0.979631245136261
    ],
    "min_trans_rot_dists": [
        [
            0.3534957090298743,
            3.7076004384961614e-05
        ],
        [
            0.009496335472573544,
            0.0004899625349533698
        ],
        [
            0.3516001395379229,
            3.263721185975399e-06
        ],
        [
            0.01588375053654016,
            0.00029606237721158113
        ],
        [
            0.2294799954196614,
            6.787046541167907e-05
        ],
        [
            0.012950810661755104,
            0.9992678353406511
        ],
        [
            0.012950810661755104,
            0.9999819549396577
        ],
        [
            0.01412289896082087,
            0.001292282929433508
        ],
        [
            0.017542006966716164,
            7.586398515446735e-05
        ],
        [
            0.033808682469701826,
            4.567509294406413e-05
        ],
        [
            0.012082952061548089,
            0.999989542239903
        ],
        [
            0.02534789461085485,
            0.00022601587172921267
        ],
        [
            0.0298022557526371,
            7.586398515446735e-05
        ],
        [
            0.012791336057166309,
            5.66467567453266e-05
        ],
        [
            0.013862432369654164,
            0.00012073687703950675
        ],
        [
            0.028376126173838345,
            0.00022601587172921267
        ],
        [
            0.16800001246035584,
            6.787046541167907e-05
        ],
        [
            0.14320112035232482,
            3.873911969265453e-05
        ],
        [
            0.139576903826486,
            0.00012073687703950675
        ],
        [
            0.139576903826486,
            0.9999796415886878
        ],
        [
            0.2668467689931322,
            4.151442962663232e-05
        ],
        [
            0.26733991072592395,
            9.797981947790024e-05
        ],
        [
            0.02457799713325839,
            0.00016132905336097014
        ],
        [
            0.02457799713325839,
            0.9998529710855404
        ],
        [
            0.016449670398465538,
            3.7076004384961614e-05
        ],
        [
            0.012751607861670103,
            0.00016368422537449412
        ],
        [
            0.014424874601625082,
            3.263721185975399e-06
        ],
        [
            0.012751607861670103,
            0.9998661764278524
        ],
        [
            0.014505598811354657,
            0.0005172356700957614
        ],
        [
            0.019886847406116872,
            0.0001651930666044521
        ],
        [
            0.021662917783433537,
            0.00101104877837499
        ],
        [
            0.017636817129253187,
            0.9997719274489477
        ],
        [
            0.21955584916689752,
            3.7076004384961614e-05
        ],
        [
            0.03781549023636752,
            0.00016751782563007023
        ],
        [
            0.03823802063047049,
            0.00041381481163782485
        ],
        [
            0.04079627171850381,
            0.9997719274489477
        ],
        [
            0.328830815694609,
            6.787046541167907e-05
        ],
        [
            0.16735757179678631,
            0.0001651930666044521
        ],
        [
            0.1672545442870744,
            0.00041381481163782485
        ],
        [
            0.17053056619456983,
            0.9997719274489477
        ]
    ],
    "min_trans_rot_dists_prec": [
        [
            0.036536803329154405,
            6.787046541167907e-05
        ],
        [
            0.016544505738202347,
            4.151442962663232e-05
        ],
        [
            0.015816378392904586,
            6.784724061958958e-05
        ],
        [
            0.019934902020275973,
            0.0002573268923860006
        ],
        [
            0.036190221086547326,
            0.0001692104264626737
        ],
        [
            0.019900732807444445,
            0.00027736526063038003
        ],
        [
            0.014055266926610825,
            3.873911969265453e-05
        ],
        [
            0.02321647783137911,
            0.00012074594947775186
        ],
        [
            0.03781549023636752,
            0.00016751782563007023
        ],
        [
            0.013199138528688243,
            9.797981947790024e-05
        ],
        [
            0.01670922691409827,
            0.00021103407535938423
        ],
        [
            0.0298022557526371,
            7.586398515446735e-05
        ],
        [
            0.014505598811354657,
            0.0005172356700957614
        ],
        [
            0.012950810661755104,
            0.0008994290156860707
        ],
        [
            0.017636817129253187,
            0.0003395380182221741
        ],
        [
            0.009829004847329088,
            0.0005019465867146522
        ],
        [
            0.03823802063047049,
            0.00041381481163782485
        ],
        [
            0.013652827611712543,
            0.0010663978247249517
        ],
        [
            0.025890915394349276,
            0.0002425751114021324
        ],
        [
            0.014424874601625082,
            3.263721185975399e-06
        ],
        [
            0.012751607861670103,
            0.00016368422537449412
        ],
        [
            0.02457799713325839,
            0.00016132905336097014
        ],
        [
            0.038205085131125804,
            0.0001651930666044521
        ],
        [
            0.016449670398465538,
            3.7076004384961614e-05
        ],
        [
            0.01412289896082087,
            0.001292282929433508
        ],
        [
            0.014626641079525042,
            4.567509294406413e-05
        ],
        [
            0.009496335472573544,
            0.0004899625349533698
        ],
        [
            0.03962553853053352,
            0.00101104877837499
        ],
        [
            0.028376126173838345,
            0.00022601587172921267
        ],
        [
            0.013862432369654164,
            0.00012073687703950675
        ],
        [
            0.012791336057166309,
            5.66467567453266e-05
        ],
        [
            0.01588375053654016,
            0.00029606237721158113
        ]
    ],
    "r_thresh_deg": 5,
    "t_thresh": 0.035,
    "t_thresh_prec": 0.04
}