{
    "match_ratio": 0.625,
    "recall": 0.625,
    "precision": 1.0,
    "n_avail": 16,
    "n_pred": 32,
    "out_scores": [
        0.8728508949279785,
        0.9215347170829773,
        0.3562665283679962,
        0.5890311002731323,
        0.11741907149553299,
        0.0750570073723793,
        0.9061915874481201,
        0.8933523297309875,
        0.2509722411632538,
        0.9222976565361023,
        0.9157068133354187,
        0.9796817302703857,
        0.9301704168319702,
        0.4299009442329407,
        0.3759530186653137,
        0.710612952709198,
        0.9393640160560608,
        0.8305432200431824,
        0.8397445678710938,
        0.9384279847145081,
        0.43610748648643494,
        0.6375291347503662,
        0.4124378561973572,
        0.7809721827507019,
        0.9481582045555115,
        0.8736702799797058,
        0.9367874264717102,
        0.7720854878425598,
        0.949120283126831,
        0.2342938929796219,
        0.939268946647644,
        0.1115090474486351
    ],
    "min_trans_rot_dists": [
        [
            0.12659351252785397,
            0.9998702429509095
        ],
        [
            0.12659351252785397,
            0.00016977827202890872
        ],
        [
            0.40640314763586866,
            2.2699080560406593e-05
        ],
        [
            0.12655813104806865,
            0.999929630834931
        ],
        [
            0.02188179401750912,
            5.9099270080964494e-05
        ],
        [
            0.022325900602858592,
            0.00020925020280748718
        ],
        [
            0.026613171959845847,
            0.0001511702349661359
        ],
        [
            0.016762994367800516,
            6.320839461959604e-05
        ],
        [
            0.025902825395835254,
            0.00010006879167945293
        ],
        [
            0.014962211654240441,
            2.830642526974181e-05
        ],
        [
            0.024082487495077735,
            2.9499089845841375e-05
        ],
        [
            0.01836474166859936,
            6.526346573776376e-05
        ],
        [
            0.03333668280588604,
            0.00010006879167945293
        ],
        [
            0.023394399776774818,
            0.9999799648745791
        ],
        [
            0.023394399776774818,
            4.2976596313248905e-05
        ],
        [
            0.03484705130684251,
            0.9999928016885536
        ]
    ],
    "min_trans_rot_dists_prec": [
        [
            0.03484705130684251,
            2.4271145037668695e-05
        ],
        [
            0.022979557654575294,
            0.00016977827202890872
        ],
        [
            0.03964200038410384,
            6.49255471114607e-05
        ],
        [
            0.022488946816109023,
            6.731522703029569e-05
        ],
        [
            0.02368078408363974,
            3.667928903650086e-05
        ],
        [
            0.019005156103129323,
            1.7714678701818976e-05
        ],
        [
            0.02262097154468101,
            2.2699080560406593e-05
        ],
        [
            0.02293601243374528,
            1.472103477928588e-05
        ],
        [
            0.019509578886218504,
            2.8059129012714124e-05
        ],
        [
            0.022867383799489126,
            0.00017789527261324878
        ],
        [
            0.024244601563138565,
            0.00015876948068893615
        ],
        [
            0.015537420380436309,
            8.666552089575674e-05
        ],
        [
            0.017054994110365335,
            3.742029988262896e-05
        ],
        [
            0.02108165026281398,
            0.0001074940805068092
        ],
        [
            0.030382413407745557,
            0.00011713500389431974
        ],
        [
            0.029038653137178398,
            5.701893849219264e-05
        ],
        [
            0.022793820763689417,
            0.0001566701235869994
        ],
        [
            0.027961022272089502,
            6.688559872625177e-05
        ],
        [
            0.02763141339621576,
            5.27351315172675e-05
        ],
        [
            0.0221870897736282,
            0.0001998274855944393
        ],
        [
            0.039478831509633626,
            7.609273465547517e-06
        ],
        [
            0.018991626399977615,
            4.396211417678764e-05
        ],
        [
            0.03333668280588604,
            0.00010006879167945293
        ],
        [
            0.024082487495077735,
            2.9499089845841375e-05
        ],
        [
            0.014962211654240441,
            2.830642526974181e-05
        ],
        [
            0.019441605260657857,
            4.3389332022081284e-05
        ],
        [
            0.026613171959845847,
            0.0001511702349661359
        ],
        [
            0.022325900602858592,
            0.00020925020280748718
        ],
        [
            0.016762994367800516,
            6.320839461959604e-05
        ],
        [
            0.02188179401750912,
            5.9099270080964494e-05
        ],
        [
            0.023394399776774818,
            4.2976596313248905e-05
        ],
        [
            0.01836474166859936,
            6.526346573776376e-05
        ]
    ],
    "r_thresh_deg": 5,
    "t_thresh": 0.035,
    "t_thresh_prec": 0.04
}