{
    "match_ratio": 0.25,
    "recall": 0.25,
    "precision": 1.0,
    "n_avail": 24,
    "n_pred": 32,
    "out_scores": [
        1.0,
        1.0,
        1.0,
        1.0,
        1.0,
        1.0,
        1.0,
        1.0,
        1.0,
        1.0,
        1.0,
        1.0,
        1.0,
        1.0,
        1.0,
        1.0,
        1.0,
        1.0,
        1.0,
        1.0,
        1.0,
        1.0,
        1.0,
        1.0,
        1.0,
        1.0,
        1.0,
        1.0,
        1.0,
        1.0,
        1.0,
        1.0
    ],
    "min_trans_rot_dists": [
        [
            0.4100619611247319,
            0.00017026358921490292
        ],
        [
            0.026927689228012627,
            1.4801967549105122e-05
        ],
        [
            0.41494195882463103,
            5.719315572494388e-05
        ],
        [
            0.41506528371285145,
            0.00020212411425390986
        ],
        [
            0.2563689688326579,
            0.00017026358921490292
        ],
        [
            0.1381658561076636,
            1.4801967549105122e-05
        ],
        [
            0.2608460099820563,
            5.719315572494388e-05
        ],
        [
            0.26065513943858326,
            0.00020212411425390986
        ],
        [
            0.18003420720097552,
            0.00017026358921490292
        ],
        [
            0.18413199307331574,
            2.5111587503179322e-05
        ],
        [
            0.18404536468344307,
            5.719315572494388e-05
        ],
        [
            0.18349988330933584,
            0.00020212411425390986
        ],
        [
            0.10503816604677473,
            0.00017026358921490292
        ],
        [
            0.1077518187924627,
            2.5111587503179322e-05
        ],
        [
            0.10788041796909502,
            5.719315572494388e-05
        ],
        [
            0.10647415468157065,
            0.00020212411425390986
        ],
        [
            0.03983904959055185,
            0.00017026358921490292
        ],
        [
            0.0353518177020425,
            2.5111587503179322e-05
        ],
        [
            0.03697081634156356,
            3.548767105909789e-05
        ],
        [
            0.03205378481755784,
            0.0002360609576572692
        ],
        [
            0.034061174938791135,
            0.0002404653429443071
        ],
        [
            0.021289974538079924,
            9.670823981633436e-05
        ],
        [
            0.025571072183984727,
            0.00010245459196855933
        ],
        [
            0.01281132362444303,
            0.0002360609576572692
        ]
    ],
    "min_trans_rot_dists_prec": [
        [
            0.020629991034849405,
            9.891043226872842e-05
        ],
        [
            0.02600206517134123,
            7.559691560443671e-05
        ],
        [
            0.026208500765927182,
            4.767135060201877e-05
        ],
        [
            0.033055080019722925,
            0.00021531073526048772
        ],
        [
            0.01306716588653215,
            0.0002044050710499068
        ],
        [
            0.03245210008039739,
            0.000153929360010574
        ],
        [
            0.033323748984106505,
            0.00018427270797050088
        ],
        [
            0.022413136357604786,
            6.0497273936532814e-05
        ],
        [
            0.03216339827286509,
            0.00019300779222319875
        ],
        [
            0.02376399927351752,
            5.204217401311162e-05
        ],
        [
            0.022077631054214442,
            5.3279065746147936e-05
        ],
        [
            0.025721662109817654,
            5.719315572494388e-05
        ],
        [
            0.03543961185155266,
            0.00018262208033092975
        ],
        [
            0.012950580075894036,
            0.00021329243594736536
        ],
        [
            0.025075813696266047,
            8.28450596982444e-05
        ],
        [
            0.026927689228012627,
            1.4801967549105122e-05
        ],
        [
            0.032693964335727445,
            0.00014866935305302142
        ],
        [
            0.014447841257265332,
            0.00020212411425390986
        ],
        [
            0.03247726379335562,
            0.0002051497840611649
        ],
        [
            0.02518391674475523,
            4.752418912712386e-05
        ],
        [
            0.034061174938791135,
            0.0002404653429443071
        ],
        [
            0.02128827289070581,
            8.218232038714746e-05
        ],
        [
            0.010774521464691026,
            0.0002090551968997323
        ],
        [
            0.011345510839481964,
            0.00032574786870276373
        ],
        [
            0.012713613983029427,
            0.00018322922783375883
        ],
        [
            0.012337142082802484,
            0.00019940961137010493
        ],
        [
            0.023333166606769786,
            2.5111587503179322e-05
        ],
        [
            0.02459773264396485,
            3.548767105909789e-05
        ],
        [
            0.01281132362444303,
            0.0002360609576572692
        ],
        [
            0.03659581961599209,
            0.00017026358921490292
        ],
        [
            0.021289974538079924,
            9.670823981633436e-05
        ],
        [
            0.025571072183984727,
            0.00010245459196855933
        ]
    ],
    "r_thresh_deg": 5,
    "t_thresh": 0.035,
    "t_thresh_prec": 0.04
}