{
    "match_ratio": 0.4,
    "recall": 0.4,
    "precision": 0.96875,
    "n_avail": 40,
    "n_pred": 32,
    "out_scores": [
        1.0,
        1.0,
        1.0,
        1.0,
        1.0,
        1.0,
        1.0,
        1.0,
        1.0,
        1.0,
        1.0,
        1.0,
        1.0,
        1.0,
        1.0,
        1.0,
        1.0,
        1.0,
        1.0,
        1.0,
        1.0,
        1.0,
        1.0,
        1.0,
        1.0,
        1.0,
        1.0,
        1.0,
        1.0,
        1.0,
        1.0,
        1.0
    ],
    "min_trans_rot_dists": [
        [
            0.3612840489644386,
            0.00020344304739738917
        ],
        [
            0.36896255470110295,
            0.0003768118502364137
        ],
        [
            0.015285037136351001,
            0.0001308674764183282
        ],
        [
            0.01709421510137977,
            7.144295358463282e-05
        ],
        [
            0.22928150151282287,
            0.00020344304739738917
        ],
        [
            0.23683346762074348,
            0.0003768118502364137
        ],
        [
            0.13101348286590772,
            0.0001308674764183282
        ],
        [
            0.016234497705213465,
            0.0002200613946102825
        ],
        [
            0.02464206129532566,
            0.00021980837003254816
        ],
        [
            0.022193674494863192,
            0.0004955437533572526
        ],
        [
            0.02359386324682604,
            0.00048268432303955056
        ],
        [
            0.017920186431737244,
            6.88011308120906e-05
        ],
        [
            0.03298985702370311,
            0.9996141890440244
        ],
        [
            0.0337776667932209,
            0.0004955437533572526
        ],
        [
            0.03320572702811604,
            0.00048268432303955056
        ],
        [
            0.03441540242147931,
            6.88011308120906e-05
        ],
        [
            0.16129698079056504,
            0.9996141890440244
        ],
        [
            0.16176770562638432,
            0.0003768118502364137
        ],
        [
            0.16129698079056504,
            0.00042346209254151557
        ],
        [
            0.16471424731199635,
            6.88011308120906e-05
        ],
        [
            0.26854825140993194,
            0.9998493188571106
        ],
        [
            0.26299647440906526,
            0.9997648845007227
        ],
        [
            0.2909050887522002,
            0.0001308674764183282
        ],
        [
            0.458693217291672,
            7.042268242174465e-05
        ],
        [
            0.03246707215866094,
            0.9998493188571106
        ],
        [
            0.0051711931180713705,
            0.9997648845007227
        ],
        [
            0.03246707215866094,
            0.00021613153519917105
        ],
        [
            0.004869923732536235,
            0.0002405856627509806
        ],
        [
            0.021661487386632972,
            0.9999955916825262
        ],
        [
            0.03180721856697249,
            0.0003355486773720662
        ],
        [
            0.021661487386632972,
            0.9999429680241056
        ],
        [
            0.022061059432913158,
            0.00010032725992281666
        ],
        [
            0.02016587269195006,
            0.9999571754949557
        ],
        [
            0.02016587269195006,
            0.00015679009498881236
        ],
        [
            0.026340915026695128,
            0.9999429680241056
        ],
        [
            0.028383535807600755,
            0.00010032725992281666
        ],
        [
            0.15114594102143983,
            0.9997641748314253
        ],
        [
            0.14381205794008486,
            0.00022949503305103036
        ],
        [
            0.15114594102143983,
            0.00028741037137791636
        ],
        [
            0.15462992659581232,
            3.544541340128049e-05
        ]
    ],
    "min_trans_rot_dists_prec": [
        [
            0.026340915026695128,
            8.005837239777325e-05
        ],
        [
            0.4955680588026515,
            6.836468805493379e-05
        ],
        [
            0.03590610547571944,
            0.00028741037137791636
        ],
        [
            0.03328367905289094,
            0.0003768118502364137
        ],
        [
            0.038227229617678084,
            0.00010235269295355565
        ],
        [
            0.03298985702370311,
            0.00042346209254151557
        ],
        [
            0.015285037136351001,
            0.0001308674764183282
        ],
        [
            0.023879134888772614,
            3.544541340128049e-05
        ],
        [
            0.016234497705213465,
            0.0002200613946102825
        ],
        [
            0.0314659603530614,
            0.0006577021684233131
        ],
        [
            0.038574719182504776,
            0.00021196153246871852
        ],
        [
            0.0051711931180713705,
            0.0002856425018491482
        ],
        [
            0.02788307096456466,
            7.042268242174465e-05
        ],
        [
            0.020827210529949916,
            0.0003355486773720662
        ],
        [
            0.01709421510137977,
            7.144295358463282e-05
        ],
        [
            0.03246707215866094,
            0.00021613153519917105
        ],
        [
            0.034863424218510755,
            0.0004201298426688149
        ],
        [
            0.004869923732536235,
            0.0002405856627509806
        ],
        [
            0.03340639200512201,
            0.00025602187492734796
        ],
        [
            0.0329975725910899,
            0.0002035270683058421
        ],
        [
            0.0337776667932209,
            0.0004955437533572526
        ],
        [
            0.023427685072126652,
            0.00022979680690171644
        ],
        [
            0.022317881334853955,
            0.00020344304739738917
        ],
        [
            0.035666050341671536,
            0.00013387761637051465
        ],
        [
            0.037698968151285386,
            0.0002709540854148873
        ],
        [
            0.019361902920808964,
            0.00022949503305103036
        ],
        [
            0.03441540242147931,
            6.88011308120906e-05
        ],
        [
            0.028383535807600755,
            0.00010032725992281666
        ],
        [
            0.02016587269195006,
            0.00015679009498881236
        ],
        [
            0.03320572702811604,
            0.00048268432303955056
        ],
        [
            0.03981886460337679,
            0.0002673963102295396
        ],
        [
            0.02464206129532566,
            0.00021980837003254816
        ]
    ],
    "r_thresh_deg": 5,
    "t_thresh": 0.035,
    "t_thresh_prec": 0.04
}