{
    "match_ratio": 0.65,
    "recall": 0.65,
    "precision": 1.0,
    "n_avail": 20,
    "n_pred": 32,
    "out_scores": [
        1.0,
        1.0,
        1.0,
        1.0,
        1.0,
        1.0,
        1.0,
        1.0,
        1.0,
        1.0,
        1.0,
        1.0,
        1.0,
        1.0,
        1.0,
        1.0,
        1.0,
        1.0,
        1.0,
        1.0,
        1.0,
        1.0,
        1.0,
        1.0,
        1.0,
        1.0,
        1.0,
        1.0,
        1.0,
        1.0,
        1.0,
        1.0
    ],
    "min_trans_rot_dists": [
        [
            0.03474366436786819,
            8.709596551237375e-05
        ],
        [
            0.03362468551511037,
            0.00011372874639969943
        ],
        [
            0.047136531787064846,
            9.401469048753164e-05
        ],
        [
            0.029500222004261535,
            8.260828022932376e-05
        ],
        [
            0.025092294504629777,
            8.709596551237375e-05
        ],
        [
            0.007679333791852955,
            0.00011372874639969943
        ],
        [
            0.03478469710214276,
            0.0001905457325083182
        ],
        [
            0.02904968991678507,
            0.00021349272778892203
        ],
        [
            0.13185728755840664,
            3.412631486898743e-05
        ],
        [
            0.13011719611580747,
            8.509234547326994e-05
        ],
        [
            0.12255322753574134,
            1.2119687883727082e-05
        ],
        [
            0.02394164057398888,
            0.00018147604922491567
        ],
        [
            0.10907832492032661,
            0.9995798230016391
        ],
        [
            0.1050628890861391,
            0.00041910140843604005
        ],
        [
            0.02698859309914285,
            2.1377246627984903e-05
        ],
        [
            0.09894939277904576,
            8.584928888988319e-05
        ],
        [
            0.017737968480381623,
            0.000445787996520175
        ],
        [
            0.006104644994344427,
            0.00012718590989324596
        ],
        [
            0.030503893314616726,
            0.00012578688998365894
        ],
        [
            0.028131370418967377,
            8.66343829246663e-05
        ]
    ],
    "min_trans_rot_dists_prec": [
        [
            0.03032749371483419,
            0.00026877460772722905
        ],
        [
            0.01665915855709814,
            8.509234547326994e-05
        ],
        [
            0.026924549469647462,
            0.00031048613063811015
        ],
        [
            0.027088664451454338,
            3.412631486898743e-05
        ],
        [
            0.027461696996474327,
            0.00012690403743864653
        ],
        [
            0.029500222004261535,
            8.260828022932376e-05
        ],
        [
            0.010883656172723773,
            0.00041910140843604005
        ],
        [
            0.03143843458331691,
            0.00010512259998773921
        ],
        [
            0.029537505243056116,
            0.00016785798167118227
        ],
        [
            0.0033644059581632688,
            0.00017762511517960267
        ],
        [
            0.029238247289889437,
            8.584390486998661e-05
        ],
        [
            0.006104644994344427,
            0.00012718590989324596
        ],
        [
            0.02480617440278372,
            0.0004691182982308195
        ],
        [
            0.03429558677506904,
            0.00045775412676873906
        ],
        [
            0.027349503063816286,
            0.000238614849431662
        ],
        [
            0.028417803549408007,
            9.760983396245315e-05
        ],
        [
            0.02394164057398888,
            0.00018147604922491567
        ],
        [
            0.03415183043753293,
            9.401469048753164e-05
        ],
        [
            0.02904968991678507,
            0.00021349272778892203
        ],
        [
            0.017525211437566135,
            0.0003822490876478346
        ],
        [
            0.025092294504629777,
            8.709596551237375e-05
        ],
        [
            0.02806542335738362,
            0.00038592066431797356
        ],
        [
            0.01770173947993394,
            0.00017109505646095702
        ],
        [
            0.02698859309914285,
            2.1377246627984903e-05
        ],
        [
            0.007679333791852955,
            0.00011372874639969943
        ],
        [
            0.03349270632446218,
            8.584928888988319e-05
        ],
        [
            0.017737968480381623,
            0.000445787996520175
        ],
        [
            0.030503893314616726,
            0.00012578688998365894
        ],
        [
            0.03334366488935245,
            1.2119687883727082e-05
        ],
        [
            0.03478469710214276,
            0.0001905457325083182
        ],
        [
            0.03511181994013923,
            2.2472970137132897e-05
        ],
        [
            0.028131370418967377,
            8.66343829246663e-05
        ]
    ],
    "r_thresh_deg": 5,
    "t_thresh": 0.035,
    "t_thresh_prec": 0.04
}