{
    "match_ratio": 0.5,
    "recall": 0.5,
    "precision": 1.0,
    "n_avail": 24,
    "n_pred": 32,
    "out_scores": [
        1.0,
        1.0,
        1.0,
        1.0,
        1.0,
        1.0,
        1.0,
        1.0,
        1.0,
        1.0,
        1.0,
        1.0,
        1.0,
        1.0,
        1.0,
        1.0,
        1.0,
        1.0,
        1.0,
        1.0,
        1.0,
        1.0,
        1.0,
        1.0,
        1.0,
        1.0,
        1.0,
        1.0,
        1.0,
        1.0,
        1.0,
        1.0
    ],
    "min_trans_rot_dists": [
        [
            0.15466255650545144,
            0.0002484741002604096
        ],
        [
            0.16020596444499816,
            2.0536796395353996e-05
        ],
        [
            0.1539079375635137,
            0.9996816934697534
        ],
        [
            0.15141698979579898,
            7.67563325221321e-05
        ],
        [
            0.029524991945504096,
            0.000647037427264352
        ],
        [
            0.020842495625467392,
            1.179457677147333e-05
        ],
        [
            0.018206088616448308,
            0.00012434822220741548
        ],
        [
            0.00510360426709515,
            0.00018675966658876497
        ],
        [
            0.07394983911443513,
            0.9998887150072648
        ],
        [
            0.07407242472859563,
            3.380528127250315e-05
        ],
        [
            0.07293822759846658,
            9.175950654638498e-06
        ],
        [
            0.0748025896792211,
            0.9999658800799817
        ],
        [
            0.02851322463496489,
            6.313300162574809e-05
        ],
        [
            0.019734483657675318,
            2.4487438672782247e-05
        ],
        [
            0.0211138048328937,
            9.540458451096079e-05
        ],
        [
            0.0018443281963913566,
            0.00011352885206483698
        ],
        [
            0.04139417169868962,
            0.00020874721348440595
        ],
        [
            0.07710695012331933,
            2.7053723970826837e-05
        ],
        [
            0.04139417169868962,
            0.9999058531332724
        ],
        [
            0.03267769301588192,
            0.0001157328180936279
        ],
        [
            0.029112293929329725,
            5.583202906211948e-05
        ],
        [
            0.020831159627915322,
            0.00033061852014437676
        ],
        [
            0.026338145367741927,
            0.9999058531332724
        ],
        [
            0.006133820299484353,
            0.0001157328180936279
        ]
    ],
    "min_trans_rot_dists_prec": [
        [
            0.02109456373994435,
            4.74263733304392e-05
        ],
        [
            0.028860925091854846,
            0.0002484741002604096
        ],
        [
            0.026338145367741927,
            0.00020874721348440595
        ],
        [
            0.02851322463496489,
            6.313300162574809e-05
        ],
        [
            0.02016786145909885,
            2.0536796395353996e-05
        ],
        [
            0.030450351609994465,
            0.00034243811616019304
        ],
        [
            0.003363562942188977,
            7.682066815828392e-05
        ],
        [
            0.006215799562308454,
            7.67563325221321e-05
        ],
        [
            0.02761373440207374,
            0.00010672925973498337
        ],
        [
            0.020523639878004752,
            3.127443530326346e-05
        ],
        [
            0.019662340406447938,
            9.175950654638498e-06
        ],
        [
            0.002815212740461513,
            7.83166253265355e-05
        ],
        [
            0.018395040422769834,
            2.22130995130021e-05
        ],
        [
            0.0031212908343940878,
            8.188907070127982e-05
        ],
        [
            0.02851489767763116,
            6.510262157022328e-05
        ],
        [
            0.006133820299484353,
            0.0001157328180936279
        ],
        [
            0.020831159627915322,
            0.00033061852014437676
        ],
        [
            0.019686762141154855,
            3.380528127250315e-05
        ],
        [
            0.029399605640459705,
            0.00029299294653550856
        ],
        [
            0.0031765515776992982,
            9.13568326336156e-05
        ],
        [
            0.018206088616448308,
            0.00012434822220741548
        ],
        [
            0.02004458913405743,
            2.7053723970826837e-05
        ],
        [
            0.030494720023924848,
            0.00029697545489393296
        ],
        [
            0.0211138048328937,
            9.540458451096079e-05
        ],
        [
            0.029524991945504096,
            0.000647037427264352
        ],
        [
            0.019767524561994685,
            1.4330964168030036e-05
        ],
        [
            0.02860977874079459,
            7.455706505088422e-05
        ],
        [
            0.019734483657675318,
            2.4487438672782247e-05
        ],
        [
            0.0018443281963913566,
            0.00011352885206483698
        ],
        [
            0.029112293929329725,
            5.583202906211948e-05
        ],
        [
            0.020842495625467392,
            1.179457677147333e-05
        ],
        [
            0.00510360426709515,
            0.00018675966658876497
        ]
    ],
    "r_thresh_deg": 5,
    "t_thresh": 0.035,
    "t_thresh_prec": 0.04
}