{
    "match_ratio": 0.75,
    "recall": 0.75,
    "precision": 1.0,
    "n_avail": 16,
    "n_pred": 32,
    "out_scores": [
        1.0,
        1.0,
        1.0,
        1.0,
        1.0,
        1.0,
        1.0,
        1.0,
        1.0,
        1.0,
        1.0,
        1.0,
        1.0,
        1.0,
        1.0,
        1.0,
        1.0,
        1.0,
        1.0,
        1.0,
        1.0,
        1.0,
        1.0,
        1.0,
        1.0,
        1.0,
        1.0,
        1.0,
        1.0,
        1.0,
        1.0,
        1.0
    ],
    "min_trans_rot_dists": [
        [
            0.048326757026320784,
            2.8860697311894334e-05
        ],
        [
            0.040486300091452335,
            0.0002914174143656689
        ],
        [
            0.117328722662961,
            0.0001815909614333311
        ],
        [
            0.04867023864145235,
            3.242620145360586e-05
        ],
        [
            0.007970358581773175,
            3.6024483927477036e-05
        ],
        [
            0.015643606880065386,
            0.0004667244901326306
        ],
        [
            0.013045135544620385,
            0.0003868659813486275
        ],
        [
            0.018375431208372255,
            7.127395867334574e-05
        ],
        [
            0.008273691850137122,
            0.00012777165833988136
        ],
        [
            0.016552329717158094,
            0.00027875408723787576
        ],
        [
            0.01657880946877144,
            0.0002878175582543552
        ],
        [
            0.020238613561996126,
            0.00026675467135428566
        ],
        [
            0.006739887491124894,
            0.0010240907469571958
        ],
        [
            0.023279663922628254,
            0.0009471084587604484
        ],
        [
            0.0254489666959775,
            0.00010888763818717173
        ],
        [
            0.02090463284016726,
            0.0011513380246932492
        ]
    ],
    "min_trans_rot_dists_prec": [
        [
            0.007382529706212135,
            0.00012146323073769505
        ],
        [
            0.02142890738956763,
            0.0009449522302411584
        ],
        [
            0.015304830881761928,
            0.0003310831066333231
        ],
        [
            0.007513730384726674,
            0.000223373461601728
        ],
        [
            0.014964117167907272,
            0.0001815909614333311
        ],
        [
            0.021097085560796855,
            0.00012614041536840315
        ],
        [
            0.00944554572834314,
            4.1873351249499535e-05
        ],
        [
            0.00894592825583794,
            0.0002913101141293062
        ],
        [
            0.017286005401234365,
            3.242620145360586e-05
        ],
        [
            0.008273691850137122,
            0.00012777165833988136
        ],
        [
            0.01965308734661145,
            0.0003234911355134429
        ],
        [
            0.008307522003490166,
            6.071652656269855e-05
        ],
        [
            0.02090463284016726,
            0.0011513380246932492
        ],
        [
            0.0254489666959775,
            0.00010888763818717173
        ],
        [
            0.023031918867593655,
            0.0011351079338394188
        ],
        [
            0.019852942846651657,
            9.518333470159845e-05
        ],
        [
            0.023279663922628254,
            0.0009471084587604484
        ],
        [
            0.017036473396180564,
            0.00040768700892235277
        ],
        [
            0.0204611035333186,
            0.00011474134499145361
        ],
        [
            0.01670473617642809,
            0.0002914174143656689
        ],
        [
            0.018469422355703948,
            0.00039309146765387215
        ],
        [
            0.016552329717158094,
            0.00027875408723787576
        ],
        [
            0.008462815745717122,
            2.8860697311894334e-05
        ],
        [
            0.016318430630750107,
            9.029109482283637e-05
        ],
        [
            0.007970358581773175,
            3.6024483927477036e-05
        ],
        [
            0.020238613561996126,
            0.00026675467135428566
        ],
        [
            0.019622712230523445,
            0.00014681314570086368
        ],
        [
            0.01657880946877144,
            0.0002878175582543552
        ],
        [
            0.006739887491124894,
            0.0010240907469571958
        ],
        [
            0.013045135544620385,
            0.0003868659813486275
        ],
        [
            0.018375431208372255,
            7.127395867334574e-05
        ],
        [
            0.015643606880065386,
            0.0004667244901326306
        ]
    ],
    "r_thresh_deg": 5,
    "t_thresh": 0.035,
    "t_thresh_prec": 0.04
}