{
    "match_ratio": 0.4375,
    "recall": 0.4375,
    "precision": 1.0,
    "n_avail": 16,
    "n_pred": 32,
    "out_scores": [
        1.0,
        1.0,
        1.0,
        1.0,
        1.0,
        1.0,
        1.0,
        1.0,
        1.0,
        1.0,
        1.0,
        1.0,
        1.0,
        1.0,
        1.0,
        1.0,
        1.0,
        1.0,
        1.0,
        1.0,
        1.0,
        1.0,
        1.0,
        1.0,
        1.0,
        1.0,
        1.0,
        1.0,
        1.0,
        1.0,
        1.0,
        1.0
    ],
    "min_trans_rot_dists": [
        [
            0.019023539178040158,
            0.00026259948182016934
        ],
        [
            0.011881833383122273,
            4.237528624129183e-05
        ],
        [
            0.016886882646803634,
            2.5489809420409237e-05
        ],
        [
            0.0234032716719705,
            0.0008184841789207198
        ],
        [
            0.1158820225671653,
            0.00026259948182016934
        ],
        [
            0.12109744927435431,
            0.9994415136652391
        ],
        [
            0.11900717929803573,
            0.999319049759841
        ],
        [
            0.12267431176083683,
            0.00048685963420924683
        ],
        [
            0.008717658124731143,
            9.312251205861877e-05
        ],
        [
            0.013673755103709748,
            9.377730243775861e-05
        ],
        [
            0.017855929394359038,
            8.435959571928553e-05
        ],
        [
            0.38999860392023245,
            0.00047551699638392897
        ],
        [
            0.03597932860699112,
            6.698473502342317e-05
        ],
        [
            0.04016090855070837,
            9.377730243775861e-05
        ],
        [
            0.036715990705167734,
            0.9999883650909958
        ],
        [
            0.434691639696036,
            0.00047551699638392897
        ]
    ],
    "min_trans_rot_dists_prec": [
        [
            0.02319824500748398,
            0.00048685963420924683
        ],
        [
            0.022679221907317193,
            0.0009270103806788832
        ],
        [
            0.01995071791840092,
            3.381879832309309e-05
        ],
        [
            0.018498694819991494,
            5.521689500631588e-05
        ],
        [
            0.023663173236561648,
            0.0005742470900969021
        ],
        [
            0.011258351724659306,
            5.3194354581731496e-05
        ],
        [
            0.01845468614235101,
            3.661649854214133e-05
        ],
        [
            0.010638668653698651,
            5.0641136263962494e-05
        ],
        [
            0.023132829429733492,
            0.0005584288135309645
        ],
        [
            0.036715990705167734,
            6.94666190930171e-05
        ],
        [
            0.01602968567566605,
            0.0007105025693887601
        ],
        [
            0.015423999721181138,
            0.0004179048565631227
        ],
        [
            0.015673012613073536,
            2.9232581978400063e-05
        ],
        [
            0.012504898587277597,
            0.0003612274395261572
        ],
        [
            0.03597932860699112,
            6.698473502342317e-05
        ],
        [
            0.017855929394359038,
            8.435959571928553e-05
        ],
        [
            0.015187329760574441,
            0.0006346580164002802
        ],
        [
            0.011523672281763408,
            5.452119084303764e-05
        ],
        [
            0.02426617312077959,
            0.00047551699638392897
        ],
        [
            0.011663171773326594,
            7.870935358456066e-05
        ],
        [
            0.01309535314767692,
            0.00010219576063363878
        ],
        [
            0.019023539178040158,
            0.00026259948182016934
        ],
        [
            0.012765021563109541,
            3.324716619212964e-05
        ],
        [
            0.03703596464390887,
            9.312251205861877e-05
        ],
        [
            0.013673755103709748,
            9.377730243775861e-05
        ],
        [
            0.01702240219220246,
            3.26908821013383e-05
        ],
        [
            0.011318763603051528,
            6.141676525428519e-05
        ],
        [
            0.024838818580682445,
            0.0005640157995793205
        ],
        [
            0.012445045746698552,
            2.3299827724532207e-05
        ],
        [
            0.0234032716719705,
            0.0008184841789207198
        ],
        [
            0.016886882646803634,
            2.5489809420409237e-05
        ],
        [
            0.011881833383122273,
            4.237528624129183e-05
        ]
    ],
    "r_thresh_deg": 5,
    "t_thresh": 0.035,
    "t_thresh_prec": 0.04
}