{
    "match_ratio": 0.35,
    "recall": 0.35,
    "precision": 1.0,
    "n_avail": 40,
    "n_pred": 32,
    "out_scores": [
        1.0,
        1.0,
        1.0,
        1.0,
        1.0,
        1.0,
        1.0,
        1.0,
        1.0,
        1.0,
        1.0,
        1.0,
        1.0,
        1.0,
        1.0,
        1.0,
        1.0,
        1.0,
        1.0,
        1.0,
        1.0,
        1.0,
        1.0,
        1.0,
        1.0,
        1.0,
        1.0,
        1.0,
        1.0,
        1.0,
        1.0,
        1.0
    ],
    "min_trans_rot_dists": [
        [
            0.01952406164891111,
            0.002034979259873726
        ],
        [
            0.3260638166937137,
            0.00019767482849242235
        ],
        [
            0.01952406164891111,
            0.9980833196622393
        ],
        [
            0.32522583631822616,
            0.00042607544374007045
        ],
        [
            0.08789463823573722,
            0.002034979259873726
        ],
        [
            0.23289941830419789,
            0.00019767482849242235
        ],
        [
            0.08789463823573722,
            0.9980833196622393
        ],
        [
            0.2321471976340951,
            0.00042607544374007045
        ],
        [
            0.13952573402673762,
            0.9999234433684399
        ],
        [
            0.13985366187095083,
            0.00019767482849242235
        ],
        [
            0.13930247425137904,
            0.9999995017524238
        ],
        [
            0.13930247425137904,
            0.00042607544374007045
        ],
        [
            0.010955811945395457,
            0.0007642599542937445
        ],
        [
            0.01248154711711032,
            0.00030747467526104355
        ],
        [
            0.020287218335381448,
            8.836713399329454e-05
        ],
        [
            0.016887303883157463,
            0.00042607544374007045
        ],
        [
            0.09331644010361304,
            0.0004460583204280999
        ],
        [
            0.0945673502394406,
            0.00019767482849242235
        ],
        [
            0.09164910798162657,
            0.999366316498815
        ],
        [
            0.09318528367563372,
            0.0005764563062577999
        ],
        [
            0.18632369866818432,
            0.0004460583204280999
        ],
        [
            0.18743859163231133,
            0.00019767482849242235
        ],
        [
            0.18458458596261865,
            0.999366316498815
        ],
        [
            0.18562802897823216,
            0.0005764563062577999
        ],
        [
            0.20158388222104243,
            3.436402114154191e-05
        ],
        [
            0.1932684048776025,
            0.00012398322063367218
        ],
        [
            0.18141540582305257,
            1.7983100823792952e-05
        ],
        [
            0.19209802350993466,
            0.9997172769323207
        ],
        [
            0.021976311838814034,
            0.00011236524179536467
        ],
        [
            0.019836066464521636,
            0.0003065772193484584
        ],
        [
            0.023121551422587306,
            1.6842152382623432e-05
        ],
        [
            0.03382304728396691,
            2.542317524945048e-05
        ],
        [
            0.03261708076650646,
            0.00011236524179536467
        ],
        [
            0.045398619228868155,
            0.00012398322063367218
        ],
        [
            0.029232222222785365,
            0.9999247049497986
        ],
        [
            0.026138448968935486,
            8.320436765574257e-05
        ],
        [
            0.01663482591586034,
            0.0005213392261583794
        ],
        [
            0.0237446717289963,
            0.00029682978524481207
        ],
        [
            0.01818170527046043,
            0.00029669088844330727
        ],
        [
            0.16651150344341922,
            2.542317524945048e-05
        ]
    ],
    "min_trans_rot_dists_prec": [
        [
            0.012046702130965956,
            0.00019767482849242235
        ],
        [
            0.02057115372888758,
            0.00012398322063367218
        ],
        [
            0.009580005456604763,
            0.0004460583204280999
        ],
        [
            0.020310886231825857,
            0.00020973705270199705
        ],
        [
            0.01948770667639611,
            0.00013591280852032206
        ],
        [
            0.03708245693045324,
            7.982967575748123e-05
        ],
        [
            0.03274147490069893,
            8.368109813405855e-05
        ],
        [
            0.01663482591586034,
            0.0005213392261583794
        ],
        [
            0.033037315881744175,
            3.436402114154191e-05
        ],
        [
            0.010955811945395457,
            0.0007642599542937445
        ],
        [
            0.017724954740084637,
            0.0007545564150777118
        ],
        [
            0.03550972131319341,
            8.195479872963318e-05
        ],
        [
            0.017366929716901337,
            0.0005764563062577999
        ],
        [
            0.021837461615362947,
            1.7983100823792952e-05
        ],
        [
            0.0237446717289963,
            0.00029682978524481207
        ],
        [
            0.01818170527046043,
            0.00029669088844330727
        ],
        [
            0.029232222222785365,
            0.00011691019158199811
        ],
        [
            0.03560022667635137,
            2.542317524945048e-05
        ],
        [
            0.03315741594787613,
            0.0001331509173611023
        ],
        [
            0.012298314369979923,
            0.00037915641200025885
        ],
        [
            0.02436036629578263,
            3.719312962568999e-05
        ],
        [
            0.017571199163779083,
            0.00038678308887274415
        ],
        [
            0.011987223078636549,
            0.000406166217283066
        ],
        [
            0.03261708076650646,
            0.00011236524179536467
        ],
        [
            0.01248154711711032,
            0.00030747467526104355
        ],
        [
            0.016887303883157463,
            0.00042607544374007045
        ],
        [
            0.019836066464521636,
            0.0003065772193484584
        ],
        [
            0.01952406164891111,
            0.002034979259873726
        ],
        [
            0.026138448968935486,
            8.320436765574257e-05
        ],
        [
            0.02373816664908401,
            1.6941963783434488e-05
        ],
        [
            0.023121551422587306,
            1.6842152382623432e-05
        ],
        [
            0.020287218335381448,
            8.836713399329454e-05
        ]
    ],
    "r_thresh_deg": 5,
    "t_thresh": 0.035,
    "t_thresh_prec": 0.04
}