{
    "match_ratio": 0.5625,
    "recall": 0.5625,
    "precision": 1.0,
    "n_avail": 16,
    "n_pred": 32,
    "out_scores": [
        1.0,
        1.0,
        1.0,
        1.0,
        1.0,
        1.0,
        1.0,
        1.0,
        1.0,
        1.0,
        1.0,
        1.0,
        1.0,
        1.0,
        1.0,
        1.0,
        1.0,
        1.0,
        1.0,
        1.0,
        1.0,
        1.0,
        1.0,
        1.0,
        1.0,
        1.0,
        1.0,
        1.0,
        1.0,
        1.0,
        1.0,
        1.0
    ],
    "min_trans_rot_dists": [
        [
            0.09457661879627113,
            5.843427151075442e-05
        ],
        [
            0.023321284518912674,
            0.00021007149464324915
        ],
        [
            0.02393123020129369,
            0.0001080489976456045
        ],
        [
            0.08848842069007298,
            2.9304490304915554e-05
        ],
        [
            0.03211837313755623,
            7.60957696448461e-05
        ],
        [
            0.2845143796954489,
            0.0001370466182989416
        ],
        [
            0.025168305262055136,
            0.0001092388127842403
        ],
        [
            0.014523762795020073,
            4.455501032185616e-05
        ],
        [
            0.030154868166884688,
            5.569580996866996e-05
        ],
        [
            0.025896476866617,
            0.0002785400937582727
        ],
        [
            0.027456514343802176,
            0.00044563596887103873
        ],
        [
            0.01069763380761024,
            0.00010290363033449434
        ],
        [
            0.03921591214997678,
            0.9999821150041902
        ],
        [
            0.040206605142822004,
            0.0001370466182989416
        ],
        [
            0.040206605142822004,
            0.9999986739324557
        ],
        [
            0.03921591214997678,
            0.9997372708543055
        ]
    ],
    "min_trans_rot_dists_prec": [
        [
            0.02573585874096361,
            0.0001370466182989416
        ],
        [
            0.03179250352307655,
            5.843427151075442e-05
        ],
        [
            0.0124225667847039,
            0.0001606860948812905
        ],
        [
            0.02818027774575886,
            0.0002755648644043873
        ],
        [
            0.028811268718617417,
            0.0002853411255950844
        ],
        [
            0.02500017887901123,
            7.394438367158696e-05
        ],
        [
            0.011380373816889115,
            4.630329223698215e-05
        ],
        [
            0.011899649937131322,
            5.733178013322959e-05
        ],
        [
            0.012086358497478031,
            6.66995937932402e-05
        ],
        [
            0.011325264736649085,
            2.353396525878182e-05
        ],
        [
            0.010533209220450614,
            4.543436277981705e-05
        ],
        [
            0.03120702565150169,
            6.503830175974556e-05
        ],
        [
            0.014885951663579191,
            3.8734746036661605e-05
        ],
        [
            0.014816069331324268,
            2.9304490304915554e-05
        ],
        [
            0.027253728818665307,
            0.0002462237797700162
        ],
        [
            0.0117921975689626,
            6.712831202548841e-05
        ],
        [
            0.011363430205225955,
            0.000167387706057176
        ],
        [
            0.025482581944081643,
            0.00012163904829842753
        ],
        [
            0.027456514343802176,
            0.00044563596887103873
        ],
        [
            0.03921591214997678,
            0.00028174415498116723
        ],
        [
            0.015259011298908292,
            4.1098384330418014e-05
        ],
        [
            0.03195554581196761,
            7.91084049561741e-05
        ],
        [
            0.015088601092397106,
            2.001753221614333e-05
        ],
        [
            0.03967388809592927,
            0.0002649855263848755
        ],
        [
            0.02393123020129369,
            0.0001080489976456045
        ],
        [
            0.023321284518912674,
            0.00021007149464324915
        ],
        [
            0.025896476866617,
            0.0002785400937582727
        ],
        [
            0.030154868166884688,
            5.569580996866996e-05
        ],
        [
            0.025168305262055136,
            0.0001092388127842403
        ],
        [
            0.03211837313755623,
            7.60957696448461e-05
        ],
        [
            0.014523762795020073,
            4.455501032185616e-05
        ],
        [
            0.01069763380761024,
            0.00010290363033449434
        ]
    ],
    "r_thresh_deg": 5,
    "t_thresh": 0.035,
    "t_thresh_prec": 0.04
}