{
    "match_ratio": 0.4642857142857143,
    "recall": 0.4642857142857143,
    "precision": 0.9375,
    "n_avail": 28,
    "n_pred": 32,
    "out_scores": [
        1.0,
        1.0,
        1.0,
        1.0,
        1.0,
        1.0,
        1.0,
        1.0,
        1.0,
        1.0,
        1.0,
        1.0,
        1.0,
        1.0,
        1.0,
        1.0,
        1.0,
        1.0,
        1.0,
        1.0,
        1.0,
        1.0,
        1.0,
        1.0,
        1.0,
        1.0,
        1.0,
        1.0,
        1.0,
        1.0,
        1.0,
        1.0
    ],
    "min_trans_rot_dists": [
        [
            0.4030516077744995,
            1.1443657642051797e-05
        ],
        [
            0.09506581583246078,
            0.9999756188811628
        ],
        [
            0.09506581583246078,
            0.9999772596453272
        ],
        [
            0.09506581583246078,
            5.493086815722137e-05
        ],
        [
            0.021566426952869595,
            4.0481505058198586e-05
        ],
        [
            0.015475538257283705,
            0.00013298374809223024
        ],
        [
            0.027994390287510208,
            0.00010512385186633999
        ],
        [
            0.01953321737718042,
            2.2556227664893846e-05
        ],
        [
            0.2697762499605594,
            1.1443657642051797e-05
        ],
        [
            0.03461014076691091,
            2.6768223268525126e-05
        ],
        [
            0.04299623699521047,
            0.00010512385186633999
        ],
        [
            0.03562795253991935,
            0.9998737274433709
        ],
        [
            0.18114007302045804,
            1.1443657642051797e-05
        ],
        [
            0.12207433879712429,
            2.6768223268525126e-05
        ],
        [
            0.12596311925909726,
            0.00010512385186633999
        ],
        [
            0.013980899598969527,
            0.00012145985247113966
        ],
        [
            0.02071862476695691,
            2.3305112568428044e-05
        ],
        [
            0.018042531132321512,
            0.9998570767715218
        ],
        [
            0.02918375647913098,
            6.636270125737198e-05
        ],
        [
            0.020052372984437742,
            0.0002008044877632731
        ],
        [
            0.01851774054987591,
            0.00015389844088098403
        ],
        [
            0.01282684428667198,
            5.761965756578835e-05
        ],
        [
            0.02618376034928532,
            6.92914420661328e-05
        ],
        [
            0.01525419570437705,
            0.00011354481602843247
        ],
        [
            0.16637894554826305,
            1.6385087901138462e-05
        ],
        [
            0.0853101951458455,
            5.761965756578835e-05
        ],
        [
            0.0857795020287116,
            6.92914420661328e-05
        ],
        [
            0.086513791308512,
            0.9999039699790921
        ]
    ],
    "min_trans_rot_dists_prec": [
        [
            0.025036763911365195,
            1.6385087901138462e-05
        ],
        [
            0.021566426952869595,
            4.0481505058198586e-05
        ],
        [
            0.01261515259833284,
            0.00014146799076020233
        ],
        [
            0.024692554981367257,
            0.0001853836260641284
        ],
        [
            0.018042531132321512,
            0.00017308723843423302
        ],
        [
            0.018691539294826212,
            5.493086815722137e-05
        ],
        [
            0.01851774054987591,
            0.00015389844088098403
        ],
        [
            0.02492222374803437,
            0.00038820872543554596
        ],
        [
            0.027994390287510208,
            0.00010512385186633999
        ],
        [
            0.01282684428667198,
            5.761965756578835e-05
        ],
        [
            0.02618376034928532,
            6.92914420661328e-05
        ],
        [
            0.03660325674942373,
            7.651643656469975e-05
        ],
        [
            0.020710578975689602,
            1.1443657642051797e-05
        ],
        [
            0.02071862476695691,
            2.3305112568428044e-05
        ],
        [
            0.0396070741692168,
            9.270113114245859e-05
        ],
        [
            0.3012217984967698,
            0.00018384746708854927
        ],
        [
            0.017681384207942942,
            0.00011705325817523704
        ],
        [
            0.014160386592688574,
            0.00012751810018030163
        ],
        [
            0.02619487801367496,
            0.0002581220817833296
        ],
        [
            0.01953321737718042,
            2.2556227664893846e-05
        ],
        [
            0.03771081839508321,
            0.00016383066355540876
        ],
        [
            0.3132282054813846,
            0.0002448242856918359
        ],
        [
            0.013980899598969527,
            0.00012145985247113966
        ],
        [
            0.0197049420566085,
            4.685829188533219e-05
        ],
        [
            0.0370698827145873,
            0.00017836526098913286
        ],
        [
            0.03461014076691091,
            2.6768223268525126e-05
        ],
        [
            0.03166179188601111,
            0.0002370751613488542
        ],
        [
            0.03562795253991935,
            0.00013298374809223024
        ],
        [
            0.02918375647913098,
            6.636270125737198e-05
        ],
        [
            0.01721690015608554,
            0.00014304943260057268
        ],
        [
            0.01525419570437705,
            0.00011354481602843247
        ],
        [
            0.020052372984437742,
            0.0002008044877632731
        ]
    ],
    "r_thresh_deg": 5,
    "t_thresh": 0.035,
    "t_thresh_prec": 0.04
}