{
    "match_ratio": 0.55,
    "recall": 0.55,
    "precision": 0.75,
    "n_avail": 20,
    "n_pred": 32,
    "out_scores": [
        1.0,
        1.0,
        1.0,
        1.0,
        1.0,
        1.0,
        1.0,
        1.0,
        1.0,
        1.0,
        1.0,
        1.0,
        1.0,
        1.0,
        1.0,
        1.0,
        1.0,
        1.0,
        1.0,
        1.0,
        1.0,
        1.0,
        1.0,
        1.0,
        1.0,
        1.0,
        1.0,
        1.0,
        1.0,
        1.0,
        1.0,
        1.0
    ],
    "min_trans_rot_dists": [
        [
            0.3174080322133081,
            0.9999616402516879
        ],
        [
            0.030792977882315595,
            0.0005805908844156438
        ],
        [
            0.006411276270447657,
            4.316551185934436e-05
        ],
        [
            0.005445843060239864,
            0.001191576471488598
        ],
        [
            0.009570302183086887,
            0.9999618273399705
        ],
        [
            0.009570302183086887,
            0.9991086358165011
        ],
        [
            0.023875641527144383,
            0.0001804858681293542
        ],
        [
            0.01036571241808873,
            0.0007578572577638942
        ],
        [
            0.03373815668548066,
            1.75831481840083e-05
        ],
        [
            0.025854835589469403,
            0.00037124042071179364
        ],
        [
            0.024047304872509397,
            0.0002670091567051891
        ],
        [
            0.1127682162851031,
            0.0007578572577638942
        ],
        [
            0.0389180125354786,
            4.236662093370924e-05
        ],
        [
            0.027142322812809806,
            0.0003540993810621229
        ],
        [
            0.024670547185148113,
            0.00020694967241186024
        ],
        [
            0.22396066232838654,
            0.0007578572577638942
        ],
        [
            0.03396586405459474,
            0.0001585918982235368
        ],
        [
            0.11557280008882813,
            0.0003540993810621229
        ],
        [
            0.21363677203527387,
            0.0001471039772703575
        ],
        [
            0.33530966433026027,
            0.0007578572577638942
        ]
    ],
    "min_trans_rot_dists_prec": [
        [
            0.009570302183086887,
            0.00101245788006743
        ],
        [
            0.023568098406000472,
            0.0001471039772703575
        ],
        [
            0.007714718945891699,
            3.0830656117974975e-05
        ],
        [
            0.5205668589235157,
            0.016053758654472006
        ],
        [
            0.033716431307196884,
            0.00029947540025665464
        ],
        [
            0.006411276270447657,
            4.316551185934436e-05
        ],
        [
            0.4240211229744266,
            0.002604956656444224
        ],
        [
            0.023875641527144383,
            0.0001804858681293542
        ],
        [
            0.01414504696644939,
            0.0006441792141956837
        ],
        [
            0.036493056208624856,
            6.210205013235104e-06
        ],
        [
            0.4209646004626483,
            0.005965761157512239
        ],
        [
            0.02481560852301195,
            0.0001979486802324848
        ],
        [
            0.0389180125354786,
            4.236662093370924e-05
        ],
        [
            0.01041215469263139,
            0.0010510257804423606
        ],
        [
            0.008433781124528781,
            0.0010808812620871633
        ],
        [
            0.030792977882315595,
            0.0005805908844156438
        ],
        [
            0.5290057512997796,
            0.004796151933203485
        ],
        [
            0.427331151610151,
            0.00204946962939212
        ],
        [
            0.01036571241808873,
            0.0007578572577638942
        ],
        [
            0.5216900057361622,
            0.003287082626772464
        ],
        [
            0.024670547185148113,
            0.00020694967241186024
        ],
        [
            0.03670493765331553,
            6.1943932477825925e-06
        ],
        [
            0.42058013567853747,
            0.0035870559871288288
        ],
        [
            0.026130678305373835,
            0.0004835947547966457
        ],
        [
            0.03373815668548066,
            1.75831481840083e-05
        ],
        [
            0.025854835589469403,
            0.00037124042071179364
        ],
        [
            0.024047304872509397,
            0.0002670091567051891
        ],
        [
            0.027142322812809806,
            0.0003540993810621229
        ],
        [
            0.007428815723557396,
            0.0006467463603962997
        ],
        [
            0.03396586405459474,
            0.0001585918982235368
        ],
        [
            0.5371584919906226,
            0.0021018947291309154
        ],
        [
            0.005445843060239864,
            0.001191576471488598
        ]
    ],
    "r_thresh_deg": 5,
    "t_thresh": 0.035,
    "t_thresh_prec": 0.04
}