{
    "match_ratio": 0.65,
    "recall": 0.65,
    "precision": 1.0,
    "n_avail": 20,
    "n_pred": 32,
    "out_scores": [
        1.0,
        1.0,
        1.0,
        1.0,
        1.0,
        1.0,
        1.0,
        1.0,
        1.0,
        1.0,
        1.0,
        1.0,
        1.0,
        1.0,
        1.0,
        1.0,
        1.0,
        1.0,
        1.0,
        1.0,
        1.0,
        1.0,
        1.0,
        1.0,
        1.0,
        1.0,
        1.0,
        1.0,
        1.0,
        1.0,
        1.0,
        1.0
    ],
    "min_trans_rot_dists": [
        [
            0.1589889138598503,
            0.0001423260488288003
        ],
        [
            0.10185365234337469,
            0.0003503159805076095
        ],
        [
            0.1612695681138537,
            0.000695524600527575
        ],
        [
            0.15407033122061536,
            0.0005598448143593338
        ],
        [
            0.08166359935300095,
            0.0001423260488288003
        ],
        [
            0.022320029913674315,
            0.0003503159805076095
        ],
        [
            0.025167459723908596,
            0.00204672487762525
        ],
        [
            0.07571188406848167,
            0.0005598448143593338
        ],
        [
            0.03065418545200929,
            0.0001423260488288003
        ],
        [
            0.0115135541692775,
            0.0009621969961685073
        ],
        [
            0.02856243683914665,
            0.0011988964947406977
        ],
        [
            0.02177953861666636,
            0.0005991251078217852
        ],
        [
            0.024503367178915863,
            0.00014686179519185494
        ],
        [
            0.009039400261793023,
            0.000986374195974471
        ],
        [
            0.029778456921227027,
            0.0014873302201394711
        ],
        [
            0.017021529606490376,
            0.0005470522054378257
        ],
        [
            0.021170767543692015,
            9.312559374019536e-05
        ],
        [
            0.020846846543842112,
            0.9999525983634542
        ],
        [
            0.02635230657332847,
            0.001465003974440826
        ],
        [
            0.02261931878092533,
            0.0005128249721894074
        ]
    ],
    "min_trans_rot_dists_prec": [
        [
            0.026263377023255017,
            0.000695524600527575
        ],
        [
            0.026678235611730244,
            0.0002403900583128893
        ],
        [
            0.030020496936625934,
            0.0013630104052950731
        ],
        [
            0.029778456921227027,
            0.0014873302201394711
        ],
        [
            0.022320029913674315,
            0.0003503159805076095
        ],
        [
            0.028664372198763027,
            0.0003255760686654563
        ],
        [
            0.02462069685152025,
            0.0005598448143593338
        ],
        [
            0.03048170931578113,
            0.00031056078356650474
        ],
        [
            0.028273907042823482,
            0.00015376816886725209
        ],
        [
            0.02381159217984062,
            0.0005682816645384836
        ],
        [
            0.017021529606490376,
            0.0005470522054378257
        ],
        [
            0.026978232335023625,
            0.0005128162496050859
        ],
        [
            0.02635230657332847,
            0.001465003974440826
        ],
        [
            0.02551133269245169,
            0.0008731171419330552
        ],
        [
            0.025742484833730074,
            0.0011411183678372572
        ],
        [
            0.008560789807296834,
            0.0009451505134882021
        ],
        [
            0.0115135541692775,
            0.0009621969961685073
        ],
        [
            0.020846846543842112,
            0.00017186734150054228
        ],
        [
            0.020867607966005886,
            0.0005006222350225631
        ],
        [
            0.025773928878359085,
            0.0008409047654432955
        ],
        [
            0.02301757247701255,
            0.00027518721840158467
        ],
        [
            0.024044618290571907,
            0.0005316212392748598
        ],
        [
            0.021699011363659076,
            0.0008355753344100325
        ],
        [
            0.02177953861666636,
            0.0005991251078217852
        ],
        [
            0.012238870814983894,
            0.0008777678213253148
        ],
        [
            0.025167459723908596,
            0.00204672487762525
        ],
        [
            0.024503367178915863,
            0.00014686179519185494
        ],
        [
            0.02261931878092533,
            0.0005128249721894074
        ],
        [
            0.02856243683914665,
            0.0011988964947406977
        ],
        [
            0.009039400261793023,
            0.000986374195974471
        ],
        [
            0.021170767543692015,
            9.312559374019536e-05
        ],
        [
            0.03065418545200929,
            0.0001423260488288003
        ]
    ],
    "r_thresh_deg": 5,
    "t_thresh": 0.035,
    "t_thresh_prec": 0.04
}