{
    "match_ratio": 0.3333333333333333,
    "recall": 0.3333333333333333,
    "precision": 1.0,
    "n_avail": 12,
    "n_pred": 32,
    "out_scores": [
        1.0,
        1.0,
        1.0,
        1.0,
        1.0,
        1.0,
        1.0,
        1.0,
        1.0,
        1.0,
        1.0,
        1.0,
        1.0,
        1.0,
        1.0,
        1.0,
        1.0,
        1.0,
        1.0,
        1.0,
        1.0,
        1.0,
        1.0,
        1.0,
        1.0,
        1.0,
        1.0,
        1.0,
        1.0,
        1.0,
        1.0,
        1.0
    ],
    "min_trans_rot_dists": [
        [
            0.025959450496707875,
            0.00012397032557998067
        ],
        [
            0.01307472224775459,
            4.824637947953292e-05
        ],
        [
            0.024849158297951594,
            6.853209592327936e-05
        ],
        [
            0.012139309552126061,
            5.70889264149832e-05
        ],
        [
            0.19999425474034638,
            0.9999221221451158
        ],
        [
            0.19963426312897384,
            0.00010142954669223325
        ],
        [
            0.19963426312897384,
            0.9999883637662719
        ],
        [
            0.19999425474034638,
            0.9999780672294667
        ],
        [
            0.2507322337079695,
            0.9999221221451158
        ],
        [
            0.2503838361704646,
            0.00010142954669223325
        ],
        [
            0.2503838361704646,
            0.9999883637662719
        ],
        [
            0.2507322337079695,
            0.9999780672294667
        ]
    ],
    "min_trans_rot_dists_prec": [
        [
            0.013618416713933067,
            0.000107565577714408
        ],
        [
            0.024927665844114447,
            7.363641545843347e-05
        ],
        [
            0.02397384617609504,
            7.712986996599724e-05
        ],
        [
            0.01200875120484526,
            0.00016207832165682223
        ],
        [
            0.012945554208811138,
            0.0001740963945532359
        ],
        [
            0.01243281613595477,
            3.0163020649842665e-05
        ],
        [
            0.013583345109476458,
            7.936990942036815e-05
        ],
        [
            0.012287310861477,
            0.00011562572380729996
        ],
        [
            0.02609813541986184,
            6.672048710310019e-05
        ],
        [
            0.026193691950469906,
            0.00022452208918710692
        ],
        [
            0.025398677878974825,
            5.47198861027276e-05
        ],
        [
            0.026655686689324314,
            0.00013342138329519582
        ],
        [
            0.023951922072485855,
            8.904312526658575e-05
        ],
        [
            0.026631151324854992,
            5.281724902750362e-05
        ],
        [
            0.025856452511250898,
            0.00012984215833788948
        ],
        [
            0.02335452924185621,
            8.843009872183671e-05
        ],
        [
            0.01286556384878228,
            4.586262374917105e-05
        ],
        [
            0.011777361633030201,
            0.00010694719793857832
        ],
        [
            0.012066978056768343,
            0.00011887509470709379
        ],
        [
            0.026530441899801624,
            0.00023681112605677956
        ],
        [
            0.012825643153561625,
            0.00010142954669223325
        ],
        [
            0.012557237720066984,
            0.0001701887863899687
        ],
        [
            0.013044067120790074,
            5.6786935298425156e-05
        ],
        [
            0.02354502818292638,
            9.596739165218526e-05
        ],
        [
            0.013415430820889727,
            9.644982334200414e-05
        ],
        [
            0.012139309552126061,
            5.70889264149832e-05
        ],
        [
            0.025212421983419168,
            8.278788914628521e-05
        ],
        [
            0.024099920729540186,
            0.00010726255423842979
        ],
        [
            0.025640032731506338,
            0.00015667331734436907
        ],
        [
            0.025959450496707875,
            0.00012397032557998067
        ],
        [
            0.024849158297951594,
            6.853209592327936e-05
        ],
        [
            0.01307472224775459,
            4.824637947953292e-05
        ]
    ],
    "r_thresh_deg": 5,
    "t_thresh": 0.035,
    "t_thresh_prec": 0.04
}