{
    "match_ratio": 0.4375,
    "recall": 0.4375,
    "precision": 0.9375,
    "n_avail": 16,
    "n_pred": 32,
    "out_scores": [
        1.0,
        1.0,
        1.0,
        1.0,
        1.0,
        1.0,
        1.0,
        1.0,
        1.0,
        1.0,
        1.0,
        1.0,
        1.0,
        1.0,
        1.0,
        1.0,
        1.0,
        1.0,
        1.0,
        1.0,
        1.0,
        1.0,
        1.0,
        1.0,
        1.0,
        1.0,
        1.0,
        1.0,
        1.0,
        1.0,
        1.0,
        1.0
    ],
    "min_trans_rot_dists": [
        [
            0.014256197480100232,
            0.0005050994768097672
        ],
        [
            0.016426764762377852,
            0.0001457904718703551
        ],
        [
            0.009829869074056927,
            2.8043467625304963e-05
        ],
        [
            0.013254861045245384,
            0.0002854006982879742
        ],
        [
            0.013667836776757097,
            0.9991459339423691
        ],
        [
            0.08035518463912683,
            0.0001242395208254088
        ],
        [
            0.015536791457247361,
            0.0006731949418801175
        ],
        [
            0.3523854462548603,
            0.00016224216068139174
        ],
        [
            0.09551952536767602,
            0.9991459339423691
        ],
        [
            0.16338479843694526,
            0.0001242395208254088
        ],
        [
            0.09551952536767602,
            0.0008740180018684818
        ],
        [
            0.2685763565861544,
            0.00016224216068139174
        ],
        [
            0.03146420511038252,
            0.0001252522203741835
        ],
        [
            0.028373465610012603,
            0.9999542738358895
        ],
        [
            0.027096675013155363,
            0.9998596501969942
        ],
        [
            0.02810750797691795,
            0.00014438131372229712
        ]
    ],
    "min_trans_rot_dists_prec": [
        [
            0.028373465610012603,
            0.00016224216068139174
        ],
        [
            0.013667836776757097,
            0.0008740180018684818
        ],
        [
            0.009691216591411228,
            3.271395985227077e-05
        ],
        [
            0.01412889249878337,
            0.00041324557975241927
        ],
        [
            0.016864121725433893,
            0.0001505507862903377
        ],
        [
            0.028927198053076968,
            0.0001965243539248096
        ],
        [
            0.016114051209037188,
            0.0002270687626606538
        ],
        [
            0.01269379997834124,
            0.000265381243682028
        ],
        [
            0.25331883471729766,
            0.00019988209991150807
        ],
        [
            0.016914506784062675,
            0.00018306265247192144
        ],
        [
            0.027096675013155363,
            0.00014184419309482
        ],
        [
            0.33885606580093297,
            0.00027482958887747877
        ],
        [
            0.009300826289767415,
            3.157611229265278e-05
        ],
        [
            0.015536791457247361,
            0.0006731949418801175
        ],
        [
            0.009829869074056927,
            2.8043467625304963e-05
        ],
        [
            0.02775312750819372,
            0.00021460432428122012
        ],
        [
            0.02749661344835116,
            0.00010344657585681372
        ],
        [
            0.017007277037282244,
            8.55468517486635e-05
        ],
        [
            0.015420901410583141,
            0.0007200833530434103
        ],
        [
            0.017077911470508415,
            0.0001242395208254088
        ],
        [
            0.03146420511038252,
            0.0001252522203741835
        ],
        [
            0.013408760863614306,
            0.00021861614312634892
        ],
        [
            0.013205830388207275,
            0.00021382867567809605
        ],
        [
            0.02934614859490996,
            0.00019817457062554222
        ],
        [
            0.01575128629725929,
            0.0005679295293748998
        ],
        [
            0.015999021471349042,
            7.783082932133478e-05
        ],
        [
            0.016426764762377852,
            0.0001457904718703551
        ],
        [
            0.02810750797691795,
            0.00014438131372229712
        ],
        [
            0.01416022599622453,
            0.000368220138701858
        ],
        [
            0.014349511677171158,
            0.0004168969174440651
        ],
        [
            0.013254861045245384,
            0.0002854006982879742
        ],
        [
            0.014256197480100232,
            0.0005050994768097672
        ]
    ],
    "r_thresh_deg": 5,
    "t_thresh": 0.035,
    "t_thresh_prec": 0.04
}