{
    "match_ratio": 0.625,
    "recall": 0.625,
    "precision": 1.0,
    "n_avail": 8,
    "n_pred": 32,
    "out_scores": [
        1.0,
        1.0,
        1.0,
        1.0,
        1.0,
        1.0,
        1.0,
        1.0,
        1.0,
        1.0,
        1.0,
        1.0,
        1.0,
        1.0,
        1.0,
        1.0,
        1.0,
        1.0,
        1.0,
        1.0,
        1.0,
        1.0,
        1.0,
        1.0,
        1.0,
        1.0,
        1.0,
        1.0,
        1.0,
        1.0,
        1.0,
        1.0
    ],
    "min_trans_rot_dists": [
        [
            0.02515526801129112,
            0.00016102267939355208
        ],
        [
            0.10382765455794897,
            0.9999706380638888
        ],
        [
            0.10385024341730857,
            2.104995915563901e-05
        ],
        [
            0.02515526801129112,
            0.9999987839536665
        ],
        [
            0.02399611314856354,
            1.3970220160031133e-05
        ],
        [
            0.02672370398177565,
            0.00010223615570037481
        ],
        [
            0.009213721081985598,
            2.7109821452375726e-05
        ],
        [
            0.010056409980870696,
            5.668448865969733e-05
        ]
    ],
    "min_trans_rot_dists_prec": [
        [
            0.008380104828523771,
            2.4884199861796574e-05
        ],
        [
            0.025972093256732737,
            0.00010943181829492499
        ],
        [
            0.026510612057835052,
            0.0001075486073969234
        ],
        [
            0.022951949995126994,
            2.424461084660212e-05
        ],
        [
            0.025847819406261605,
            9.582115722261975e-05
        ],
        [
            0.008494608678565559,
            3.363479403850622e-05
        ],
        [
            0.008596619446005203,
            3.043788894396826e-05
        ],
        [
            0.02515526801129112,
            0.00016102267939355208
        ],
        [
            0.0268045916360819,
            0.00010791172653723535
        ],
        [
            0.023351075596889256,
            1.1821052831928469e-05
        ],
        [
            0.024181594766157208,
            1.6796591942092043e-05
        ],
        [
            0.022857697664424182,
            2.1003629276150626e-05
        ],
        [
            0.011269677781602046,
            3.311873312028535e-05
        ],
        [
            0.008489172789563314,
            2.8983740181232065e-05
        ],
        [
            0.010246702494262648,
            6.604409672283929e-05
        ],
        [
            0.027190822020259506,
            0.00010688860822039015
        ],
        [
            0.00988654349189101,
            1.656778164160766e-05
        ],
        [
            0.025948615979570197,
            0.00010810363127944367
        ],
        [
            0.008853093108171055,
            2.104995915563901e-05
        ],
        [
            0.025985904867831068,
            0.00011566266956719584
        ],
        [
            0.009340307913423988,
            3.679022381841701e-05
        ],
        [
            0.008289118127936144,
            2.811865699536842e-05
        ],
        [
            0.02748104255052441,
            9.553785989502295e-05
        ],
        [
            0.025196954577448315,
            0.00010641919228282504
        ],
        [
            0.009242258547258212,
            2.6147565453382704e-05
        ],
        [
            0.012214734378050375,
            2.7301739039642392e-05
        ],
        [
            0.02621634842561496,
            0.00010658269886199001
        ],
        [
            0.02399611314856354,
            1.3970220160031133e-05
        ],
        [
            0.028046663345150987,
            9.263603208808924e-05
        ],
        [
            0.010056409980870696,
            5.668448865969733e-05
        ],
        [
            0.009213721081985598,
            2.7109821452375726e-05
        ],
        [
            0.02672370398177565,
            0.00010223615570037481
        ]
    ],
    "r_thresh_deg": 5,
    "t_thresh": 0.035,
    "t_thresh_prec": 0.04
}