{
    "match_ratio": 0.4642857142857143,
    "recall": 0.4642857142857143,
    "precision": 1.0,
    "n_avail": 28,
    "n_pred": 32,
    "out_scores": [
        1.0,
        1.0,
        1.0,
        1.0,
        1.0,
        1.0,
        1.0,
        1.0,
        1.0,
        1.0,
        1.0,
        1.0,
        1.0,
        1.0,
        1.0,
        1.0,
        1.0,
        1.0,
        1.0,
        1.0,
        1.0,
        1.0,
        1.0,
        1.0,
        1.0,
        1.0,
        1.0,
        1.0,
        1.0,
        1.0,
        1.0,
        1.0
    ],
    "min_trans_rot_dists": [
        [
            0.03470425212394391,
            0.9995344510886429
        ],
        [
            0.09922464054508576,
            0.00052070694832973
        ],
        [
            0.03306966804606879,
            0.00024046404183619696
        ],
        [
            0.13513263170389103,
            0.0008040308663844753
        ],
        [
            0.01574419210939265,
            0.9999447787782295
        ],
        [
            0.01574419210939265,
            0.00052070694832973
        ],
        [
            0.4083945761155564,
            2.440029741712646e-05
        ],
        [
            0.04821408085569075,
            0.0008040308663844753
        ],
        [
            0.029396939348706623,
            0.00011885545227907635
        ],
        [
            0.013810035977297835,
            0.00019173337215239172
        ],
        [
            0.3640437877347635,
            2.440029741712646e-05
        ],
        [
            0.01783159558286227,
            0.00098516097184842
        ],
        [
            0.08704822303775658,
            0.999962914913028
        ],
        [
            0.08704822303775658,
            0.0001881696988161874
        ],
        [
            0.2754985091883187,
            2.440029741712646e-05
        ],
        [
            0.09022403647868617,
            0.0008040308663844753
        ],
        [
            0.08960824774660746,
            0.00030130855629528774
        ],
        [
            0.08974847851979965,
            5.841114150462179e-05
        ],
        [
            0.10096894039214951,
            2.440029741712646e-05
        ],
        [
            0.07894946235386885,
            0.0005594695217199241
        ],
        [
            0.030456604773135353,
            0.00030130855629528774
        ],
        [
            0.024992681004306037,
            0.00013808561417749665
        ],
        [
            0.03302700619317076,
            3.674108312468061e-05
        ],
        [
            0.02469430202102514,
            0.0005594695217199241
        ],
        [
            0.029525724845321927,
            0.00020271476502442543
        ],
        [
            0.013779059954721232,
            4.671794891542014e-05
        ],
        [
            0.03341172696740385,
            2.1623434361961458e-05
        ],
        [
            0.017191104845556908,
            0.0002723623028160205
        ]
    ],
    "min_trans_rot_dists_prec": [
        [
            0.03344362579219126,
            2.440029741712646e-05
        ],
        [
            0.01733514678959043,
            0.0008040308663844753
        ],
        [
            0.014357676492422637,
            5.870538705221584e-05
        ],
        [
            0.013934376388438556,
            0.0001881696988161874
        ],
        [
            0.015035813097078752,
            0.00010899251791129938
        ],
        [
            0.014735816294620776,
            5.841114150462179e-05
        ],
        [
            0.029693839789803913,
            0.0003181862501794308
        ],
        [
            0.029186343639828853,
            0.00020989062689169558
        ],
        [
            0.02919370056254675,
            0.00013394993420878798
        ],
        [
            0.024992681004306037,
            0.00013808561417749665
        ],
        [
            0.0290198106413887,
            0.00019835413901181376
        ],
        [
            0.029701936923652385,
            0.00021019916450359943
        ],
        [
            0.01783159558286227,
            0.00098516097184842
        ],
        [
            0.037323983345875736,
            0.00052070694832973
        ],
        [
            0.029525724845321927,
            0.00020271476502442543
        ],
        [
            0.013779059954721232,
            4.671794891542014e-05
        ],
        [
            0.018819016065678287,
            0.000559732403554225
        ],
        [
            0.03283624706984008,
            7.309122503351695e-06
        ],
        [
            0.017191104845556908,
            0.0002723623028160205
        ],
        [
            0.02469430202102514,
            0.0005594695217199241
        ],
        [
            0.03302700619317076,
            3.674108312468061e-05
        ],
        [
            0.030716792077257315,
            0.0007341458356791009
        ],
        [
            0.033326629495687494,
            2.9881123629782458e-05
        ],
        [
            0.03309453189393212,
            6.811199943634882e-05
        ],
        [
            0.029396939348706623,
            0.00011885545227907635
        ],
        [
            0.03470425212394391,
            0.0005650218994890377
        ],
        [
            0.03306966804606879,
            0.00024046404183619696
        ],
        [
            0.013540752877321127,
            0.0002095020078889398
        ],
        [
            0.03341172696740385,
            2.1623434361961458e-05
        ],
        [
            0.012443531741233034,
            0.00016352875532621436
        ],
        [
            0.013810035977297835,
            0.00019173337215239172
        ],
        [
            0.030456604773135353,
            0.00030130855629528774
        ]
    ],
    "r_thresh_deg": 5,
    "t_thresh": 0.035,
    "t_thresh_prec": 0.04
}