{
    "match_ratio": 0.4166666666666667,
    "recall": 0.4166666666666667,
    "precision": 1.0,
    "n_avail": 12,
    "n_pred": 32,
    "out_scores": [
        1.0,
        1.0,
        1.0,
        1.0,
        1.0,
        1.0,
        1.0,
        1.0,
        1.0,
        1.0,
        1.0,
        1.0,
        1.0,
        1.0,
        1.0,
        1.0,
        1.0,
        1.0,
        1.0,
        1.0,
        1.0,
        1.0,
        1.0,
        1.0,
        1.0,
        1.0,
        1.0,
        1.0,
        1.0,
        1.0,
        1.0,
        1.0
    ],
    "min_trans_rot_dists": [
        [
            0.02959537412637096,
            5.655080504862742e-05
        ],
        [
            0.02707186066346962,
            8.515909717066172e-06
        ],
        [
            0.006938561191533816,
            3.2671791961425e-05
        ],
        [
            0.009840768567907087,
            1.5379298158535448e-05
        ],
        [
            0.20434732585970508,
            0.9999898022623638
        ],
        [
            0.02924763662739079,
            0.0006754004561100313
        ],
        [
            0.20374967985049744,
            2.514364896544219e-05
        ],
        [
            0.02924763662739079,
            0.9993645125904824
        ],
        [
            0.2551442652060175,
            0.9999898022623638
        ],
        [
            0.0399433508498838,
            0.0006754004561100313
        ],
        [
            0.2545523203008519,
            2.514364896544219e-05
        ],
        [
            0.0399433508498838,
            0.9993645125904824
        ]
    ],
    "min_trans_rot_dists_prec": [
        [
            0.007637235677974887,
            3.484155875277395e-05
        ],
        [
            0.029412356707553464,
            5.865843303742846e-05
        ],
        [
            0.030251861563184757,
            5.185751222847035e-05
        ],
        [
            0.026031449534390617,
            1.4229399878162852e-05
        ],
        [
            0.006759350747220141,
            2.514364896544219e-05
        ],
        [
            0.009844279310180438,
            5.523354311620654e-05
        ],
        [
            0.028540530952401028,
            7.545631024763466e-05
        ],
        [
            0.03032520624593981,
            1.5546205524130663e-05
        ],
        [
            0.030392806685811707,
            4.097294254368222e-05
        ],
        [
            0.026929849905804566,
            1.7801750760493285e-05
        ],
        [
            0.008139935452766435,
            4.1686561698117686e-05
        ],
        [
            0.027028314354133814,
            7.999089587484853e-06
        ],
        [
            0.02765579972691885,
            2.836060147792807e-05
        ],
        [
            0.02823609663449691,
            5.652279671319871e-05
        ],
        [
            0.0108318838615944,
            2.5626673494705265e-05
        ],
        [
            0.0399433508498838,
            0.0006754004561100313
        ],
        [
            0.02774456641163537,
            2.0846222623660537e-05
        ],
        [
            0.026841077874022852,
            3.0416061100657643e-05
        ],
        [
            0.008867242353742824,
            3.637582622773028e-05
        ],
        [
            0.028260613154044645,
            5.285716831004983e-06
        ],
        [
            0.02987746268030218,
            8.206870508720154e-05
        ],
        [
            0.00941934567152307,
            4.676839866946114e-05
        ],
        [
            0.007280667218495955,
            3.586754932261016e-05
        ],
        [
            0.00772954190492311,
            2.6996540969825844e-05
        ],
        [
            0.009723878775744415,
            1.875626230696259e-05
        ],
        [
            0.010294220359379425,
            8.050023766248415e-06
        ],
        [
            0.006938561191533816,
            3.2671791961425e-05
        ],
        [
            0.00954444284877123,
            2.7844004776844677e-05
        ],
        [
            0.02793773986923063,
            3.271201315335759e-05
        ],
        [
            0.009840768567907087,
            1.5379298158535448e-05
        ],
        [
            0.02959537412637096,
            5.655080504862742e-05
        ],
        [
            0.02707186066346962,
            8.515909717066172e-06
        ]
    ],
    "r_thresh_deg": 5,
    "t_thresh": 0.035,
    "t_thresh_prec": 0.04
}