{
    "match_ratio": 0.4642857142857143,
    "recall": 0.4642857142857143,
    "precision": 1.0,
    "n_avail": 28,
    "n_pred": 32,
    "out_scores": [
        1.0,
        1.0,
        1.0,
        1.0,
        1.0,
        1.0,
        1.0,
        1.0,
        1.0,
        1.0,
        1.0,
        1.0,
        1.0,
        1.0,
        1.0,
        1.0,
        1.0,
        1.0,
        1.0,
        1.0,
        1.0,
        1.0,
        1.0,
        1.0,
        1.0,
        1.0,
        1.0,
        1.0,
        1.0,
        1.0,
        1.0,
        1.0
    ],
    "min_trans_rot_dists": [
        [
            0.0969465560746778,
            0.9998170288874739
        ],
        [
            0.0969465560746778,
            0.00073837706828217
        ],
        [
            0.24755173166160574,
            0.9998616037529974
        ],
        [
            0.24755173166160574,
            0.0008068839894140867
        ],
        [
            0.0266950694893908,
            0.9998170288874739
        ],
        [
            0.0266950694893908,
            0.00073837706828217
        ],
        [
            0.16242354518252364,
            0.9998616037529974
        ],
        [
            0.16242354518252364,
            0.0008068839894140867
        ],
        [
            0.03852817250257523,
            0.9999994146610438
        ],
        [
            0.03852817250257523,
            0.9993320975965444
        ],
        [
            0.03852817250257523,
            0.9998616037529974
        ],
        [
            0.03852817250257523,
            0.0008068839894140867
        ],
        [
            0.012971453347073515,
            0.00112944755796629
        ],
        [
            0.024884328507219205,
            0.0008919892224588111
        ],
        [
            0.01788778070024787,
            0.000893763876278042
        ],
        [
            0.02242620506804129,
            0.0008408075207601007
        ],
        [
            0.01769112392466782,
            0.0012171647185412748
        ],
        [
            0.03359683435657344,
            0.0008738477341452278
        ],
        [
            0.015165088948092691,
            0.0010272919702519756
        ],
        [
            0.02719573976151717,
            0.0010815361008726931
        ],
        [
            0.08697587844017164,
            0.0008329450753249423
        ],
        [
            0.07769372721714071,
            0.0008738477341452278
        ],
        [
            0.08082571689918776,
            0.0009908339245006115
        ],
        [
            0.09965297849117735,
            0.0006690764578187736
        ],
        [
            0.009580571514108165,
            0.0007149375294768223
        ],
        [
            0.012891397389571034,
            0.002000310117347359
        ],
        [
            0.02072253690222396,
            0.000793744477885383
        ],
        [
            0.01794117709217724,
            0.0013023647031517038
        ]
    ],
    "min_trans_rot_dists_prec": [
        [
            0.02250351154877101,
            0.0008068839894140867
        ],
        [
            0.009734269091560301,
            0.0008329450753249423
        ],
        [
            0.00910810198172927,
            0.000513500889520957
        ],
        [
            0.013224887727086925,
            0.0015147330853771956
        ],
        [
            0.00827538778813687,
            0.0007150522539326465
        ],
        [
            0.02847609158018984,
            0.0006690764578187736
        ],
        [
            0.02185671414070522,
            0.00133008022450265
        ],
        [
            0.009580571514108165,
            0.0007149375294768223
        ],
        [
            0.017772007245239897,
            0.0006133131043302154
        ],
        [
            0.02289007536897641,
            0.0008995062734993287
        ],
        [
            0.016437667368486272,
            0.0009908339245006115
        ],
        [
            0.025627543106600478,
            0.0010235893092590542
        ],
        [
            0.018593665153917603,
            0.0009350815669345591
        ],
        [
            0.015165088948092691,
            0.0010272919702519756
        ],
        [
            0.012467939788646213,
            0.0020003026803392387
        ],
        [
            0.02600689276107641,
            0.000798613950245386
        ],
        [
            0.02072253690222396,
            0.000793744477885383
        ],
        [
            0.024473819780576743,
            0.0008733085453028755
        ],
        [
            0.027469668265680307,
            0.0011266070217135216
        ],
        [
            0.02652880281132007,
            0.0007056801831121229
        ],
        [
            0.01788778070024787,
            0.000893763876278042
        ],
        [
            0.025998884666696833,
            0.001028076097016939
        ],
        [
            0.03359683435657344,
            0.0008738477341452278
        ],
        [
            0.0266950694893908,
            0.00073837706828217
        ],
        [
            0.012971453347073515,
            0.00112944755796629
        ],
        [
            0.025112647835523458,
            0.000749514451459321
        ],
        [
            0.012891397389571034,
            0.002000310117347359
        ],
        [
            0.02242620506804129,
            0.0008408075207601007
        ],
        [
            0.02719573976151717,
            0.0010815361008726931
        ],
        [
            0.01794117709217724,
            0.0013023647031517038
        ],
        [
            0.01769112392466782,
            0.0012171647185412748
        ],
        [
            0.024884328507219205,
            0.0008919892224588111
        ]
    ],
    "r_thresh_deg": 5,
    "t_thresh": 0.035,
    "t_thresh_prec": 0.04
}