{
    "match_ratio": 0.375,
    "recall": 0.375,
    "precision": 1.0,
    "n_avail": 40,
    "n_pred": 32,
    "out_scores": [
        1.0,
        1.0,
        1.0,
        1.0,
        1.0,
        1.0,
        1.0,
        1.0,
        1.0,
        1.0,
        1.0,
        1.0,
        1.0,
        1.0,
        1.0,
        1.0,
        1.0,
        1.0,
        1.0,
        1.0,
        1.0,
        1.0,
        1.0,
        1.0,
        1.0,
        1.0,
        1.0,
        1.0,
        1.0,
        1.0,
        1.0,
        1.0
    ],
    "min_trans_rot_dists": [
        [
            0.135325405205055,
            0.00010058843064586487
        ],
        [
            0.13856886101054566,
            0.0008785935164001835
        ],
        [
            0.13985851690785855,
            0.0025402670484340195
        ],
        [
            0.006182283776224222,
            0.00029667176831615905
        ],
        [
            0.014588615588887834,
            0.00010058843064586487
        ],
        [
            0.015984343423352726,
            0.0009679108524582869
        ],
        [
            0.00866411718584032,
            0.0025402670484340195
        ],
        [
            0.004658819206411654,
            0.00036852287626398805
        ],
        [
            0.021026809553850334,
            0.0004399030939382653
        ],
        [
            0.00933113309864942,
            0.9994008648460946
        ],
        [
            0.036701150701658684,
            0.0010305459260944172
        ],
        [
            0.012313505065723505,
            0.0009326064924288779
        ],
        [
            0.03511776875803899,
            0.00035292560350741464
        ],
        [
            0.013191702507212006,
            0.00248550882787546
        ],
        [
            0.010012819753396048,
            0.0010305459260944172
        ],
        [
            0.03470071808733807,
            0.0009326064924288779
        ],
        [
            0.1642451236486743,
            0.00035292560350741464
        ],
        [
            0.1343962433524716,
            0.0016758299230288376
        ],
        [
            0.3269425023144222,
            0.0009144232983311351
        ],
        [
            0.16915311395240573,
            0.00047494171155171294
        ],
        [
            0.3693103013862196,
            0.00010058843064586487
        ],
        [
            0.3639960869973004,
            0.0008785935164001835
        ],
        [
            0.36846042710265875,
            0.0025402670484340195
        ],
        [
            0.29812106611791256,
            0.00029667176831615905
        ],
        [
            0.017179354070544346,
            0.0007701137350821785
        ],
        [
            0.18885287647700835,
            0.999764285943951
        ],
        [
            0.017179354070544346,
            0.9994413296142094
        ],
        [
            0.017179354070544346,
            0.9999637661885992
        ],
        [
            0.0209823604706812,
            0.0003175185079177245
        ],
        [
            0.021682861588367037,
            0.9997507515390239
        ],
        [
            0.021682861588367037,
            0.9995880360102221
        ],
        [
            0.022754149118381667,
            0.9999830140381282
        ],
        [
            0.0348901499021837,
            0.0006394645723815096
        ],
        [
            0.024077360963358396,
            0.002766147393724938
        ],
        [
            0.013946773271968416,
            0.0006876034336166237
        ],
        [
            0.024077360963358396,
            0.9975298961030743
        ],
        [
            0.1653422698184201,
            0.0003175185079177245
        ],
        [
            0.1262615506009553,
            0.002322689264263489
        ],
        [
            0.13282722442858177,
            0.0009144232983311351
        ],
        [
            0.1262615506009553,
            0.9980950239481096
        ]
    ],
    "min_trans_rot_dists_prec": [
        [
            0.03824543192544525,
            0.00043229349228590674
        ],
        [
            0.035024839911810976,
            0.0006637883709323944
        ],
        [
            0.03511776875803899,
            0.00035292560350741464
        ],
        [
            0.02700078404330376,
            0.002322689264263489
        ],
        [
            0.014588615588887834,
            0.00010058843064586487
        ],
        [
            0.011950596756522837,
            0.0021229515091636397
        ],
        [
            0.01215766791262344,
            0.0016758299230288376
        ],
        [
            0.00866411718584032,
            0.0025402670484340195
        ],
        [
            0.0348901499021837,
            0.0006394645723815096
        ],
        [
            0.037831611023431626,
            0.0007861445352368435
        ],
        [
            0.01170281641760537,
            0.0009144232983311351
        ],
        [
            0.024077360963358396,
            0.002766147393724938
        ],
        [
            0.036408590071572794,
            0.0003175185079177245
        ],
        [
            0.03766500328777386,
            0.00047494171155171294
        ],
        [
            0.01366458802580876,
            0.0006906791084964059
        ],
        [
            0.017179354070544346,
            0.0007701137350821785
        ],
        [
            0.015042163653845038,
            0.0020209619198664486
        ],
        [
            0.013905579655436895,
            0.0018573488804974891
        ],
        [
            0.009147413986095075,
            0.0009311418032424967
        ],
        [
            0.036402426695805554,
            0.0006090241642263683
        ],
        [
            0.013191702507212006,
            0.00248550882787546
        ],
        [
            0.0387442864903865,
            0.000656142795699366
        ],
        [
            0.03606697754252025,
            0.0004399030939382653
        ],
        [
            0.016517139760525077,
            0.0008785935164001835
        ],
        [
            0.03470071808733807,
            0.0009326064924288779
        ],
        [
            0.015984343423352726,
            0.0009679108524582869
        ],
        [
            0.01612106997122404,
            0.0005876884358748669
        ],
        [
            0.006182283776224222,
            0.00029667176831615905
        ],
        [
            0.010655812164044286,
            0.0009661427935231393
        ],
        [
            0.013946773271968416,
            0.0006876034336166237
        ],
        [
            0.004658819206411654,
            0.00036852287626398805
        ],
        [
            0.010012819753396048,
            0.0010305459260944172
        ]
    ],
    "r_thresh_deg": 5,
    "t_thresh": 0.035,
    "t_thresh_prec": 0.04
}