{
    "match_ratio": 0.6875,
    "recall": 0.6875,
    "precision": 1.0,
    "n_avail": 16,
    "n_pred": 32,
    "out_scores": [
        1.0,
        1.0,
        1.0,
        1.0,
        1.0,
        1.0,
        1.0,
        1.0,
        1.0,
        1.0,
        1.0,
        1.0,
        1.0,
        1.0,
        1.0,
        1.0,
        1.0,
        1.0,
        1.0,
        1.0,
        1.0,
        1.0,
        1.0,
        1.0,
        1.0,
        1.0,
        1.0,
        1.0,
        1.0,
        1.0,
        1.0,
        1.0
    ],
    "min_trans_rot_dists": [
        [
            0.13802440521714857,
            0.00010745871843409471
        ],
        [
            0.024895171341548398,
            7.354051029251352e-06
        ],
        [
            0.024890125918899678,
            0.0001613054254044899
        ],
        [
            0.1349673290633463,
            0.00012153601153686022
        ],
        [
            0.026106875311760175,
            6.474484308871542e-05
        ],
        [
            0.017986970114967207,
            4.364882133323089e-05
        ],
        [
            0.020791562955340768,
            0.00010661011091384065
        ],
        [
            0.0044838175609528,
            0.00012153601153686022
        ],
        [
            0.02756481543027603,
            6.797789317303238e-05
        ],
        [
            0.0162340592645034,
            0.00010667156332033745
        ],
        [
            0.021042999616411293,
            5.899219432992098e-05
        ],
        [
            0.007228054585455115,
            0.00022588031027870326
        ],
        [
            0.03325726379008495,
            0.9999577450507022
        ],
        [
            0.03325726379008495,
            0.9998976977606672
        ],
        [
            0.03325726379008495,
            0.9999608584711326
        ],
        [
            0.03325726379008495,
            0.00018369871749790434
        ]
    ],
    "min_trans_rot_dists_prec": [
        [
            0.03325726379008495,
            0.00018369871749790434
        ],
        [
            0.017406850088765063,
            8.697185286854481e-05
        ],
        [
            0.038521510902613576,
            1.4205128551658674e-05
        ],
        [
            0.01906298858335407,
            0.00010230616319828467
        ],
        [
            0.020338200652298175,
            2.134038381651493e-05
        ],
        [
            0.03604229501678506,
            0.0003214402769474711
        ],
        [
            0.020042544041303106,
            2.4286190754563286e-05
        ],
        [
            0.020295493827429765,
            1.8727042634170132e-05
        ],
        [
            0.024895171341548398,
            7.354051029251352e-06
        ],
        [
            0.02005003275012958,
            0.00010561928356389583
        ],
        [
            0.03667611340000251,
            2.5139289404951803e-05
        ],
        [
            0.020597868646106816,
            0.00011540323576497702
        ],
        [
            0.01703647926724371,
            7.223796810662542e-05
        ],
        [
            0.020941127935958773,
            2.2781245280878437e-05
        ],
        [
            0.026271425471517205,
            3.0160172667215157e-05
        ],
        [
            0.038915810417485874,
            0.00022588031027870326
        ],
        [
            0.025503419794516667,
            0.00010745871843409471
        ],
        [
            0.018543998550986512,
            7.009756271070255e-05
        ],
        [
            0.025814648256919797,
            8.809766191197888e-05
        ],
        [
            0.020996056110584128,
            7.977871852027363e-06
        ],
        [
            0.02756481543027603,
            6.797789317303238e-05
        ],
        [
            0.021374142135965293,
            8.644286350278918e-06
        ],
        [
            0.020277243636331415,
            2.643211080510799e-05
        ],
        [
            0.021042999616411293,
            5.899219432992098e-05
        ],
        [
            0.020005118125847942,
            1.03883562102558e-05
        ],
        [
            0.024890125918899678,
            0.0001613054254044899
        ],
        [
            0.017986970114967207,
            4.364882133323089e-05
        ],
        [
            0.026106875311760175,
            6.474484308871542e-05
        ],
        [
            0.0162340592645034,
            0.00010667156332033745
        ],
        [
            0.021192242956915953,
            3.349507491923198e-06
        ],
        [
            0.0044838175609528,
            0.00012153601153686022
        ],
        [
            0.020791562955340768,
            0.00010661011091384065
        ]
    ],
    "r_thresh_deg": 5,
    "t_thresh": 0.035,
    "t_thresh_prec": 0.04
}