{
    "match_ratio": 0.375,
    "recall": 0.375,
    "precision": 1.0,
    "n_avail": 16,
    "n_pred": 32,
    "out_scores": [
        1.0,
        1.0,
        1.0,
        1.0,
        1.0,
        1.0,
        1.0,
        1.0,
        1.0,
        1.0,
        1.0,
        1.0,
        1.0,
        1.0,
        1.0,
        1.0,
        1.0,
        1.0,
        1.0,
        1.0,
        1.0,
        1.0,
        1.0,
        1.0,
        1.0,
        1.0,
        1.0,
        1.0,
        1.0,
        1.0,
        1.0,
        1.0
    ],
    "min_trans_rot_dists": [
        [
            0.036499154825106454,
            0.9996377479600864
        ],
        [
            0.04358101470433636,
            0.00018619909645356536
        ],
        [
            0.03671269256706586,
            0.00010734982697402362
        ],
        [
            0.043341780214010944,
            4.078721760225612e-06
        ],
        [
            0.026717107463634128,
            9.439007768619057e-06
        ],
        [
            0.025864366132280485,
            0.0002870846533239435
        ],
        [
            0.015944660519033982,
            0.00010734982697402362
        ],
        [
            0.006648852782075668,
            2.153603501531265e-05
        ],
        [
            0.08682803189217536,
            2.061305010825354e-05
        ],
        [
            0.09264397761777309,
            0.000198204679271341
        ],
        [
            0.08682803189217536,
            0.999988982761912
        ],
        [
            0.08287047208730874,
            4.078721760225612e-06
        ],
        [
            0.41818419221584396,
            5.482276495105687e-06
        ],
        [
            0.02387008133455326,
            8.362869447842147e-05
        ],
        [
            0.00505244994124917,
            0.9999516254445323
        ],
        [
            0.00505244994124917,
            8.061148974480847e-05
        ]
    ],
    "min_trans_rot_dists_prec": [
        [
            0.025946563689568714,
            0.00022818392545753685
        ],
        [
            0.006250222069601809,
            4.078721760225612e-06
        ],
        [
            0.025254634149734726,
            0.00038490350393649564
        ],
        [
            0.026939315362009126,
            2.061305010825354e-05
        ],
        [
            0.02534129762488275,
            0.00023417012670634563
        ],
        [
            0.02484427769849517,
            0.0001396803550739456
        ],
        [
            0.00505244994124917,
            8.061148974480847e-05
        ],
        [
            0.025316708234509527,
            0.00028719547232725073
        ],
        [
            0.02690309025610713,
            2.25104645660279e-05
        ],
        [
            0.0255159182202168,
            0.00023027014318965922
        ],
        [
            0.01565288444024199,
            0.00038337281068345774
        ],
        [
            0.015542475426605327,
            0.00028213212794014897
        ],
        [
            0.016058759621303605,
            0.00023427293577560349
        ],
        [
            0.026052842049315784,
            0.000198204679271341
        ],
        [
            0.02832802410809669,
            2.4053962438319587e-05
        ],
        [
            0.0150489034344717,
            0.00016772805127285295
        ],
        [
            0.025399020338603816,
            0.0005004493619206185
        ],
        [
            0.02387008133455326,
            8.362869447842147e-05
        ],
        [
            0.0068284468199157405,
            6.94403979382141e-05
        ],
        [
            0.02725563091452309,
            5.482276495105687e-06
        ],
        [
            0.007143663177123455,
            3.882934654997339e-05
        ],
        [
            0.02492712635399756,
            0.00033470695341597523
        ],
        [
            0.026717107463634128,
            9.439007768619057e-06
        ],
        [
            0.015887919948075736,
            0.00032224538267089375
        ],
        [
            0.016490762464808652,
            0.00041226678570549513
        ],
        [
            0.007455387353603307,
            1.868068849719684e-05
        ],
        [
            0.025227615869417765,
            0.0002807706298377788
        ],
        [
            0.0066710814934364815,
            7.41549224847482e-06
        ],
        [
            0.025176322813728752,
            0.00018619909645356536
        ],
        [
            0.015944660519033982,
            0.00010734982697402362
        ],
        [
            0.025864366132280485,
            0.0002870846533239435
        ],
        [
            0.006648852782075668,
            2.153603501531265e-05
        ]
    ],
    "r_thresh_deg": 5,
    "t_thresh": 0.035,
    "t_thresh_prec": 0.04
}