{
    "match_ratio": 0.5625,
    "recall": 0.5625,
    "precision": 1.0,
    "n_avail": 16,
    "n_pred": 32,
    "out_scores": [
        1.0,
        1.0,
        1.0,
        1.0,
        1.0,
        1.0,
        1.0,
        1.0,
        1.0,
        1.0,
        1.0,
        1.0,
        1.0,
        1.0,
        1.0,
        1.0,
        1.0,
        1.0,
        1.0,
        1.0,
        1.0,
        1.0,
        1.0,
        1.0,
        1.0,
        1.0,
        1.0,
        1.0,
        1.0,
        1.0,
        1.0,
        1.0
    ],
    "min_trans_rot_dists": [
        [
            0.08760892907290269,
            2.168005381364413e-05
        ],
        [
            0.3684327889990105,
            2.649320542391642e-06
        ],
        [
            0.09794909897961142,
            4.4826458561741944e-05
        ],
        [
            0.09114503392597192,
            2.9977961965910183e-05
        ],
        [
            0.01192555894613392,
            3.4478534293058694e-05
        ],
        [
            0.01277769560601287,
            5.9310380262966866e-05
        ],
        [
            0.026083963263680184,
            3.902528766641655e-05
        ],
        [
            0.027553798115731776,
            2.3885668438694552e-05
        ],
        [
            0.013790276827693517,
            3.5466030923081426e-05
        ],
        [
            0.015358918631495907,
            8.043254310807768e-06
        ],
        [
            0.025894632049710296,
            1.6076019309085865e-05
        ],
        [
            0.023600311324355073,
            8.969630283817143e-05
        ],
        [
            0.03223026179531738,
            0.9999965840538352
        ],
        [
            0.034682816145045356,
            8.043254310807768e-06
        ],
        [
            0.03223026179531738,
            0.9999970988674244
        ],
        [
            0.03181118214328817,
            0.9999939548717864
        ]
    ],
    "min_trans_rot_dists_prec": [
        [
            0.03445852661649142,
            3.83345682164471e-06
        ],
        [
            0.02637860860795963,
            4.4826458561741944e-05
        ],
        [
            0.011788326835750096,
            3.747603476156325e-05
        ],
        [
            0.023757877866764275,
            4.5770636118880326e-05
        ],
        [
            0.03781738600389837,
            8.070057737341596e-05
        ],
        [
            0.03223026179531738,
            1.1118429034562283e-05
        ],
        [
            0.03780380740742085,
            2.4091648064161753e-05
        ],
        [
            0.010220494032355273,
            1.751151968010234e-05
        ],
        [
            0.02292634856715669,
            7.296110743182371e-05
        ],
        [
            0.01277769560601287,
            5.9310380262966866e-05
        ],
        [
            0.03181118214328817,
            8.49891974974426e-06
        ],
        [
            0.03820232794770032,
            3.085108704581341e-05
        ],
        [
            0.021854063814333382,
            0.000124410734444802
        ],
        [
            0.023234844002663436,
            5.103279919393966e-05
        ],
        [
            0.03573721139485862,
            4.971786461860361e-06
        ],
        [
            0.031865380715709025,
            1.518817648982207e-06
        ],
        [
            0.027287719257801848,
            2.9977961965910183e-05
        ],
        [
            0.02448303265943981,
            4.996391751910245e-05
        ],
        [
            0.011600546357714242,
            2.649320542391642e-06
        ],
        [
            0.01309503508752295,
            2.168005381364413e-05
        ],
        [
            0.03939783791758644,
            1.6076019309085865e-05
        ],
        [
            0.028378031505805642,
            5.537177868952803e-05
        ],
        [
            0.027265871553070704,
            7.47389009390087e-05
        ],
        [
            0.023409256320272843,
            0.00011550061323695182
        ],
        [
            0.027553798115731776,
            2.3885668438694552e-05
        ],
        [
            0.01048686472901626,
            5.4802875740778134e-05
        ],
        [
            0.034682816145045356,
            8.043254310807768e-06
        ],
        [
            0.022850357154060554,
            6.732321768598837e-05
        ],
        [
            0.023600311324355073,
            8.969630283817143e-05
        ],
        [
            0.01192555894613392,
            3.4478534293058694e-05
        ],
        [
            0.039630565249190355,
            3.5466030923081426e-05
        ],
        [
            0.026083963263680184,
            3.902528766641655e-05
        ]
    ],
    "r_thresh_deg": 5,
    "t_thresh": 0.035,
    "t_thresh_prec": 0.04
}