{
    "match_ratio": 1.0,
    "recall": 1.0,
    "precision": 0.96875,
    "n_avail": 8,
    "n_pred": 32,
    "out_scores": [
        1.0,
        1.0,
        1.0,
        1.0,
        1.0,
        1.0,
        1.0,
        1.0,
        1.0,
        1.0,
        1.0,
        1.0,
        1.0,
        1.0,
        1.0,
        1.0,
        1.0,
        1.0,
        1.0,
        1.0,
        1.0,
        1.0,
        1.0,
        1.0,
        1.0,
        1.0,
        1.0,
        1.0,
        1.0,
        1.0,
        1.0,
        1.0
    ],
    "min_trans_rot_dists": [
        [
            0.01233905240303018,
            0.0001909342131345415
        ],
        [
            0.011270056079632607,
            0.00030256353402746683
        ],
        [
            0.01746203704594896,
            2.7758592201165833e-05
        ],
        [
            0.018234334432495055,
            0.0002184102441896707
        ],
        [
            0.011236910285075067,
            8.850027114482018e-05
        ],
        [
            0.014249568549785676,
            7.134367186611978e-05
        ],
        [
            0.01920141262872616,
            9.900699749543218e-05
        ],
        [
            0.01878700903396005,
            2.9684114522754435e-05
        ]
    ],
    "min_trans_rot_dists_prec": [
        [
            0.012512452870513079,
            0.00012693317578904573
        ],
        [
            0.01910338115241778,
            0.0002891266919120561
        ],
        [
            0.01182335921570539,
            0.00011530396370451612
        ],
        [
            0.010386135106016868,
            8.806726752030869e-05
        ],
        [
            0.013825569589305507,
            0.00010737594281495788
        ],
        [
            0.01330827091167124,
            9.407961447094326e-05
        ],
        [
            0.018752903275087825,
            3.290991640714225e-05
        ],
        [
            0.014218485249205978,
            8.175840540836088e-05
        ],
        [
            0.013257961958079652,
            0.00013863794629820347
        ],
        [
            0.020550793340034977,
            6.815469662924123e-05
        ],
        [
            0.01787040209816643,
            0.00029258201404880335
        ],
        [
            0.011394894227459007,
            0.0002611524985042246
        ],
        [
            0.017227040088825606,
            3.8786514004240935e-05
        ],
        [
            0.017703715258897374,
            2.6084829406025634e-05
        ],
        [
            0.018721083245174918,
            0.00014021652927709294
        ],
        [
            0.015537407843963435,
            0.49733287924248437
        ],
        [
            0.017097957368709494,
            3.4900553924410715e-05
        ],
        [
            0.01296544925159539,
            0.00012948951856817104
        ],
        [
            0.014249568549785676,
            7.134367186611978e-05
        ],
        [
            0.01854063740346526,
            5.4153916247967615e-05
        ],
        [
            0.018695170510390144,
            1.1637703717481962e-05
        ],
        [
            0.012618935970162868,
            0.00024810597806224077
        ],
        [
            0.012004215628534251,
            0.00013887196333262075
        ],
        [
            0.012137437709299329,
            9.612066135000763e-05
        ],
        [
            0.01233905240303018,
            0.0001909342131345415
        ],
        [
            0.019682708542003456,
            7.58713250238463e-05
        ],
        [
            0.011270056079632607,
            0.00030256353402746683
        ],
        [
            0.018234334432495055,
            0.0002184102441896707
        ],
        [
            0.01878700903396005,
            2.9684114522754435e-05
        ],
        [
            0.01920141262872616,
            9.900699749543218e-05
        ],
        [
            0.011236910285075067,
            8.850027114482018e-05
        ],
        [
            0.01746203704594896,
            2.7758592201165833e-05
        ]
    ],
    "r_thresh_deg": 5,
    "t_thresh": 0.035,
    "t_thresh_prec": 0.04
}