{
    "match_ratio": 0.32142857142857145,
    "recall": 0.32142857142857145,
    "precision": 1.0,
    "n_avail": 28,
    "n_pred": 32,
    "out_scores": [
        1.0,
        1.0,
        1.0,
        1.0,
        1.0,
        1.0,
        1.0,
        1.0,
        1.0,
        1.0,
        1.0,
        1.0,
        1.0,
        1.0,
        1.0,
        1.0,
        1.0,
        1.0,
        1.0,
        1.0,
        1.0,
        1.0,
        1.0,
        1.0,
        1.0,
        1.0,
        1.0,
        1.0,
        1.0,
        1.0,
        1.0,
        1.0
    ],
    "min_trans_rot_dists": [
        [
            0.09693712880703716,
            0.9999496832907133
        ],
        [
            0.099707595826127,
            0.00022208108946131233
        ],
        [
            0.492128499674353,
            8.649215628708795e-06
        ],
        [
            0.09693712880703716,
            0.9999839232663597
        ],
        [
            0.020129392553546836,
            0.9999496832907133
        ],
        [
            0.016732423996459078,
            0.00022208108946131233
        ],
        [
            0.022265425253034953,
            0.00012373701971513107
        ],
        [
            0.016732423996459078,
            0.9998025043191192
        ],
        [
            0.043051250816600904,
            0.9999496832907133
        ],
        [
            0.03732537591465794,
            0.00022208108946131233
        ],
        [
            0.3587408533027497,
            8.649215628708795e-06
        ],
        [
            0.03732537591465794,
            0.9998025043191192
        ],
        [
            0.016349446619835287,
            0.00020539556574283857
        ],
        [
            0.12452972752436474,
            0.00022208108946131233
        ],
        [
            0.2698977144310682,
            8.649215628708795e-06
        ],
        [
            0.012377381312755781,
            0.00030762990427046777
        ],
        [
            0.08820063960756212,
            3.504198846981943e-05
        ],
        [
            0.08658819382561435,
            0.9999712049708338
        ],
        [
            0.03219561427380689,
            8.232174520306224e-05
        ],
        [
            0.08756188389962069,
            3.979225860817337e-06
        ],
        [
            0.019089886234663653,
            1.8949470649620714e-05
        ],
        [
            0.013391185144964872,
            3.807215567375177e-05
        ],
        [
            0.02118400438595157,
            8.099239675485315e-06
        ],
        [
            0.012757835638253707,
            7.954966752210524e-06
        ],
        [
            0.08596461482404677,
            0.9999916014144611
        ],
        [
            0.0857814166479374,
            3.807215567375177e-05
        ],
        [
            0.08596461482404677,
            1.5187118082016227e-05
        ],
        [
            0.0857814166479374,
            0.9999860103479662
        ]
    ],
    "min_trans_rot_dists_prec": [
        [
            0.02199913553573485,
            1.5187118082016227e-05
        ],
        [
            0.020129392553546836,
            6.85165901859186e-05
        ],
        [
            0.01710996432115242,
            0.00029141234847329667
        ],
        [
            0.013436287014636228,
            3.979225860817337e-06
        ],
        [
            0.018803900433124805,
            4.511558056519149e-05
        ],
        [
            0.018463441373695176,
            3.504198846981943e-05
        ],
        [
            0.019568534045670143,
            2.400072310559942e-05
        ],
        [
            0.018405743030693714,
            5.006403320517716e-05
        ],
        [
            0.017681674533562095,
            0.00014080973319874346
        ],
        [
            0.01769520197331019,
            4.4622139739436406e-05
        ],
        [
            0.013546781836111896,
            1.8330469674032734e-05
        ],
        [
            0.020820518868398436,
            1.712543877696593e-05
        ],
        [
            0.013542705850168162,
            1.558837623050202e-05
        ],
        [
            0.02076696590754699,
            1.383395327658743e-05
        ],
        [
            0.014311574119413667,
            9.540859767787069e-06
        ],
        [
            0.022265425253034953,
            0.00012373701971513107
        ],
        [
            0.018288146979839846,
            4.680435041715114e-05
        ],
        [
            0.020921086129383995,
            3.4029314004646594e-05
        ],
        [
            0.03732537591465794,
            0.00022208108946131233
        ],
        [
            0.016349446619835287,
            0.00020539556574283857
        ],
        [
            0.03219561427380689,
            8.232174520306224e-05
        ],
        [
            0.019962603695580148,
            8.649215628708795e-06
        ],
        [
            0.013227033655865209,
            6.596722740170868e-06
        ],
        [
            0.010638307093621326,
            0.0005067450943067042
        ],
        [
            0.020271645641187438,
            1.7109263080961057e-05
        ],
        [
            0.019544767406807197,
            3.700862185374021e-05
        ],
        [
            0.013525370293121123,
            1.2137935205824846e-06
        ],
        [
            0.013391185144964872,
            3.807215567375177e-05
        ],
        [
            0.019089886234663653,
            1.8949470649620714e-05
        ],
        [
            0.012377381312755781,
            0.00030762990427046777
        ],
        [
            0.012757835638253707,
            7.954966752210524e-06
        ],
        [
            0.02118400438595157,
            8.099239675485315e-06
        ]
    ],
    "r_thresh_deg": 5,
    "t_thresh": 0.035,
    "t_thresh_prec": 0.04
}