{
    "match_ratio": 0.6666666666666666,
    "recall": 0.6666666666666666,
    "precision": 0.90625,
    "n_avail": 12,
    "n_pred": 32,
    "out_scores": [
        1.0,
        1.0,
        1.0,
        1.0,
        1.0,
        1.0,
        1.0,
        1.0,
        1.0,
        1.0,
        1.0,
        1.0,
        1.0,
        1.0,
        1.0,
        1.0,
        1.0,
        1.0,
        1.0,
        1.0,
        1.0,
        1.0,
        1.0,
        1.0,
        1.0,
        1.0,
        1.0,
        1.0,
        1.0,
        1.0,
        1.0,
        1.0
    ],
    "min_trans_rot_dists": [
        [
            0.02465916607034989,
            0.00035052491607501235
        ],
        [
            0.010446921509018044,
            2.5932214441692913e-05
        ],
        [
            0.024677026825390552,
            9.954891590202575e-05
        ],
        [
            0.012059691651717927,
            0.00021016116920857808
        ],
        [
            0.032515737826221525,
            0.0003453305970610998
        ],
        [
            0.02980074819650538,
            0.9995818694975859
        ],
        [
            0.032515737826221525,
            0.9996821279065506
        ],
        [
            0.02980074819650538,
            0.0004372669896878234
        ],
        [
            0.03608510848383257,
            0.0003453305970610998
        ],
        [
            0.027862237161911375,
            0.9995818694975859
        ],
        [
            0.027136410963750055,
            8.581671833729487e-05
        ],
        [
            0.027862237161911375,
            0.0004372669896878234
        ]
    ],
    "min_trans_rot_dists_prec": [
        [
            0.013432727122867359,
            0.00039361519810443557
        ],
        [
            0.03608510848383257,
            0.0003453305970610998
        ],
        [
            0.013311105020858518,
            0.0002205358308724481
        ],
        [
            0.022918545367337877,
            5.380562162671243e-05
        ],
        [
            0.024341963448754007,
            6.627299882089321e-05
        ],
        [
            0.012984706672572576,
            0.0004771985882849883
        ],
        [
            0.02356448102399816,
            0.00019749964435644696
        ],
        [
            0.012960177060393685,
            0.00042305383703900024
        ],
        [
            0.02480680046425902,
            7.744664255604494e-05
        ],
        [
            0.02389126317179472,
            0.00033379447106574034
        ],
        [
            0.027862237161911375,
            0.0004372669896878234
        ],
        [
            0.027723990294536923,
            2.093391149382562e-05
        ],
        [
            0.01068471152915016,
            8.154931722137437e-05
        ],
        [
            0.2422397486424803,
            0.9999997678359869
        ],
        [
            0.010471953295355562,
            3.9491731396279484e-05
        ],
        [
            0.23377869818510036,
            0.9999573960992213
        ],
        [
            0.02353944363847781,
            4.61201651359433e-05
        ],
        [
            0.26269689401436425,
            0.0002273752880883606
        ],
        [
            0.012562385138580727,
            0.0003657994189325553
        ],
        [
            0.02334045511932716,
            7.529439840536778e-05
        ],
        [
            0.023109238185422407,
            0.0001835691411756768
        ],
        [
            0.010406152693908953,
            4.11957716807132e-05
        ],
        [
            0.02401106113821229,
            0.00012039704483102209
        ],
        [
            0.012590469391712959,
            0.00036593379384619595
        ],
        [
            0.010446921509018044,
            2.5932214441692913e-05
        ],
        [
            0.027136410963750055,
            8.581671833729487e-05
        ],
        [
            0.012059691651717927,
            0.00021016116920857808
        ],
        [
            0.023767304644137795,
            9.400479760190983e-05
        ],
        [
            0.024646108010006072,
            5.833561513035601e-05
        ],
        [
            0.023766028397351393,
            0.00016371586345531597
        ],
        [
            0.02465916607034989,
            0.00035052491607501235
        ],
        [
            0.024677026825390552,
            9.954891590202575e-05
        ]
    ],
    "r_thresh_deg": 5,
    "t_thresh": 0.035,
    "t_thresh_prec": 0.04
}