{
    "match_ratio": 0.4230769230769231,
    "recall": 0.4230769230769231,
    "precision": 0.96875,
    "n_avail": 52,
    "n_pred": 32,
    "out_scores": [
        1.0,
        1.0,
        1.0,
        1.0,
        1.0,
        1.0,
        1.0,
        1.0,
        1.0,
        1.0,
        1.0,
        1.0,
        1.0,
        1.0,
        1.0,
        1.0,
        1.0,
        1.0,
        1.0,
        1.0,
        1.0,
        1.0,
        1.0,
        1.0,
        1.0,
        1.0,
        1.0,
        1.0,
        1.0,
        1.0,
        1.0,
        1.0
    ],
    "min_trans_rot_dists": [
        [
            0.023079487426210642,
            0.0001260521142143478
        ],
        [
            0.02203807571658224,
            0.000580048530734012
        ],
        [
            0.01365158708645492,
            2.057468140259644e-05
        ],
        [
            0.02626851862594496,
            8.753134844774468e-05
        ],
        [
            0.02191933857242371,
            0.0001260521142143478
        ],
        [
            0.028067724279908255,
            0.000580048530734012
        ],
        [
            0.029864605760579088,
            2.057468140259644e-05
        ],
        [
            0.019597199879133005,
            8.753134844774468e-05
        ],
        [
            0.033997936678745136,
            9.214390262934913e-05
        ],
        [
            0.023834248365291317,
            0.0005390579736784806
        ],
        [
            0.10747370222196441,
            2.2000112970932406e-05
        ],
        [
            0.0982859240498228,
            6.236076179977346e-05
        ],
        [
            0.0981458396137061,
            4.1730323363409205e-05
        ],
        [
            0.02308857219445803,
            0.0003005841464046588
        ],
        [
            0.018484508558271617,
            3.787122674170362e-05
        ],
        [
            0.027996530853769633,
            0.00011991156248591928
        ],
        [
            0.12291306534597508,
            8.707279436248605e-05
        ],
        [
            0.03087072746763698,
            0.0003005841464046588
        ],
        [
            0.02388920097352682,
            3.787122674170362e-05
        ],
        [
            0.020736011981623784,
            0.00011991156248591928
        ],
        [
            0.01993005453564094,
            8.707279436248605e-05
        ],
        [
            0.13554319098395348,
            0.9999064098823397
        ],
        [
            0.3461560191762345,
            2.2000112970932406e-05
        ],
        [
            0.13554319098395348,
            0.00011991156248591928
        ],
        [
            0.08016525593752474,
            8.707279436248605e-05
        ],
        [
            0.214870838257052,
            0.9999064098823397
        ],
        [
            0.22186570471982273,
            3.787122674170362e-05
        ],
        [
            0.214870838257052,
            0.00011991156248591928
        ],
        [
            0.263342461184139,
            9.017669421951258e-05
        ],
        [
            0.24650328949982533,
            0.00015955525922140001
        ],
        [
            0.2424206601164546,
            7.014092632973146e-05
        ],
        [
            0.2610406992868442,
            0.00015096328396624337
        ],
        [
            0.18388617196119805,
            9.017669421951258e-05
        ],
        [
            0.16727712580719156,
            0.00015955525922140001
        ],
        [
            0.16291968820380834,
            7.014092632973146e-05
        ],
        [
            0.18186954513114947,
            0.00015096328396624337
        ],
        [
            0.027106223907949548,
            0.00029766058224200975
        ],
        [
            0.02786006857139247,
            4.05546280886071e-05
        ],
        [
            0.0099905780998022,
            7.014092632973146e-05
        ],
        [
            0.030854353183780655,
            0.00015096328396624337
        ],
        [
            0.04226290031107718,
            4.034541342590181e-05
        ],
        [
            0.04226290031107718,
            0.9999888536648821
        ],
        [
            0.054680642184742084,
            0.9996041916097327
        ],
        [
            0.054680642184742084,
            0.9999324172192157
        ],
        [
            0.02459018316426621,
            0.00020943599143974367
        ],
        [
            0.02459018316426621,
            0.9998993501552288
        ],
        [
            0.13315763996136482,
            0.9996041916097327
        ],
        [
            0.02459018316426621,
            0.999891222559989
        ],
        [
            0.27914314930550305,
            4.034541342590181e-05
        ],
        [
            0.1542876705459213,
            0.9998993501552288
        ],
        [
            0.2919243328687331,
            0.9996041916097327
        ],
        [
            0.1542876705459213,
            0.999891222559989
        ]
    ],