{
    "match_ratio": 0.75,
    "recall": 0.75,
    "precision": 0.96875,
    "n_avail": 8,
    "n_pred": 32,
    "out_scores": [
        1.0,
        1.0,
        1.0,
        1.0,
        1.0,
        1.0,
        1.0,
        1.0,
        1.0,
        1.0,
        1.0,
        1.0,
        1.0,
        1.0,
        1.0,
        1.0,
        1.0,
        1.0,
        1.0,
        1.0,
        1.0,
        1.0,
        1.0,
        1.0,
        1.0,
        1.0,
        1.0,
        1.0,
        1.0,
        1.0,
        1.0,
        1.0
    ],
    "min_trans_rot_dists": [
        [
            0.018054208171593908,
            0.0004233595847361604
        ],
        [
            0.025951531628758434,
            0.0001513300751684321
        ],
        [
            0.009404963372050447,
            0.00018577198000657713
        ],
        [
            0.01711286194026225,
            0.00032670474108187353
        ],
        [
            0.10535053287620702,
            0.9997546524660205
        ],
        [
            0.026089110974748617,
            2.7439175702470564e-05
        ],
        [
            0.007640867381232792,
            7.461287420040819e-05
        ],
        [
            0.1070796225358879,
            0.9999779070271321
        ]
    ],
    "min_trans_rot_dists_prec": [
        [
            0.007054354417483142,
            0.00021599029907259926
        ],
        [
            0.017857748382985487,
            0.0002658960810294486
        ],
        [
            0.016802869592390565,
            0.00044239310105587126
        ],
        [
            0.02672948051933278,
            2.730514066306977e-05
        ],
        [
            0.0177074966900757,
            0.0005293318967404259
        ],
        [
            0.01773375026734686,
            0.00022489808075643047
        ],
        [
            0.007909626142549933,
            0.00024589405184061164
        ],
        [
            0.006301170392482604,
            4.197411185080657e-05
        ],
        [
            0.017442740670127497,
            0.00015572769772409512
        ],
        [
            0.017065934074734317,
            0.0002230736569536207
        ],
        [
            0.017773904684313637,
            0.0004967205949957254
        ],
        [
            0.007871294549334438,
            9.466389781742635e-05
        ],
        [
            0.007340705924640106,
            1.919812413675448e-05
        ],
        [
            0.019019341898780864,
            0.00048111175546072804
        ],
        [
            0.025135680585060015,
            3.950001277064352e-05
        ],
        [
            0.017883188120234417,
            0.0004239705393955795
        ],
        [
            0.017058225483004695,
            0.000150891294622868
        ],
        [
            0.009404963372050447,
            0.00018577198000657713
        ],
        [
            0.026253469613917158,
            0.00017426538582410167
        ],
        [
            0.026089110974748617,
            2.7439175702470564e-05
        ],
        [
            0.3197762747565974,
            0.9997690202203825
        ],
        [
            0.01665229585934974,
            0.0004247443046104804
        ],
        [
            0.017916373926312158,
            0.0005175346966207472
        ],
        [
            0.017423508588539745,
            0.0005815387279127782
        ],
        [
            0.02520034888834831,
            4.317748132476318e-05
        ],
        [
            0.018579209308129358,
            0.0007137193958983712
        ],
        [
            0.006184198146771454,
            2.2104797660071895e-06
        ],
        [
            0.017002855436965437,
            0.00020212122063378857
        ],
        [
            0.01711286194026225,
            0.00032670474108187353
        ],
        [
            0.018054208171593908,
            0.0004233595847361604
        ],
        [
            0.007640867381232792,
            7.461287420040819e-05
        ],
        [
            0.025951531628758434,
            0.0001513300751684321
        ]
    ],
    "r_thresh_deg": 5,
    "t_thresh": 0.035,
    "t_thresh_prec": 0.04
}