{
    "match_ratio": 0.5625,
    "recall": 0.5625,
    "precision": 1.0,
    "n_avail": 16,
    "n_pred": 32,
    "out_scores": [
        1.0,
        1.0,
        1.0,
        1.0,
        1.0,
        1.0,
        1.0,
        1.0,
        1.0,
        1.0,
        1.0,
        1.0,
        1.0,
        1.0,
        1.0,
        1.0,
        1.0,
        1.0,
        1.0,
        1.0,
        1.0,
        1.0,
        1.0,
        1.0,
        1.0,
        1.0,
        1.0,
        1.0,
        1.0,
        1.0,
        1.0,
        1.0
    ],
    "min_trans_rot_dists": [
        [
            0.029261621369289555,
            0.0005480861937334769
        ],
        [
            0.12891090751857692,
            0.0009823886372474222
        ],
        [
            0.13001930900666894,
            0.0025606929262763645
        ],
        [
            0.14236362170818634,
            0.001290743342976075
        ],
        [
            0.02150063830808343,
            0.0008243852532896501
        ],
        [
            0.031180011226475082,
            0.0009823886372474222
        ],
        [
            0.0085461073845621,
            0.003381257022458506
        ],
        [
            0.028811913808075636,
            0.0009102314497906328
        ],
        [
            0.021284611947086206,
            0.00115698909891504
        ],
        [
            0.03249701901935402,
            0.001538836166512625
        ],
        [
            0.00574722519805272,
            0.0033331874422374286
        ],
        [
            0.028701352407090198,
            0.0007161697505637665
        ],
        [
            0.04089041260019089,
            0.001143325260727912
        ],
        [
            0.05577083247080827,
            0.001457253272230119
        ],
        [
            0.0464203837030748,
            0.002096752123684875
        ],
        [
            0.04100154178590444,
            0.0006761925142182434
        ]
    ],
    "min_trans_rot_dists_prec": [
        [
            0.02833336922034009,
            0.001290743342976075
        ],
        [
            0.006721969342723792,
            0.0025606929262763645
        ],
        [
            0.03136803728078437,
            0.0019309163541366692
        ],
        [
            0.020634288567441,
            0.0008168788269379279
        ],
        [
            0.03219624318052342,
            0.001457253272230119
        ],
        [
            0.029261621369289555,
            0.0005480861937334769
        ],
        [
            0.0045820775872925925,
            0.002096752123684875
        ],
        [
            0.02243604926192954,
            0.001143325260727912
        ],
        [
            0.028633413109393182,
            0.000785637440367859
        ],
        [
            0.030285148913137435,
            0.0008021102252424583
        ],
        [
            0.03050164719048214,
            0.002094706706256555
        ],
        [
            0.022879137766934086,
            0.0014524348712376955
        ],
        [
            0.028292186774507625,
            0.0007922339741407436
        ],
        [
            0.028811913808075636,
            0.0009102314497906328
        ],
        [
            0.0028248109378024248,
            0.0030000614877421228
        ],
        [
            0.021284611947086206,
            0.00115698909891504
        ],
        [
            0.031463837909140084,
            0.0006761925142182434
        ],
        [
            0.02070814376052549,
            0.0007740965886399165
        ],
        [
            0.02177151873295762,
            0.0006722488906960589
        ],
        [
            0.021063801700661806,
            0.000879805610715767
        ],
        [
            0.020758487640064292,
            0.0009758495411491541
        ],
        [
            0.033149589450419806,
            0.0020395562931919686
        ],
        [
            0.030580932369639897,
            0.0007533113044381201
        ],
        [
            0.020637570814576366,
            0.0007735020652993585
        ],
        [
            0.02150063830808343,
            0.0008243852532896501
        ],
        [
            0.030460866000815438,
            0.0009434210673624488
        ],
        [
            0.00574722519805272,
            0.0033331874422374286
        ],
        [
            0.031180011226475082,
            0.0009823886372474222
        ],
        [
            0.028701352407090198,
            0.0007161697505637665
        ],
        [
            0.00819585758831949,
            0.002784593850831407
        ],
        [
            0.03249701901935402,
            0.001538836166512625
        ],
        [
            0.0085461073845621,
            0.003381257022458506
        ]
    ],
    "r_thresh_deg": 5,
    "t_thresh": 0.035,
    "t_thresh_prec": 0.04
}