{
    "match_ratio": 0.3269230769230769,
    "recall": 0.3269230769230769,
    "precision": 1.0,
    "n_avail": 52,
    "n_pred": 32,
    "out_scores": [
        1.0,
        1.0,
        1.0,
        1.0,
        1.0,
        1.0,
        1.0,
        1.0,
        1.0,
        1.0,
        1.0,
        1.0,
        1.0,
        1.0,
        1.0,
        1.0,
        1.0,
        1.0,
        1.0,
        1.0,
        1.0,
        1.0,
        1.0,
        1.0,
        1.0,
        1.0,
        1.0,
        1.0,
        1.0,
        1.0,
        1.0,
        1.0
    ],
    "min_trans_rot_dists": [
        [
            0.20457904760525572,
            7.013212015727355e-05
        ],
        [
            0.024397038619227762,
            4.25474166715345e-05
        ],
        [
            0.2078734162167225,
            3.664761545185691e-05
        ],
        [
            0.02119892647968758,
            5.772572724715985e-06
        ],
        [
            0.1649489018219501,
            7.013212015727355e-05
        ],
        [
            0.02364546574569835,
            4.25474166715345e-05
        ],
        [
            0.16831701272829122,
            3.664761545185691e-05
        ],
        [
            0.0217846222808228,
            5.772572724715985e-06
        ],
        [
            0.08614505054660017,
            7.013212015727355e-05
        ],
        [
            0.08486971462894678,
            0.9999592857180128
        ],
        [
            0.08983795699550962,
            3.664761545185691e-05
        ],
        [
            0.08635756971410245,
            2.4940605447443254e-05
        ],
        [
            0.01692445700368058,
            9.058072155665453e-05
        ],
        [
            0.015618651087318766,
            5.2303684729637645e-05
        ],
        [
            0.020940425478301355,
            3.987281559281186e-05
        ],
        [
            0.017012782851664614,
            3.200052188134794e-05
        ],
        [
            0.03779775017487581,
            0.9999711225784838
        ],
        [
            0.035208524702313164,
            5.2303684729637645e-05
        ],
        [
            0.0378883553312509,
            3.664761545185691e-05
        ],
        [
            0.0375537329741037,
            2.5516805039371704e-05
        ],
        [
            0.07292190116174799,
            0.9999114282491286
        ],
        [
            0.07292190116174799,
            0.0002848505847773408
        ],
        [
            0.15266094466939154,
            3.664761545185691e-05
        ],
        [
            0.07292190116174799,
            0.9998707043815054
        ],
        [
            0.014027242842399038,
            0.9999114282491286
        ],
        [
            0.014027242842399038,
            0.0002848505847773408
        ],
        [
            0.23177890173787546,
            3.664761545185691e-05
        ],
        [
            0.014027242842399038,
            0.9998707043815054
        ],
        [
            0.3124602330417867,
            0.0003014486519566928
        ],
        [
            0.07778830832054177,
            0.00021461435619152258
        ],
        [
            0.4322134854771671,
            3.664761545185691e-05
        ],
        [
            0.311689257546576,
            0.0005103642354752358
        ],
        [
            0.2331313644973478,
            0.0003014486519566928
        ],
        [
            0.015695985909619,
            0.00021461435619152258
        ],
        [
            0.3757802709185461,
            3.664761545185691e-05
        ],
        [
            0.23218163901554065,
            0.0005103642354752358
        ],
        [
            0.07601483160466704,
            0.0003390716137983141
        ],
        [
            0.06761397107108143,
            0.0003276209790482598
        ],
        [
            0.29668557787376537,
            3.664761545185691e-05
        ],
        [
            0.07369833165033003,
            0.0005103642354752358
        ],
        [
            0.02235866628584129,
            0.0003812055464638142
        ],
        [
            0.017100899682025012,
            0.0003276209790482598
        ],
        [
            0.033276132300594286,
            0.00011284097875141619
        ],
        [
            0.016478280128766364,
            0.00039923597503099817
        ],
        [
            0.08699935766961006,
            0.0003390716137983141
        ],
        [
            0.08735232223733178,
            0.9995408271063492
        ],
        [
            0.29242042634719917,
            3.664761545185691e-05
        ],
        [
            0.08622256651057399,
            0.0002452803730033093
        ],
        [
            0.025112567208155086,
            0.00023383606017435277
        ],
        [
            0.019841465973331716,
            0.00022035335733971984
        ],
        [
            0.02642614444620311,
            0.00024708099254489024
        ],
        [
            0.24462905792918463,
            0.0002452803730033093
        ]
    ],