{
    "match_ratio": 0.5,
    "recall": 0.5,
    "precision": 1.0,
    "n_avail": 16,
    "n_pred": 32,
    "out_scores": [
        1.0,
        1.0,
        1.0,
        1.0,
        1.0,
        1.0,
        1.0,
        1.0,
        1.0,
        1.0,
        1.0,
        1.0,
        1.0,
        1.0,
        1.0,
        1.0,
        1.0,
        1.0,
        1.0,
        1.0,
        1.0,
        1.0,
        1.0,
        1.0,
        1.0,
        1.0,
        1.0,
        1.0,
        1.0,
        1.0,
        1.0,
        1.0
    ],
    "min_trans_rot_dists": [
        [
            0.0884086341107104,
            8.18968906887152e-05
        ],
        [
            0.3687459012442238,
            8.411787150830463e-06
        ],
        [
            0.10025106458062895,
            5.313883630786442e-06
        ],
        [
            0.0925875808294479,
            0.00015764379313920607
        ],
        [
            0.014640826665039523,
            8.18968906887152e-05
        ],
        [
            0.004875845532352824,
            6.062884685531511e-05
        ],
        [
            0.03278821498810335,
            1.632367632675713e-05
        ],
        [
            0.030702870831964726,
            6.655681447487183e-05
        ],
        [
            0.017598368696703906,
            6.592653783921154e-05
        ],
        [
            0.007285415375661183,
            1.0128654816532467e-05
        ],
        [
            0.03172474754896925,
            4.3781906197692955e-05
        ],
        [
            0.02693593532261857,
            2.787078614785443e-06
        ],
        [
            0.046281840938533374,
            0.99998924180793
        ],
        [
            0.03549587105262076,
            3.509444732374689e-06
        ],
        [
            0.046281840938533374,
            5.4202910446554675e-05
        ],
        [
            0.046281840938533374,
            0.9999778702092518
        ]
    ],
    "min_trans_rot_dists_prec": [
        [
            0.033664148675080476,
            5.4202910446554675e-05
        ],
        [
            0.036064806864302856,
            1.024229297896806e-05
        ],
        [
            0.032674814051012316,
            6.267645728585958e-05
        ],
        [
            0.03310547446075081,
            5.988832339931527e-05
        ],
        [
            0.03297542054326931,
            4.7406473951294714e-05
        ],
        [
            0.03860667244029189,
            2.1705710523400867e-05
        ],
        [
            0.030280293765968032,
            0.00015764379313920607
        ],
        [
            0.027915620078516674,
            3.41634294362958e-05
        ],
        [
            0.03549587105262076,
            3.509444732374689e-06
        ],
        [
            0.03140169861620463,
            0.00014915327809816858
        ],
        [
            0.03197843837282139,
            5.313883630786442e-06
        ],
        [
            0.004875845532352824,
            6.062884685531511e-05
        ],
        [
            0.03157246767746084,
            4.2248118433230175e-05
        ],
        [
            0.026513618266061998,
            1.6252713747832992e-05
        ],
        [
            0.03884140876811375,
            8.411787150830463e-06
        ],
        [
            0.030702870831964726,
            6.655681447487183e-05
        ],
        [
            0.03278821498810335,
            1.632367632675713e-05
        ],
        [
            0.032013650525751246,
            6.348832979308217e-05
        ],
        [
            0.03241190140404062,
            5.1926506607125056e-05
        ],
        [
            0.026569916170029417,
            5.29474071639946e-05
        ],
        [
            0.027341830698749826,
            8.201554444964287e-05
        ],
        [
            0.03323297200657954,
            3.851103159679958e-05
        ],
        [
            0.017598368696703906,
            6.592653783921154e-05
        ],
        [
            0.027544257175338555,
            1.666024471191907e-05
        ],
        [
            0.014640826665039523,
            8.18968906887152e-05
        ],
        [
            0.027950670822557977,
            2.2912384584183876e-05
        ],
        [
            0.03172474754896925,
            4.3781906197692955e-05
        ],
        [
            0.02832389330042183,
            2.6980142360244486e-06
        ],
        [
            0.027493650427337597,
            1.1853684152463018e-05
        ],
        [
            0.02693593532261857,
            2.787078614785443e-06
        ],
        [
            0.03945613567352897,
            1.0658863237256178e-05
        ],
        [
            0.03989454804841706,
            1.0128654816532467e-05
        ]
    ],
    "r_thresh_deg": 5,
    "t_thresh": 0.035,
    "t_thresh_prec": 0.04
}