{
    "match_ratio": 0.625,
    "recall": 0.625,
    "precision": 1.0,
    "n_avail": 16,
    "n_pred": 32,
    "out_scores": [
        1.0,
        1.0,
        1.0,
        1.0,
        1.0,
        1.0,
        1.0,
        1.0,
        1.0,
        1.0,
        1.0,
        1.0,
        1.0,
        1.0,
        1.0,
        1.0,
        1.0,
        1.0,
        1.0,
        1.0,
        1.0,
        1.0,
        1.0,
        1.0,
        1.0,
        1.0,
        1.0,
        1.0,
        1.0,
        1.0,
        1.0,
        1.0
    ],
    "min_trans_rot_dists": [
        [
            0.1191362069563666,
            1.1395576354766845e-05
        ],
        [
            0.12383473239150156,
            4.1400143905301334e-06
        ],
        [
            0.11447040565987496,
            0.9999684299856457
        ],
        [
            0.11447040565987496,
            5.0225790465763254e-05
        ],
        [
            0.01612019157220764,
            1.3004345063127865e-05
        ],
        [
            0.0264220726015199,
            5.477606458859086e-06
        ],
        [
            0.014120513452708414,
            7.643148872693573e-06
        ],
        [
            0.022532545741131428,
            0.00034565493140159553
        ],
        [
            0.028557180548471336,
            1.3004345063127865e-05
        ],
        [
            0.03537328259979111,
            8.23609199673836e-06
        ],
        [
            0.03459093304224374,
            7.643148872693573e-06
        ],
        [
            0.036225672773871245,
            0.9999830862530388
        ],
        [
            0.015225062124302377,
            0.00011482946342389333
        ],
        [
            0.025675574170763205,
            1.0556988499388353e-05
        ],
        [
            0.015941157663907045,
            6.969286768632177e-05
        ],
        [
            0.026653962766023238,
            2.2848756284443716e-05
        ]
    ],
    "min_trans_rot_dists_prec": [
        [
            0.036225672773871245,
            2.3821824220005006e-05
        ],
        [
            0.025083890916739723,
            5.0225790465763254e-05
        ],
        [
            0.024540363201866297,
            4.1400143905301334e-06
        ],
        [
            0.03753376580223808,
            2.4506636824295214e-05
        ],
        [
            0.024609063046381958,
            9.400027890560381e-05
        ],
        [
            0.025853458617132424,
            9.448894872643443e-06
        ],
        [
            0.023944193982477276,
            0.00012893899505816986
        ],
        [
            0.02439981734957929,
            6.856721287262779e-05
        ],
        [
            0.03481591256481255,
            4.3009151829753733e-05
        ],
        [
            0.024858062909084294,
            2.9664394404438355e-05
        ],
        [
            0.025632764974579735,
            3.2738617862348995e-05
        ],
        [
            0.027154799527341466,
            5.516502649660637e-05
        ],
        [
            0.03891709472931353,
            1.1395576354766845e-05
        ],
        [
            0.025675574170763205,
            1.0556988499388353e-05
        ],
        [
            0.03746383990330802,
            1.1240283462887746e-06
        ],
        [
            0.022532545741131428,
            0.00034565493140159553
        ],
        [
            0.03176236086494116,
            2.3381745537176535e-05
        ],
        [
            0.030558524254486265,
            2.8285553492435334e-05
        ],
        [
            0.016372120542758724,
            9.241913130908497e-05
        ],
        [
            0.033154823184412506,
            7.310571482965766e-05
        ],
        [
            0.026653962766023238,
            2.2848756284443716e-05
        ],
        [
            0.03537328259979111,
            8.23609199673836e-06
        ],
        [
            0.017426783307015945,
            0.00011043898502816063
        ],
        [
            0.015034357580144785,
            6.348548239454299e-05
        ],
        [
            0.03573599790718859,
            2.474621245796005e-05
        ],
        [
            0.03459093304224374,
            7.643148872693573e-06
        ],
        [
            0.031575401466335314,
            1.21862482537205e-05
        ],
        [
            0.015941157663907045,
            6.969286768632177e-05
        ],
        [
            0.024723420539714824,
            2.5536842115814196e-05
        ],
        [
            0.015225062124302377,
            0.00011482946342389333
        ],
        [
            0.03714573393013335,
            5.477606458859086e-06
        ],
        [
            0.028557180548471336,
            1.3004345063127865e-05
        ]
    ],
    "r_thresh_deg": 5,
    "t_thresh": 0.035,
    "t_thresh_prec": 0.04
}