{
    "match_ratio": 0.5625,
    "recall": 0.5625,
    "precision": 0.875,
    "n_avail": 16,
    "n_pred": 32,
    "out_scores": [
        1.0,
        1.0,
        1.0,
        1.0,
        1.0,
        1.0,
        1.0,
        1.0,
        1.0,
        1.0,
        1.0,
        1.0,
        1.0,
        1.0,
        1.0,
        1.0,
        1.0,
        1.0,
        1.0,
        1.0,
        1.0,
        1.0,
        1.0,
        1.0,
        1.0,
        1.0,
        1.0,
        1.0,
        1.0,
        1.0,
        1.0,
        1.0
    ],
    "min_trans_rot_dists": [
        [
            0.025506923352447416,
            0.9998842210828686
        ],
        [
            0.03916253614249043,
            0.00010862029408387208
        ],
        [
            0.025506923352447416,
            0.00016378259976512766
        ],
        [
            0.048437900475040166,
            0.0001467042748379832
        ],
        [
            0.025662754873274258,
            0.004757172769506046
        ],
        [
            0.03268651451543814,
            9.311038339732125e-05
        ],
        [
            0.024868576613848305,
            0.004382957668919163
        ],
        [
            0.032285857168932404,
            0.00011715367202747018
        ],
        [
            0.07698506705431443,
            0.0020461331623987666
        ],
        [
            0.10927142451130241,
            9.311038339732125e-05
        ],
        [
            0.07306632703900011,
            0.9942845621653822
        ],
        [
            0.09373420188834257,
            3.0691428304807644e-05
        ],
        [
            0.016649409250972122,
            0.0005586678528406441
        ],
        [
            0.02843175143300262,
            9.13778515779784e-05
        ],
        [
            0.018811173750323176,
            2.7507567646800624e-05
        ],
        [
            0.026569471701370296,
            0.0007217011092356396
        ]
    ],
    "min_trans_rot_dists_prec": [
        [
            0.048437900475040166,
            0.9999947232616337
        ],
        [
            0.03916253614249043,
            0.00010862029408387208
        ],
        [
            0.02506683695618252,
            3.0691428304807644e-05
        ],
        [
            0.44633014652354275,
            0.4986966789753523
        ],
        [
            0.0207796287582116,
            0.0020461331623987666
        ],
        [
            0.016293097665469918,
            4.8209521371300745e-05
        ],
        [
            0.027553776237518014,
            0.0004846907304181247
        ],
        [
            0.01877818866220422,
            0.0002147367912515019
        ],
        [
            0.027801312651126123,
            7.16343071125447e-05
        ],
        [
            0.017741005326366147,
            0.0003732615762407354
        ],
        [
            0.041228087216998485,
            0.9999122949918214
        ],
        [
            0.018811173750323176,
            2.7507567646800624e-05
        ],
        [
            0.037333085386163437,
            0.0002779299751866082
        ],
        [
            0.03037783398679058,
            0.005850259046182638
        ],
        [
            0.03268651451543814,
            9.311038339732125e-05
        ],
        [
            0.014587769248928496,
            0.0006269635268150164
        ],
        [
            0.026825592053720874,
            0.005853694536912091
        ],
        [
            0.0276788442414046,
            0.004202885356469732
        ],
        [
            0.015316107965885907,
            0.0004795905577648085
        ],
        [
            0.0277954222284588,
            7.819883362492064e-05
        ],
        [
            0.020067492476699325,
            8.185131317572925e-05
        ],
        [
            0.026988408259886146,
            0.0004100094437231583
        ],
        [
            0.026569471701370296,
            0.0007217011092356396
        ],
        [
            0.024868576613848305,
            0.004382957668919163
        ],
        [
            0.025506923352447416,
            0.00016378259976512766
        ],
        [
            0.025662754873274258,
            0.004757172769506046
        ],
        [
            0.03258140814386773,
            7.909260105443128e-05
        ],
        [
            0.028553032276092256,
            0.0012331243923056068
        ],
        [
            0.016649409250972122,
            0.0005586678528406441
        ],
        [
            0.02843175143300262,
            9.13778515779784e-05
        ],
        [
            0.03805053153412856,
            0.9998409182695057
        ],
        [
            0.032285857168932404,
            0.00011715367202747018
        ]
    ],
    "r_thresh_deg": 5,
    "t_thresh": 0.035,
    "t_thresh_prec": 0.04
}