{
    "match_ratio": 0.3333333333333333,
    "recall": 0.3333333333333333,
    "precision": 1.0,
    "n_avail": 24,
    "n_pred": 32,
    "out_scores": [
        1.0,
        1.0,
        1.0,
        1.0,
        1.0,
        1.0,
        1.0,
        1.0,
        1.0,
        1.0,
        1.0,
        1.0,
        1.0,
        1.0,
        1.0,
        1.0,
        1.0,
        1.0,
        1.0,
        1.0,
        1.0,
        1.0,
        1.0,
        1.0,
        1.0,
        1.0,
        1.0,
        1.0,
        1.0,
        1.0,
        1.0,
        1.0
    ],
    "min_trans_rot_dists": [
        [
            0.41316091056401216,
            0.00013536304147454548
        ],
        [
            0.41580484863532,
            0.9998791074450984
        ],
        [
            0.4208569614127283,
            4.325324513843043e-05
        ],
        [
            0.4201410035013708,
            0.00010647816431541557
        ],
        [
            0.2589639423696365,
            0.00013536304147454548
        ],
        [
            0.2615228140948934,
            0.9998791074450984
        ],
        [
            0.2665249554985084,
            4.325324513843043e-05
        ],
        [
            0.26580404702012866,
            0.00010647816431541557
        ],
        [
            0.1820512719953603,
            0.00013536304147454548
        ],
        [
            0.18451175257034844,
            0.9998791074450984
        ],
        [
            0.1894549718090802,
            4.325324513843043e-05
        ],
        [
            0.18872891982836817,
            0.00010647816431541557
        ],
        [
            0.10562405409969593,
            0.00013536304147454548
        ],
        [
            0.10783517219754109,
            0.9998791074450984
        ],
        [
            0.11262439240546178,
            4.325324513843043e-05
        ],
        [
            0.11188767549962352,
            0.00010647816431541557
        ],
        [
            0.03423366379378111,
            0.00010564667155621432
        ],
        [
            0.03310387984982519,
            0.0006123481746642678
        ],
        [
            0.02717512522354789,
            8.255477002028222e-05
        ],
        [
            0.03311299475735314,
            0.00016083311951786694
        ],
        [
            0.02264901528406062,
            0.00010564667155621432
        ],
        [
            0.015147568462299196,
            0.0006123481746642678
        ],
        [
            0.016241166191310722,
            9.037951397927735e-05
        ],
        [
            0.015462412958713976,
            9.426190440475768e-05
        ]
    ],
    "min_trans_rot_dists_prec": [
        [
            0.01571472667738962,
            8.846091684311386e-05
        ],
        [
            0.0156335822291658,
            0.00010647816431541557
        ],
        [
            0.014741595852702398,
            0.00011612860244747392
        ],
        [
            0.015547628226128513,
            9.72342465443976e-05
        ],
        [
            0.019477358476665083,
            0.00015892104828052478
        ],
        [
            0.015179486060840505,
            0.00010358582342917533
        ],
        [
            0.01597635207062093,
            8.023802702683547e-05
        ],
        [
            0.01715709291274242,
            6.95437175523006e-05
        ],
        [
            0.018480330432302433,
            0.00011429040663635259
        ],
        [
            0.013634322503197372,
            0.00010545089599300894
        ],
        [
            0.019995654241239395,
            0.00011051815839979717
        ],
        [
            0.020097110451304648,
            0.0001568893693384421
        ],
        [
            0.015431818250913274,
            7.241108760769333e-05
        ],
        [
            0.014787054740274138,
            0.00010757887791335019
        ],
        [
            0.016281092464046628,
            0.00019538277638819768
        ],
        [
            0.01869115501538348,
            0.00026687705756756053
        ],
        [
            0.02150833147791154,
            9.379346971161162e-05
        ],
        [
            0.015605689639473962,
            8.500391922194872e-05
        ],
        [
            0.01568571764048159,
            4.325324513843043e-05
        ],
        [
            0.01862520780254015,
            0.00016083311951786694
        ],
        [
            0.02017834867047851,
            0.0001354022225746876
        ],
        [
            0.023230081061707406,
            8.255477002028222e-05
        ],
        [
            0.016480741825509064,
            5.541594274149908e-05
        ],
        [
            0.015462412958713976,
            9.426190440475768e-05
        ],
        [
            0.015196809524065734,
            7.05363820088234e-05
        ],
        [
            0.023500859545198028,
            0.00013536304147454548
        ],
        [
            0.015131265541129575,
            8.055890389646603e-05
        ],
        [
            0.016241166191310722,
            9.037951397927735e-05
        ],
        [
            0.02264901528406062,
            0.00010564667155621432
        ],
        [
            0.016001780424677016,
            1.9218503328533032e-05
        ],
        [
            0.01599922465932623,
            3.324679663208041e-05
        ],
        [
            0.015147568462299196,
            0.0006123481746642678
        ]
    ],
    "r_thresh_deg": 5,
    "t_thresh": 0.035,
    "t_thresh_prec": 0.04
}