{
    "match_ratio": 0.6666666666666666,
    "recall": 0.6666666666666666,
    "precision": 1.0,
    "n_avail": 12,
    "n_pred": 32,
    "out_scores": [
        1.0,
        1.0,
        1.0,
        1.0,
        1.0,
        1.0,
        1.0,
        1.0,
        1.0,
        1.0,
        1.0,
        1.0,
        1.0,
        1.0,
        1.0,
        1.0,
        1.0,
        1.0,
        1.0,
        1.0,
        1.0,
        1.0,
        1.0,
        1.0,
        1.0,
        1.0,
        1.0,
        1.0,
        1.0,
        1.0,
        1.0,
        1.0
    ],
    "min_trans_rot_dists": [
        [
            0.023103475781277936,
            0.0005413917659354839
        ],
        [
            0.018767424839041036,
            6.245771031654357e-05
        ],
        [
            0.014710253950374171,
            0.00011494437756787157
        ],
        [
            0.003402648064446808,
            0.00010184319826178623
        ],
        [
            0.02997032851461339,
            0.0005200344515084998
        ],
        [
            0.025878108024614394,
            3.9957179118088604e-05
        ],
        [
            0.022389644144992244,
            0.00016638835509841243
        ],
        [
            0.004473878517360423,
            9.750462807311955e-05
        ],
        [
            0.0378207589650651,
            0.9999934645180729
        ],
        [
            0.0378207589650651,
            6.55928748960477e-06
        ],
        [
            0.0378207589650651,
            0.9999999933588251
        ],
        [
            0.0378207589650651,
            0.9999999828356125
        ]
    ],
    "min_trans_rot_dists_prec": [
        [
            0.0378207589650651,
            6.55928748960477e-06
        ],
        [
            0.022389644144992244,
            0.00016638835509841243
        ],
        [
            0.003588099765358595,
            0.00011813511785219166
        ],
        [
            0.003561062366560352,
            0.00017314749606089919
        ],
        [
            0.018934468211322254,
            6.942368384865727e-05
        ],
        [
            0.0035174114079696674,
            0.00010848231034732425
        ],
        [
            0.013998954280625042,
            0.00017708292191798147
        ],
        [
            0.004548873143024702,
            0.00013884355045812313
        ],
        [
            0.006658901512955087,
            6.883328740026062e-05
        ],
        [
            0.01916351730808563,
            9.622340701431753e-05
        ],
        [
            0.014883871161175012,
            0.0002775339619672801
        ],
        [
            0.019353363916470107,
            5.086018535149783e-05
        ],
        [
            0.02997032851461339,
            0.0005200344515084998
        ],
        [
            0.004785832778627995,
            5.118095157885527e-05
        ],
        [
            0.022835810456626852,
            0.0007855421597957601
        ],
        [
            0.0185913850264933,
            4.560742648329619e-05
        ],
        [
            0.004473878517360423,
            9.750462807311955e-05
        ],
        [
            0.019289690371727352,
            5.7698453440946373e-05
        ],
        [
            0.025967345820937883,
            1.1708043027303106e-06
        ],
        [
            0.004479221832229498,
            0.00027104044022485674
        ],
        [
            0.014525439225217174,
            0.0001228183286976492
        ],
        [
            0.0036012643660296565,
            0.00025480408734390725
        ],
        [
            0.0027883036333474936,
            0.0002228527584579032
        ],
        [
            0.023103475781277936,
            0.0005413917659354839
        ],
        [
            0.004986979361457114,
            0.0001504959687476104
        ],
        [
            0.01890011336876384,
            6.609755832653885e-05
        ],
        [
            0.024765841741572397,
            1.2011588196303435e-05
        ],
        [
            0.014710253950374171,
            0.00011494437756787157
        ],
        [
            0.01935502194370766,
            9.005652651761231e-05
        ],
        [
            0.003402648064446808,
            0.00010184319826178623
        ],
        [
            0.018767424839041036,
            6.245771031654357e-05
        ],
        [
            0.025878108024614394,
            3.9957179118088604e-05
        ]
    ],
    "r_thresh_deg": 5,
    "t_thresh": 0.035,
    "t_thresh_prec": 0.04
}