{
    "match_ratio": 0.375,
    "recall": 0.375,
    "precision": 1.0,
    "n_avail": 16,
    "n_pred": 32,
    "out_scores": [
        1.0,
        1.0,
        1.0,
        1.0,
        1.0,
        1.0,
        1.0,
        1.0,
        1.0,
        1.0,
        1.0,
        1.0,
        1.0,
        1.0,
        1.0,
        1.0,
        1.0,
        1.0,
        1.0,
        1.0,
        1.0,
        1.0,
        1.0,
        1.0,
        1.0,
        1.0,
        1.0,
        1.0,
        1.0,
        1.0,
        1.0,
        1.0
    ],
    "min_trans_rot_dists": [
        [
            0.07678716209575015,
            0.999951453189701
        ],
        [
            0.07678716209575015,
            0.0006094852074336465
        ],
        [
            0.07708933607880322,
            0.9999778115663275
        ],
        [
            0.07708933607880322,
            0.9990552117286218
        ],
        [
            0.031955551236055535,
            0.001040075580063582
        ],
        [
            0.022880939834520584,
            0.001035210912845641
        ],
        [
            0.027281858618395476,
            0.000744683641890509
        ],
        [
            0.011232705684054595,
            0.0011551380126454402
        ],
        [
            0.08852544913494735,
            0.0008114664813555494
        ],
        [
            0.09435714723597807,
            0.0006403052875152415
        ],
        [
            0.09366736126231748,
            0.0006080313307175178
        ],
        [
            0.08064224063956825,
            0.0011551380126454402
        ],
        [
            0.033142589785957764,
            0.00013470564449702405
        ],
        [
            0.38598071234425263,
            0.0006403052875152415
        ],
        [
            0.033513005071875206,
            3.5179798607343216e-05
        ],
        [
            0.37368744654637787,
            0.0011551380126454402
        ]
    ],
    "min_trans_rot_dists_prec": [
        [
            0.02258478549958444,
            0.0006938125774635928
        ],
        [
            0.02331925286821085,
            0.0006403052875152415
        ],
        [
            0.027387997862411834,
            0.0006080313307175178
        ],
        [
            0.022981985630858816,
            0.0006556533576399515
        ],
        [
            0.022975108296815802,
            0.0007210129169681334
        ],
        [
            0.023171824167568685,
            0.0010013742910754964
        ],
        [
            0.023429212787992322,
            0.0006094852074336465
        ],
        [
            0.033513005071875206,
            3.5179798607343216e-05
        ],
        [
            0.03112238011013651,
            0.0009551984158646665
        ],
        [
            0.027815069354080013,
            0.0006450072716832622
        ],
        [
            0.010858910503166341,
            0.0015488317459674272
        ],
        [
            0.03174924852183247,
            0.000715120959320692
        ],
        [
            0.022662184349229876,
            0.0008653575474348862
        ],
        [
            0.031359288755550635,
            0.0008305474507611654
        ],
        [
            0.033912313618763554,
            0.0001505334473658193
        ],
        [
            0.02657794864808002,
            0.0005557335774358796
        ],
        [
            0.02656868855066052,
            0.0005556964000368314
        ],
        [
            0.034565837895241494,
            0.00021410308289082636
        ],
        [
            0.023860601940827335,
            0.0007842985374115763
        ],
        [
            0.027521109444416568,
            0.0005715659595271205
        ],
        [
            0.02317700753498154,
            0.0008898638406906745
        ],
        [
            0.02749678839790524,
            0.0006822159991156651
        ],
        [
            0.026819812701920003,
            0.0006128170811585676
        ],
        [
            0.022552086188050335,
            0.0010225144005527875
        ],
        [
            0.031547497245849064,
            0.0008114664813555494
        ],
        [
            0.009666373393185334,
            0.0011930301089513318
        ],
        [
            0.033142589785957764,
            0.00013470564449702405
        ],
        [
            0.023022315465819346,
            0.0009267573571715149
        ],
        [
            0.011232705684054595,
            0.0011551380126454402
        ],
        [
            0.027281858618395476,
            0.000744683641890509
        ],
        [
            0.031955551236055535,
            0.001040075580063582
        ],
        [
            0.022880939834520584,
            0.001035210912845641
        ]
    ],
    "r_thresh_deg": 5,
    "t_thresh": 0.035,
    "t_thresh_prec": 0.04
}