{
    "match_ratio": 0.5,
    "recall": 0.5,
    "precision": 0.96875,
    "n_avail": 16,
    "n_pred": 32,
    "out_scores": [
        1.0,
        1.0,
        1.0,
        1.0,
        1.0,
        1.0,
        1.0,
        1.0,
        1.0,
        1.0,
        1.0,
        1.0,
        1.0,
        1.0,
        1.0,
        1.0,
        1.0,
        1.0,
        1.0,
        1.0,
        1.0,
        1.0,
        1.0,
        1.0,
        1.0,
        1.0,
        1.0,
        1.0,
        1.0,
        1.0,
        1.0,
        1.0
    ],
    "min_trans_rot_dists": [
        [
            0.01804914220488874,
            0.001320337418549089
        ],
        [
            0.0257747684354311,
            0.0036336040384838952
        ],
        [
            0.009028083674735598,
            0.0013219698563849969
        ],
        [
            0.022065005979168013,
            0.006502812437845673
        ],
        [
            0.0371427579541516,
            0.001320337418549089
        ],
        [
            0.035279100562489264,
            0.997528508842466
        ],
        [
            0.037476160300207596,
            0.9971997230455726
        ],
        [
            0.035279100562489264,
            0.002522889051500221
        ],
        [
            0.1182985607567233,
            0.001320337418549089
        ],
        [
            0.11466220754070032,
            0.997528508842466
        ],
        [
            0.11855332389534788,
            0.9971997230455726
        ],
        [
            0.11466220754070032,
            0.002522889051500221
        ],
        [
            0.0035749435030164676,
            0.0003040980031850937
        ],
        [
            0.026647099875014825,
            0.002044524387016855
        ],
        [
            0.022362169533430218,
            0.002888397248925756
        ],
        [
            0.015466267463328258,
            0.0003132770045842781
        ]
    ],
    "min_trans_rot_dists_prec": [
        [
            0.037476160300207596,
            0.002875933263898567
        ],
        [
            0.03953211351692884,
            0.002567309322738631
        ],
        [
            0.012062579765010656,
            0.002166299660570803
        ],
        [
            0.01277515795633569,
            0.0007625329632202638
        ],
        [
            0.283036445816444,
            0.00022843112472870075
        ],
        [
            0.03956423078478559,
            0.002519863263415134
        ],
        [
            0.035279100562489264,
            0.002522889051500221
        ],
        [
            0.009373669066019202,
            0.0005375233441319294
        ],
        [
            0.0175350818298572,
            0.005407224060383742
        ],
        [
            0.01281669092418019,
            0.003155806993767052
        ],
        [
            0.02135835335409578,
            0.002589574740317291
        ],
        [
            0.025544277579998397,
            0.003790550400855408
        ],
        [
            0.021419250953975563,
            0.0027440705102625973
        ],
        [
            0.022362169533430218,
            0.002888397248925756
        ],
        [
            0.0336687805791949,
            0.009710316004510888
        ],
        [
            0.011494571398245416,
            0.005394451947386192
        ],
        [
            0.020057847250653262,
            0.00526060104883308
        ],
        [
            0.02667006418044515,
            0.0049963418357474865
        ],
        [
            0.023859510289901024,
            0.0030784757183863753
        ],
        [
            0.015466267463328258,
            0.0003132770045842781
        ],
        [
            0.008608584994530488,
            0.0014678978828959188
        ],
        [
            0.006589333838670272,
            0.0003648663476897296
        ],
        [
            0.0257747684354311,
            0.0036336040384838952
        ],
        [
            0.013822793055153812,
            0.004678927962386559
        ],
        [
            0.0371427579541516,
            0.001320337418549089
        ],
        [
            0.01163882407951562,
            0.002891349995866932
        ],
        [
            0.02464231359829177,
            0.002745918227844868
        ],
        [
            0.022065005979168013,
            0.006502812437845673
        ],
        [
            0.0035749435030164676,
            0.0003040980031850937
        ],
        [
            0.00916975305749908,
            0.0033032749631417557
        ],
        [
            0.009028083674735598,
            0.0013219698563849969
        ],
        [
            0.026647099875014825,
            0.002044524387016855
        ]
    ],
    "r_thresh_deg": 5,
    "t_thresh": 0.035,
    "t_thresh_prec": 0.04
}