{
    "match_ratio": 0.75,
    "recall": 0.75,
    "precision": 1.0,
    "n_avail": 16,
    "n_pred": 32,
    "out_scores": [
        1.0,
        1.0,
        1.0,
        1.0,
        1.0,
        1.0,
        1.0,
        1.0,
        1.0,
        1.0,
        1.0,
        1.0,
        1.0,
        1.0,
        1.0,
        1.0,
        1.0,
        1.0,
        1.0,
        1.0,
        1.0,
        1.0,
        1.0,
        1.0,
        1.0,
        1.0,
        1.0,
        1.0,
        1.0,
        1.0,
        1.0,
        1.0
    ],
    "min_trans_rot_dists": [
        [
            0.13497659529511502,
            0.00016556731123651414
        ],
        [
            0.12861609782289632,
            8.82496137446509e-05
        ],
        [
            0.13520144446031038,
            0.00010637366588395203
        ],
        [
            0.12599456664441908,
            0.00013446305094200195
        ],
        [
            0.02501816472711362,
            0.0002490438329414424
        ],
        [
            0.02630582095665137,
            0.00010907241515123456
        ],
        [
            0.024159071592491792,
            0.0002120373753192739
        ],
        [
            0.023498080527674128,
            0.00010115605836136243
        ],
        [
            0.022120548708215036,
            0.0002490438329414424
        ],
        [
            0.031371871858091094,
            3.3951283168409674e-05
        ],
        [
            0.018461511884456317,
            0.0002120373753192739
        ],
        [
            0.033473585694303844,
            9.77664676293788e-05
        ],
        [
            0.014185459931256708,
            0.00027893437971804325
        ],
        [
            0.020280877381995917,
            0.0005228142608446618
        ],
        [
            0.009100179913670714,
            9.966996963783892e-05
        ],
        [
            0.01860994926458433,
            0.00012401477018686435
        ]
    ],
    "min_trans_rot_dists_prec": [
        [
            0.009380988394807426,
            0.00018967483168030874
        ],
        [
            0.026021487915733464,
            0.00016556731123651414
        ],
        [
            0.020288363745073767,
            0.00036250947473859263
        ],
        [
            0.03666411244725852,
            0.0001053932751885478
        ],
        [
            0.01432453773268258,
            8.586852709091541e-05
        ],
        [
            0.038651622543224316,
            0.00013446305094200195
        ],
        [
            0.018976047826512275,
            0.00011844433691576839
        ],
        [
            0.02224608126938211,
            0.00010637366588395203
        ],
        [
            0.0084282701488648,
            0.00011174464911023474
        ],
        [
            0.038035226222993324,
            8.82496137446509e-05
        ],
        [
            0.024299359068090567,
            0.0002874051914851794
        ],
        [
            0.02295565820472396,
            0.00033561821063410324
        ],
        [
            0.01860994926458433,
            0.00012401477018686435
        ],
        [
            0.009100179913670714,
            9.966996963783892e-05
        ],
        [
            0.013488180473201938,
            0.0002054005162384076
        ],
        [
            0.03539035636615701,
            0.00013963975222031078
        ],
        [
            0.022869038231118553,
            0.0005246867611016226
        ],
        [
            0.020280877381995917,
            0.0005228142608446618
        ],
        [
            0.035731467654990204,
            8.379590791751657e-05
        ],
        [
            0.031371871858091094,
            3.3951283168409674e-05
        ],
        [
            0.023381168346461326,
            0.00027711063911928235
        ],
        [
            0.033473585694303844,
            9.77664676293788e-05
        ],
        [
            0.024596602214799552,
            0.00025609791368219614
        ],
        [
            0.0366245994900243,
            0.00010535039842296534
        ],
        [
            0.03849173027118105,
            0.00010115605836136243
        ],
        [
            0.022784457829668935,
            0.00029167312328015615
        ],
        [
            0.014185459931256708,
            0.00027893437971804325
        ],
        [
            0.025501103079595355,
            0.00012409984888772652
        ],
        [
            0.0246235636515043,
            0.0004064163140488075
        ],
        [
            0.022120548708215036,
            0.0002490438329414424
        ],
        [
            0.018461511884456317,
            0.0002120373753192739
        ],
        [
            0.03523946229743052,
            0.00010907241515123456
        ]
    ],
    "r_thresh_deg": 5,
    "t_thresh": 0.035,
    "t_thresh_prec": 0.04
}