{
    "match_ratio": 0.25,
    "recall": 0.25,
    "precision": 1.0,
    "n_avail": 24,
    "n_pred": 32,
    "out_scores": [
        1.0,
        1.0,
        1.0,
        1.0,
        1.0,
        1.0,
        1.0,
        1.0,
        1.0,
        1.0,
        1.0,
        1.0,
        1.0,
        1.0,
        1.0,
        1.0,
        1.0,
        1.0,
        1.0,
        1.0,
        1.0,
        1.0,
        1.0,
        1.0,
        1.0,
        1.0,
        1.0,
        1.0,
        1.0,
        1.0,
        1.0,
        1.0
    ],
    "min_trans_rot_dists": [
        [
            0.011951999613972232,
            0.00015708348981446907
        ],
        [
            0.011951999613972232,
            0.9999005622618303
        ],
        [
            0.41564819030716266,
            0.9999796186962541
        ],
        [
            0.4157613014047635,
            2.348186568712496e-05
        ],
        [
            0.1453482503812163,
            0.00015708348981446907
        ],
        [
            0.1453482503812163,
            0.9999005622618303
        ],
        [
            0.2613684040902518,
            0.9999796186962541
        ],
        [
            0.2614529983745147,
            2.348186568712496e-05
        ],
        [
            0.18343259215710842,
            0.9999944809260497
        ],
        [
            0.18435998591058736,
            0.9999650415323293
        ],
        [
            0.18435998591058736,
            0.9999796186962541
        ],
        [
            0.18441237794242168,
            2.348186568712496e-05
        ],
        [
            0.10670660929478641,
            0.9999944809260497
        ],
        [
            0.10713156594888423,
            0.9999742285877161
        ],
        [
            0.10766435296585282,
            0.9999857305798531
        ],
        [
            0.10766435296585282,
            2.348186568712496e-05
        ],
        [
            0.03253487437699625,
            0.9999944809260497
        ],
        [
            0.033088922870520725,
            0.9999882000930324
        ],
        [
            0.03329765220785856,
            0.9999857305798531
        ],
        [
            0.03402056307260923,
            2.9952059127369424e-05
        ],
        [
            0.016979502163906646,
            0.00010985963778242791
        ],
        [
            0.01784689921097757,
            0.00013366627355770877
        ],
        [
            0.015457667864933841,
            1.6172087988763906e-05
        ],
        [
            0.019601305600471904,
            2.9952059127369424e-05
        ]
    ],
    "min_trans_rot_dists_prec": [
        [
            0.01850219938923107,
            2.348186568712496e-05
        ],
        [
            0.017246601617249134,
            8.428857875586449e-05
        ],
        [
            0.017452292745289887,
            7.414941521255436e-05
        ],
        [
            0.013587541714744751,
            1.493973407318272e-05
        ],
        [
            0.01872643224604321,
            8.743361655361159e-05
        ],
        [
            0.014691404506430987,
            1.1936364443632108e-05
        ],
        [
            0.01677947251841243,
            0.00011672511161808785
        ],
        [
            0.017602097520421366,
            2.1437185552031224e-05
        ],
        [
            0.018241393816185603,
            0.00011907624212104118
        ],
        [
            0.018119299969459598,
            0.00010619171250891846
        ],
        [
            0.014103306268414757,
            1.0245753478854702e-05
        ],
        [
            0.013977294907290326,
            2.3007059800517204e-05
        ],
        [
            0.01297939463899676,
            2.9998575674872185e-05
        ],
        [
            0.018691831459034348,
            0.00013436681651868287
        ],
        [
            0.019116495417917014,
            3.4613672856620425e-05
        ],
        [
            0.01796635997547718,
            0.00011156632731990079
        ],
        [
            0.019628501498912536,
            5.849376026378916e-05
        ],
        [
            0.011951999613972232,
            0.00015708348981446907
        ],
        [
            0.01726597010025443,
            3.537325109603806e-05
        ],
        [
            0.013777945989784527,
            7.10144396451895e-05
        ],
        [
            0.020711840281833527,
            3.7992625968263916e-05
        ],
        [
            0.013559179482302708,
            4.671818730761501e-06
        ],
        [
            0.015210911846332012,
            7.979919402489877e-06
        ],
        [
            0.01784689921097757,
            0.00013366627355770877
        ],
        [
            0.01637766509166026,
            5.325946618683908e-05
        ],
        [
            0.01723292984647518,
            7.696397774537012e-06
        ],
        [
            0.01848043744421899,
            2.8934998833052283e-05
        ],
        [
            0.013985605454423773,
            8.37308567114281e-06
        ],
        [
            0.019226653652644896,
            2.8476364128282583e-05
        ],
        [
            0.015457667864933841,
            1.6172087988763906e-05
        ],
        [
            0.016979502163906646,
            0.00010985963778242791
        ],
        [
            0.019601305600471904,
            2.9952059127369424e-05
        ]
    ],
    "r_thresh_deg": 5,
    "t_thresh": 0.035,
    "t_thresh_prec": 0.04
}