{
    "match_ratio": 0.625,
    "recall": 0.625,
    "precision": 0.96875,
    "n_avail": 16,
    "n_pred": 32,
    "out_scores": [
        1.0,
        1.0,
        1.0,
        1.0,
        1.0,
        1.0,
        1.0,
        1.0,
        1.0,
        1.0,
        1.0,
        1.0,
        1.0,
        1.0,
        1.0,
        1.0,
        1.0,
        1.0,
        1.0,
        1.0,
        1.0,
        1.0,
        1.0,
        1.0,
        1.0,
        1.0,
        1.0,
        1.0,
        1.0,
        1.0,
        1.0,
        1.0
    ],
    "min_trans_rot_dists": [
        [
            0.021561469884992496,
            0.0013132551932396597
        ],
        [
            0.021561469884992496,
            0.9999544800984843
        ],
        [
            0.021561469884992496,
            0.998732701997882
        ],
        [
            0.021561469884992496,
            0.999999562710394
        ],
        [
            0.03476243230574035,
            0.0003730892966117283
        ],
        [
            0.02564867659135604,
            0.00019132597648063854
        ],
        [
            0.03466568121581583,
            0.0003740016290517678
        ],
        [
            0.018554792294340868,
            0.0004347730838727415
        ],
        [
            0.0340087627248948,
            0.0008411471050341346
        ],
        [
            0.015191321702540669,
            0.0012720939950848775
        ],
        [
            0.03282285588564318,
            0.0009608005851905466
        ],
        [
            0.014191660032269918,
            0.0008162118501888749
        ],
        [
            0.051227667909364366,
            0.0005799596535537299
        ],
        [
            0.041191551545775966,
            0.0012720939950848775
        ],
        [
            0.03312139596607625,
            0.0004981332753484224
        ],
        [
            0.04183136908657349,
            0.0005508450668445519
        ]
    ],
    "min_trans_rot_dists_prec": [
        [
            0.021561469884992496,
            0.0013132551932396597
        ],
        [
            0.013928780972419685,
            0.0014321979759974734
        ],
        [
            0.021547556202544317,
            0.00021784655781731388
        ],
        [
            0.033529548283667894,
            0.0010252690951472188
        ],
        [
            0.035948384911330275,
            0.0005799596535537299
        ],
        [
            0.015638132489281795,
            0.0005508450668445519
        ],
        [
            0.0177417883261327,
            0.00035088229199986554
        ],
        [
            0.0338121229500721,
            0.0005467315978063825
        ],
        [
            0.013546721887645864,
            0.000980511520997207
        ],
        [
            0.017070860209211093,
            0.0003923967533293604
        ],
        [
            0.03476243230574035,
            0.0003730892966117283
        ],
        [
            0.016676582121370593,
            0.00029325270636515466
        ],
        [
            0.03312139596607625,
            0.0004981332753484224
        ],
        [
            0.03292533171026034,
            0.000723291306234386
        ],
        [
            0.035133179034602176,
            0.0003164690004653359
        ],
        [
            0.0340087627248948,
            0.0008411471050341346
        ],
        [
            0.05347014788265497,
            0.00025803086380182805
        ],
        [
            0.01383809310273621,
            0.0016359400108736377
        ],
        [
            0.017577364709477926,
            0.00037278465780399284
        ],
        [
            0.017205658194129662,
            0.00038561773945022804
        ],
        [
            0.03622278472694543,
            0.0004904466750924596
        ],
        [
            0.013962326615895216,
            0.001350042618237568
        ],
        [
            0.03282285588564318,
            0.0009608005851905466
        ],
        [
            0.018697472670630315,
            0.0003208806167176448
        ],
        [
            0.03466568121581583,
            0.0003740016290517678
        ],
        [
            0.01821334073614291,
            0.0003525459178548296
        ],
        [
            0.018554792294340868,
            0.0004347730838727415
        ],
        [
            0.014191660032269918,
            0.0008162118501888749
        ],
        [
            0.012795765475280857,
            0.0016202361641188823
        ],
        [
            0.015191321702540669,
            0.0012720939950848775
        ],
        [
            0.02564867659135604,
            0.00019132597648063854
        ],
        [
            0.03516859920894534,
            0.0003076459562083578
        ]
    ],
    "r_thresh_deg": 5,
    "t_thresh": 0.035,
    "t_thresh_prec": 0.04
}