{
    "match_ratio": 0.3,
    "recall": 0.3,
    "precision": 0.84375,
    "n_avail": 20,
    "n_pred": 32,
    "out_scores": [
        1.0,
        1.0,
        1.0,
        1.0,
        1.0,
        1.0,
        1.0,
        1.0,
        1.0,
        1.0,
        1.0,
        1.0,
        1.0,
        1.0,
        1.0,
        1.0,
        1.0,
        1.0,
        1.0,
        1.0,
        1.0,
        1.0,
        1.0,
        1.0,
        1.0,
        1.0,
        1.0,
        1.0,
        1.0,
        1.0,
        1.0,
        1.0
    ],
    "min_trans_rot_dists": [
        [
            0.07614222808009971,
            2.7665361897244445e-05
        ],
        [
            0.07783915554127648,
            0.9999599364970285
        ],
        [
            0.08215102018628183,
            6.574263387570944e-06
        ],
        [
            0.07783915554127648,
            0.9999806927050388
        ],
        [
            0.02940890265139638,
            2.7665361897244445e-05
        ],
        [
            0.024622301987192532,
            0.9999970660599037
        ],
        [
            0.024622301987192532,
            6.574263387570944e-06
        ],
        [
            0.024622301987192532,
            0.9999994055764707
        ],
        [
            0.02621532138688525,
            0.00013822550197650774
        ],
        [
            0.02621532138688525,
            0.9999934758605433
        ],
        [
            0.0856912614572589,
            6.574263387570944e-06
        ],
        [
            0.02621532138688525,
            0.9999979015887692
        ],
        [
            0.024846371850460323,
            3.806987407539708e-07
        ],
        [
            0.0204699670658708,
            0.9999927001503809
        ],
        [
            0.021598333092426463,
            6.2354899875716185e-06
        ],
        [
            0.035854927584049706,
            8.920319009353417e-05
        ],
        [
            0.023084819145419766,
            0.9999894950188748
        ],
        [
            0.03561830334843503,
            1.956399057045921e-05
        ],
        [
            0.02288037349177181,
            1.669624447697693e-06
        ],
        [
            0.03579682297957154,
            0.00015955138043721728
        ]
    ],
    "min_trans_rot_dists_prec": [
        [
            0.024622301987192532,
            6.574263387570944e-06
        ],
        [
            0.0204699670658708,
            1.137414039653617e-05
        ],
        [
            0.24567863489941327,
            6.0512032409421046e-05
        ],
        [
            0.023084819145419766,
            1.6308688804089755e-05
        ],
        [
            0.02465085854275216,
            3.2485143021121488e-06
        ],
        [
            0.023065485923933995,
            1.1769987039889074e-05
        ],
        [
            0.03868729943177355,
            8.081878131482867e-05
        ],
        [
            0.029499797290657312,
            8.358213366466138e-05
        ],
        [
            0.024304397650188627,
            4.3469139713314675e-06
        ],
        [
            0.03831400136676961,
            0.00019831634763367578
        ],
        [
            0.024846371850460323,
            3.806987407539708e-07
        ],
        [
            0.04219425239873714,
            0.00013020965432009035
        ],
        [
            0.01736977328650262,
            1.569619140651124e-05
        ],
        [
            0.023597089845301216,
            3.0719613667962165e-05
        ],
        [
            0.02621532138688525,
            0.00013822550197650774
        ],
        [
            0.0432053398094861,
            6.467293199063917e-05
        ],
        [
            0.021598333092426463,
            6.2354899875716185e-06
        ],
        [
            0.03675734553562125,
            0.0003668546015880292
        ],
        [
            0.02488944589319345,
            3.5413875928425043e-06
        ],
        [
            0.02288037349177181,
            1.669624447697693e-06
        ],
        [
            0.035854927584049706,
            8.920319009353417e-05
        ],
        [
            0.04036733842661711,
            4.4015272054331867e-05
        ],
        [
            0.03807606797189743,
            5.279459866736058e-05
        ],
        [
            0.035886620916151704,
            3.4391541554046334e-05
        ],
        [
            0.03967288674834222,
            0.00022006332035906517
        ],
        [
            0.03579682297957154,
            0.00015955138043721728
        ],
        [
            0.03714893200115418,
            3.491851938286494e-05
        ],
        [
            0.02940890265139638,
            2.7665361897244445e-05
        ],
        [
            0.03644113850065329,
            2.2577234045639827e-05
        ],
        [
            0.03561830334843503,
            1.956399057045921e-05
        ],
        [
            0.035708050305831955,
            0.00017777266009855186
        ],
        [
            0.04310694375656168,
            6.152583493668207e-05
        ]
    ],
    "r_thresh_deg": 5,
    "t_thresh": 0.035,
    "t_thresh_prec": 0.04
}