{
    "match_ratio": 0.45,
    "recall": 0.45,
    "precision": 1.0,
    "n_avail": 40,
    "n_pred": 32,
    "out_scores": [
        1.0,
        1.0,
        1.0,
        1.0,
        1.0,
        1.0,
        1.0,
        1.0,
        1.0,
        1.0,
        1.0,
        1.0,
        1.0,
        1.0,
        1.0,
        1.0,
        1.0,
        1.0,
        1.0,
        1.0,
        1.0,
        1.0,
        1.0,
        1.0,
        1.0,
        1.0,
        1.0,
        1.0,
        1.0,
        1.0,
        1.0,
        1.0
    ],
    "min_trans_rot_dists": [
        [
            0.13340146216796261,
            0.9996326723541944
        ],
        [
            0.3619374327181354,
            2.215709679909139e-05
        ],
        [
            0.3585502953985465,
            3.91169442131023e-05
        ],
        [
            0.4702092960721554,
            2.7421298299357133e-05
        ],
        [
            0.0067295601262436465,
            9.807697810559901e-05
        ],
        [
            0.002333825240685337,
            0.000250463983247351
        ],
        [
            0.021020429709269272,
            0.00035053799266782093
        ],
        [
            0.02260904112998612,
            7.558458807732649e-05
        ],
        [
            0.025603277138867,
            0.00019802235160049086
        ],
        [
            0.012539434327959592,
            5.8319210594737214e-05
        ],
        [
            0.2221467326119275,
            0.00037948069046833677
        ],
        [
            0.030124730498429047,
            0.0001560835099579938
        ],
        [
            0.02043979831934826,
            0.00019802235160049086
        ],
        [
            0.03260962085796432,
            5.8319210594737214e-05
        ],
        [
            0.2661028006447139,
            0.00037948069046833677
        ],
        [
            0.028676788008400546,
            0.0001560835099579938
        ],
        [
            0.1433090450950384,
            0.00014301665984373102
        ],
        [
            0.1637111850942166,
            4.3204956453157806e-05
        ],
        [
            0.1433090450950384,
            0.999886686480891
        ],
        [
            0.1433090450950384,
            0.9999745304472175
        ],
        [
            0.020114643659152057,
            0.00020499771677351397
        ],
        [
            0.45141333255894583,
            5.912556118448098e-05
        ],
        [
            0.27295618173458497,
            3.91169442131023e-05
        ],
        [
            0.4453343123676613,
            3.945930047632995e-05
        ],
        [
            0.028408819187165913,
            0.9999841974579421
        ],
        [
            0.011711304585828456,
            0.00012706522301053624
        ],
        [
            0.028408819187165913,
            3.91169442131023e-05
        ],
        [
            0.024991649745888495,
            5.05367043824867e-05
        ],
        [
            0.016563787373253702,
            4.8859163410908124e-05
        ],
        [
            0.014391432599048777,
            0.00014562283916330632
        ],
        [
            0.011495759785495746,
            0.9999219361590873
        ],
        [
            0.027735863298001096,
            2.7421298299357133e-05
        ],
        [
            0.03329039939073701,
            0.9999999117330824
        ],
        [
            0.03406127457584948,
            0.00014562283916330632
        ],
        [
            0.03329039939073701,
            0.9999363130712503
        ],
        [
            0.03329039939073701,
            0.999976223135597
        ],
        [
            0.16467561905289352,
            0.9999999117330824
        ],
        [
            0.16659125365395824,
            5.912556118448098e-05
        ],
        [
            0.16467561905289352,
            0.9999363130712503
        ],
        [
            0.16467561905289352,
            0.999976223135597
        ]
    ],
    "min_trans_rot_dists_prec": [
        [
            0.03600288997360856,
            6.135917099003851e-05
        ],
        [
            0.029941333846120667,
            3.945930047632995e-05
        ],
        [
            0.028408819187165913,
            3.91169442131023e-05
        ],
        [
            0.020885150385096293,
            5.414681145798905e-05
        ],
        [
            0.039104147018127394,
            0.00010410727743181969
        ],
        [
            0.020803349485389176,
            0.00037948069046833677
        ],
        [
            0.0352295895288441,
            5.912556118448098e-05
        ],
        [
            0.021520250019047855,
            4.345197480881691e-05
        ],
        [
            0.02876422697963817,
            4.16288064603032e-05
        ],
        [
            0.03329039939073701,
            8.755206007016181e-05
        ],
        [
            0.03406127457584948,
            0.00014562283916330632
        ],
        [
            0.020114643659152057,
            0.00020499771677351397
        ],
        [
            0.024991649745888495,
            5.05367043824867e-05
        ],
        [
            0.004721745948144118,
            0.00016289057745699775
        ],
        [
            0.01277860634729517,
            0.00014301665984373102
        ],
        [
            0.003023344240098351,
            0.0001141703666999172
        ],
        [
            0.002457745526536578,
            0.000246776997999798
        ],
        [
            0.0028964322035462454,
            0.00045107871316374393
        ],
        [
            0.03167948073324587,
            4.3204956453157806e-05
        ],
        [
            0.012941280699029318,
            0.00016930151266769666
        ],
        [
            0.02043979831934826,
            0.00019802235160049086
        ],
        [
            0.021020429709269272,
            0.00035053799266782093
        ],
        [
            0.03532288457552952,
            2.215709679909139e-05
        ],
        [
            0.016563787373253702,
            4.8859163410908124e-05
        ],
        [
            0.0018751763422973882,
            0.0003560009876083514
        ],
        [
            0.027735863298001096,
            2.7421298299357133e-05
        ],
        [
            0.028676788008400546,
            0.0001560835099579938
        ],
        [
            0.002333825240685337,
            0.000250463983247351
        ],
        [
            0.011711304585828456,
            0.00012706522301053624
        ],
        [
            0.0067295601262436465,
            9.807697810559901e-05
        ],
        [
            0.02260904112998612,
            7.558458807732649e-05
        ],
        [
            0.03260962085796432,
            5.8319210594737214e-05
        ]
    ],
    "r_thresh_deg": 5,
    "t_thresh": 0.035,
    "t_thresh_prec": 0.04
}