{
    "match_ratio": 0.4642857142857143,
    "recall": 0.4642857142857143,
    "precision": 1.0,
    "n_avail": 28,
    "n_pred": 32,
    "out_scores": [
        1.0,
        1.0,
        1.0,
        1.0,
        1.0,
        1.0,
        1.0,
        1.0,
        1.0,
        1.0,
        1.0,
        1.0,
        1.0,
        1.0,
        1.0,
        1.0,
        1.0,
        1.0,
        1.0,
        1.0,
        1.0,
        1.0,
        1.0,
        1.0,
        1.0,
        1.0,
        1.0,
        1.0,
        1.0,
        1.0,
        1.0,
        1.0
    ],
    "min_trans_rot_dists": [
        [
            0.23281775299689308,
            4.3598057078209074e-05
        ],
        [
            0.07643990661803166,
            0.9999235381740628
        ],
        [
            0.076650427860884,
            0.9996472279867243
        ],
        [
            0.08295386631626933,
            8.897519550765676e-05
        ],
        [
            0.010099882866974722,
            0.00043922700580123486
        ],
        [
            0.010297295786325872,
            2.3790305226922825e-05
        ],
        [
            0.025618792587143596,
            3.4515809061996805e-05
        ],
        [
            0.02817561687298401,
            0.00019853067494379761
        ],
        [
            0.011802952165913566,
            9.026376081822107e-05
        ],
        [
            0.019031659081094488,
            0.9999915491494978
        ],
        [
            0.03271406075096163,
            9.244143088560364e-05
        ],
        [
            0.027851566427440265,
            0.00011343546563069573
        ],
        [
            0.03111237055815362,
            9.026376081822107e-05
        ],
        [
            0.017358978173080554,
            4.4327163293056415e-05
        ],
        [
            0.030544991363815218,
            9.244143088560364e-05
        ],
        [
            0.011519687141981785,
            0.999991942941581
        ],
        [
            0.004196374809650528,
            2.7616264933416623e-05
        ],
        [
            0.12839630757266512,
            2.400243681743852e-05
        ],
        [
            0.022870459500007767,
            2.6542638322801793e-05
        ],
        [
            0.024638763007658618,
            7.018188927387925e-05
        ],
        [
            0.08879521631995685,
            1.657850231440161e-05
        ],
        [
            0.21373784894667583,
            2.400243681743852e-05
        ],
        [
            0.08002052201646813,
            1.1129787788166645e-05
        ],
        [
            0.09071877713503615,
            7.018188927387925e-05
        ],
        [
            0.1742971039200364,
            1.657850231440161e-05
        ],
        [
            0.29920576903952234,
            2.400243681743852e-05
        ],
        [
            0.16394882688835954,
            1.1129787788166645e-05
        ],
        [
            0.17462729536738383,
            7.018188927387925e-05
        ]
    ],
    "min_trans_rot_dists_prec": [
        [
            0.02398540274504706,
            4.3598057078209074e-05
        ],
        [
            0.036384151194441064,
            5.792071386545583e-05
        ],
        [
            0.009615999887261391,
            0.00040516501881804334
        ],
        [
            0.011519687141981785,
            3.0360031358700468e-05
        ],
        [
            0.010382441555660253,
            2.4088075408323917e-05
        ],
        [
            0.011912898993840144,
            2.400243681743852e-05
        ],
        [
            0.026461102598519044,
            0.00015357317312625351
        ],
        [
            0.024638763007658618,
            7.018188927387925e-05
        ],
        [
            0.010011426251601042,
            0.0003299878735686379
        ],
        [
            0.0351576702001271,
            6.464134927097742e-05
        ],
        [
            0.026228749156755486,
            0.00013021386937239754
        ],
        [
            0.0261102137962654,
            5.16705507698223e-05
        ],
        [
            0.027417783480341733,
            3.57618849804453e-05
        ],
        [
            0.005704070463086686,
            3.3936565139391917e-05
        ],
        [
            0.006335583344311764,
            1.9398580288765288e-05
        ],
        [
            0.009914385101549128,
            3.2073151641887065e-05
        ],
        [
            0.010099882866974722,
            0.00043922700580123486
        ],
        [
            0.005627461934678284,
            1.657850231440161e-05
        ],
        [
            0.010297295786325872,
            2.3790305226922825e-05
        ],
        [
            0.02806057513780068,
            8.897519550765676e-05
        ],
        [
            0.0294447248613794,
            6.191451791592861e-05
        ],
        [
            0.02960045904570055,
            2.540249578208975e-05
        ],
        [
            0.02386038410481266,
            1.1129787788166645e-05
        ],
        [
            0.008941780266564696,
            1.1157186621257864e-05
        ],
        [
            0.004196374809650528,
            2.7616264933416623e-05
        ],
        [
            0.03111237055815362,
            9.026376081822107e-05
        ],
        [
            0.022870459500007767,
            2.6542638322801793e-05
        ],
        [
            0.027851566427440265,
            0.00011343546563069573
        ],
        [
            0.02817561687298401,
            0.00019853067494379761
        ],
        [
            0.025618792587143596,
            3.4515809061996805e-05
        ],
        [
            0.030544991363815218,
            9.244143088560364e-05
        ],
        [
            0.017358978173080554,
            4.4327163293056415e-05
        ]
    ],
    "r_thresh_deg": 5,
    "t_thresh": 0.035,
    "t_thresh_prec": 0.04
}