{
    "match_ratio": 0.2916666666666667,
    "recall": 0.2916666666666667,
    "precision": 1.0,
    "n_avail": 24,
    "n_pred": 32,
    "out_scores": [
        1.0,
        1.0,
        1.0,
        1.0,
        1.0,
        1.0,
        1.0,
        1.0,
        1.0,
        1.0,
        1.0,
        1.0,
        1.0,
        1.0,
        1.0,
        1.0,
        1.0,
        1.0,
        1.0,
        1.0,
        1.0,
        1.0,
        1.0,
        1.0,
        1.0,
        1.0,
        1.0,
        1.0,
        1.0,
        1.0,
        1.0,
        1.0
    ],
    "min_trans_rot_dists": [
        [
            0.15483132620067774,
            3.937837073086925e-06
        ],
        [
            0.1558495478437447,
            0.9999176608053268
        ],
        [
            0.15503136874042456,
            0.9998682397233906
        ],
        [
            0.15708088173294174,
            1.667058423804324e-05
        ],
        [
            0.013648462287567139,
            6.972907997448985e-06
        ],
        [
            0.027751154469646516,
            0.9998683396222208
        ],
        [
            0.017199336164401027,
            0.00022409809539902792
        ],
        [
            0.026957144579617634,
            1.667058423804324e-05
        ],
        [
            0.07713633712576283,
            5.250594254879726e-05
        ],
        [
            0.07551275192894381,
            0.9999221767859958
        ],
        [
            0.07383253569000232,
            0.00014274959368454354
        ],
        [
            0.07968703704198939,
            2.5661426408141175e-05
        ],
        [
            0.017657770565037832,
            6.551357433026705e-05
        ],
        [
            0.02711444184232652,
            0.00034275014285833905
        ],
        [
            0.015162228483454457,
            0.0002066151659168014
        ],
        [
            0.02563012489189796,
            0.00013729983482746455
        ],
        [
            0.07352491950403946,
            0.9997136472236142
        ],
        [
            0.07352491950403946,
            0.9999887470465697
        ],
        [
            0.07352491950403946,
            0.00029765915183332936
        ],
        [
            0.08453031046237018,
            2.5661426408141175e-05
        ],
        [
            0.11159600675003255,
            0.9997136472236142
        ],
        [
            0.11159600675003255,
            0.9999887470465697
        ],
        [
            0.11159600675003255,
            0.00029765915183332936
        ],
        [
            0.12166596228644702,
            2.5661426408141175e-05
        ]
    ],
    "min_trans_rot_dists_prec": [
        [
            0.027946057660907124,
            2.5661426408141175e-05
        ],
        [
            0.01628324681319139,
            0.00012726380536975945
        ],
        [
            0.016139351148258683,
            0.00029765915183332936
        ],
        [
            0.02840803909673325,
            8.714352373206946e-05
        ],
        [
            0.01832842248927806,
            0.0004453432381764655
        ],
        [
            0.028510152801650236,
            9.555908257719015e-05
        ],
        [
            0.027979961740941518,
            0.0001254333229874227
        ],
        [
            0.02752414726143234,
            0.00010678295516020064
        ],
        [
            0.026638920430113247,
            9.551821940079197e-05
        ],
        [
            0.015379583090057653,
            5.381400448933871e-05
        ],
        [
            0.018704648021619415,
            3.320102031234562e-05
        ],
        [
            0.0160691587752279,
            0.00014640979966185075
        ],
        [
            0.026871406927758315,
            0.00011962191164549552
        ],
        [
            0.01584448547931935,
            4.749429889150392e-06
        ],
        [
            0.02855293155509644,
            4.262697397328097e-05
        ],
        [
            0.027189922275218447,
            4.014608204427894e-05
        ],
        [
            0.027751154469646516,
            0.00013763655115062168
        ],
        [
            0.015294414386117915,
            3.937837073086925e-06
        ],
        [
            0.01516692097256554,
            5.250594254879726e-05
        ],
        [
            0.01620976488986159,
            0.0002920781397601768
        ],
        [
            0.016694220322331983,
            0.00014274959368454354
        ],
        [
            0.017199336164401027,
            0.00022409809539902792
        ],
        [
            0.01679572626033028,
            0.00013227172295315892
        ],
        [
            0.02563012489189796,
            0.00013729983482746455
        ],
        [
            0.015078221318686528,
            0.0001168945593068571
        ],
        [
            0.013648462287567139,
            6.972907997448985e-06
        ],
        [
            0.014723468693052659,
            0.00011535474182822192
        ],
        [
            0.026957144579617634,
            1.667058423804324e-05
        ],
        [
            0.027498363571201532,
            0.000112602893493019
        ],
        [
            0.015162228483454457,
            0.0002066151659168014
        ],
        [
            0.02711444184232652,
            0.00034275014285833905
        ],
        [
            0.017657770565037832,
            6.551357433026705e-05
        ]
    ],
    "r_thresh_deg": 5,
    "t_thresh": 0.035,
    "t_thresh_prec": 0.04
}