{
    "match_ratio": 0.55,
    "recall": 0.55,
    "precision": 1.0,
    "n_avail": 20,
    "n_pred": 32,
    "out_scores": [
        1.0,
        1.0,
        1.0,
        1.0,
        1.0,
        1.0,
        1.0,
        1.0,
        1.0,
        1.0,
        1.0,
        1.0,
        1.0,
        1.0,
        1.0,
        1.0,
        1.0,
        1.0,
        1.0,
        1.0,
        1.0,
        1.0,
        1.0,
        1.0,
        1.0,
        1.0,
        1.0,
        1.0,
        1.0,
        1.0,
        1.0,
        1.0
    ],
    "min_trans_rot_dists": [
        [
            0.022924895425477956,
            9.842982937668943e-05
        ],
        [
            0.00890473922585644,
            0.0006259807390357475
        ],
        [
            0.02975127393368492,
            9.111665338346064e-06
        ],
        [
            0.0180219155192513,
            7.76757179030696e-05
        ],
        [
            0.030223141795098888,
            0.9999283886324439
        ],
        [
            0.032416402405133986,
            0.999863366482184
        ],
        [
            0.03420180879092004,
            5.997064322249557e-06
        ],
        [
            0.03066471098392357,
            7.76757179030696e-05
        ],
        [
            0.02025199888027226,
            0.9991498964173459
        ],
        [
            0.1456436926231278,
            0.999863366482184
        ],
        [
            0.02025199888027226,
            0.0008600237519668097
        ],
        [
            0.13774727229147757,
            3.887445217176655e-05
        ],
        [
            0.11323070274199735,
            0.00018609744284048269
        ],
        [
            0.11365272725865021,
            8.14100211666835e-05
        ],
        [
            0.11788284036527251,
            6.249266356583849e-05
        ],
        [
            0.32952529559044147,
            3.887445217176655e-05
        ],
        [
            0.018147329480164055,
            0.00018609744284048269
        ],
        [
            0.007590703464199144,
            8.14100211666835e-05
        ],
        [
            0.020645071830160667,
            6.61164718471774e-05
        ],
        [
            0.017181991215984238,
            7.484478642161285e-05
        ]
    ],
    "min_trans_rot_dists_prec": [
        [
            0.035323874899706564,
            0.00011029818821062243
        ],
        [
            0.030971105073309926,
            7.512503302342655e-05
        ],
        [
            0.02137291758625921,
            6.249266356583849e-05
        ],
        [
            0.008227541660255258,
            0.0002451776924421445
        ],
        [
            0.018365738228444513,
            0.0002218033509590045
        ],
        [
            0.030223141795098888,
            7.557507761257742e-05
        ],
        [
            0.018365693617291495,
            0.0003221140067737327
        ],
        [
            0.020645071830160667,
            6.61164718471774e-05
        ],
        [
            0.03307462365928877,
            0.00012325547557967553
        ],
        [
            0.03612750525855317,
            0.0006259807390357475
        ],
        [
            0.032416402405133986,
            0.00018453039339361155
        ],
        [
            0.028466476222884878,
            4.1898535417028704e-05
        ],
        [
            0.02025199888027226,
            0.0008600237519668097
        ],
        [
            0.019795868461866064,
            0.00011512188804341239
        ],
        [
            0.027279757128985314,
            5.459365852533704e-05
        ],
        [
            0.017420632453836852,
            0.0004831486171773536
        ],
        [
            0.026362960767099767,
            3.887445217176655e-05
        ],
        [
            0.006963545710651928,
            0.00014107236698290837
        ],
        [
            0.03147022561503805,
            0.0001375620458468063
        ],
        [
            0.03176953081625509,
            5.052479654177322e-05
        ],
        [
            0.025305252026507807,
            0.00011822822740348293
        ],
        [
            0.0399238005914653,
            1.4133183837139462e-05
        ],
        [
            0.018147329480164055,
            0.00018609744284048269
        ],
        [
            0.007104948500974325,
            7.027429530792606e-05
        ],
        [
            0.029232550963000724,
            0.00012319045610231782
        ],
        [
            0.03066471098392357,
            7.76757179030696e-05
        ],
        [
            0.03420180879092004,
            5.997064322249557e-06
        ],
        [
            0.01089360954173525,
            0.0003986260448399781
        ],
        [
            0.017181991215984238,
            7.484478642161285e-05
        ],
        [
            0.022924895425477956,
            9.842982937668943e-05
        ],
        [
            0.007590703464199144,
            8.14100211666835e-05
        ],
        [
            0.0386374019448708,
            9.111665338346064e-06
        ]
    ],
    "r_thresh_deg": 5,
    "t_thresh": 0.035,
    "t_thresh_prec": 0.04
}