{
    "match_ratio": 0.35714285714285715,
    "recall": 0.35714285714285715,
    "precision": 0.96875,
    "n_avail": 28,
    "n_pred": 32,
    "out_scores": [
        1.0,
        1.0,
        1.0,
        1.0,
        1.0,
        1.0,
        1.0,
        1.0,
        1.0,
        1.0,
        1.0,
        1.0,
        1.0,
        1.0,
        1.0,
        1.0,
        1.0,
        1.0,
        1.0,
        1.0,
        1.0,
        1.0,
        1.0,
        1.0,
        1.0,
        1.0,
        1.0,
        1.0,
        1.0,
        1.0,
        1.0,
        1.0
    ],
    "min_trans_rot_dists": [
        [
            0.22020562173585728,
            0.0002530948632138985
        ],
        [
            0.22020562173585728,
            0.9998924850000773
        ],
        [
            0.22544117650234738,
            0.9995555891692217
        ],
        [
            0.22020562173585728,
            0.9999794482836225
        ],
        [
            0.13505648021816666,
            0.0002530948632138985
        ],
        [
            0.13505648021816666,
            0.9998924850000773
        ],
        [
            0.14022740724421232,
            0.9995555891692217
        ],
        [
            0.13505648021816666,
            0.9999794482836225
        ],
        [
            0.019427249861239622,
            0.0005007625430224483
        ],
        [
            0.01784791672482632,
            0.9998924850000773
        ],
        [
            0.03367309941389714,
            0.0003387318933675276
        ],
        [
            0.01784791672482632,
            0.9999794482836225
        ],
        [
            0.02684776754687337,
            0.0004629988086775061
        ],
        [
            0.017512597703563608,
            0.0005488115461860232
        ],
        [
            0.01243099684533358,
            0.00038625799833325036
        ],
        [
            0.014308273089870191,
            0.00010007196989902933
        ],
        [
            0.026759241191942274,
            0.00027525486338875194
        ],
        [
            0.12666824366639914,
            0.000347293951857508
        ],
        [
            0.028169700889414017,
            9.002274147695832e-05
        ],
        [
            0.12666824366639914,
            0.9996673259131612
        ],
        [
            0.0636552709537866,
            0.00020328723019458206
        ],
        [
            0.08076392728874462,
            0.000159407685400903
        ],
        [
            0.05106260101320712,
            5.5064252392100776e-05
        ],
        [
            0.08293219197717877,
            3.1422505967326764e-05
        ],
        [
            0.14782361181662937,
            0.00020328723019458206
        ],
        [
            0.016332181951136386,
            0.0002142963398380493
        ],
        [
            0.13520401241634192,
            5.5064252392100776e-05
        ],
        [
            0.016826260781016962,
            9.75031396581727e-05
        ]
    ],
    "min_trans_rot_dists_prec": [
        [
            0.025427927210265894,
            0.00030868447079879235
        ],
        [
            0.016521656440594862,
            0.000347293951857508
        ],
        [
            0.018758565410780765,
            0.000159407685400903
        ],
        [
            0.015149437420844932,
            0.0005047058063821774
        ],
        [
            0.014370035002059954,
            0.0006055699945671789
        ],
        [
            0.029902085378929685,
            0.00020328723019458206
        ],
        [
            0.03970669151556159,
            5.5064252392100776e-05
        ],
        [
            0.02534083167070483,
            0.0005072329763526895
        ],
        [
            0.014308273089870191,
            0.00010007196989902933
        ],
        [
            0.015640408232048115,
            0.0006273642818422909
        ],
        [
            0.034358971050251506,
            0.00039911726719643603
        ],
        [
            0.014429997423175321,
            0.0004498880891974366
        ],
        [
            0.017512597703563608,
            0.0005488115461860232
        ],
        [
            0.010720311577994183,
            0.000515560580779284
        ],
        [
            0.015106248463350909,
            0.0004990765747914239
        ],
        [
            0.030161266487897943,
            0.0004594998950487872
        ],
        [
            0.02045572438159725,
            0.0003387318933675276
        ],
        [
            0.015023929542399686,
            3.1422505967326764e-05
        ],
        [
            0.028169700889414017,
            9.002274147695832e-05
        ],
        [
            0.01530523504423756,
            0.0005108815027203839
        ],
        [
            0.03240459031849205,
            0.00041439454659719654
        ],
        [
            0.03125814339722409,
            0.00040497728122224075
        ],
        [
            0.01239056630053759,
            0.0003236370703717517
        ],
        [
            0.01204677656242109,
            0.0004996062166224835
        ],
        [
            0.01243099684533358,
            0.00038625799833325036
        ],
        [
            0.016332181951136386,
            0.0002142963398380493
        ],
        [
            0.347360871431021,
            0.00021706808551513745
        ],
        [
            0.016826260781016962,
            9.75031396581727e-05
        ],
        [
            0.026759241191942274,
            0.00027525486338875194
        ],
        [
            0.01784791672482632,
            0.0002530948632138985
        ],
        [
            0.03563190623787192,
            0.0005007625430224483
        ],
        [
            0.02684776754687337,
            0.0004629988086775061
        ]
    ],
    "r_thresh_deg": 5,
    "t_thresh": 0.035,
    "t_thresh_prec": 0.04
}