{
    "match_ratio": 0.45,
    "recall": 0.45,
    "precision": 1.0,
    "n_avail": 40,
    "n_pred": 32,
    "out_scores": [
        1.0,
        1.0,
        1.0,
        1.0,
        1.0,
        1.0,
        1.0,
        1.0,
        1.0,
        1.0,
        1.0,
        1.0,
        1.0,
        1.0,
        1.0,
        1.0,
        1.0,
        1.0,
        1.0,
        1.0,
        1.0,
        1.0,
        1.0,
        1.0,
        1.0,
        1.0,
        1.0,
        1.0,
        1.0,
        1.0,
        1.0,
        1.0
    ],
    "min_trans_rot_dists": [
        [
            0.016148589756902906,
            1.7645755125861307e-05
        ],
        [
            0.13508401724560912,
            0.9996745201559974
        ],
        [
            0.13355929174487427,
            0.9996875331422582
        ],
        [
            0.1368891772052998,
            0.00016106787276592982
        ],
        [
            0.014578634451949226,
            0.0003469889519452929
        ],
        [
            0.2699635544044284,
            4.834863223524e-05
        ],
        [
            0.014578634451949226,
            0.9996875331422582
        ],
        [
            0.012895565399058088,
            0.00016106787276592982
        ],
        [
            0.026094420498387415,
            0.9999284178520941
        ],
        [
            0.05175391716432841,
            4.834863223524e-05
        ],
        [
            0.021768292644780734,
            5.130414045262377e-05
        ],
        [
            0.042863790898046567,
            1.6127591995207524e-05
        ],
        [
            0.01818664464110676,
            3.560886939468766e-05
        ],
        [
            0.017786196828564003,
            4.834863223524e-05
        ],
        [
            0.02552866873266577,
            5.130414045262377e-05
        ],
        [
            0.01878022889945673,
            3.2052838636942305e-05
        ],
        [
            0.12617584823245945,
            0.9999552485139181
        ],
        [
            0.12617584823245945,
            0.00019117627244824575
        ],
        [
            0.15196009179152403,
            7.267891325390963e-05
        ],
        [
            0.13799690622400582,
            1.6127591995207524e-05
        ],
        [
            0.26629626869377565,
            1.1056737717285436e-05
        ],
        [
            0.26743986148345156,
            0.00014632432877537127
        ],
        [
            0.011038371168373919,
            0.00016421507910013844
        ],
        [
            0.26866374581788743,
            9.714722576725787e-05
        ],
        [
            0.010739704594401515,
            1.1056737717285436e-05
        ],
        [
            0.028782746794192866,
            0.00014632432877537127
        ],
        [
            0.007904910865589511,
            3.31011820253746e-06
        ],
        [
            0.026306373327580953,
            0.00013139202506473602
        ],
        [
            0.023856375442454558,
            0.9999976810779564
        ],
        [
            0.04565706040370996,
            0.00012094505443549508
        ],
        [
            0.025190020545967355,
            0.0001017857122455057
        ],
        [
            0.03848852922503863,
            0.00013313549983984263
        ],
        [
            0.01534157080580551,
            0.0004562057275452336
        ],
        [
            0.025355613085834883,
            0.00027867077177612387
        ],
        [
            0.020712175832328712,
            0.0001017857122455057
        ],
        [
            0.028715255767236634,
            0.00013313549983984263
        ],
        [
            0.13476014664611438,
            0.0004562057275452336
        ],
        [
            0.3042013735559254,
            4.834863223524e-05
        ],
        [
            0.3290246761760132,
            7.267891325390963e-05
        ],
        [
            0.3068753420823255,
            1.6127591995207524e-05
        ]
    ],
    "min_trans_rot_dists_prec": [
        [
            0.029678533880467088,
            0.0001779288049325034
        ],
        [
            0.016303168384525026,
            0.00019117627244824575
        ],
        [
            0.01357318046995118,
            0.00025715730147002347
        ],
        [
            0.014578634451949226,
            0.0003469889519452929
        ],
        [
            0.021083898022280338,
            7.267891325390963e-05
        ],
        [
            0.02552866873266577,
            5.130414045262377e-05
        ],
        [
            0.017397476366657404,
            7.5260512978792e-05
        ],
        [
            0.011975216513002858,
            0.00038453439110985865
        ],
        [
            0.0175123521201076,
            9.989954448497151e-05
        ],
        [
            0.025138658340002316,
            8.755121305259461e-05
        ],
        [
            0.010739704594401515,
            1.1056737717285436e-05
        ],
        [
            0.012895565399058088,
            0.00016106787276592982
        ],
        [
            0.017786196828564003,
            4.834863223524e-05
        ],
        [
            0.01647585811154828,
            4.666628318961141e-05
        ],
        [
            0.02761304307836228,
            9.714722576725787e-05
        ],
        [
            0.02265000276142167,
            0.00012094505443549508
        ],
        [
            0.01534157080580551,
            0.0004562057275452336
        ],
        [
            0.023235953452310033,
            0.0001334122424880846
        ],
        [
            0.01731009113478823,
            1.6127591995207524e-05
        ],
        [
            0.01878022889945673,
            3.2052838636942305e-05
        ],
        [
            0.028782746794192866,
            0.00014632432877537127
        ],
        [
            0.020712175832328712,
            0.0001017857122455057
        ],
        [
            0.026306373327580953,
            0.00013139202506473602
        ],
        [
            0.021942786411421084,
            0.0006113154488263106
        ],
        [
            0.027552021437430685,
            0.0002623204573868332
        ],
        [
            0.014899182969212272,
            3.2853978255698024e-05
        ],
        [
            0.016148589756902906,
            1.7645755125861307e-05
        ],
        [
            0.007904910865589511,
            3.31011820253746e-06
        ],
        [
            0.025355613085834883,
            0.00027867077177612387
        ],
        [
            0.028715255767236634,
            0.00013313549983984263
        ],
        [
            0.01818664464110676,
            3.560886939468766e-05
        ],
        [
            0.011038371168373919,
            0.00016421507910013844
        ]
    ],
    "r_thresh_deg": 5,
    "t_thresh": 0.035,
    "t_thresh_prec": 0.04
}