{
    "match_ratio": 0.2916666666666667,
    "recall": 0.2916666666666667,
    "precision": 1.0,
    "n_avail": 24,
    "n_pred": 32,
    "out_scores": [
        1.0,
        1.0,
        1.0,
        1.0,
        1.0,
        1.0,
        1.0,
        1.0,
        1.0,
        1.0,
        1.0,
        1.0,
        1.0,
        1.0,
        1.0,
        1.0,
        1.0,
        1.0,
        1.0,
        1.0,
        1.0,
        1.0,
        1.0,
        1.0,
        1.0,
        1.0,
        1.0,
        1.0,
        1.0,
        1.0,
        1.0,
        1.0
    ],
    "min_trans_rot_dists": [
        [
            0.30754983426531196,
            5.3058910752246113e-05
        ],
        [
            0.15465233762271322,
            0.9999731191588631
        ],
        [
            0.31377766637324217,
            3.8032124623055275e-05
        ],
        [
            0.3064098273038626,
            5.1192653367393426e-05
        ],
        [
            0.153854703273804,
            5.3058910752246113e-05
        ],
        [
            0.005423128592977249,
            0.9999731191588631
        ],
        [
            0.005423128592977249,
            0.0005778977229913274
        ],
        [
            0.1519341324393642,
            5.1192653367393426e-05
        ],
        [
            0.07818953749466022,
            5.3058910752246113e-05
        ],
        [
            0.07736660902645923,
            0.9999731191588631
        ],
        [
            0.08304507716520107,
            3.8032124623055275e-05
        ],
        [
            0.07471699430983451,
            5.1192653367393426e-05
        ],
        [
            0.022890696233625874,
            5.7189334785601176e-05
        ],
        [
            0.015983404389310302,
            0.00010375929771577752
        ],
        [
            0.016224520255139565,
            1.2355274634723301e-05
        ],
        [
            0.0036986894513305587,
            3.77198242405008e-05
        ],
        [
            0.02191681556268696,
            1.9247310704240128e-05
        ],
        [
            0.06796966085286468,
            2.759289191966996e-05
        ],
        [
            0.06459926408460306,
            1.6093194059374483e-05
        ],
        [
            0.0031375264974541194,
            0.00011207671452351242
        ],
        [
            0.041971163609320745,
            2.373896530738495e-05
        ],
        [
            0.10591150829668958,
            2.759289191966996e-05
        ],
        [
            0.10258030386846625,
            1.6093194059374483e-05
        ],
        [
            0.03562406580360839,
            0.00011207671452351242
        ]
    ],
    "min_trans_rot_dists_prec": [
        [
            0.015600356211688378,
            3.8032124623055275e-05
        ],
        [
            0.01613657640219439,
            2.7630446678972298e-05
        ],
        [
            0.01736717578113876,
            1.9927818357134974e-05
        ],
        [
            0.019291843698095903,
            0.00029033484995533154
        ],
        [
            0.018211119067760358,
            0.00024227206888860486
        ],
        [
            0.0038354737793401075,
            5.1192653367393426e-05
        ],
        [
            0.018403991345513855,
            0.00014447371300663203
        ],
        [
            0.016834702330349487,
            0.0001248856364279849
        ],
        [
            0.020587180809670733,
            1.6093194059374483e-05
        ],
        [
            0.023227021769662334,
            5.39613754421131e-05
        ],
        [
            0.02212172709374358,
            5.3058910752246113e-05
        ],
        [
            0.021220670363890297,
            2.3067824695299777e-05
        ],
        [
            0.005423128592977249,
            0.0005778977229913274
        ],
        [
            0.02231079336467843,
            2.373896530738495e-05
        ],
        [
            0.018081912281166127,
            0.00011723552893960765
        ],
        [
            0.01732803448397057,
            1.8248896368255885e-05
        ],
        [
            0.020281903428958286,
            5.517004054589325e-05
        ],
        [
            0.02215064734316131,
            9.376402316652044e-05
        ],
        [
            0.019370181887834886,
            2.759289191966996e-05
        ],
        [
            0.002790263683699803,
            2.8326159724367805e-05
        ],
        [
            0.025525318975216937,
            0.000299505136713174
        ],
        [
            0.018208557031612182,
            0.0001593373604499293
        ],
        [
            0.023310174011357432,
            2.3482554169507175e-05
        ],
        [
            0.03562406580360839,
            0.00011207671452351242
        ],
        [
            0.01802828320620675,
            8.769738917391301e-06
        ],
        [
            0.022890696233625874,
            5.7189334785601176e-05
        ],
        [
            0.01656239074186053,
            5.061551953788879e-06
        ],
        [
            0.02191681556268696,
            1.9247310704240128e-05
        ],
        [
            0.0036986894513305587,
            3.77198242405008e-05
        ],
        [
            0.015983404389310302,
            0.00010375929771577752
        ],
        [
            0.016107275520662396,
            3.918738337826966e-06
        ],
        [
            0.016224520255139565,
            1.2355274634723301e-05
        ]
    ],
    "r_thresh_deg": 5,
    "t_thresh": 0.035,
    "t_thresh_prec": 0.04
}