{
    "match_ratio": 0.5,
    "recall": 0.5,
    "precision": 0.84375,
    "n_avail": 12,
    "n_pred": 32,
    "out_scores": [
        1.0,
        1.0,
        1.0,
        1.0,
        1.0,
        1.0,
        1.0,
        1.0,
        1.0,
        1.0,
        1.0,
        1.0,
        1.0,
        1.0,
        1.0,
        1.0,
        1.0,
        1.0,
        1.0,
        1.0,
        1.0,
        1.0,
        1.0,
        1.0,
        1.0,
        1.0,
        1.0,
        1.0,
        1.0,
        1.0,
        1.0,
        1.0
    ],
    "min_trans_rot_dists": [
        [
            0.02683787878015756,
            3.2678191199453366e-05
        ],
        [
            0.021049579651819507,
            2.0907103206901922e-05
        ],
        [
            0.01705216743715639,
            3.891675312228671e-05
        ],
        [
            0.0055369689959275025,
            4.641586259046537e-05
        ],
        [
            0.019300196432188874,
            0.9999081688280589
        ],
        [
            0.020278832083855523,
            0.0004922272801564098
        ],
        [
            0.01696767920447776,
            7.13651770858359e-05
        ],
        [
            0.019141058004078667,
            0.9995063853666833
        ],
        [
            0.044474375152367435,
            0.9999081688280589
        ],
        [
            0.044474375152367435,
            0.0004622666212278359
        ],
        [
            0.037025506384623326,
            0.9999871482849005
        ],
        [
            0.037025506384623326,
            0.9995618608119758
        ]
    ],
    "min_trans_rot_dists_prec": [
        [
            0.019300196432188874,
            0.0004622666212278359
        ],
        [
            0.0071749851420239335,
            8.179249049400372e-05
        ],
        [
            0.028127127194811568,
            2.6740535091218653e-05
        ],
        [
            0.037025506384623326,
            0.0005214042505378158
        ],
        [
            0.02109236030654635,
            2.5925334693921442e-05
        ],
        [
            0.02717354138341781,
            2.5515069956072445e-05
        ],
        [
            0.022402999851808995,
            2.2521017372656438e-05
        ],
        [
            0.31547988520160214,
            0.9999702470239157
        ],
        [
            0.017122837431772682,
            7.637630340895374e-05
        ],
        [
            0.025100192588857508,
            2.036953545281328e-05
        ],
        [
            0.3185804745271441,
            0.9999711878354516
        ],
        [
            0.01696767920447776,
            7.13651770858359e-05
        ],
        [
            0.00773103379054646,
            8.663434333955333e-05
        ],
        [
            0.007199177042665903,
            4.6241282167347464e-05
        ],
        [
            0.006146994389754541,
            5.331694847321433e-05
        ],
        [
            0.006636970941651614,
            8.880597525073863e-05
        ],
        [
            0.023686883365873528,
            4.266226178084587e-05
        ],
        [
            0.006624797504969907,
            5.3136546907306403e-05
        ],
        [
            0.022765900581737504,
            5.1786483597493493e-05
        ],
        [
            0.017169689705776526,
            4.24608721729669e-05
        ],
        [
            0.020907647454835098,
            1.6475093235213123e-05
        ],
        [
            0.019141058004078667,
            0.0005797060637756646
        ],
        [
            0.0055369689959275025,
            4.641586259046537e-05
        ],
        [
            0.31347534202013605,
            0.9999659085552153
        ],
        [
            0.02161048657062218,
            3.9797475229863544e-05
        ],
        [
            0.02683787878015756,
            3.2678191199453366e-05
        ],
        [
            0.01705216743715639,
            3.891675312228671e-05
        ],
        [
            0.02288963251524894,
            1.417051241681122e-05
        ],
        [
            0.020278832083855523,
            0.0004922272801564098
        ],
        [
            0.33644034313175775,
            0.00018522596764247723
        ],
        [
            0.3349936781860794,
            0.9999952027398014
        ],
        [
            0.021049579651819507,
            2.0907103206901922e-05
        ]
    ],
    "r_thresh_deg": 5,
    "t_thresh": 0.035,
    "t_thresh_prec": 0.04
}