{
    "match_ratio": 0.45,
    "recall": 0.45,
    "precision": 1.0,
    "n_avail": 40,
    "n_pred": 32,
    "out_scores": [
        1.0,
        1.0,
        1.0,
        1.0,
        1.0,
        1.0,
        1.0,
        1.0,
        1.0,
        1.0,
        1.0,
        1.0,
        1.0,
        1.0,
        1.0,
        1.0,
        1.0,
        1.0,
        1.0,
        1.0,
        1.0,
        1.0,
        1.0,
        1.0,
        1.0,
        1.0,
        1.0,
        1.0,
        1.0,
        1.0,
        1.0,
        1.0
    ],
    "min_trans_rot_dists": [
        [
            0.3767889746026131,
            0.00010489405858549183
        ],
        [
            0.35625947345719805,
            0.0007064522988586841
        ],
        [
            0.35234868737565783,
            6.8158449768152e-05
        ],
        [
            0.13236674092025258,
            5.797779247918022e-06
        ],
        [
            0.017060241542383715,
            0.0001185929595093338
        ],
        [
            0.2415406467255819,
            0.9999189897175184
        ],
        [
            0.010173060723342732,
            0.00020149955283943477
        ],
        [
            0.012310189155286144,
            4.851000246852699e-05
        ],
        [
            0.03347692188000998,
            0.00012078454973896147
        ],
        [
            0.028529616034189603,
            0.0002539777694632317
        ],
        [
            0.033959680139708716,
            0.0001788645464482208
        ],
        [
            0.028529616034189603,
            0.9998360090267424
        ],
        [
            0.03179399327824319,
            0.00012078454973896147
        ],
        [
            0.0240802057329507,
            0.0002539777694632317
        ],
        [
            0.01586502379299223,
            0.0001788645464482208
        ],
        [
            0.014949754475423021,
            0.0006269271542150845
        ],
        [
            0.1399306958829375,
            0.9999374534153556
        ],
        [
            0.13691606348661356,
            0.9991822645389922
        ],
        [
            0.1359040462417669,
            7.087655175597174e-05
        ],
        [
            0.13595089522786352,
            0.000635282846801033
        ],
        [
            0.5465101874120013,
            0.00010489405858549183
        ],
        [
            0.26947797868841916,
            0.0007064522988586841
        ],
        [
            0.27147835340348103,
            6.8158449768152e-05
        ],
        [
            0.3630221643021184,
            5.797779247918022e-06
        ],
        [
            0.023818099982808594,
            0.0006106827638020507
        ],
        [
            0.021049638333463887,
            0.0007064522988586841
        ],
        [
            0.014172075113841973,
            6.8158449768152e-05
        ],
        [
            0.011793857719598408,
            0.0002674403778629708
        ],
        [
            0.03139621224729548,
            0.0004165865653573686
        ],
        [
            0.01699313440022637,
            0.000334953331336596
        ],
        [
            0.17045847393286012,
            6.8158449768152e-05
        ],
        [
            0.029413789003727684,
            0.00042942385132305194
        ],
        [
            0.04618596996412205,
            0.0004165865653573686
        ],
        [
            0.04246376968129737,
            0.00017364163333533078
        ],
        [
            0.2144802518067533,
            6.8158449768152e-05
        ],
        [
            0.04506256792121792,
            0.00027364476489366574
        ],
        [
            0.17009383196679465,
            0.0004165865653573686
        ],
        [
            0.030494931983562037,
            0.00026223712293904633
        ],
        [
            0.3164220184682562,
            7.087655175597174e-05
        ],
        [
            0.17204990400691939,
            0.00027364476489366574
        ]
    ],
    "min_trans_rot_dists_prec": [
        [
            0.01007490135586057,
            0.00015063986331576018
        ],
        [
            0.01534278859563229,
            0.0006526602765982714
        ],
        [
            0.030332763194038416,
            0.00011555229658266608
        ],
        [
            0.025019149061602457,
            0.00027364476489366574
        ],
        [
            0.014782678746846807,
            9.533205842804371e-05
        ],
        [
            0.009848729460371396,
            7.087655175597174e-05
        ],
        [
            0.015851428601489585,
            0.00025484743658543696
        ],
        [
            0.016152093833500244,
            0.000819101478571671
        ],
        [
            0.02445663763620716,
            0.0004993313073307082
        ],
        [
            0.026027095879044913,
            0.00017364163333533078
        ],
        [
            0.032590178925982725,
            0.00010489405858549183
        ],
        [
            0.017060241542383715,
            0.0001185929595093338
        ],
        [
            0.011191216618755275,
            5.797779247918022e-06
        ],
        [
            0.021049638333463887,
            0.0007064522988586841
        ],
        [
            0.03315865035471028,
            0.00014079093379515406
        ],
        [
            0.009987319097853635,
            2.8659962355126467e-05
        ],
        [
            0.016039233710771976,
            0.0006354373749836162
        ],
        [
            0.030494931983562037,
            0.00026223712293904633
        ],
        [
            0.03139621224729548,
            0.0004165865653573686
        ],
        [
            0.010173060723342732,
            0.00020149955283943477
        ],
        [
            0.011793857719598408,
            0.0002674403778629708
        ],
        [
            0.0240802057329507,
            0.0002539777694632317
        ],
        [
            0.014172075113841973,
            6.8158449768152e-05
        ],
        [
            0.012310189155286144,
            4.851000246852699e-05
        ],
        [
            0.029760293300014846,
            0.0001100096750938917
        ],
        [
            0.023818099982808594,
            0.0006106827638020507
        ],
        [
            0.016334281686226634,
            0.000635282846801033
        ],
        [
            0.014949754475423021,
            0.0006269271542150845
        ],
        [
            0.01586502379299223,
            0.0001788645464482208
        ],
        [
            0.029413789003727684,
            0.00042942385132305194
        ],
        [
            0.03740826368162469,
            0.000334953331336596
        ],
        [
            0.03179399327824319,
            0.00012078454973896147
        ]
    ],
    "r_thresh_deg": 5,
    "t_thresh": 0.035,
    "t_thresh_prec": 0.04
}