{
    "match_ratio": 1.0,
    "recall": 1.0,
    "precision": 1.0,
    "n_avail": 8,
    "n_pred": 32,
    "out_scores": [
        1.0,
        1.0,
        1.0,
        1.0,
        1.0,
        1.0,
        1.0,
        1.0,
        1.0,
        1.0,
        1.0,
        1.0,
        1.0,
        1.0,
        1.0,
        1.0,
        1.0,
        1.0,
        1.0,
        1.0,
        1.0,
        1.0,
        1.0,
        1.0,
        1.0,
        1.0,
        1.0,
        1.0,
        1.0,
        1.0,
        1.0,
        1.0
    ],
    "min_trans_rot_dists": [
        [
            0.012078409338780556,
            0.00010146475511862985
        ],
        [
            0.02354183117476671,
            4.27438606342978e-06
        ],
        [
            0.015140107240059793,
            0.00024709124489896706
        ],
        [
            0.025226108211391256,
            3.538279474424311e-05
        ],
        [
            0.008455405941820038,
            1.6994937844350133e-05
        ],
        [
            0.022830545188567666,
            6.581250215476064e-05
        ],
        [
            0.016149724288652557,
            6.293246444311063e-05
        ],
        [
            0.027397874487410788,
            2.173330369059645e-05
        ]
    ],
    "min_trans_rot_dists_prec": [
        [
            0.023021899471646592,
            1.2976966722644256e-05
        ],
        [
            0.023838563808865627,
            6.943767798417433e-06
        ],
        [
            0.014314775713705322,
            0.0001519567678835987
        ],
        [
            0.022044814186116327,
            6.961981377329174e-05
        ],
        [
            0.01464390748626987,
            0.00026918547345999855
        ],
        [
            0.009980655811927164,
            1.560622322660521e-05
        ],
        [
            0.015096243546773027,
            0.0001547497002002407
        ],
        [
            0.02596810148925594,
            8.631513717161088e-05
        ],
        [
            0.023062319168980373,
            2.8375384484746746e-05
        ],
        [
            0.01657586946153423,
            6.064197658595116e-05
        ],
        [
            0.011662679988835075,
            7.607922647079324e-05
        ],
        [
            0.023331671796380793,
            6.384732826869577e-05
        ],
        [
            0.025226108211391256,
            3.538279474424311e-05
        ],
        [
            0.023893837774968164,
            1.4277316470190371e-05
        ],
        [
            0.011341266787223614,
            3.571986969574947e-05
        ],
        [
            0.014859907880212462,
            0.0001604769894649749
        ],
        [
            0.011314965834939242,
            0.00014929525395535048
        ],
        [
            0.025935698358500205,
            4.818465931788474e-05
        ],
        [
            0.026757417080121002,
            2.767538151160487e-05
        ],
        [
            0.008455405941820038,
            1.6994937844350133e-05
        ],
        [
            0.011198540313283403,
            3.6066540340495834e-05
        ],
        [
            0.02716672390152047,
            3.160784301903252e-05
        ],
        [
            0.014712255248211376,
            0.00011789643941562122
        ],
        [
            0.012121570170132757,
            0.00011075305964902693
        ],
        [
            0.015140107240059793,
            0.00024709124489896706
        ],
        [
            0.01108051511441997,
            0.00011316094929680887
        ],
        [
            0.023081902836478183,
            0.0002398156369937121
        ],
        [
            0.027397874487410788,
            2.173330369059645e-05
        ],
        [
            0.02354183117476671,
            4.27438606342978e-06
        ],
        [
            0.016149724288652557,
            6.293246444311063e-05
        ],
        [
            0.012078409338780556,
            0.00010146475511862985
        ],
        [
            0.022830545188567666,
            6.581250215476064e-05
        ]
    ],
    "r_thresh_deg": 5,
    "t_thresh": 0.035,
    "t_thresh_prec": 0.04
}