{
    "match_ratio": 0.6875,
    "recall": 0.6875,
    "precision": 1.0,
    "n_avail": 16,
    "n_pred": 32,
    "out_scores": [
        1.0,
        1.0,
        1.0,
        1.0,
        1.0,
        1.0,
        1.0,
        1.0,
        1.0,
        1.0,
        1.0,
        1.0,
        1.0,
        1.0,
        1.0,
        1.0,
        1.0,
        1.0,
        1.0,
        1.0,
        1.0,
        1.0,
        1.0,
        1.0,
        1.0,
        1.0,
        1.0,
        1.0,
        1.0,
        1.0,
        1.0,
        1.0
    ],
    "min_trans_rot_dists": [
        [
            0.14490102621472067,
            0.9999532698784782
        ],
        [
            0.1449430568955037,
            5.99535871202983e-05
        ],
        [
            0.1497669407474384,
            2.1265919337598582e-05
        ],
        [
            0.024424517158642266,
            0.0002545848573164422
        ],
        [
            0.0335082557242846,
            3.154182396902794e-05
        ],
        [
            0.030811450881962188,
            3.97778180668551e-05
        ],
        [
            0.03668773032334392,
            2.9671637669537176e-05
        ],
        [
            0.034528071780475296,
            8.334112285290907e-05
        ],
        [
            0.01525484449977207,
            3.154182396902794e-05
        ],
        [
            0.01166226693781259,
            3.97778180668551e-05
        ],
        [
            0.02524707905888626,
            2.9671637669537176e-05
        ],
        [
            0.02565449709702971,
            8.334112285290907e-05
        ],
        [
            0.012344423850550474,
            8.247516834603008e-05
        ],
        [
            0.007717201437351258,
            0.00011943951616411042
        ],
        [
            0.024180680741538774,
            0.00015149837112859998
        ],
        [
            0.23951093054016712,
            0.00013650121651209712
        ]
    ],
    "min_trans_rot_dists_prec": [
        [
            0.023903981732058058,
            3.4084119615140906e-05
        ],
        [
            0.02250305153953379,
            0.00013650121651209712
        ],
        [
            0.013172916650320117,
            0.00019229793135089324
        ],
        [
            0.012723991527266413,
            0.00020339234537036788
        ],
        [
            0.02294444643541169,
            0.00014791502644606602
        ],
        [
            0.02565449709702971,
            8.334112285290907e-05
        ],
        [
            0.024917941674217823,
            0.00013413768094316936
        ],
        [
            0.02375532902531627,
            2.0297739418251304e-05
        ],
        [
            0.01564207589813346,
            2.6449630904812338e-05
        ],
        [
            0.024039222780620702,
            6.626824577016244e-05
        ],
        [
            0.012344423850550474,
            8.247516834603008e-05
        ],
        [
            0.02579634550174392,
            4.432439045887193e-05
        ],
        [
            0.02509704150308129,
            3.79331240016878e-05
        ],
        [
            0.012254075746104456,
            6.16989847829208e-05
        ],
        [
            0.007400750628761767,
            0.00013461900769751178
        ],
        [
            0.025374696294607344,
            5.168598994231832e-05
        ],
        [
            0.016297155076181628,
            3.4732829052641634e-05
        ],
        [
            0.02642671866889768,
            8.447928138044514e-05
        ],
        [
            0.02440084288259614,
            0.0001770369750595524
        ],
        [
            0.025266517134839916,
            2.1265919337598582e-05
        ],
        [
            0.00806013231292413,
            0.00018487901204533586
        ],
        [
            0.0072141571234608385,
            0.0002145409038423196
        ],
        [
            0.016296655173117007,
            2.9661198792552135e-05
        ],
        [
            0.02439860923881475,
            2.9598558261012542e-05
        ],
        [
            0.02524707905888626,
            2.9671637669537176e-05
        ],
        [
            0.009879014352421138,
            0.00011611761019980626
        ],
        [
            0.013038742278868538,
            5.99535871202983e-05
        ],
        [
            0.024180680741538774,
            0.00015149837112859998
        ],
        [
            0.01525484449977207,
            3.154182396902794e-05
        ],
        [
            0.024424517158642266,
            0.0002545848573164422
        ],
        [
            0.007717201437351258,
            0.00011943951616411042
        ],
        [
            0.01166226693781259,
            3.97778180668551e-05
        ]
    ],
    "r_thresh_deg": 5,
    "t_thresh": 0.035,
    "t_thresh_prec": 0.04
}