{
    "match_ratio": 0.5,
    "recall": 0.5,
    "precision": 1.0,
    "n_avail": 8,
    "n_pred": 32,
    "out_scores": [
        1.0,
        1.0,
        1.0,
        1.0,
        1.0,
        1.0,
        1.0,
        1.0,
        1.0,
        1.0,
        1.0,
        1.0,
        1.0,
        1.0,
        1.0,
        1.0,
        1.0,
        1.0,
        1.0,
        1.0,
        1.0,
        1.0,
        1.0,
        1.0,
        1.0,
        1.0,
        1.0,
        1.0,
        1.0,
        1.0,
        1.0,
        1.0
    ],
    "min_trans_rot_dists": [
        [
            0.11230003861898151,
            5.9045228094301017e-05
        ],
        [
            0.10945166136171151,
            8.948175304390737e-05
        ],
        [
            0.10977928303979821,
            0.00013962187205684984
        ],
        [
            0.11080820964585254,
            0.9999063220926276
        ],
        [
            0.010563499768106485,
            1.838615290450374e-05
        ],
        [
            0.01906686159619056,
            6.347837673958967e-05
        ],
        [
            0.019531466792554072,
            0.00015002423102528084
        ],
        [
            0.02286398107678865,
            3.219404220655697e-05
        ]
    ],
    "min_trans_rot_dists_prec": [
        [
            0.010763818147823769,
            5.9045228094301017e-05
        ],
        [
            0.021682977809962437,
            2.498929675853745e-05
        ],
        [
            0.02174904436569065,
            1.8053857602673418e-05
        ],
        [
            0.009860896523541262,
            1.0442795274068217e-05
        ],
        [
            0.010055909426666398,
            3.367021028921613e-05
        ],
        [
            0.011521462385485301,
            3.634191917967211e-05
        ],
        [
            0.019474428171268352,
            0.00014145583463864853
        ],
        [
            0.021400308116459113,
            2.718893521047594e-05
        ],
        [
            0.01915530018688478,
            0.00014814416925434948
        ],
        [
            0.019124223883366216,
            0.0001719962260922081
        ],
        [
            0.019614438752876485,
            0.00013962187205684984
        ],
        [
            0.019638049298540204,
            8.948175304390737e-05
        ],
        [
            0.01888106136982454,
            0.00023924655385132443
        ],
        [
            0.010275009240271107,
            1.8081841301476054e-05
        ],
        [
            0.010812804774821525,
            3.685510159867622e-05
        ],
        [
            0.010717590940274684,
            8.611600547692166e-05
        ],
        [
            0.010587085195812548,
            5.931897576794132e-05
        ],
        [
            0.01100875026852305,
            2.424697161251821e-05
        ],
        [
            0.018858515852489075,
            0.00011587944620483626
        ],
        [
            0.02273548514870878,
            3.0182007443535497e-05
        ],
        [
            0.010467072820872985,
            2.871981195562423e-05
        ],
        [
            0.023373473847551826,
            1.827631359085924e-05
        ],
        [
            0.010563499768106485,
            1.838615290450374e-05
        ],
        [
            0.018886904492167116,
            0.00013501802286952636
        ],
        [
            0.022181584903395835,
            1.885425607661695e-05
        ],
        [
            0.022870780384886893,
            1.8790396082768446e-05
        ],
        [
            0.018365855951545405,
            4.212145144444346e-05
        ],
        [
            0.018785248309704967,
            0.00010589812994532544
        ],
        [
            0.02171587440188457,
            1.9601562598170474e-05
        ],
        [
            0.019531466792554072,
            0.00015002423102528084
        ],
        [
            0.01906686159619056,
            6.347837673958967e-05
        ],
        [
            0.02286398107678865,
            3.219404220655697e-05
        ]
    ],
    "r_thresh_deg": 5,
    "t_thresh": 0.035,
    "t_thresh_prec": 0.04
}