{
    "match_ratio": 1.0,
    "recall": 1.0,
    "precision": 1.0,
    "n_avail": 8,
    "n_pred": 32,
    "out_scores": [
        1.0,
        1.0,
        1.0,
        1.0,
        1.0,
        1.0,
        1.0,
        1.0,
        1.0,
        1.0,
        1.0,
        1.0,
        1.0,
        1.0,
        1.0,
        1.0,
        1.0,
        1.0,
        1.0,
        1.0,
        1.0,
        1.0,
        1.0,
        1.0,
        1.0,
        1.0,
        1.0,
        1.0,
        1.0,
        1.0,
        1.0,
        1.0
    ],
    "min_trans_rot_dists": [
        [
            0.022337813404358486,
            8.582887214880763e-05
        ],
        [
            0.030792134169238723,
            4.997762895353475e-05
        ],
        [
            0.014884433993028377,
            0.00010464690155997936
        ],
        [
            0.024509522548982362,
            8.114886761911855e-05
        ],
        [
            0.02132515088071632,
            3.3318006730787e-05
        ],
        [
            0.03277205451187624,
            6.749362682323401e-05
        ],
        [
            0.014494423639749112,
            5.9265747453074447e-05
        ],
        [
            0.02489270364546015,
            9.942018192188318e-05
        ]
    ],
    "min_trans_rot_dists_prec": [
        [
            0.023095783576848307,
            7.245192495564101e-05
        ],
        [
            0.021528078840062123,
            0.00010188302038738328
        ],
        [
            0.015199605311138446,
            7.064016224977987e-05
        ],
        [
            0.015556478224590161,
            3.704110288316187e-05
        ],
        [
            0.030072152512739675,
            6.024324441755713e-05
        ],
        [
            0.031238701058790997,
            0.00014907778567685437
        ],
        [
            0.02495170178825715,
            7.79812582728523e-05
        ],
        [
            0.02294338071669848,
            5.94018635283744e-05
        ],
        [
            0.0242620464487288,
            8.375948087535612e-05
        ],
        [
            0.030671119983234293,
            4.545575732206597e-05
        ],
        [
            0.02489270364546015,
            9.942018192188318e-05
        ],
        [
            0.015270380283247217,
            9.63261130881854e-05
        ],
        [
            0.03341405124924768,
            6.19870032039227e-05
        ],
        [
            0.024086515010982967,
            5.826112305462594e-05
        ],
        [
            0.033042124938025864,
            3.945340930211483e-05
        ],
        [
            0.022337813404358486,
            8.582887214880763e-05
        ],
        [
            0.02426498396449203,
            9.991095957395668e-05
        ],
        [
            0.015734893969108887,
            0.0001253989425246127
        ],
        [
            0.015478392496873147,
            5.548816225386943e-05
        ],
        [
            0.014077499319847978,
            0.00012394391522396742
        ],
        [
            0.030448920696900066,
            3.855576522815429e-05
        ],
        [
            0.02205379462776165,
            3.4496863731359184e-05
        ],
        [
            0.030792134169238723,
            4.997762895353475e-05
        ],
        [
            0.014884433993028377,
            0.00010464690155997936
        ],
        [
            0.021286240720778695,
            3.7188039282542995e-05
        ],
        [
            0.020220987675468444,
            3.292889021688783e-05
        ],
        [
            0.014494423639749112,
            5.9265747453074447e-05
        ],
        [
            0.024393002070091062,
            8.796171944558395e-05
        ],
        [
            0.021327189849897083,
            4.506914418456187e-05
        ],
        [
            0.03277205451187624,
            6.749362682323401e-05
        ],
        [
            0.024509522548982362,
            8.114886761911855e-05
        ],
        [
            0.02132515088071632,
            3.3318006730787e-05
        ]
    ],
    "r_thresh_deg": 5,
    "t_thresh": 0.035,
    "t_thresh_prec": 0.04
}