{
    "match_ratio": 0.625,
    "recall": 0.625,
    "precision": 1.0,
    "n_avail": 16,
    "n_pred": 32,
    "out_scores": [
        1.0,
        1.0,
        1.0,
        1.0,
        1.0,
        1.0,
        1.0,
        1.0,
        1.0,
        1.0,
        1.0,
        1.0,
        1.0,
        1.0,
        1.0,
        1.0,
        1.0,
        1.0,
        1.0,
        1.0,
        1.0,
        1.0,
        1.0,
        1.0,
        1.0,
        1.0,
        1.0,
        1.0,
        1.0,
        1.0,
        1.0,
        1.0
    ],
    "min_trans_rot_dists": [
        [
            0.1331716569742816,
            4.1252814525716275e-05
        ],
        [
            0.1423885043205206,
            0.0001737760670806887
        ],
        [
            0.14177642092451523,
            0.9999458558350471
        ],
        [
            0.14702886705832982,
            4.589888086892202e-05
        ],
        [
            0.02657753366177286,
            5.4100703792858695e-05
        ],
        [
            0.02893011256223119,
            0.0001737760670806887
        ],
        [
            0.02893011256223119,
            0.9999668980895465
        ],
        [
            0.024059551368190178,
            7.039857577362252e-05
        ],
        [
            0.029758275545412573,
            5.4100703792858695e-05
        ],
        [
            0.02061824101203924,
            0.0001737760670806887
        ],
        [
            0.02061824101203924,
            0.9999668980895465
        ],
        [
            0.01617758009030243,
            7.039857577362252e-05
        ],
        [
            0.017558623304882053,
            6.362904082801712e-05
        ],
        [
            0.01551656406854399,
            6.233185152115794e-05
        ],
        [
            0.012317358744948109,
            6.36102973414765e-05
        ],
        [
            0.0058924596671098145,
            0.00027238634691695296
        ]
    ],
    "min_trans_rot_dists_prec": [
        [
            0.015503063693697887,
            0.00019540940880913293
        ],
        [
            0.00538721647173582,
            0.0003093012484270963
        ],
        [
            0.02061824101203924,
            0.0001737760670806887
        ],
        [
            0.024595843345579717,
            4.966423180319257e-05
        ],
        [
            0.013449776170207713,
            5.328272845550597e-05
        ],
        [
            0.015457326448727212,
            0.00011022622913015034
        ],
        [
            0.015321511557394479,
            0.00019441471065717586
        ],
        [
            0.015946147646869312,
            0.00011658965730509951
        ],
        [
            0.018996947548324997,
            0.00017291759874715762
        ],
        [
            0.024496857431578926,
            9.799261863030484e-05
        ],
        [
            0.004828559556012764,
            0.00025714735743420647
        ],
        [
            0.004685757057959726,
            0.00022583984333768292
        ],
        [
            0.018614867733481207,
            9.739424730315083e-05
        ],
        [
            0.01971299313289759,
            9.929738193836801e-05
        ],
        [
            0.013638258294063755,
            3.9499070330184516e-05
        ],
        [
            0.018925680537348454,
            0.00013922309055947046
        ],
        [
            0.009915660764329854,
            4.589888086892202e-05
        ],
        [
            0.006665328179429688,
            0.0005244055810965653
        ],
        [
            0.03126027505011941,
            4.1252814525716275e-05
        ],
        [
            0.013130446987433588,
            7.455416789003966e-05
        ],
        [
            0.016685756926889655,
            0.00014629376620478585
        ],
        [
            0.01617758009030243,
            7.039857577362252e-05
        ],
        [
            0.029117284795641542,
            6.012288832057955e-05
        ],
        [
            0.005115050089679408,
            0.00020115185579816508
        ],
        [
            0.01823396042254089,
            9.735526332099731e-05
        ],
        [
            0.019275811179431678,
            0.00014412401607966085
        ],
        [
            0.01564274486797538,
            0.00014101725214565874
        ],
        [
            0.017558623304882053,
            6.362904082801712e-05
        ],
        [
            0.01551656406854399,
            6.233185152115794e-05
        ],
        [
            0.0058924596671098145,
            0.00027238634691695296
        ],
        [
            0.012317358744948109,
            6.36102973414765e-05
        ],
        [
            0.029758275545412573,
            5.4100703792858695e-05
        ]
    ],
    "r_thresh_deg": 5,
    "t_thresh": 0.035,
    "t_thresh_prec": 0.04
}