{
    "match_ratio": 0.7,
    "recall": 0.7,
    "precision": 1.0,
    "n_avail": 20,
    "n_pred": 32,
    "out_scores": [
        1.0,
        1.0,
        1.0,
        1.0,
        1.0,
        1.0,
        1.0,
        1.0,
        1.0,
        1.0,
        1.0,
        1.0,
        1.0,
        1.0,
        1.0,
        1.0,
        1.0,
        1.0,
        1.0,
        1.0,
        1.0,
        1.0,
        1.0,
        1.0,
        1.0,
        1.0,
        1.0,
        1.0,
        1.0,
        1.0,
        1.0,
        1.0
    ],
    "min_trans_rot_dists": [
        [
            0.01639334536462042,
            8.009629780281191e-05
        ],
        [
            0.02815792152259384,
            3.456083071562421e-05
        ],
        [
            0.01601132784324552,
            0.0001266033664460986
        ],
        [
            0.026963779172981928,
            8.683487334526507e-05
        ],
        [
            0.013113471246052999,
            4.239930893745747e-05
        ],
        [
            0.034841087544473126,
            4.723533171691052e-05
        ],
        [
            0.014617175808664144,
            4.84272262641916e-05
        ],
        [
            0.015723549094971152,
            0.9999994944729655
        ],
        [
            0.013327254110251045,
            6.38862057011913e-06
        ],
        [
            0.03281777435950185,
            9.010643711160338e-05
        ],
        [
            0.014502611928359822,
            0.9999385624244911
        ],
        [
            0.0326720603523036,
            9.088256712197484e-06
        ],
        [
            0.11645241705788774,
            6.38862057011913e-06
        ],
        [
            0.03250244014084429,
            5.621687196422087e-05
        ],
        [
            0.11924235314899054,
            7.458398234017061e-06
        ],
        [
            0.11169078779528863,
            0.9999425480469865
        ],
        [
            0.011072462729263741,
            3.114283739724666e-05
        ],
        [
            0.033303672222274906,
            4.798388899440731e-06
        ],
        [
            0.01601871146018305,
            7.458398234017061e-06
        ],
        [
            0.22069241694949485,
            0.9999425480469865
        ]
    ],
    "min_trans_rot_dists_prec": [
        [
            0.015723549094971152,
            3.391006388808737e-05
        ],
        [
            0.03281777435950185,
            9.010643711160338e-05
        ],
        [
            0.028295930790366394,
            4.1463877006542305e-05
        ],
        [
            0.038678342766116015,
            5.083554263762835e-06
        ],
        [
            0.027018632038338927,
            2.8088813906257393e-05
        ],
        [
            0.01565289461023794,
            2.878938284001098e-05
        ],
        [
            0.013775691236150788,
            3.915440098278822e-05
        ],
        [
            0.033303672222274906,
            4.798388899440731e-06
        ],
        [
            0.014502611928359822,
            7.066613750283945e-05
        ],
        [
            0.03250244014084429,
            5.621687196422087e-05
        ],
        [
            0.013327254110251045,
            6.38862057011913e-06
        ],
        [
            0.02711538669303907,
            1.413940587646767e-05
        ],
        [
            0.0326720603523036,
            9.088256712197484e-06
        ],
        [
            0.016218600861534548,
            7.620193586466151e-06
        ],
        [
            0.016447444724154176,
            4.241691474504705e-05
        ],
        [
            0.028472321761939152,
            0.00010813838266754416
        ],
        [
            0.014692419888451356,
            7.355833624356212e-05
        ],
        [
            0.029354748885528848,
            5.814778145263322e-05
        ],
        [
            0.01275505034915169,
            6.153788458362897e-05
        ],
        [
            0.03568854975056289,
            2.2965386032747226e-05
        ],
        [
            0.014617175808664144,
            4.84272262641916e-05
        ],
        [
            0.017474692565235955,
            8.114235318801288e-05
        ],
        [
            0.03624254773911585,
            1.0483168045305469e-05
        ],
        [
            0.011072462729263741,
            3.114283739724666e-05
        ],
        [
            0.02815792152259384,
            3.456083071562421e-05
        ],
        [
            0.017142173765636037,
            0.00015366488280521562
        ],
        [
            0.01601132784324552,
            0.0001266033664460986
        ],
        [
            0.013113471246052999,
            4.239930893745747e-05
        ],
        [
            0.026963779172981928,
            8.683487334526507e-05
        ],
        [
            0.034841087544473126,
            4.723533171691052e-05
        ],
        [
            0.01601871146018305,
            7.458398234017061e-06
        ],
        [
            0.01639334536462042,
            8.009629780281191e-05
        ]
    ],
    "r_thresh_deg": 5,
    "t_thresh": 0.035,
    "t_thresh_prec": 0.04
}