{
    "match_ratio": 0.5,
    "recall": 0.5,
    "precision": 1.0,
    "n_avail": 12,
    "n_pred": 32,
    "out_scores": [
        1.0,
        1.0,
        1.0,
        1.0,
        1.0,
        1.0,
        1.0,
        1.0,
        1.0,
        1.0,
        1.0,
        1.0,
        1.0,
        1.0,
        1.0,
        1.0,
        1.0,
        1.0,
        1.0,
        1.0,
        1.0,
        1.0,
        1.0,
        1.0,
        1.0,
        1.0,
        1.0,
        1.0,
        1.0,
        1.0,
        1.0,
        1.0
    ],
    "min_trans_rot_dists": [
        [
            0.007794577961465084,
            0.0004056169360600048
        ],
        [
            0.017880350671313765,
            0.00010987608096735269
        ],
        [
            0.011894381968917286,
            5.080112096977896e-05
        ],
        [
            0.020266023505354627,
            0.00023266677059663454
        ],
        [
            0.02107490353059384,
            0.0001512012920246164
        ],
        [
            0.20131932032538108,
            0.9998252344537507
        ],
        [
            0.20191252656178899,
            3.8223257563752e-05
        ],
        [
            0.20222533956279337,
            9.961207129127736e-05
        ],
        [
            0.03592082925674783,
            0.0001512012920246164
        ],
        [
            0.25194255083325057,
            0.9998252344537507
        ],
        [
            0.015106105853824367,
            8.962350948005238e-05
        ],
        [
            0.2528527215964308,
            9.961207129127736e-05
        ]
    ],
    "min_trans_rot_dists_prec": [
        [
            0.011409005693590355,
            4.2392644703626026e-05
        ],
        [
            0.008302183648676333,
            0.00025070806513027843
        ],
        [
            0.020265607447937106,
            0.00014255181966360553
        ],
        [
            0.011466721224821135,
            1.761787119403113e-05
        ],
        [
            0.02002519014540532,
            9.961207129127736e-05
        ],
        [
            0.017830368857975953,
            0.00011126891172308362
        ],
        [
            0.02003541060692419,
            0.00013810742715036906
        ],
        [
            0.019699322940137366,
            0.0001248815252751223
        ],
        [
            0.01605035448183605,
            0.00017163211326753913
        ],
        [
            0.010357132507837062,
            5.4297131804048604e-05
        ],
        [
            0.019652100745859588,
            0.00010266526522462183
        ],
        [
            0.01119921472924231,
            4.332630027381601e-05
        ],
        [
            0.017766417187726084,
            0.00014279537260586395
        ],
        [
            0.007417973425672055,
            0.00021905573069103124
        ],
        [
            0.00887686477272807,
            0.0003124769194561283
        ],
        [
            0.02025487414111774,
            0.00010545250586813104
        ],
        [
            0.011439868312499817,
            3.8223257563752e-05
        ],
        [
            0.02055644098304253,
            0.00013666609447560152
        ],
        [
            0.011319237452725586,
            3.347130909392426e-05
        ],
        [
            0.010918763157041444,
            3.631982898510966e-05
        ],
        [
            0.015106105853824367,
            8.962350948005238e-05
        ],
        [
            0.02126947021382339,
            0.00017768046933330783
        ],
        [
            0.017672345867857157,
            5.9010289486738365e-05
        ],
        [
            0.008705996339805603,
            0.00014904175232788308
        ],
        [
            0.016997819886277486,
            3.8822680897165895e-05
        ],
        [
            0.011894381968917286,
            5.080112096977896e-05
        ],
        [
            0.02029619916405342,
            0.00014931086008962424
        ],
        [
            0.017253755462660305,
            6.456020167122656e-05
        ],
        [
            0.020266023505354627,
            0.00023266677059663454
        ],
        [
            0.007794577961465084,
            0.0004056169360600048
        ],
        [
            0.03592082925674783,
            0.0001512012920246164
        ],
        [
            0.017880350671313765,
            0.00010987608096735269
        ]
    ],
    "r_thresh_deg": 5,
    "t_thresh": 0.035,
    "t_thresh_prec": 0.04
}