{
    "match_ratio": 0.20833333333333334,
    "recall": 0.20833333333333334,
    "precision": 0.78125,
    "n_avail": 24,
    "n_pred": 32,
    "out_scores": [
        1.0,
        1.0,
        1.0,
        1.0,
        1.0,
        1.0,
        1.0,
        1.0,
        1.0,
        1.0,
        1.0,
        1.0,
        1.0,
        1.0,
        1.0,
        1.0,
        1.0,
        1.0,
        1.0,
        1.0,
        1.0,
        1.0,
        1.0,
        1.0,
        1.0,
        1.0,
        1.0,
        1.0,
        1.0,
        1.0,
        1.0,
        1.0
    ],
    "min_trans_rot_dists": [
        [
            0.4066745977372498,
            0.00019488159874170297
        ],
        [
            0.422314601083841,
            5.313575264731529e-05
        ],
        [
            0.4127316008307023,
            1.8869879228167186e-05
        ],
        [
            0.4067188906918758,
            0.00015928800345754723
        ],
        [
            0.2533072498369459,
            0.00019488159874170297
        ],
        [
            0.26829133899566054,
            5.313575264731529e-05
        ],
        [
            0.2589188721748949,
            1.8869879228167186e-05
        ],
        [
            0.2523986368281545,
            0.00015928800345754723
        ],
        [
            0.17687031030456796,
            0.999989193476293
        ],
        [
            0.19156122310780607,
            5.313575264731529e-05
        ],
        [
            0.1824415957589609,
            1.8869879228167186e-05
        ],
        [
            0.17535001927283841,
            0.00015928800345754723
        ],
        [
            0.10096166224620502,
            0.999989193476293
        ],
        [
            0.11551880712185122,
            5.313575264731529e-05
        ],
        [
            0.10707157577833279,
            1.8869879228167186e-05
        ],
        [
            0.09860841559969201,
            0.00015928800345754723
        ],
        [
            0.03220001244754389,
            0.999989193476293
        ],
        [
            0.02937426488905676,
            0.000104366470419337
        ],
        [
            0.03971324461759581,
            1.8869879228167186e-05
        ],
        [
            0.0320073334940592,
            0.00019771591538797484
        ],
        [
            0.018405812497547355,
            0.9999920250413195
        ],
        [
            0.027514142829009224,
            5.5844895985646126e-05
        ],
        [
            0.03329547860357836,
            1.8869879228167186e-05
        ],
        [
            0.018835795866552433,
            0.00019771591538797484
        ]
    ],
    "min_trans_rot_dists_prec": [
        [
            0.02632718253474981,
            5.313575264731529e-05
        ],
        [
            0.030556013301117232,
            0.0001262572962216213
        ],
        [
            0.03143779746136027,
            2.8347555918406542e-05
        ],
        [
            0.019041527707525506,
            0.00015924143543322167
        ],
        [
            0.03514735838067597,
            4.250484259238352e-05
        ],
        [
            0.4147987341112886,
            0.0001719005227517334
        ],
        [
            0.0322591525387065,
            4.6854249538763604e-05
        ],
        [
            0.030433730545673023,
            5.9120498675402366e-05
        ],
        [
            0.4174114896225942,
            0.00016743566318899727
        ],
        [
            0.018405812497547355,
            0.00027842867621541423
        ],
        [
            0.03345499288022507,
            0.000104366470419337
        ],
        [
            0.0398015164734635,
            0.00024825839339936984
        ],
        [
            0.03097767644100848,
            2.1090567854598063e-05
        ],
        [
            0.01794898860352976,
            0.00018772961910462627
        ],
        [
            0.0319382027929045,
            3.135211314064801e-05
        ],
        [
            0.029770749623026546,
            2.1156193864224626e-05
        ],
        [
            0.01952218339648093,
            0.00016215637333893973
        ],
        [
            0.029341272114341593,
            8.42658389721418e-06
        ],
        [
            0.03221033101774896,
            8.894617070420718e-05
        ],
        [
            0.027514142829009224,
            5.5844895985646126e-05
        ],
        [
            0.4094570940115927,
            0.0001839978548793253
        ],
        [
            0.4149340938805874,
            0.0002072826137833328
        ],
        [
            0.01962068229319337,
            0.00014683765418366246
        ],
        [
            0.41691552391145514,
            0.0002044623382856381
        ],
        [
            0.023723237977647554,
            0.00015928800345754723
        ],
        [
            0.41709024542624445,
            0.00015350668705149673
        ],
        [
            0.032430840164890846,
            3.4681005199321824e-05
        ],
        [
            0.03329547860357836,
            1.8869879228167186e-05
        ],
        [
            0.026905259224947718,
            0.0002582690963035539
        ],
        [
            0.4066745977372498,
            0.00019488159874170297
        ],
        [
            0.021597705750997186,
            0.00014731175415250153
        ],
        [
            0.018835795866552433,
            0.00019771591538797484
        ]
    ],
    "r_thresh_deg": 5,
    "t_thresh": 0.035,
    "t_thresh_prec": 0.04
}