{
    "match_ratio": 0.75,
    "recall": 0.75,
    "precision": 1.0,
    "n_avail": 16,
    "n_pred": 32,
    "out_scores": [
        1.0,
        1.0,
        1.0,
        1.0,
        1.0,
        1.0,
        1.0,
        1.0,
        1.0,
        1.0,
        1.0,
        1.0,
        1.0,
        1.0,
        1.0,
        1.0,
        1.0,
        1.0,
        1.0,
        1.0,
        1.0,
        1.0,
        1.0,
        1.0,
        1.0,
        1.0,
        1.0,
        1.0,
        1.0,
        1.0,
        1.0,
        1.0
    ],
    "min_trans_rot_dists": [
        [
            0.12068150663850392,
            1.219194466528517e-05
        ],
        [
            0.12068150663850392,
            0.9999958711979929
        ],
        [
            0.12068150663850392,
            0.9999985669118913
        ],
        [
            0.12068150663850392,
            0.9999933699454506
        ],
        [
            0.016792173142214102,
            2.033660854960928e-05
        ],
        [
            0.024485906607024686,
            0.0001205594056712389
        ],
        [
            0.014758591997730091,
            0.00014654720999318638
        ],
        [
            0.01614752688538215,
            6.825367040197428e-05
        ],
        [
            0.03467404471097676,
            1.0055168598088748e-05
        ],
        [
            0.03409982184588518,
            7.056318961495833e-05
        ],
        [
            0.03008121253460413,
            0.00014654720999318638
        ],
        [
            0.02310508030184774,
            4.4787155204284446e-05
        ],
        [
            0.01914464337932084,
            3.6556561463285675e-05
        ],
        [
            0.021984449108317684,
            3.600179478269183e-05
        ],
        [
            0.013236039730625152,
            6.705016305497136e-05
        ],
        [
            0.017458344608593728,
            4.0738890653369e-05
        ]
    ],
    "min_trans_rot_dists_prec": [
        [
            0.039224593016075796,
            1.219194466528517e-05
        ],
        [
            0.016264950398550755,
            6.235027373868718e-05
        ],
        [
            0.023169248709184784,
            6.469470918624154e-05
        ],
        [
            0.026580959157444604,
            1.5476209455744794e-05
        ],
        [
            0.03060691112005942,
            6.475448970522102e-05
        ],
        [
            0.014530090807467573,
            9.36701377134419e-05
        ],
        [
            0.02310508030184774,
            4.4787155204284446e-05
        ],
        [
            0.030199555096885634,
            8.970782785266973e-05
        ],
        [
            0.01840752849010406,
            4.610768839596879e-05
        ],
        [
            0.03467404471097676,
            1.0055168598088748e-05
        ],
        [
            0.01772081288958654,
            0.00013207913979684793
        ],
        [
            0.016743366604103613,
            5.523566380361e-05
        ],
        [
            0.01811357057298015,
            6.888217437084343e-05
        ],
        [
            0.017458344608593728,
            4.0738890653369e-05
        ],
        [
            0.029254792130096324,
            8.434939219248427e-05
        ],
        [
            0.038200428681114736,
            3.340216583391786e-05
        ],
        [
            0.022602065158340165,
            0.00012795293719070067
        ],
        [
            0.036903571898552916,
            2.033660854960928e-05
        ],
        [
            0.03081028007877657,
            8.670001173372022e-05
        ],
        [
            0.01914464337932084,
            3.6556561463285675e-05
        ],
        [
            0.03409982184588518,
            7.056318961495833e-05
        ],
        [
            0.03567688464579153,
            9.478298829057596e-05
        ],
        [
            0.010617830912437022,
            0.0001349508370722674
        ],
        [
            0.013236039730625152,
            6.705016305497136e-05
        ],
        [
            0.031150047490907242,
            0.00012098066235055605
        ],
        [
            0.03242110606431827,
            5.124503990594498e-05
        ],
        [
            0.03136932681261934,
            6.244155507717508e-05
        ],
        [
            0.03235991814039403,
            0.00011877429173046128
        ],
        [
            0.03722683590042597,
            6.825367040197428e-05
        ],
        [
            0.03008121253460413,
            0.00014654720999318638
        ],
        [
            0.021984449108317684,
            3.600179478269183e-05
        ],
        [
            0.03566268523807463,
            0.0001205594056712389
        ]
    ],
    "r_thresh_deg": 5,
    "t_thresh": 0.035,
    "t_thresh_prec": 0.04
}