{
    "match_ratio": 0.5,
    "recall": 0.5,
    "precision": 0.9375,
    "n_avail": 16,
    "n_pred": 32,
    "out_scores": [
        1.0,
        1.0,
        1.0,
        1.0,
        1.0,
        1.0,
        1.0,
        1.0,
        1.0,
        1.0,
        1.0,
        1.0,
        1.0,
        1.0,
        1.0,
        1.0,
        1.0,
        1.0,
        1.0,
        1.0,
        1.0,
        1.0,
        1.0,
        1.0,
        1.0,
        1.0,
        1.0,
        1.0,
        1.0,
        1.0,
        1.0,
        1.0
    ],
    "min_trans_rot_dists": [
        [
            0.029198728374762183,
            0.0023167372361534433
        ],
        [
            0.008355126193285552,
            0.0003720514868289504
        ],
        [
            0.02856177247760013,
            0.0012866788671835883
        ],
        [
            0.008355126193285552,
            0.9996634663315068
        ],
        [
            0.07282208844350156,
            0.0023167372361534433
        ],
        [
            0.07386733561755685,
            0.00016209084772167426
        ],
        [
            0.08114477337711448,
            0.0003315381003107243
        ],
        [
            0.07307617360533603,
            0.9997360817857199
        ],
        [
            0.024300572406207005,
            3.302769150437257e-05
        ],
        [
            0.015047770269580391,
            0.00023852299233217966
        ],
        [
            0.028308993815501896,
            0.0002416933000976007
        ],
        [
            0.021813906741464002,
            7.149190932587146e-06
        ],
        [
            0.2905084612650514,
            3.302769150437257e-05
        ],
        [
            0.039660970743242215,
            0.0008488945255973324
        ],
        [
            0.3018626105688501,
            0.0002416933000976007
        ],
        [
            0.02654580928653892,
            0.0022064176661769075
        ]
    ],
    "min_trans_rot_dists_prec": [
        [
            0.029718661155561137,
            0.0003315381003107243
        ],
        [
            0.019587084622135768,
            5.8782235843324315e-06
        ],
        [
            0.024796941027606094,
            8.560099049259584e-05
        ],
        [
            0.039660970743242215,
            0.0008488945255973324
        ],
        [
            0.022519647411682563,
            6.702006596404075e-05
        ],
        [
            0.029488883354346507,
            0.00024410778625982843
        ],
        [
            0.023486750379720266,
            8.755179665598245e-05
        ],
        [
            0.02654580928653892,
            0.0022064176661769075
        ],
        [
            0.02050397235942804,
            4.008873602301399e-06
        ],
        [
            0.02473987948676676,
            0.00011208225120651338
        ],
        [
            0.023225149087368488,
            1.797643304302099e-05
        ],
        [
            0.029998107719717337,
            0.000359382057482982
        ],
        [
            0.0226724530810106,
            0.00021135880947742436
        ],
        [
            0.0205398314808028,
            0.49080040804299296
        ],
        [
            0.02856177247760013,
            0.0012866788671835883
        ],
        [
            0.02302107530106392,
            8.705709764422753e-05
        ],
        [
            0.020138689008152078,
            8.130314472443168e-06
        ],
        [
            0.013280845871016383,
            0.00022630041709936766
        ],
        [
            0.020417496587684637,
            1.2878776655789181e-05
        ],
        [
            0.013670568485131042,
            0.0002841399038374659
        ],
        [
            0.01395905485262363,
            0.00016209084772167426
        ],
        [
            0.02933645863825057,
            0.0002996286823626626
        ],
        [
            0.030471784288773566,
            0.00040534211955001176
        ],
        [
            0.4139200365175905,
            0.0032793097814556305
        ],
        [
            0.024448153625152836,
            3.62229613023457e-05
        ],
        [
            0.008355126193285552,
            0.0003720514868289504
        ],
        [
            0.023380156898989434,
            4.425608143665549e-05
        ],
        [
            0.028308993815501896,
            0.0002416933000976007
        ],
        [
            0.015047770269580391,
            0.00023852299233217966
        ],
        [
            0.021813906741464002,
            7.149190932587146e-06
        ],
        [
            0.029198728374762183,
            0.0023167372361534433
        ],
        [
            0.024300572406207005,
            3.302769150437257e-05
        ]
    ],
    "r_thresh_deg": 5,
    "t_thresh": 0.035,
    "t_thresh_prec": 0.04
}