{
    "match_ratio": 0.875,
    "recall": 0.875,
    "precision": 0.6875,
    "n_avail": 8,
    "n_pred": 32,
    "out_scores": [
        1.0,
        1.0,
        1.0,
        1.0,
        1.0,
        1.0,
        1.0,
        1.0,
        1.0,
        1.0,
        1.0,
        1.0,
        1.0,
        1.0,
        1.0,
        1.0,
        1.0,
        1.0,
        1.0,
        1.0,
        1.0,
        1.0,
        1.0,
        1.0,
        1.0,
        1.0,
        1.0,
        1.0,
        1.0,
        1.0,
        1.0,
        1.0
    ],
    "min_trans_rot_dists": [
        [
            0.015613201615275005,
            0.0008495790832135919
        ],
        [
            0.021088644840206956,
            0.0020077914043298284
        ],
        [
            0.011535901104519256,
            0.0010832508637629301
        ],
        [
            0.013052372918798395,
            0.00043987990058558246
        ],
        [
            0.020298456493632402,
            0.0006814287444937284
        ],
        [
            0.021451678067222108,
            0.001729614479329955
        ],
        [
            0.011516743003737968,
            0.0011599984914224537
        ],
        [
            0.10378165735808913,
            0.001320659669202029
        ]
    ],
    "min_trans_rot_dists_prec": [
        [
            0.10553852512248531,
            0.9986860518867016
        ],
        [
            0.02182701593057205,
            0.0018682286850756347
        ],
        [
            0.10530178091155412,
            0.9983417772926869
        ],
        [
            0.021633653362052804,
            0.0022313365839793375
        ],
        [
            0.4395920401176093,
            0.0008354632765535941
        ],
        [
            0.011475903945447782,
            0.0010499569760374916
        ],
        [
            0.011275487040280936,
            0.001138188209642621
        ],
        [
            0.022249667741818104,
            0.002445137217495841
        ],
        [
            0.016074238558296625,
            0.0007277882365370747
        ],
        [
            0.011122663389842056,
            0.0015348896051140537
        ],
        [
            0.4417423223458021,
            0.0007579730401519047
        ],
        [
            0.10605385940610138,
            0.9990642922852233
        ],
        [
            0.021088644840206956,
            0.0020077914043298284
        ],
        [
            0.012948279926537328,
            0.0006346781624103626
        ],
        [
            0.015613201615275005,
            0.0008495790832135919
        ],
        [
            0.011670291395634604,
            0.0011879916640185062
        ],
        [
            0.020298456493632402,
            0.0006814287444937284
        ],
        [
            0.011516743003737968,
            0.0011599984914224537
        ],
        [
            0.012954483043969853,
            0.0005373138542015266
        ],
        [
            0.010389441290172958,
            0.0011182716531119574
        ],
        [
            0.012599443844178085,
            0.0005428265183884395
        ],
        [
            0.013052372918798395,
            0.00043987990058558246
        ],
        [
            0.10378165735808913,
            0.9987078810276201
        ],
        [
            0.4456753040107756,
            0.0005087094023298322
        ],
        [
            0.012082953358389376,
            0.0008913411643568514
        ],
        [
            0.4411540880916771,
            0.000733335423669601
        ],
        [
            0.11963002078316129,
            0.0007840552665322464
        ],
        [
            0.011535901104519256,
            0.0010832508637629301
        ],
        [
            0.02185284389467245,
            0.0016877219607411842
        ],
        [
            0.10445316587245108,
            0.9983186004596857
        ],
        [
            0.02187981004186526,
            0.0016782660894478774
        ],
        [
            0.021451678067222108,
            0.001729614479329955
        ]
    ],
    "r_thresh_deg": 5,
    "t_thresh": 0.035,
    "t_thresh_prec": 0.04
}