{
    "match_ratio": 0.5,
    "recall": 0.5,
    "precision": 1.0,
    "n_avail": 20,
    "n_pred": 32,
    "out_scores": [
        1.0,
        1.0,
        1.0,
        1.0,
        1.0,
        1.0,
        1.0,
        1.0,
        1.0,
        1.0,
        1.0,
        1.0,
        1.0,
        1.0,
        1.0,
        1.0,
        1.0,
        1.0,
        1.0,
        1.0,
        1.0,
        1.0,
        1.0,
        1.0,
        1.0,
        1.0,
        1.0,
        1.0,
        1.0,
        1.0,
        1.0,
        1.0
    ],
    "min_trans_rot_dists": [
        [
            0.06024962679151317,
            0.00032480199928530684
        ],
        [
            0.16100128978363282,
            0.9996710066815482
        ],
        [
            0.017070931164858645,
            2.775200322757687e-05
        ],
        [
            0.07729823968743944,
            0.00016970247152570117
        ],
        [
            0.01859305550208535,
            0.0001488062897998521
        ],
        [
            0.08214549001069758,
            0.9996710066815482
        ],
        [
            0.012264642027949881,
            0.000112917465810769
        ],
        [
            0.01604602816749165,
            0.00016970247152570117
        ],
        [
            0.09209788647043277,
            0.0001488062897998521
        ],
        [
            0.02129823099903121,
            0.9996710066815482
        ],
        [
            0.0856085532363966,
            3.4896269195172636e-05
        ],
        [
            0.02129823099903121,
            0.00032945904888237454
        ],
        [
            0.011567317368720112,
            5.8835413156876903e-05
        ],
        [
            0.01723434041500111,
            0.00020435094518400643
        ],
        [
            0.011629738049754803,
            3.634127587925917e-05
        ],
        [
            0.01638798910070291,
            3.8027159052544945e-05
        ],
        [
            0.12063134647884387,
            1.800739624002734e-05
        ],
        [
            0.11907581366060677,
            0.0001687216510112277
        ],
        [
            0.11982811140943715,
            3.634127587925917e-05
        ],
        [
            0.016639583038559166,
            0.00017323309426742206
        ]
    ],
    "min_trans_rot_dists_prec": [
        [
            0.010700719854079992,
            0.00011318790912762111
        ],
        [
            0.02129823099903121,
            0.00032945904888237454
        ],
        [
            0.012298338220939146,
            1.800739624002734e-05
        ],
        [
            0.016393302041560382,
            8.472651318169877e-05
        ],
        [
            0.016953129374399637,
            4.807018302577237e-05
        ],
        [
            0.016060698399159138,
            0.00019631920973417483
        ],
        [
            0.01604602816749165,
            0.00016970247152570117
        ],
        [
            0.015038741332797869,
            0.0001778422014960812
        ],
        [
            0.011516779923862526,
            0.00013559583587174906
        ],
        [
            0.012272193458527477,
            5.6500100566014844e-05
        ],
        [
            0.012146693063923715,
            2.5281564765999853e-05
        ],
        [
            0.012222612208373585,
            4.682844442538414e-05
        ],
        [
            0.016104334546140468,
            3.8077542558911937e-05
        ],
        [
            0.011143136811875636,
            0.0001936671870341744
        ],
        [
            0.012273743682061695,
            3.4896269195172636e-05
        ],
        [
            0.012024465971107432,
            5.3344460509641145e-05
        ],
        [
            0.01621722985242677,
            5.4147501211798676e-05
        ],
        [
            0.024109083003982738,
            0.00032480199928530684
        ],
        [
            0.01600786633263927,
            0.00018642919670486258
        ],
        [
            0.012264642027949881,
            0.000112917465810769
        ],
        [
            0.012749328771885025,
            5.1124434291227594e-05
        ],
        [
            0.016537694200320592,
            0.0001687216510112277
        ],
        [
            0.011011776962588805,
            0.00013707623414860315
        ],
        [
            0.017677524166269387,
            0.000180560723455514
        ],
        [
            0.016639583038559166,
            0.00017323309426742206
        ],
        [
            0.011629738049754803,
            3.634127587925917e-05
        ],
        [
            0.01673393595213338,
            0.00018750359449049014
        ],
        [
            0.01859305550208535,
            0.0001488062897998521
        ],
        [
            0.01723434041500111,
            0.00020435094518400643
        ],
        [
            0.011567317368720112,
            5.8835413156876903e-05
        ],
        [
            0.017070931164858645,
            2.775200322757687e-05
        ],
        [
            0.01638798910070291,
            3.8027159052544945e-05
        ]
    ],
    "r_thresh_deg": 5,
    "t_thresh": 0.035,
    "t_thresh_prec": 0.04
}