{
    "match_ratio": 0.5625,
    "recall": 0.5625,
    "precision": 1.0,
    "n_avail": 16,
    "n_pred": 32,
    "out_scores": [
        1.0,
        1.0,
        1.0,
        1.0,
        1.0,
        1.0,
        1.0,
        1.0,
        1.0,
        1.0,
        1.0,
        1.0,
        1.0,
        1.0,
        1.0,
        1.0,
        1.0,
        1.0,
        1.0,
        1.0,
        1.0,
        1.0,
        1.0,
        1.0,
        1.0,
        1.0,
        1.0,
        1.0,
        1.0,
        1.0,
        1.0,
        1.0
    ],
    "min_trans_rot_dists": [
        [
            0.02673590452633983,
            1.650130482200307e-05
        ],
        [
            0.018451942204194206,
            0.0002996710374884026
        ],
        [
            0.01901218526503297,
            0.0002936515388678451
        ],
        [
            0.017953042630378307,
            0.0007401144354891587
        ],
        [
            0.04433676163350453,
            3.4301753319532224e-05
        ],
        [
            0.03451157915633884,
            0.9991593578857367
        ],
        [
            0.04543332715241038,
            0.9998572760503691
        ],
        [
            0.03388451028568144,
            0.000792628043953747
        ],
        [
            0.12276167599308133,
            1.650130482200307e-05
        ],
        [
            0.11494484487110117,
            0.9991593578857367
        ],
        [
            0.12444508508676337,
            0.9998572760503691
        ],
        [
            0.11460210395684699,
            0.0005433962603780262
        ],
        [
            0.024097633406149822,
            0.0008158429853909466
        ],
        [
            0.013847016898549168,
            4.9020626892271046e-05
        ],
        [
            0.029576417474619712,
            0.00025346146936289227
        ],
        [
            0.006066198671086996,
            0.00021618377910315179
        ]
    ],
    "min_trans_rot_dists_prec": [
        [
            0.024630485040054922,
            0.00015136213725519543
        ],
        [
            0.028187281715120097,
            0.00035583091139268497
        ],
        [
            0.036126410255670746,
            0.000788562098108958
        ],
        [
            0.022981520594274357,
            3.4301753319532224e-05
        ],
        [
            0.02294523002905807,
            0.000960630056342171
        ],
        [
            0.014152098479320138,
            5.397475620672054e-05
        ],
        [
            0.023042254791995592,
            0.0006435980782361073
        ],
        [
            0.020775057666506298,
            0.00016991435460678161
        ],
        [
            0.005764134838386774,
            0.00019500074382083898
        ],
        [
            0.029576417474619712,
            0.00025346146936289227
        ],
        [
            0.024177541036710725,
            4.08326252954172e-05
        ],
        [
            0.020183958276361436,
            8.350253420186249e-05
        ],
        [
            0.02448773569974204,
            6.711044916141162e-05
        ],
        [
            0.03451157915633884,
            0.0009259091790939644
        ],
        [
            0.01701110146602489,
            0.0006748056574253924
        ],
        [
            0.025558172096632692,
            1.7728064877653438e-05
        ],
        [
            0.024097633406149822,
            0.0008158429853909466
        ],
        [
            0.03389776190843461,
            0.0005433962603780262
        ],
        [
            0.02415142298430833,
            0.00014881944690048332
        ],
        [
            0.03388451028568144,
            0.000792628043953747
        ],
        [
            0.03583172983570611,
            0.0006179976406037735
        ],
        [
            0.018624905456574137,
            0.00012073825817326966
        ],
        [
            0.014974935589995152,
            6.417751399312444e-05
        ],
        [
            0.020462940071211796,
            0.0006697205023884489
        ],
        [
            0.006066198671086996,
            0.00021618377910315179
        ],
        [
            0.014615431939082437,
            9.96075120557327e-05
        ],
        [
            0.01901218526503297,
            0.0002936515388678451
        ],
        [
            0.02581912595678981,
            0.00012325127206480602
        ],
        [
            0.013847016898549168,
            4.9020626892271046e-05
        ],
        [
            0.02673590452633983,
            1.650130482200307e-05
        ],
        [
            0.018451942204194206,
            0.0002996710374884026
        ],
        [
            0.03905205170991934,
            0.0007401144354891587
        ]
    ],
    "r_thresh_deg": 5,
    "t_thresh": 0.035,
    "t_thresh_prec": 0.04
}