{
    "match_ratio": 0.625,
    "recall": 0.625,
    "precision": 0.8125,
    "n_avail": 8,
    "n_pred": 32,
    "out_scores": [
        1.0,
        1.0,
        1.0,
        1.0,
        1.0,
        1.0,
        1.0,
        1.0,
        1.0,
        1.0,
        1.0,
        1.0,
        1.0,
        1.0,
        1.0,
        1.0,
        1.0,
        1.0,
        1.0,
        1.0,
        1.0,
        1.0,
        1.0,
        1.0,
        1.0,
        1.0,
        1.0,
        1.0,
        1.0,
        1.0,
        1.0,
        1.0
    ],
    "min_trans_rot_dists": [
        [
            0.01993137491023551,
            0.0002351635182227252
        ],
        [
            0.02814827159592355,
            0.0009421369419894132
        ],
        [
            0.010326348629801117,
            0.0015251937660354375
        ],
        [
            0.023579875447144554,
            0.0003084693038762909
        ],
        [
            0.10304036040193287,
            0.0003496499758178784
        ],
        [
            0.030408737843632246,
            0.0005299413405145392
        ],
        [
            0.10304036040193287,
            0.9997122552010668
        ],
        [
            0.030408737843632246,
            0.9998628097741741
        ]
    ],
    "min_trans_rot_dists_prec": [
        [
            0.44335153568332375,
            0.0003496499758178784
        ],
        [
            0.02826609146250752,
            0.0005969116465485147
        ],
        [
            0.022382989417674956,
            0.0007476819192898665
        ],
        [
            0.018554186284420997,
            0.00026424734381402804
        ],
        [
            0.028407539091047065,
            0.0008375603431076684
        ],
        [
            0.011184071893018708,
            0.0016724551796388765
        ],
        [
            0.010172437748933815,
            0.001261792051513666
        ],
        [
            0.024092598995187318,
            0.0003352163385534901
        ],
        [
            0.11978597655777116,
            0.0018157910214499084
        ],
        [
            0.02231718438688631,
            0.0006534072857263817
        ],
        [
            0.022882852006822926,
            0.0005331994460884282
        ],
        [
            0.01898235500759387,
            0.0002930312393424339
        ],
        [
            0.10709957334877088,
            0.9994728119397874
        ],
        [
            0.12486416912506731,
            0.002183913025539219
        ],
        [
            0.02869404432318348,
            0.0004988104736584065
        ],
        [
            0.10783623668379666,
            0.9996910102304388
        ],
        [
            0.023036734741034813,
            0.0005184522455389251
        ],
        [
            0.010414281928711897,
            0.0013086650692082369
        ],
        [
            0.02246886070164136,
            0.0004144049404087857
        ],
        [
            0.017946981196262604,
            0.0002901916160259477
        ],
        [
            0.02792814828211505,
            0.0007465603503760132
        ],
        [
            0.01993137491023551,
            0.0002351635182227252
        ],
        [
            0.02259430128787228,
            0.0005524899233341207
        ],
        [
            0.030408737843632246,
            0.0005299413405145392
        ],
        [
            0.028578519232074464,
            0.0005931532066184575
        ],
        [
            0.028236374860510127,
            0.000682748162857183
        ],
        [
            0.4430413040392343,
            0.00022539427566081738
        ],
        [
            0.02814827159592355,
            0.0009421369419894132
        ],
        [
            0.022801710057227365,
            0.0007332252437279863
        ],
        [
            0.010563968924214424,
            0.0012992238227398367
        ],
        [
            0.010326348629801117,
            0.0015251937660354375
        ],
        [
            0.023579875447144554,
            0.0003084693038762909
        ]
    ],
    "r_thresh_deg": 5,
    "t_thresh": 0.035,
    "t_thresh_prec": 0.04
}