{
    "match_ratio": 0.39285714285714285,
    "recall": 0.39285714285714285,
    "precision": 1.0,
    "n_avail": 28,
    "n_pred": 32,
    "out_scores": [
        1.0,
        1.0,
        1.0,
        1.0,
        1.0,
        1.0,
        1.0,
        1.0,
        1.0,
        1.0,
        1.0,
        1.0,
        1.0,
        1.0,
        1.0,
        1.0,
        1.0,
        1.0,
        1.0,
        1.0,
        1.0,
        1.0,
        1.0,
        1.0,
        1.0,
        1.0,
        1.0,
        1.0,
        1.0,
        1.0,
        1.0,
        1.0
    ],
    "min_trans_rot_dists": [
        [
            0.3889348363004447,
            6.821180932203852e-05
        ],
        [
            0.39766288001107786,
            1.066163834539946e-05
        ],
        [
            0.3911234664978059,
            1.8721485615103006e-05
        ],
        [
            0.38996106733672886,
            9.903172765923784e-05
        ],
        [
            0.01637833589692491,
            0.0002917634504054911
        ],
        [
            0.31221634487495775,
            1.066163834539946e-05
        ],
        [
            0.3056684398712677,
            1.8721485615103006e-05
        ],
        [
            0.30466699138833603,
            9.903172765923784e-05
        ],
        [
            0.17511744289019765,
            6.821180932203852e-05
        ],
        [
            0.18424889574938694,
            1.066163834539946e-05
        ],
        [
            0.17768041124636097,
            1.8721485615103006e-05
        ],
        [
            0.028367364836373622,
            0.00015498538758407232
        ],
        [
            0.00820864760602125,
            0.0007701894415543808
        ],
        [
            0.1417445215314967,
            1.066163834539946e-05
        ],
        [
            0.015047861107412472,
            0.0004790184944999387
        ],
        [
            0.014489275187144613,
            0.9999812486153766
        ],
        [
            0.005458190808474816,
            8.393639902282146e-05
        ],
        [
            0.019637377793693102,
            1.1440526952233299e-05
        ],
        [
            0.019759829407507,
            3.145259051462457e-05
        ],
        [
            0.032986003857083133,
            7.022743760987105e-05
        ],
        [
            0.07249376049139121,
            8.208886442551133e-05
        ],
        [
            0.06975968634347986,
            2.3157208933977103e-05
        ],
        [
            0.057920741287145604,
            3.5931542795353266e-05
        ],
        [
            0.06872672900277774,
            9.171486636883053e-05
        ],
        [
            0.005822631709652025,
            6.063759472496599e-05
        ],
        [
            0.1538936862721824,
            2.3157208933977103e-05
        ],
        [
            0.015526836157423075,
            0.00012527877347634497
        ],
        [
            0.026222488041230986,
            4.649130690526082e-05
        ]
    ],
    "min_trans_rot_dists_prec": [
        [
            0.01590725435901065,
            8.208886442551133e-05
        ],
        [
            0.005822631709652025,
            6.063759472496599e-05
        ],
        [
            0.021840245525376153,
            0.0001296706641026324
        ],
        [
            0.03544986790177013,
            9.171486636883053e-05
        ],
        [
            0.0369135531740145,
            3.5931542795353266e-05
        ],
        [
            0.015100075986739231,
            0.0004113888140898636
        ],
        [
            0.009402321473608964,
            0.0004882905582789254
        ],
        [
            0.016751355957963017,
            9.868499964060806e-05
        ],
        [
            0.02867135399143762,
            5.2636091809721286e-05
        ],
        [
            0.009137435156486162,
            0.0003056001073528103
        ],
        [
            0.01637833589692491,
            0.0002917634504054911
        ],
        [
            0.015526836157423075,
            0.00012527877347634497
        ],
        [
            0.01825907986616779,
            1.8721485615103006e-05
        ],
        [
            0.03257744624474768,
            0.00016445328984038277
        ],
        [
            0.027580215895685045,
            9.903172765923784e-05
        ],
        [
            0.01538502677835857,
            0.0002502915367446068
        ],
        [
            0.00820864760602125,
            0.0007701894415543808
        ],
        [
            0.008463084427711594,
            6.821180932203852e-05
        ],
        [
            0.022045920310794397,
            1.066163834539946e-05
        ],
        [
            0.015471243288538127,
            0.0002438881287013528
        ],
        [
            0.032986003857083133,
            7.022743760987105e-05
        ],
        [
            0.013658179530611481,
            0.00030635758843144956
        ],
        [
            0.006660688171002249,
            0.00012766788124829453
        ],
        [
            0.017007538129765323,
            5.054478028088116e-05
        ],
        [
            0.028367364836373622,
            0.00015498538758407232
        ],
        [
            0.014489275187144613,
            0.0006450709892343864
        ],
        [
            0.026296936763867303,
            2.3157208933977103e-05
        ],
        [
            0.015047861107412472,
            0.0004790184944999387
        ],
        [
            0.019637377793693102,
            1.1440526952233299e-05
        ],
        [
            0.026222488041230986,
            4.649130690526082e-05
        ],
        [
            0.005458190808474816,
            8.393639902282146e-05
        ],
        [
            0.019759829407507,
            3.145259051462457e-05
        ]
    ],
    "r_thresh_deg": 5,
    "t_thresh": 0.035,
    "t_thresh_prec": 0.04
}