{
    "match_ratio": 0.375,
    "recall": 0.375,
    "precision": 1.0,
    "n_avail": 24,
    "n_pred": 32,
    "out_scores": [
        1.0,
        1.0,
        1.0,
        1.0,
        1.0,
        1.0,
        1.0,
        1.0,
        1.0,
        1.0,
        1.0,
        1.0,
        1.0,
        1.0,
        1.0,
        1.0,
        1.0,
        1.0,
        1.0,
        1.0,
        1.0,
        1.0,
        1.0,
        1.0,
        1.0,
        1.0,
        1.0,
        1.0,
        1.0,
        1.0,
        1.0,
        1.0
    ],
    "min_trans_rot_dists": [
        [
            0.39138481124742297,
            0.0003960271858058917
        ],
        [
            0.3921381434830124,
            8.498133840184607e-05
        ],
        [
            0.39138481124742297,
            0.9996260465312286
        ],
        [
            0.390534243163259,
            0.0001193069851543882
        ],
        [
            0.2371040942771764,
            0.0003960271858058917
        ],
        [
            0.23765524572463106,
            8.498133840184607e-05
        ],
        [
            0.2371040942771764,
            0.9996260465312286
        ],
        [
            0.236159222783813,
            0.0001193069851543882
        ],
        [
            0.16011446380525296,
            0.0003960271858058917
        ],
        [
            0.16041823903856522,
            8.498133840184607e-05
        ],
        [
            0.16011446380525296,
            0.9996260465312286
        ],
        [
            0.03153002842653979,
            0.0005534046657686975
        ],
        [
            0.0835964383099528,
            0.0003960271858058917
        ],
        [
            0.08319519213185515,
            8.498133840184607e-05
        ],
        [
            0.0822137084426925,
            0.9998936841296118
        ],
        [
            0.0822137084426925,
            0.0001193069851543882
        ],
        [
            0.029798394700663457,
            0.0001369727026150347
        ],
        [
            0.014323065106799062,
            8.946810334153898e-05
        ],
        [
            0.0274953952538478,
            0.000540883031690309
        ],
        [
            0.015651532669172213,
            0.00010297897788869026
        ],
        [
            0.022518472435034402,
            0.0001369727026150347
        ],
        [
            0.025300190250224938,
            8.946810334153898e-05
        ],
        [
            0.025808794285461463,
            0.000540883031690309
        ],
        [
            0.03203114469600107,
            0.00010297897788869026
        ]
    ],
    "min_trans_rot_dists_prec": [
        [
            0.02729100657241677,
            9.665727424823523e-05
        ],
        [
            0.02515919395561801,
            0.00032503948412621053
        ],
        [
            0.029624635001941443,
            0.000271006123367612
        ],
        [
            0.013957617973972228,
            3.1870136154799056e-05
        ],
        [
            0.02615562463530366,
            9.582629614435234e-05
        ],
        [
            0.03282940299802497,
            8.498133840184607e-05
        ],
        [
            0.03215956415164448,
            6.234654364789538e-05
        ],
        [
            0.03525651100242763,
            0.0001739250689924976
        ],
        [
            0.032120932725853944,
            0.0003916824532271823
        ],
        [
            0.025856733045737327,
            0.00021746737322725362
        ],
        [
            0.02153591918565351,
            0.00010922319763573274
        ],
        [
            0.025850401016668294,
            0.0001582189101272391
        ],
        [
            0.020766920060318144,
            0.0006416711128736097
        ],
        [
            0.03214039332119219,
            0.0001830014039956307
        ],
        [
            0.02528959821460667,
            0.0004285672596450185
        ],
        [
            0.02514805817887893,
            0.00014917174905337838
        ],
        [
            0.03729793300876385,
            0.0003960271858058917
        ],
        [
            0.021573654286153286,
            6.0949307092328375e-05
        ],
        [
            0.02026975902900914,
            7.070859293800691e-05
        ],
        [
            0.036404559408382206,
            0.0001193069851543882
        ],
        [
            0.014799412174108802,
            0.0007479115372991396
        ],
        [
            0.020862785675949187,
            0.0005181308119871497
        ],
        [
            0.018012262152153208,
            0.00256456918995418
        ],
        [
            0.022518472435034402,
            0.0001369727026150347
        ],
        [
            0.022268388238320037,
            0.00012781760412683418
        ],
        [
            0.03674193353989154,
            0.0002875396811854447
        ],
        [
            0.03203114469600107,
            0.00010297897788869026
        ],
        [
            0.025808794285461463,
            0.000540883031690309
        ],
        [
            0.020690289619976387,
            9.673005349131181e-05
        ],
        [
            0.01647150521801125,
            0.0011107102401274327
        ],
        [
            0.03153002842653979,
            0.0005534046657686975
        ],
        [
            0.025300190250224938,
            8.946810334153898e-05
        ]
    ],
    "r_thresh_deg": 5,
    "t_thresh": 0.035,
    "t_thresh_prec": 0.04
}