{
    "match_ratio": 0.75,
    "recall": 0.75,
    "precision": 1.0,
    "n_avail": 16,
    "n_pred": 32,
    "out_scores": [
        1.0,
        1.0,
        1.0,
        1.0,
        1.0,
        1.0,
        1.0,
        1.0,
        1.0,
        1.0,
        1.0,
        1.0,
        1.0,
        1.0,
        1.0,
        1.0,
        1.0,
        1.0,
        1.0,
        1.0,
        1.0,
        1.0,
        1.0,
        1.0,
        1.0,
        1.0,
        1.0,
        1.0,
        1.0,
        1.0,
        1.0,
        1.0
    ],
    "min_trans_rot_dists": [
        [
            0.13773942504485584,
            1.2059557278343291e-05
        ],
        [
            0.13842478973345299,
            1.1870607878439188e-05
        ],
        [
            0.13690537191724217,
            1.3934650292646289e-05
        ],
        [
            0.14232490702505401,
            5.1412325685173954e-05
        ],
        [
            0.021100685259706414,
            1.2059557278343291e-05
        ],
        [
            0.026351498655054935,
            0.00010181472275927472
        ],
        [
            0.025384826143556836,
            1.3934650292646289e-05
        ],
        [
            0.03178651558466028,
            5.1412325685173954e-05
        ],
        [
            0.018355948722438332,
            1.2059557278343291e-05
        ],
        [
            0.02550748886041608,
            0.00010181472275927472
        ],
        [
            0.02605438435292025,
            1.3934650292646289e-05
        ],
        [
            0.024538952834244634,
            3.7954093584757764e-05
        ],
        [
            0.0016855466109381226,
            0.00015582101259148384
        ],
        [
            0.01618308101818989,
            0.00021844699933615264
        ],
        [
            0.016797082017651198,
            0.0002389699726650374
        ],
        [
            0.02222599268547381,
            0.00012023475771660852
        ]
    ],
    "min_trans_rot_dists_prec": [
        [
            0.005141772956336137,
            0.00015058422509339753
        ],
        [
            0.016820310028840407,
            0.00018351557158380327
        ],
        [
            0.023328150770143698,
            5.827074250708275e-05
        ],
        [
            0.016302813801966236,
            0.00024551448861553915
        ],
        [
            0.022143980704021467,
            4.96716031554989e-05
        ],
        [
            0.02573692050238458,
            5.1412325685173954e-05
        ],
        [
            0.015463576244618672,
            0.0003258450699533677
        ],
        [
            0.02213694271762439,
            4.185696389691351e-05
        ],
        [
            0.021755709141368706,
            9.160936337737624e-05
        ],
        [
            0.021388742982629425,
            7.837295604451455e-05
        ],
        [
            0.02492423754070011,
            1.1870607878439188e-05
        ],
        [
            0.016457550142077074,
            0.0002210766366225192
        ],
        [
            0.01246372309286648,
            1.5718522125562906e-05
        ],
        [
            0.02301795482408421,
            0.00015272803986599026
        ],
        [
            0.0018388117646594997,
            0.00010569044614794354
        ],
        [
            0.002418912606868605,
            8.445731550521529e-05
        ],
        [
            0.01626964709654597,
            0.0002733655454277839
        ],
        [
            0.02222599268547381,
            0.00012023475771660852
        ],
        [
            0.02605438435292025,
            1.3934650292646289e-05
        ],
        [
            0.0024724045469576325,
            7.367980115824402e-05
        ],
        [
            0.025649973014073933,
            0.000112536975161448
        ],
        [
            0.016407494362765444,
            0.0001545030816285653
        ],
        [
            0.018355948722438332,
            1.2059557278343291e-05
        ],
        [
            0.0031415677471887094,
            0.00012073000595480554
        ],
        [
            0.015944665333887508,
            9.656039920447057e-05
        ],
        [
            0.02550748886041608,
            0.00010181472275927472
        ],
        [
            0.0015687618569828034,
            7.746912479755785e-05
        ],
        [
            0.01676797682587816,
            0.00022114290365604639
        ],
        [
            0.016797082017651198,
            0.0002389699726650374
        ],
        [
            0.024538952834244634,
            3.7954093584757764e-05
        ],
        [
            0.0016855466109381226,
            0.00015582101259148384
        ],
        [
            0.01618308101818989,
            0.00021844699933615264
        ]
    ],
    "r_thresh_deg": 5,
    "t_thresh": 0.035,
    "t_thresh_prec": 0.04
}