{
    "match_ratio": 0.35,
    "recall": 0.35,
    "precision": 1.0,
    "n_avail": 40,
    "n_pred": 32,
    "out_scores": [
        1.0,
        1.0,
        1.0,
        1.0,
        1.0,
        1.0,
        1.0,
        1.0,
        1.0,
        1.0,
        1.0,
        1.0,
        1.0,
        1.0,
        1.0,
        1.0,
        1.0,
        1.0,
        1.0,
        1.0,
        1.0,
        1.0,
        1.0,
        1.0,
        1.0,
        1.0,
        1.0,
        1.0,
        1.0,
        1.0,
        1.0,
        1.0
    ],
    "min_trans_rot_dists": [
        [
            0.3539077615935968,
            0.00011938154994250993
        ],
        [
            0.004435107711963884,
            6.51082160230132e-05
        ],
        [
            0.0228857224707758,
            0.000106227699598338
        ],
        [
            0.3421547331701515,
            0.9998890428754311
        ],
        [
            0.007826520156612492,
            0.00018444457637378786
        ],
        [
            0.22944786480544535,
            5.5978450486993125e-05
        ],
        [
            0.395797234750688,
            7.204374876601527e-05
        ],
        [
            0.2502809774602299,
            7.706362055204252e-05
        ],
        [
            0.01462640332750948,
            0.00015626717925454336
        ],
        [
            0.01578266694312557,
            9.224834424170769e-05
        ],
        [
            0.31754828108586175,
            7.204374876601527e-05
        ],
        [
            0.009608372394306208,
            0.9999831193615953
        ],
        [
            0.04210682567789174,
            0.00015626717925454336
        ],
        [
            0.029210416188884498,
            9.224834424170769e-05
        ],
        [
            0.3183574314919956,
            7.204374876601527e-05
        ],
        [
            0.027417213202346156,
            0.00019659413168326978
        ],
        [
            0.17264601608276178,
            0.00015626717925454336
        ],
        [
            0.16602739534589703,
            4.194286375391876e-05
        ],
        [
            0.3553189934417228,
            7.204374876601527e-05
        ],
        [
            0.14922430929271477,
            7.706362055204252e-05
        ],
        [
            0.26279658367263276,
            0.00011938154994250993
        ],
        [
            0.44501588352161875,
            2.5565426257867507e-05
        ],
        [
            0.45877178002449337,
            7.204374876601527e-05
        ],
        [
            0.26279658367263276,
            0.9999940360070699
        ],
        [
            0.02103889675169076,
            0.00014451356222111578
        ],
        [
            0.007616534129554833,
            0.00016817956613646157
        ],
        [
            0.02988774720437911,
            0.0002550345948947319
        ],
        [
            0.003309491719570523,
            0.9998890428754311
        ],
        [
            0.02739025547407838,
            8.756720365121762e-05
        ],
        [
            0.012719403273016334,
            3.4779112618288366e-05
        ],
        [
            0.03420606509859082,
            0.00010072703710406472
        ],
        [
            0.022695339942456566,
            3.729978237698717e-05
        ],
        [
            0.04505826607356458,
            0.9999323024112533
        ],
        [
            0.039068124091773355,
            5.875906230801142e-05
        ],
        [
            0.04505826607356458,
            7.204374876601527e-05
        ],
        [
            0.039295600053911396,
            0.9999842675842798
        ],
        [
            0.16410478437819698,
            0.9999323024112533
        ],
        [
            0.16410478437819698,
            0.9999983594140889
        ],
        [
            0.16410478437819698,
            7.204374876601527e-05
        ],
        [
            0.16410478437819698,
            0.9999972944258918
        ]
    ],
    "min_trans_rot_dists_prec": [
        [
            0.03893204304889386,
            7.204374876601527e-05
        ],
        [
            0.039068124091773355,
            5.875906230801142e-05
        ],
        [
            0.019060558300438776,
            0.00011938154994250993
        ],
        [
            0.003309491719570523,
            0.00011979676275086781
        ],
        [
            0.029518858432893393,
            0.00022901173064637792
        ],
        [
            0.01462640332750948,
            0.00015626717925454336
        ],
        [
            0.039295600053911396,
            8.508167491849683e-05
        ],
        [
            0.008512237645388637,
            2.5565426257867507e-05
        ],
        [
            0.007616534129554833,
            0.00016817956613646157
        ],
        [
            0.0262811337122052,
            7.706362055204252e-05
        ],
        [
            0.021993119798062136,
            0.0001323828938809557
        ],
        [
            0.02326775119711832,
            3.7694238003482816e-05
        ],
        [
            0.02988774720437911,
            0.0002550345948947319
        ],
        [
            0.007826520156612492,
            0.00018444457637378786
        ],
        [
            0.03420606509859082,
            0.00010072703710406472
        ],
        [
            0.012719403273016334,
            3.4779112618288366e-05
        ],
        [
            0.0228857224707758,
            0.000106227699598338
        ],
        [
            0.03579231009506939,
            0.00012081663021334954
        ],
        [
            0.03549326499579855,
            5.5978450486993125e-05
        ],
        [
            0.027417213202346156,
            0.00019659413168326978
        ],
        [
            0.03769211437560648,
            9.538118010632424e-05
        ],
        [
            0.005231850837847745,
            7.13240856089481e-05
        ],
        [
            0.03501920364498436,
            0.0001264194905044036
        ],
        [
            0.03626710798168738,
            8.369147224718265e-05
        ],
        [
            0.004435107711963884,
            6.51082160230132e-05
        ],
        [
            0.02103889675169076,
            0.00014451356222111578
        ],
        [
            0.03392362888124161,
            4.194286375391876e-05
        ],
        [
            0.029210416188884498,
            9.224834424170769e-05
        ],
        [
            0.02739025547407838,
            8.756720365121762e-05
        ],
        [
            0.021710752412230302,
            4.367509948832726e-05
        ],
        [
            0.020558282912069223,
            3.3408228542253227e-05
        ],
        [
            0.022695339942456566,
            3.729978237698717e-05
        ]
    ],
    "r_thresh_deg": 5,
    "t_thresh": 0.035,
    "t_thresh_prec": 0.04
}