{
    "match_ratio": 0.4375,
    "recall": 0.4375,
    "precision": 1.0,
    "n_avail": 16,
    "n_pred": 32,
    "out_scores": [
        1.0,
        1.0,
        1.0,
        1.0,
        1.0,
        1.0,
        1.0,
        1.0,
        1.0,
        1.0,
        1.0,
        1.0,
        1.0,
        1.0,
        1.0,
        1.0,
        1.0,
        1.0,
        1.0,
        1.0,
        1.0,
        1.0,
        1.0,
        1.0,
        1.0,
        1.0,
        1.0,
        1.0,
        1.0,
        1.0,
        1.0,
        1.0
    ],
    "min_trans_rot_dists": [
        [
            0.02163635343021799,
            0.0017634514085211883
        ],
        [
            0.012810531339941922,
            0.00030266808613887974
        ],
        [
            0.013511751676113534,
            0.9999536004144692
        ],
        [
            0.01860697216681792,
            0.0017743227006028484
        ],
        [
            0.06981422256419506,
            0.0017634514085211883
        ],
        [
            0.08685318234196936,
            0.00027899550005816565
        ],
        [
            0.06983396921950341,
            0.9981513808897621
        ],
        [
            0.06837028109685535,
            0.0017743227006028484
        ],
        [
            0.016148649719366,
            5.12042525673273e-05
        ],
        [
            0.015312280985820168,
            0.0007254242874130679
        ],
        [
            0.013090568014771528,
            0.0006463201200388458
        ],
        [
            0.010280983807696006,
            6.565454303697482e-05
        ],
        [
            0.29079310542712133,
            5.12042525673273e-05
        ],
        [
            0.4633923147803755,
            0.00028643138873196694
        ],
        [
            0.30055275235193196,
            0.00024013011879553403
        ],
        [
            0.28952088625555145,
            0.00010565188091749
        ]
    ],
    "min_trans_rot_dists_prec": [
        [
            0.01450523755966901,
            0.00028643138873196694
        ],
        [
            0.012192849827352435,
            0.00027899550005816565
        ],
        [
            0.01643227328222638,
            0.0007387165740422308
        ],
        [
            0.021187472338851546,
            0.0019515567629864172
        ],
        [
            0.018081586650255353,
            0.0022427355526470905
        ],
        [
            0.019774548952185746,
            0.0011549672158503999
        ],
        [
            0.011585239067816876,
            0.00010565188091749
        ],
        [
            0.019698986170195765,
            0.0020428747118667046
        ],
        [
            0.013511751676113534,
            0.0005620176947391808
        ],
        [
            0.016148899638748153,
            6.80957213544664e-05
        ],
        [
            0.018694073329875723,
            0.0016439335554429002
        ],
        [
            0.019343755682059934,
            0.0018556573230037454
        ],
        [
            0.016776395870286606,
            7.006829436495554e-05
        ],
        [
            0.009754646808376248,
            4.581379990753476e-05
        ],
        [
            0.017147125884440503,
            0.0005545743430808159
        ],
        [
            0.016515435635451103,
            0.0003851952480693477
        ],
        [
            0.016721195325627932,
            0.00040762151379281075
        ],
        [
            0.016148649719366,
            5.12042525673273e-05
        ],
        [
            0.013164943179592698,
            0.00035000563390452655
        ],
        [
            0.01715305407612315,
            0.0005584090026183874
        ],
        [
            0.010280983807696006,
            6.565454303697482e-05
        ],
        [
            0.01508903801498737,
            0.00033776286415920787
        ],
        [
            0.015312280985820168,
            0.0007254242874130679
        ],
        [
            0.013088466380877127,
            0.0003628103709756303
        ],
        [
            0.012851314127066936,
            0.0007967228142566896
        ],
        [
            0.011523851762945849,
            0.00024013011879553403
        ],
        [
            0.019327636693733375,
            0.0018362999710054284
        ],
        [
            0.016990534267558255,
            0.0018151212180352871
        ],
        [
            0.01860697216681792,
            0.0017743227006028484
        ],
        [
            0.012810531339941922,
            0.00030266808613887974
        ],
        [
            0.02163635343021799,
            0.0017634514085211883
        ],
        [
            0.013090568014771528,
            0.0006463201200388458
        ]
    ],
    "r_thresh_deg": 5,
    "t_thresh": 0.035,
    "t_thresh_prec": 0.04
}