{
    "match_ratio": 0.25,
    "recall": 0.25,
    "precision": 1.0,
    "n_avail": 16,
    "n_pred": 32,
    "out_scores": [
        1.0,
        1.0,
        1.0,
        1.0,
        1.0,
        1.0,
        1.0,
        1.0,
        1.0,
        1.0,
        1.0,
        1.0,
        1.0,
        1.0,
        1.0,
        1.0,
        1.0,
        1.0,
        1.0,
        1.0,
        1.0,
        1.0,
        1.0,
        1.0,
        1.0,
        1.0,
        1.0,
        1.0,
        1.0,
        1.0,
        1.0,
        1.0
    ],
    "min_trans_rot_dists": [
        [
            0.0457739377312285,
            0.9998250793891607
        ],
        [
            0.041879346312245325,
            0.00012058273196513536
        ],
        [
            0.0457739377312285,
            0.000301397129144787
        ],
        [
            0.04321587917318778,
            0.999875907553678
        ],
        [
            0.01634598067945082,
            0.0001990791059299779
        ],
        [
            0.008431902654205613,
            0.00021244838341527572
        ],
        [
            0.01957448169294725,
            0.00031677530052054426
        ],
        [
            0.01659019421030931,
            8.611450732765036e-05
        ],
        [
            0.07845549726037415,
            0.0003207571256318431
        ],
        [
            0.08484827161622785,
            0.00012058273196513536
        ],
        [
            0.08477710361913944,
            0.00022940298312290608
        ],
        [
            0.08255520243782608,
            2.2439301623489172e-05
        ],
        [
            0.41213859534259906,
            0.0003207571256318431
        ],
        [
            0.41796191669769095,
            0.00025112331869003857
        ],
        [
            0.4179690844980879,
            0.00022940298312290608
        ],
        [
            0.41603912147885597,
            2.2439301623489172e-05
        ]
    ],
    "min_trans_rot_dists_prec": [
        [
            0.018200467191537794,
            0.000301397129144787
        ],
        [
            0.016478105571606696,
            2.2439301623489172e-05
        ],
        [
            0.008157805074251647,
            0.00012058273196513536
        ],
        [
            0.01052104647262226,
            0.00014206678604555822
        ],
        [
            0.015937053420836633,
            0.0003207571256318431
        ],
        [
            0.015102946833573752,
            0.00032176217912172067
        ],
        [
            0.016276465800215394,
            0.00016741684376697652
        ],
        [
            0.018776311906851535,
            0.00032061389743820445
        ],
        [
            0.018801382731042815,
            0.0003146387335831724
        ],
        [
            0.008368844389237953,
            0.00015007984569648247
        ],
        [
            0.016266822248942665,
            4.384481952224295e-05
        ],
        [
            0.015514438117952927,
            7.77353001960579e-05
        ],
        [
            0.01765037873755007,
            0.0003874905340973678
        ],
        [
            0.008338688013582502,
            0.00016305810026218115
        ],
        [
            0.009388107341651278,
            0.0001963332950304375
        ],
        [
            0.008086215534621138,
            0.00016375430665471757
        ],
        [
            0.016178356689405454,
            0.00024090647538876908
        ],
        [
            0.009104943520923864,
            0.00017227371100470013
        ],
        [
            0.01634598067945082,
            0.0001990791059299779
        ],
        [
            0.008838547893504734,
            0.0001655811073016933
        ],
        [
            0.009263598185936353,
            0.00015517040550205863
        ],
        [
            0.009411518301630594,
            0.00011933794572860368
        ],
        [
            0.008085050593206787,
            0.00012787770728805992
        ],
        [
            0.019174169115977455,
            0.00023127085543261927
        ],
        [
            0.008199454404240804,
            0.00025112331869003857
        ],
        [
            0.009663726819865886,
            0.0002770297854514103
        ],
        [
            0.008431902654205613,
            0.00021244838341527572
        ],
        [
            0.016259500091117002,
            0.00015211144224724915
        ],
        [
            0.0169138712377186,
            7.42127861217412e-05
        ],
        [
            0.018272151625793154,
            0.00022940298312290608
        ],
        [
            0.01957448169294725,
            0.00031677530052054426
        ],
        [
            0.01659019421030931,
            8.611450732765036e-05
        ]
    ],
    "r_thresh_deg": 5,
    "t_thresh": 0.035,
    "t_thresh_prec": 0.04
}