{
    "match_ratio": 0.4166666666666667,
    "recall": 0.4166666666666667,
    "precision": 0.75,
    "n_avail": 12,
    "n_pred": 32,
    "out_scores": [
        1.0,
        1.0,
        1.0,
        1.0,
        1.0,
        1.0,
        1.0,
        1.0,
        1.0,
        1.0,
        1.0,
        1.0,
        1.0,
        1.0,
        1.0,
        1.0,
        1.0,
        1.0,
        1.0,
        1.0,
        1.0,
        1.0,
        1.0,
        1.0,
        1.0,
        1.0,
        1.0,
        1.0,
        1.0,
        1.0,
        1.0,
        1.0
    ],
    "min_trans_rot_dists": [
        [
            0.16513301525028193,
            0.9999157695891447
        ],
        [
            0.16492694075037248,
            5.3985902722764045e-05
        ],
        [
            0.170547551066121,
            4.327334620279899e-05
        ],
        [
            0.5104996063463411,
            1.723348070559183e-05
        ],
        [
            0.03474471713238973,
            8.729877186386403e-05
        ],
        [
            0.011544063410279885,
            9.184915519111492e-05
        ],
        [
            0.037125910141484655,
            4.327334620279899e-05
        ],
        [
            0.017714709673016762,
            4.197063153188463e-05
        ],
        [
            0.01119426089142036,
            0.9999790976804306
        ],
        [
            0.011864890217050757,
            0.00017214857964431562
        ],
        [
            0.01119426089142036,
            0.9999597464266523
        ],
        [
            0.027880113979773056,
            0.00010515760462137536
        ]
    ],
    "min_trans_rot_dists_prec": [
        [
            0.02714980662752882,
            1.723348070559183e-05
        ],
        [
            0.01189311331373461,
            0.0001442544494019149
        ],
        [
            0.03902361748292451,
            0.00010850373553417114
        ],
        [
            0.013522790328516117,
            6.93990092580643e-05
        ],
        [
            0.011888764088722602,
            6.058554218502099e-05
        ],
        [
            0.33528603957882924,
            0.00011882872152302326
        ],
        [
            0.17047519639507547,
            8.64032251982616e-05
        ],
        [
            0.41704085089717197,
            8.923890626122422e-05
        ],
        [
            0.5101517659151105,
            7.043230653291932e-05
        ],
        [
            0.013394804260351025,
            0.00014726127094222274
        ],
        [
            0.01885014563018769,
            2.5093435638501305e-05
        ],
        [
            0.010379518882392622,
            6.224339565930048e-05
        ],
        [
            0.013619665716769248,
            5.3985902722764045e-05
        ],
        [
            0.03474471713238973,
            8.729877186386403e-05
        ],
        [
            0.0376328379126076,
            5.1836351917744494e-05
        ],
        [
            0.0357809956329606,
            8.238725494791321e-05
        ],
        [
            0.5134928526244716,
            7.640360367822119e-05
        ],
        [
            0.017796283430273646,
            2.136124620055746e-05
        ],
        [
            0.037125910141484655,
            4.327334620279899e-05
        ],
        [
            0.011720039128380533,
            0.00024918268686302536
        ],
        [
            0.013539252051091365,
            6.668680845345332e-05
        ],
        [
            0.01692301247211614,
            3.9665061830285175e-05
        ],
        [
            0.027880113979773056,
            0.00010515760462137536
        ],
        [
            0.3371113487800864,
            0.00015978938267136034
        ],
        [
            0.4048012889213211,
            0.00023916466187656749
        ],
        [
            0.037659342283208996,
            0.00010419071193734641
        ],
        [
            0.011544063410279885,
            9.184915519111492e-05
        ],
        [
            0.01119426089142036,
            0.00017162427642991585
        ],
        [
            0.4153736483083386,
            0.00019439327505388349
        ],
        [
            0.011864890217050757,
            0.00017214857964431562
        ],
        [
            0.017714709673016762,
            4.197063153188463e-05
        ],
        [
            0.038569448147281304,
            6.347807091811042e-05
        ]
    ],
    "r_thresh_deg": 5,
    "t_thresh": 0.035,
    "t_thresh_prec": 0.04
}