{
    "match_ratio": 0.3125,
    "recall": 0.3125,
    "precision": 1.0,
    "n_avail": 16,
    "n_pred": 32,
    "out_scores": [
        1.0,
        1.0,
        1.0,
        1.0,
        1.0,
        1.0,
        1.0,
        1.0,
        1.0,
        1.0,
        1.0,
        1.0,
        1.0,
        1.0,
        1.0,
        1.0,
        1.0,
        1.0,
        1.0,
        1.0,
        1.0,
        1.0,
        1.0,
        1.0,
        1.0,
        1.0,
        1.0,
        1.0,
        1.0,
        1.0,
        1.0,
        1.0
    ],
    "min_trans_rot_dists": [
        [
            0.13671341156582328,
            3.761508874799979e-05
        ],
        [
            0.12796122440447036,
            0.00027349765655637626
        ],
        [
            0.12950575216436666,
            0.00025214052990685243
        ],
        [
            0.12796122440447036,
            0.9997272547712848
        ],
        [
            0.024281924813867945,
            3.752972075843353e-05
        ],
        [
            0.015991748076191466,
            0.00042094462947117606
        ],
        [
            0.0233541735295196,
            0.00025214052990685243
        ],
        [
            0.01140183036366575,
            0.0001065352038109868
        ],
        [
            0.027146642416036818,
            5.0158316349246945e-06
        ],
        [
            0.2672916221255045,
            0.9999562600379165
        ],
        [
            0.26797230357670754,
            0.9999266874657515
        ],
        [
            0.2669100633152155,
            0.9999820887253555
        ],
        [
            0.03972689918027545,
            5.0158316349246945e-06
        ],
        [
            0.31200700950456645,
            0.9999562600379165
        ],
        [
            0.3125756809584788,
            0.9999266874657515
        ],
        [
            0.3115343623946935,
            0.9999820887253555
        ]
    ],
    "min_trans_rot_dists_prec": [
        [
            0.022674059570389163,
            7.476208041246046e-05
        ],
        [
            0.022112967547657406,
            0.0002838721818931855
        ],
        [
            0.023941157584574362,
            3.848920817817181e-05
        ],
        [
            0.021527829639357676,
            2.9766477385395618e-05
        ],
        [
            0.023230344360790644,
            7.096189413680065e-05
        ],
        [
            0.020685563959247533,
            0.0004040119628715422
        ],
        [
            0.023630608650514008,
            3.761508874799979e-05
        ],
        [
            0.009845128445719034,
            1.123729561403053e-06
        ],
        [
            0.015513278586466625,
            0.0005284857789478181
        ],
        [
            0.02308945052869177,
            4.816352432257531e-05
        ],
        [
            0.022090428254933712,
            2.6821706601176665e-05
        ],
        [
            0.011582613563906354,
            1.2242797104544678e-05
        ],
        [
            0.02329247774034646,
            0.0002962035325321244
        ],
        [
            0.016397578199242948,
            0.00027349765655637626
        ],
        [
            0.0222981553605171,
            4.289587002492823e-05
        ],
        [
            0.023265388498225726,
            0.00010482394134825324
        ],
        [
            0.024281924813867945,
            3.752972075843353e-05
        ],
        [
            0.015948604872957132,
            0.0003265680984810837
        ],
        [
            0.010277355398193399,
            2.5184991753191e-06
        ],
        [
            0.03972689918027545,
            5.0158316349246945e-06
        ],
        [
            0.01681283080612196,
            0.0002794756459026937
        ],
        [
            0.02247357723282556,
            0.0003419352781308671
        ],
        [
            0.009724087589063166,
            1.547535373092046e-05
        ],
        [
            0.021005854875497942,
            0.0002355609579627327
        ],
        [
            0.021291601593438743,
            0.0002971428247682262
        ],
        [
            0.011043677012330328,
            4.4754859319207085e-05
        ],
        [
            0.0106401811769261,
            1.9296322396611387e-06
        ],
        [
            0.009757047649387526,
            4.5174580114437646e-06
        ],
        [
            0.022187199782370225,
            0.0003092359274385892
        ],
        [
            0.0233541735295196,
            0.00025214052990685243
        ],
        [
            0.01140183036366575,
            0.0001065352038109868
        ],
        [
            0.015991748076191466,
            0.00042094462947117606
        ]
    ],
    "r_thresh_deg": 5,
    "t_thresh": 0.035,
    "t_thresh_prec": 0.04
}