{
    "match_ratio": 0.75,
    "recall": 0.75,
    "precision": 1.0,
    "n_avail": 12,
    "n_pred": 32,
    "out_scores": [
        1.0,
        1.0,
        1.0,
        1.0,
        1.0,
        1.0,
        1.0,
        1.0,
        1.0,
        1.0,
        1.0,
        1.0,
        1.0,
        1.0,
        1.0,
        1.0,
        1.0,
        1.0,
        1.0,
        1.0,
        1.0,
        1.0,
        1.0,
        1.0,
        1.0,
        1.0,
        1.0,
        1.0,
        1.0,
        1.0,
        1.0,
        1.0
    ],
    "min_trans_rot_dists": [
        [
            0.008234310698781938,
            2.7076389286007085e-05
        ],
        [
            0.008899338647910048,
            3.156925532399324e-05
        ],
        [
            0.022272026323955932,
            2.2495771945685306e-05
        ],
        [
            0.023294707652519602,
            1.880391508113366e-05
        ],
        [
            0.016590703257857185,
            6.996572634554443e-05
        ],
        [
            0.022705501442251995,
            1.8012341647000163e-05
        ],
        [
            0.022629059166481717,
            9.166244939851076e-06
        ],
        [
            0.024533818119259636,
            1.3465884143748497e-05
        ],
        [
            0.03478684057310855,
            6.996572634554443e-05
        ],
        [
            0.03860887207310124,
            1.8012341647000163e-05
        ],
        [
            0.053589691142554144,
            9.166244939851076e-06
        ],
        [
            0.037130610211744276,
            1.3465884143748497e-05
        ]
    ],
    "min_trans_rot_dists_prec": [
        [
            0.0227108910304404,
            2.7137910865504544e-05
        ],
        [
            0.022629059166481717,
            9.166244939851076e-06
        ],
        [
            0.02391043983349254,
            6.322735933950163e-05
        ],
        [
            0.011850100052462398,
            2.8123986486550123e-05
        ],
        [
            0.010357393642047468,
            2.5566995175863028e-05
        ],
        [
            0.007293004631764219,
            6.823472617112358e-05
        ],
        [
            0.023491466968716707,
            6.980292590819115e-05
        ],
        [
            0.010123253516700277,
            2.4583227229202365e-05
        ],
        [
            0.009273343494578257,
            3.119493732628431e-05
        ],
        [
            0.021740512028978944,
            2.4150901946073944e-05
        ],
        [
            0.01712699748895172,
            2.843623012660501e-05
        ],
        [
            0.037130610211744276,
            1.3465884143748497e-05
        ],
        [
            0.02303637693139296,
            4.566576133924194e-05
        ],
        [
            0.023485878234795105,
            6.251818824098976e-05
        ],
        [
            0.0203803845247665,
            2.881072277294283e-05
        ],
        [
            0.02378321166983992,
            6.246760625128189e-05
        ],
        [
            0.008047948746369417,
            0.00018928198585255185
        ],
        [
            0.03478684057310855,
            6.996572634554443e-05
        ],
        [
            0.020814633908180613,
            2.182411871554102e-05
        ],
        [
            0.011441005355305237,
            2.207449802626993e-05
        ],
        [
            0.010195994440794788,
            2.7569755806644558e-05
        ],
        [
            0.00972427071255916,
            2.871065319987043e-05
        ],
        [
            0.010616731297953123,
            1.9530179180771157e-05
        ],
        [
            0.0234527659929981,
            4.666778646844616e-05
        ],
        [
            0.023254034730835284,
            1.1942921818164365e-05
        ],
        [
            0.021990558062974203,
            2.3965634245115552e-05
        ],
        [
            0.02155238466302021,
            3.85607260440235e-05
        ],
        [
            0.008234310698781938,
            2.7076389286007085e-05
        ],
        [
            0.023294707652519602,
            1.880391508113366e-05
        ],
        [
            0.008899338647910048,
            3.156925532399324e-05
        ],
        [
            0.022272026323955932,
            2.2495771945685306e-05
        ],
        [
            0.03860887207310124,
            1.8012341647000163e-05
        ]
    ],
    "r_thresh_deg": 5,
    "t_thresh": 0.035,
    "t_thresh_prec": 0.04
}