{
    "match_ratio": 0.3333333333333333,
    "recall": 0.3333333333333333,
    "precision": 1.0,
    "n_avail": 24,
    "n_pred": 32,
    "out_scores": [
        1.0,
        1.0,
        1.0,
        1.0,
        1.0,
        1.0,
        1.0,
        1.0,
        1.0,
        1.0,
        1.0,
        1.0,
        1.0,
        1.0,
        1.0,
        1.0,
        1.0,
        1.0,
        1.0,
        1.0,
        1.0,
        1.0,
        1.0,
        1.0,
        1.0,
        1.0,
        1.0,
        1.0,
        1.0,
        1.0,
        1.0,
        1.0
    ],
    "min_trans_rot_dists": [
        [
            0.4116931615936223,
            8.609086489475004e-06
        ],
        [
            0.14576279407040252,
            0.9999592316771959
        ],
        [
            0.14576279407040252,
            0.9999236485732435
        ],
        [
            0.4129647271722705,
            1.9597618730715638e-05
        ],
        [
            0.25740043507720844,
            8.609086489475004e-06
        ],
        [
            0.012260492691459556,
            0.9999851395823673
        ],
        [
            0.012260492691459556,
            0.9999304349510297
        ],
        [
            0.013582241316090378,
            0.00011825555607070104
        ],
        [
            0.18038014244412282,
            8.609086489475004e-06
        ],
        [
            0.0860887032867718,
            0.9999851395823673
        ],
        [
            0.08206548178270946,
            5.42856682328452e-06
        ],
        [
            0.18132366663716434,
            1.9597618730715638e-05
        ],
        [
            0.10369397562158769,
            8.609086489475004e-06
        ],
        [
            0.1014809776103698,
            0.9999623261341646
        ],
        [
            0.013191842994358341,
            0.00021102286467633569
        ],
        [
            0.10420144006274536,
            1.9597618730715638e-05
        ],
        [
            0.03458938267014611,
            1.979354871617378e-05
        ],
        [
            0.025160832898607762,
            0.9999623261341646
        ],
        [
            0.02785110094562774,
            0.9999906957465126
        ],
        [
            0.03259757894499024,
            3.424325820844398e-05
        ],
        [
            0.01707329858908468,
            2.1706563331336248e-05
        ],
        [
            0.011522991644164877,
            7.968532554225582e-05
        ],
        [
            0.008914965933114487,
            8.620115009316809e-05
        ],
        [
            0.010667896475097723,
            3.424325820844398e-05
        ]
    ],
    "min_trans_rot_dists_prec": [
        [
            0.01334458399367846,
            3.172661299588597e-05
        ],
        [
            0.012528686033416624,
            3.471255096054726e-05
        ],
        [
            0.01644191022825378,
            2.4101346855820438e-05
        ],
        [
            0.008356366515960133,
            6.038402743868687e-05
        ],
        [
            0.012260492691459556,
            8.621259749919119e-05
        ],
        [
            0.00836906367565419,
            0.00011103534221745814
        ],
        [
            0.013582241316090378,
            0.00011825555607070104
        ],
        [
            0.016786960198420776,
            8.414431535697098e-05
        ],
        [
            0.021231924293393066,
            8.609086489475004e-06
        ],
        [
            0.007413926385725607,
            5.42856682328452e-06
        ],
        [
            0.011951766006377876,
            4.4873772305664694e-05
        ],
        [
            0.011695863669363746,
            2.6496734716330295e-05
        ],
        [
            0.007975248830106555,
            2.0090750336487773e-05
        ],
        [
            0.012534898823231867,
            0.0002137364144711995
        ],
        [
            0.01131116513615613,
            0.000158592510676292
        ],
        [
            0.010472371630583597,
            0.00034884005160185083
        ],
        [
            0.016596512526214083,
            5.7202383781707056e-05
        ],
        [
            0.011135303944944186,
            0.0005220275499077109
        ],
        [
            0.012590208925939195,
            2.3524239339822728e-05
        ],
        [
            0.008506306829691402,
            4.3950494335032175e-05
        ],
        [
            0.009018478315890895,
            0.00010585238463955982
        ],
        [
            0.01740966905129066,
            1.979354871617378e-05
        ],
        [
            0.013191842994358341,
            0.00021102286467633569
        ],
        [
            0.011326971966787558,
            0.00016162084182158587
        ],
        [
            0.014234781160028081,
            1.9597618730715638e-05
        ],
        [
            0.01707329858908468,
            2.1706563331336248e-05
        ],
        [
            0.011136418286754627,
            9.765969199204694e-05
        ],
        [
            0.021572911425279874,
            3.492743999611303e-05
        ],
        [
            0.008914965933114487,
            8.620115009316809e-05
        ],
        [
            0.010667896475097723,
            3.424325820844398e-05
        ],
        [
            0.010442366544851542,
            0.00016018816389551382
        ],
        [
            0.011522991644164877,
            7.968532554225582e-05
        ]
    ],
    "r_thresh_deg": 5,
    "t_thresh": 0.035,
    "t_thresh_prec": 0.04
}