{
    "match_ratio": 0.5625,
    "recall": 0.5625,
    "precision": 1.0,
    "n_avail": 16,
    "n_pred": 32,
    "out_scores": [
        1.0,
        1.0,
        1.0,
        1.0,
        1.0,
        1.0,
        1.0,
        1.0,
        1.0,
        1.0,
        1.0,
        1.0,
        1.0,
        1.0,
        1.0,
        1.0,
        1.0,
        1.0,
        1.0,
        1.0,
        1.0,
        1.0,
        1.0,
        1.0,
        1.0,
        1.0,
        1.0,
        1.0,
        1.0,
        1.0,
        1.0,
        1.0
    ],
    "min_trans_rot_dists": [
        [
            0.13469192663704663,
            4.160103867389964e-05
        ],
        [
            0.12741113322246173,
            0.0003219703455997758
        ],
        [
            0.026440399929023535,
            0.0001431682246926247
        ],
        [
            0.12739649975494421,
            0.9996339857126232
        ],
        [
            0.003410724688949899,
            5.591028114571017e-05
        ],
        [
            0.024893116711348123,
            0.0002157188376928909
        ],
        [
            0.02956724137389941,
            0.0001122786311369417
        ],
        [
            0.03303154351035461,
            9.307960195192866e-05
        ],
        [
            0.04568519590381333,
            2.6325595705034566e-05
        ],
        [
            0.04544392501161027,
            0.000222472222403014
        ],
        [
            0.03857624374781369,
            0.0006750578873718771
        ],
        [
            0.05042579328678953,
            0.00011890680070769655
        ],
        [
            0.013192635646019244,
            0.0001232924153753423
        ],
        [
            0.019689183557389044,
            0.0004061346560817469
        ],
        [
            0.02386712317046752,
            0.00037804845006383925
        ],
        [
            0.027452801901190347,
            0.00011890680070769655
        ]
    ],
    "min_trans_rot_dists_prec": [
        [
            0.0008780487786543755,
            4.160103867389964e-05
        ],
        [
            0.024520535433443187,
            0.0003219703455997758
        ],
        [
            0.03533766918625221,
            0.00017967721523837188
        ],
        [
            0.004342274624294025,
            0.00011122971219357236
        ],
        [
            0.028773794573419564,
            0.00010999934610733675
        ],
        [
            0.027452801901190347,
            0.00011890680070769655
        ],
        [
            0.019435439740641974,
            0.000222472222403014
        ],
        [
            0.026440399929023535,
            0.0001431682246926247
        ],
        [
            0.027993282825932393,
            0.000387352786324735
        ],
        [
            0.028089543610853047,
            0.0006750578873718771
        ],
        [
            0.029488949194155355,
            0.0001518665336780467
        ],
        [
            0.003192203809116657,
            0.0001319346459285331
        ],
        [
            0.0022026000910916254,
            0.00020092588352949026
        ],
        [
            0.028637138617945933,
            0.0003875467091367657
        ],
        [
            0.02601148977410752,
            0.00014701563325769662
        ],
        [
            0.029398180214474667,
            0.0002863377555978319
        ],
        [
            0.02861542250870263,
            0.00024760354367092674
        ],
        [
            0.02963583909871118,
            0.0001825327040261282
        ],
        [
            0.02956724137389941,
            0.0001122786311369417
        ],
        [
            0.027183031719902412,
            0.0004274020312607929
        ],
        [
            0.03389927466679777,
            0.0001457054584511619
        ],
        [
            0.020203068430000446,
            0.00021150904450162322
        ],
        [
            0.011558064990970816,
            2.6325595705034566e-05
        ],
        [
            0.013192635646019244,
            0.0001232924153753423
        ],
        [
            0.0023227326494948395,
            0.00010767773327025054
        ],
        [
            0.03396077342874034,
            0.0003751839068134588
        ],
        [
            0.02386712317046752,
            0.00037804845006383925
        ],
        [
            0.0027315484655581635,
            6.514837778115457e-05
        ],
        [
            0.019689183557389044,
            0.0004061346560817469
        ],
        [
            0.003410724688949899,
            5.591028114571017e-05
        ],
        [
            0.024893116711348123,
            0.0002157188376928909
        ],
        [
            0.03303154351035461,
            9.307960195192866e-05
        ]
    ],
    "r_thresh_deg": 5,
    "t_thresh": 0.035,
    "t_thresh_prec": 0.04
}