{
    "match_ratio": 0.39285714285714285,
    "recall": 0.39285714285714285,
    "precision": 1.0,
    "n_avail": 28,
    "n_pred": 32,
    "out_scores": [
        1.0,
        1.0,
        1.0,
        1.0,
        1.0,
        1.0,
        1.0,
        1.0,
        1.0,
        1.0,
        1.0,
        1.0,
        1.0,
        1.0,
        1.0,
        1.0,
        1.0,
        1.0,
        1.0,
        1.0,
        1.0,
        1.0,
        1.0,
        1.0,
        1.0,
        1.0,
        1.0,
        1.0,
        1.0,
        1.0,
        1.0,
        1.0
    ],
    "min_trans_rot_dists": [
        [
            0.08508430634887511,
            0.9999983666437076
        ],
        [
            0.09148651556306592,
            0.00010474268919902219
        ],
        [
            0.08638132258261248,
            0.9999216831278227
        ],
        [
            0.08508430634887511,
            0.00025464030466915144
        ],
        [
            0.01173847847194542,
            0.00010769774128971399
        ],
        [
            0.023996636780408413,
            0.00010474268919902219
        ],
        [
            0.010989676710562104,
            0.001160344606135011
        ],
        [
            0.02402758881543238,
            0.00018490821047068007
        ],
        [
            0.042745433778827766,
            0.0001225143300478404
        ],
        [
            0.045762239007905,
            2.0155957333067853e-05
        ],
        [
            0.04175394259046149,
            0.999871406788941
        ],
        [
            0.04460793291149372,
            1.1459794766910392e-05
        ],
        [
            0.013931407301885494,
            0.00014015585971483002
        ],
        [
            0.022731584025062816,
            4.1938411073139115e-05
        ],
        [
            0.008974068910606071,
            0.0006115980529481924
        ],
        [
            0.024000214611442593,
            1.1459794766910392e-05
        ],
        [
            0.12923512561201075,
            0.00010899184446366839
        ],
        [
            0.13309503752644658,
            2.0155957333067853e-05
        ],
        [
            0.12626683023040175,
            0.0003636529318055137
        ],
        [
            0.023015542328261796,
            0.00016982732939907486
        ],
        [
            0.08205507878074675,
            4.7254717131295365e-05
        ],
        [
            0.21791579585226153,
            2.0155957333067853e-05
        ],
        [
            0.21163633341328894,
            0.0003636529318055137
        ],
        [
            0.08757414119427719,
            0.9999012581844192
        ],
        [
            0.017121600864715213,
            8.286040559035701e-05
        ],
        [
            0.025240735909828237,
            8.520240222298359e-05
        ],
        [
            0.2971170320007436,
            0.0003636529318055137
        ],
        [
            0.023324111761574173,
            0.9999012581844192
        ]
    ],
    "min_trans_rot_dists_prec": [
        [
            0.023996636780408413,
            0.00010474268919902219
        ],
        [
            0.014552202043451524,
            0.0001225143300478404
        ],
        [
            0.013200304813657632,
            0.00010899184446366839
        ],
        [
            0.011272283946960355,
            0.0003636529318055137
        ],
        [
            0.013780985153397124,
            5.454729286635818e-05
        ],
        [
            0.022549305704569617,
            2.0155957333067853e-05
        ],
        [
            0.02228772288446644,
            9.119971308257924e-05
        ],
        [
            0.022629469434278175,
            7.327993701822244e-05
        ],
        [
            0.013092171686615773,
            0.00022645308792801355
        ],
        [
            0.02390736837047765,
            4.1042887870434974e-05
        ],
        [
            0.01346447155884336,
            0.00015849199866091457
        ],
        [
            0.023324111761574173,
            0.00024317198329648626
        ],
        [
            0.025240735909828237,
            8.520240222298359e-05
        ],
        [
            0.016060065030182948,
            4.7254717131295365e-05
        ],
        [
            0.023015542328261796,
            0.00016982732939907486
        ],
        [
            0.02262901881168134,
            4.122578104037711e-05
        ],
        [
            0.01900322651220141,
            0.00025464030466915144
        ],
        [
            0.008974068910606071,
            0.0006115980529481924
        ],
        [
            0.023429671773514144,
            9.470662974631061e-06
        ],
        [
            0.02295108260032683,
            5.460339991480989e-05
        ],
        [
            0.013658363086312679,
            0.00011114017980295987
        ],
        [
            0.02402758881543238,
            0.00018490821047068007
        ],
        [
            0.024000214611442593,
            1.1459794766910392e-05
        ],
        [
            0.014033449070101931,
            8.847304542414225e-05
        ],
        [
            0.01173847847194542,
            0.00010769774128971399
        ],
        [
            0.013366324517492425,
            0.0001244776032375272
        ],
        [
            0.01297128078773542,
            0.0001230517907397921
        ],
        [
            0.017121600864715213,
            8.286040559035701e-05
        ],
        [
            0.02250387251142452,
            6.906237550174943e-05
        ],
        [
            0.013931407301885494,
            0.00014015585971483002
        ],
        [
            0.022731584025062816,
            4.1938411073139115e-05
        ],
        [
            0.010989676710562104,
            0.001160344606135011
        ]
    ],
    "r_thresh_deg": 5,
    "t_thresh": 0.035,
    "t_thresh_prec": 0.04
}