{
    "match_ratio": 0.0,
    "recall": 0.0,
    "precision": 0.0,
    "n_avail": 14,
    "n_pred": 32,
    "out_scores": [
        0.8766140341758728,
        0.9245386123657227,
        0.9876225590705872,
        0.9343101978302002,
        0.9790536165237427,
        0.8035079836845398,
        0.9589821100234985,
        0.9981263279914856,
        0.9981339573860168,
        0.997383177280426,
        0.9784295558929443,
        0.9437716603279114,
        0.9487771987915039,
        0.9935939908027649,
        0.9954808950424194,
        0.9931877851486206,
        0.8766587972640991,
        0.9253101348876953,
        0.9305679798126221,
        0.9945333003997803,
        0.9974642992019653,
        0.9725163578987122,
        0.8881275653839111,
        0.6947454214096069,
        0.9981435537338257,
        0.9944539666175842,
        0.9799430966377258,
        0.9834943413734436,
        0.9581940174102783,
        0.99534672498703,
        0.9842326641082764,
        0.9965574741363525
    ],
    "min_trans_rot_dists": [
        [
            0.1604133308267584,
            0.5654570575033084
        ],
        [
            0.2124005312755607,
            0.06092704987445885
        ],
        [
            0.15158943288268478,
            0.5654570575033084
        ],
        [
            0.11284060265747084,
            0.06092704987445885
        ],
        [
            0.02581610635115687,
            0.5213592188234346
        ],
        [
            0.049532077698422085,
            0.06092704987445885
        ],
        [
            0.14246079508841467,
            0.41529897536714044
        ],
        [
            0.15698430683407555,
            0.39033051986573397
        ],
        [
            0.09826534899030828,
            0.5103677766260422
        ],
        [
            0.09361538409805678,
            0.11623138386236864
        ],
        [
            0.04830351337510016,
            0.5624384077268683
        ],
        [
            0.0634031122952246,
            0.2601331806790248
        ],
        [
            0.15825253963308017,
            0.6578995480093688
        ],
        [
            0.15825253963308017,
            0.39033051986573397
        ]
    ],
    "min_trans_rot_dists_prec": [
        [
            0.20780358363420284,
            0.39033051986573397
        ],
        [
            0.40323817909987203,
            0.6481604083331958
        ],
        [
            0.2537618432676126,
            0.7107328512589973
        ],
        [
            0.17573410687595525,
            0.6485250324907139
        ],
        [
            0.11284060265747084,
            0.06092704987445885
        ],
        [
            0.48198233422170594,
            0.6649380217650784
        ],
        [
            0.3083101965239362,
            0.8364351654437487
        ],
        [
            0.3589692252604723,
            0.8376136571538625
        ],
        [
            0.4290556179934601,
            0.8047095989935799
        ],
        [
            0.32984540832849063,
            0.21132000670546203
        ],
        [
            0.27197987248205446,
            0.8443465094411284
        ],
        [
            0.1604133308267584,
            0.5654570575033084
        ],
        [
            0.6545399231859882,
            0.9275889099293656
        ],
        [
            0.4010061547647397,
            0.8418687004406915
        ],
        [
            0.23469208417600748,
            0.5213592188234346
        ],
        [
            0.27713874834125685,
            0.41529897536714044
        ],
        [
            0.3207990404293874,
            0.75982532833836
        ],
        [
            0.47146167959339935,
            0.7271281614932976
        ],
        [
            0.22774968741503637,
            0.8673508026836079
        ],
        [
            0.5211932454484366,
            0.6682492271692346
        ],
        [
            0.41385395893979005,
            0.6353786464811646
        ],
        [
            0.23556230423852537,
            0.2601331806790248
        ],
        [
            0.30731487272469743,
            0.5624384077268683
        ],
        [
            0.6145402922616126,
            0.1304754093116589
        ],
        [
            0.29142011294819736,
            0.5103677766260422
        ],
        [
            0.4106091067291283,
            0.6975386235912667
        ],
        [
            0.3722282572009684,
            0.25560914521950406
        ],
        [
            0.5087609438611161,
            0.5135324207129196
        ],
        [
            0.5031245276715336,
            0.6400532817205868
        ],
        [
            0.33755672055077157,
            0.9821971433349259
        ],
        [
            0.2556112408813141,
            0.11623138386236864
        ],
        [
            0.21340889680149422,
            0.8171073435570367
        ]
    ],
    "r_thresh_deg": 5,
    "t_thresh": 0.035,
    "t_thresh_prec": 0.04
}