{
    "match_ratio": 0.0,
    "recall": 0.0,
    "precision": 0.0,
    "n_avail": 6,
    "n_pred": 32,
    "out_scores": [
        0.9511315226554871,
        0.004417956806719303,
        0.8932015895843506,
        0.6198573708534241,
        0.8440283536911011,
        0.7298172116279602,
        0.9010457396507263,
        0.869151771068573,
        0.8364107608795166,
        0.8300371766090393,
        0.7579341530799866,
        0.8609679341316223,
        0.802361011505127,
        0.8295242786407471,
        0.8318412899971008,
        0.8292651772499084,
        0.9475399255752563,
        0.8661192059516907,
        0.6632813215255737,
        0.7330411076545715,
        0.8376758098602295,
        0.784361720085144,
        0.7177483439445496,
        0.7196665406227112,
        0.8105899095535278,
        0.6285886764526367,
        0.9007651805877686,
        0.7210385799407959,
        0.7481494545936584,
        0.7434682846069336,
        0.8664091229438782,
        0.8211812376976013
    ],
    "min_trans_rot_dists": [
        [
            0.20031367754865068,
            0.09226058003949644
        ],
        [
            0.22489373287011155,
            0.41968854837215863
        ],
        [
            0.0773053349603897,
            0.09226058003949644
        ],
        [
            0.12672790390041255,
            0.614177130199016
        ],
        [
            0.031721179333162194,
            0.4174155325387334
        ],
        [
            0.037922843750842795,
            0.614177130199016
        ]
    ],
    "min_trans_rot_dists_prec": [
        [
            0.12672790390041255,
            0.614177130199016
        ],
        [
            0.5632348936660058,
            0.5473615458361646
        ],
        [
            1.0695936603035001,
            0.12992455438023198
        ],
        [
            0.9844550745563689,
            0.9479095214327202
        ],
        [
            0.6187592653804738,
            0.764939035412455
        ],
        [
            0.20031367754865068,
            0.09226058003949644
        ],
        [
            0.7038849393618386,
            0.523057755685707
        ],
        [
            0.269431136687923,
            0.49292533989268406
        ],
        [
            0.740992359513576,
            0.8586078489506112
        ],
        [
            0.8195610178207385,
            0.6636632285457168
        ],
        [
            0.6080255598486621,
            0.6267700311007014
        ],
        [
            0.5670949765287787,
            0.27503698614462724
        ],
        [
            0.6950968225845146,
            0.18776370147346522
        ],
        [
            0.2042497644879402,
            0.43594854932191685
        ],
        [
            1.0415757318034673,
            0.9745744452623469
        ],
        [
            0.2636467764251333,
            0.4174155325387334
        ],
        [
            0.9014706599703571,
            0.9889663094387402
        ],
        [
            1.0476937805475088,
            0.9563237998898375
        ],
        [
            1.1431684454507356,
            0.3395031931396495
        ],
        [
            1.0752019110150424,
            0.044832068409688675
        ],
        [
            0.7516689012682286,
            0.6289698710109963
        ],
        [
            0.679977310704625,
            0.3823275291536459
        ],
        [
            0.6534993760345378,
            0.6307830227508484
        ],
        [
            0.45864187879816704,
            0.5705776830382345
        ],
        [
            0.8894816904101255,
            0.7255421080928286
        ],
        [
            0.48374017420918874,
            0.8840861140731398
        ],
        [
            0.355040977489959,
            0.9703909434977565
        ],
        [
            1.1919382394498095,
            0.9404061369092387
        ],
        [
            0.22489373287011155,
            0.9328474726722408
        ],
        [
            0.6010110852536118,
            0.7207870199169695
        ],
        [
            0.8809619750258993,
            0.15839006418323032
        ],
        [
            1.1159049611699348,
            0.9932623449339218
        ]
    ],
    "r_thresh_deg": 5,
    "t_thresh": 0.035,
    "t_thresh_prec": 0.04
}