{
    "match_ratio": 0.16666666666666666,
    "recall": 0.16666666666666666,
    "precision": 0.03125,
    "n_avail": 6,
    "n_pred": 32,
    "out_scores": [
        0.9912763833999634,
        0.9911491870880127,
        0.9907428622245789,
        0.9860667586326599,
        0.9911302328109741,
        0.9907777309417725,
        0.990504801273346,
        0.9893795847892761,
        0.9818060398101807,
        0.9916600584983826,
        0.9910107851028442,
        0.9916815161705017,
        0.9901873469352722,
        0.9769238829612732,
        0.9915307760238647,
        0.9912171363830566,
        0.9909409880638123,
        0.9878684282302856,
        0.9917444586753845,
        0.9892644286155701,
        0.9900397658348083,
        0.9888028502464294,
        0.9909111857414246,
        0.9909742474555969,
        0.9849017262458801,
        0.9891642928123474,
        0.9910119771957397,
        0.9909199476242065,
        0.9814910888671875,
        0.9918698072433472,
        0.989753246307373,
        0.991085946559906
    ],
    "min_trans_rot_dists": [
        [
            0.2345278901465226,
            0.044276944864763745
        ],
        [
            0.12037960021321616,
            0.7413814105580799
        ],
        [
            0.021071671397268364,
            0.0007717969445336648
        ],
        [
            0.043314365542054235,
            0.7241240089423866
        ],
        [
            0.12225468499607335,
            0.013584269575675267
        ],
        [
            0.11991437486900404,
            0.4048241462295705
        ]
    ],
    "min_trans_rot_dists_prec": [
        [
            0.3739962086112534,
            0.872729964639996
        ],
        [
            0.35431324511144763,
            0.536562900290813
        ],
        [
            0.3717964733580222,
            0.7279491950725845
        ],
        [
            0.24019980294396576,
            0.664107385565734
        ],
        [
            0.21729081043047033,
            0.7934868748145332
        ],
        [
            0.2345278901465226,
            0.044276944864763745
        ],
        [
            0.3184100759996699,
            0.013584269575675267
        ],
        [
            0.30490392753276097,
            0.21840768601067995
        ],
        [
            0.24030532220458067,
            0.7467582620792916
        ],
        [
            0.33243535775264454,
            0.5871304555962666
        ],
        [
            0.30787257790465095,
            0.4106375390340673
        ],
        [
            0.4787357354804758,
            0.5685928548204946
        ],
        [
            0.17300800425716517,
            0.8272311951535134
        ],
        [
            0.12037960021321616,
            0.3034429533497145
        ],
        [
            0.316375920795795,
            0.645716979723107
        ],
        [
            0.27255476706886933,
            0.020365824671831234
        ],
        [
            0.4284618645922287,
            0.38435943238050196
        ],
        [
            0.27777564101936947,
            0.1561060135736655
        ],
        [
            0.503046981599038,
            0.5923476783018082
        ],
        [
            0.2953813343257329,
            0.8247755422806713
        ],
        [
            0.021071671397268364,
            0.0007717969445336648
        ],
        [
            0.3143000623512325,
            0.5508659131033287
        ],
        [
            0.28989130630715154,
            0.6502193233130431
        ],
        [
            0.32107801898639504,
            0.7020301015598536
        ],
        [
            0.35368876386427817,
            0.7853978382189719
        ],
        [
            0.27447094086803664,
            0.977059835747962
        ],
        [
            0.4107379113981663,
            0.6127376062475766
        ],
        [
            0.2805025559381727,
            0.4048241462295705
        ],
        [
            0.08816229757851037,
            0.32665579477044815
        ],
        [
            0.16074815409137475,
            0.3409391124515865
        ],
        [
            0.06817959763998192,
            0.5244538866869192
        ],
        [
            0.043314365542054235,
            0.7241240089423866
        ]
    ],
    "r_thresh_deg": 5,
    "t_thresh": 0.035,
    "t_thresh_prec": 0.04
}