{
    "match_ratio": 0.0,
    "recall": 0.0,
    "precision": 0.0,
    "n_avail": 2,
    "n_pred": 32,
    "out_scores": [
        0.3441348075866699,
        0.09571865200996399,
        0.41041040420532227,
        0.4305950403213501,
        0.3193754255771637,
        0.9651774168014526,
        0.9002124667167664,
        0.5454659461975098,
        0.1612595021724701,
        0.8710445165634155,
        0.9896265268325806,
        0.19856394827365875,
        0.1847398728132248,
        0.8730388879776001,
        0.3878113031387329,
        0.18543343245983124,
        0.9808680415153503,
        0.16725805401802063,
        0.8703121542930603,
        0.008602321147918701,
        0.6301126480102539,
        0.9867002964019775,
        0.9024866223335266,
        0.03471308946609497,
        0.9177732467651367,
        0.7425349950790405,
        0.9890908598899841,
        0.20087920129299164,
        0.9873838424682617,
        0.4119568467140198,
        0.9813511371612549,
        0.9910263419151306
    ],
    "min_trans_rot_dists": [
        [
            0.12527845384042788,
            0.08838090238958429
        ],
        [
            0.18696264502668397,
            0.7518485326601905
        ]
    ],
    "min_trans_rot_dists_prec": [
        [
            0.2762501670638862,
            0.3581866480408069
        ],
        [
            0.2977250951222271,
            0.12889319677046218
        ],
        [
            0.26774342133193785,
            0.4917857745336195
        ],
        [
            0.30898463912429097,
            0.9898216594222684
        ],
        [
            0.27091030018669787,
            0.5030010948226282
        ],
        [
            0.2990483409892246,
            0.8109581492956828
        ],
        [
            0.20603642092811822,
            0.9998457231075947
        ],
        [
            0.2406624677474506,
            0.9822825579939756
        ],
        [
            0.24575265631291374,
            0.7062181216490244
        ],
        [
            0.12396873543661788,
            0.6573479231705914
        ],
        [
            0.12527845384042788,
            0.08838090238958429
        ],
        [
            0.1996597627760276,
            0.9710206604913074
        ],
        [
            0.42757404697957013,
            0.963686918978625
        ],
        [
            0.2649575109292598,
            0.99110065984685
        ],
        [
            0.010851128514740835,
            0.9608906975167033
        ],
        [
            0.21726441591029833,
            0.9998153860221821
        ],
        [
            0.04954560367892662,
            0.8526866561091955
        ],
        [
            0.19472093995114656,
            0.9509363890852485
        ],
        [
            0.09335889287357572,
            0.978719076413191
        ],
        [
            0.14282161823499476,
            0.29766538867136727
        ],
        [
            0.2216533728573909,
            0.9841170814676925
        ],
        [
            0.1744944139933537,
            0.9936158442597212
        ],
        [
            0.1369479918313977,
            0.9025565987779433
        ],
        [
            0.18696264502668397,
            0.9432116552847544
        ],
        [
            0.030652985015451654,
            0.9956027270849679
        ],
        [
            0.05374096947953314,
            0.9994418115632515
        ],
        [
            0.10501586610123993,
            0.9643306029820213
        ],
        [
            0.03833846532158656,
            0.9997661397596188
        ],
        [
            0.059585406518330705,
            0.2669082167534994
        ],
        [
            0.12890988011433258,
            0.7337932316663262
        ],
        [
            0.0926731240504596,
            0.9996096797176228
        ],
        [
            0.07278145862958002,
            0.28248764220459277
        ]
    ],
    "r_thresh_deg": 5,
    "t_thresh": 0.035,
    "t_thresh_prec": 0.04
}