{
    "match_ratio": 0.0,
    "recall": 0.0,
    "precision": 0.0,
    "n_avail": 4,
    "n_pred": 32,
    "out_scores": [
        0.032189466059207916,
        0.7987241744995117,
        0.010797541588544846,
        0.8899208307266235,
        0.8579316735267639,
        0.8075551986694336,
        0.9934305548667908,
        0.02206595242023468,
        0.9326244592666626,
        0.3792135417461395,
        0.0033341425005346537,
        0.9822129011154175,
        0.02136055938899517,
        0.3876526951789856,
        0.9901962280273438,
        0.00634193466976285,
        0.6623046398162842,
        0.42431434988975525,
        0.0023150434717535973,
        0.866366982460022,
        0.7211335301399231,
        0.0011858546640723944,
        0.6720243096351624,
        0.00598421785980463,
        0.013449648395180702,
        0.016219548881053925,
        0.8238025307655334,
        0.7911838889122009,
        0.02140301652252674,
        0.5510144233703613,
        0.8934364318847656,
        0.9644523859024048
    ],
    "min_trans_rot_dists": [
        [
            0.21247625869069076,
            0.19055452762755187
        ],
        [
            0.23179527308738154,
            0.1619163601748259
        ],
        [
            0.01649347668338453,
            0.17608768381898965
        ],
        [
            0.09609398156028445,
            0.1619163601748259
        ]
    ],
    "min_trans_rot_dists_prec": [
        [
            0.2799752261914496,
            0.4369098943406611
        ],
        [
            0.09609398156028445,
            0.1619163601748259
        ],
        [
            0.30644934860135853,
            0.32153139382725326
        ],
        [
            0.027052424413709166,
            0.5328425227967672
        ],
        [
            0.5678634021652371,
            0.3106298527386089
        ],
        [
            0.15698352012101555,
            0.9105239025609208
        ],
        [
            0.18420773083993872,
            0.9489680112409321
        ],
        [
            0.08057341523477053,
            0.5281070019165586
        ],
        [
            0.3700846169235086,
            0.9041642576012805
        ],
        [
            0.29314852866279517,
            0.7614622553181225
        ],
        [
            0.37497955124248605,
            0.4335459343914386
        ],
        [
            0.3644738868291791,
            0.901245248342497
        ],
        [
            0.3669021881239204,
            0.3776200535615636
        ],
        [
            0.2698551555870128,
            0.34118976987436267
        ],
        [
            0.274200078387297,
            0.4853349755916945
        ],
        [
            0.3359759292602167,
            0.20729512144737716
        ],
        [
            0.18335105538981455,
            0.6794944045956102
        ],
        [
            0.2778012911512131,
            0.17608768381898965
        ],
        [
            0.3054195245622504,
            0.2190524715410802
        ],
        [
            0.24415280708737008,
            0.6807315569907186
        ],
        [
            0.18570892975089323,
            0.5307088079447921
        ],
        [
            0.21247625869069076,
            0.19055452762755187
        ],
        [
            0.32357349332734336,
            0.37803883083723466
        ],
        [
            0.29629816812549553,
            0.036042458321967064
        ],
        [
            0.322127821686256,
            0.5368110301064989
        ],
        [
            0.4184184690552856,
            0.4915551534657109
        ],
        [
            0.36703007563153545,
            0.25709690648503414
        ],
        [
            0.2991527127648162,
            0.07936522996703144
        ],
        [
            0.2637991297992788,
            0.09516822190984386
        ],
        [
            0.2797495250870652,
            0.01124279376391335
        ],
        [
            0.3236058272847375,
            0.35938037430339786
        ],
        [
            0.27465587988255247,
            0.8545746875576459
        ]
    ],
    "r_thresh_deg": 5,
    "t_thresh": 0.035,
    "t_thresh_prec": 0.04
}