{
    "match_ratio": 0.08333333333333333,
    "recall": 0.08333333333333333,
    "precision": 0.0625,
    "n_avail": 12,
    "n_pred": 32,
    "out_scores": [
        0.9030339121818542,
        0.9625017642974854,
        0.9585735201835632,
        0.9227163195610046,
        0.9379078149795532,
        0.946615993976593,
        0.9487686157226562,
        0.8361826539039612,
        0.818793535232544,
        0.7194287180900574,
        0.9628084301948547,
        0.15267452597618103,
        0.7075685858726501,
        0.9835805296897888,
        0.9552047252655029,
        0.9212139248847961,
        0.02378840371966362,
        0.9482227563858032,
        0.9660507440567017,
        0.7291368246078491,
        0.9295291900634766,
        0.950980544090271,
        0.9222195744514465,
        0.9414350390434265,
        0.9402456879615784,
        0.9540284276008606,
        0.8793120384216309,
        0.9557124376296997,
        0.9634153842926025,
        0.9495939016342163,
        0.9377695322036743,
        0.803716778755188
    ],
    "min_trans_rot_dists": [
        [
            0.08654067193019713,
            0.7316190159109581
        ],
        [
            0.4619234626211771,
            0.4981250326690554
        ],
        [
            0.025627870790545893,
            0.7316190159109581
        ],
        [
            0.3980834303682726,
            0.4981250326690554
        ],
        [
            0.06706934365321798,
            0.07460871123354573
        ],
        [
            0.3280903575985183,
            0.4981250326690554
        ],
        [
            0.1689684978845031,
            0.04044894476660077
        ],
        [
            0.2262399179790384,
            0.4981250326690554
        ],
        [
            0.08371538264294302,
            0.05955826307474332
        ],
        [
            0.15003623375809091,
            0.6440516494434632
        ],
        [
            0.021688335870132202,
            0.008889163644429376
        ],
        [
            0.08540949363446966,
            0.5466981124645569
        ]
    ],
    "min_trans_rot_dists_prec": [
        [
            0.48876803475566233,
            0.6440516494434632
        ],
        [
            0.21073743449690133,
            0.8107168860266296
        ],
        [
            0.08654067193019713,
            0.7316190159109581
        ],
        [
            0.39459692327960333,
            0.05955826307474332
        ],
        [
            0.3980834303682726,
            0.4981250326690554
        ],
        [
            0.17706372241274307,
            0.8792826485684203
        ],
        [
            0.22993889661070338,
            0.9390992639610078
        ],
        [
            0.13079845885163544,
            0.07460871123354573
        ],
        [
            0.20196458221307184,
            0.8332660505402368
        ],
        [
            0.3728097599435496,
            0.5809195700467435
        ],
        [
            0.30399743905340854,
            0.8106178276982876
        ],
        [
            0.24599299836482033,
            0.009881172091741663
        ],
        [
            0.021688335870132202,
            0.008889163644429376
        ],
        [
            0.5409114822735979,
            0.334766394813113
        ],
        [
            0.2810415942314162,
            0.2625632353657409
        ],
        [
            0.49744465746968247,
            0.27771734793933445
        ],
        [
            0.3630951911487565,
            0.0806482977265387
        ],
        [
            0.11716727097801867,
            0.6790312292411953
        ],
        [
            0.49269019481500115,
            0.05161343354937087
        ],
        [
            0.6043111115324552,
            0.6347964689053864
        ],
        [
            0.14616770641876622,
            0.9723580174600711
        ],
        [
            0.3547611854269946,
            0.2735764817577455
        ],
        [
            0.4185971197223495,
            0.20782921859909442
        ],
        [
            0.46270737503988774,
            0.16789482373224174
        ],
        [
            0.03954992692912194,
            0.04669145130086383
        ],
        [
            0.3227757128917331,
            0.7829286268796958
        ],
        [
            0.3674583341016452,
            0.3755129673963499
        ],
        [
            0.26303072385523313,
            0.8478006620952363
        ],
        [
            0.2240710913523863,
            0.04044894476660077
        ],
        [
            0.2944352408661869,
            0.5466981124645569
        ],
        [
            0.4584302712581894,
            0.1101648021290007
        ],
        [
            0.3633276337739533,
            0.5970496034982051
        ]
    ],
    "r_thresh_deg": 5,
    "t_thresh": 0.035,
    "t_thresh_prec": 0.04
}