{
    "match_ratio": 0.25,
    "recall": 0.25,
    "precision": 0.0625,
    "n_avail": 4,
    "n_pred": 32,
    "out_scores": [
        0.958774745464325,
        0.9599393010139465,
        0.8743723630905151,
        0.922681450843811,
        0.9730507135391235,
        0.9358609318733215,
        0.9379413723945618,
        0.8560287356376648,
        0.951752781867981,
        0.9516006112098694,
        0.9657485485076904,
        0.9414409399032593,
        0.7432913780212402,
        0.9412676095962524,
        0.9255699515342712,
        0.7782387137413025,
        0.7465885877609253,
        0.9449924230575562,
        0.9827238917350769,
        0.982188880443573,
        0.9691768884658813,
        0.9816251397132874,
        0.912177324295044,
        0.9182873368263245,
        0.7406631708145142,
        0.9750620722770691,
        0.9106655120849609,
        0.968896746635437,
        0.9406970143318176,
        0.9834000468254089,
        0.8162705898284912,
        0.8458163738250732
    ],
    "min_trans_rot_dists": [
        [
            0.04720847285836312,
            0.09431043467496625
        ],
        [
            0.057047941578747936,
            0.006865346344804513
        ],
        [
            0.034835180615215705,
            0.010774319412090838
        ],
        [
            0.11151853454651142,
            0.006865346344804513
        ]
    ],
    "min_trans_rot_dists_prec": [
        [
            0.24099548890452985,
            0.5830829401486964
        ],
        [
            0.13644216113947158,
            0.3886633056921197
        ],
        [
            0.06308110662579956,
            0.10584345089789571
        ],
        [
            0.1290726712169404,
            0.45903758207534895
        ],
        [
            0.2169724648225083,
            0.9029102934396942
        ],
        [
            0.33624561072331927,
            0.7685100634516402
        ],
        [
            0.22741261662965034,
            0.033388771919256155
        ],
        [
            0.13707795009499915,
            0.22975890503285046
        ],
        [
            0.057047941578747936,
            0.9985516904047474
        ],
        [
            0.2673737456902238,
            0.4755202885417714
        ],
        [
            0.1050443698715165,
            0.7314558749993283
        ],
        [
            0.19796534546887995,
            0.9446521372660949
        ],
        [
            0.14040603406787727,
            0.5938453579566249
        ],
        [
            0.07443612088207123,
            0.42710465084340277
        ],
        [
            0.1081141693012578,
            0.6068370356137951
        ],
        [
            0.24373200006075268,
            0.7731003512342033
        ],
        [
            0.09880915408625933,
            0.8129136297345787
        ],
        [
            0.23707446801080437,
            0.5085916047334318
        ],
        [
            0.10267758927489938,
            0.8313350420722745
        ],
        [
            0.149443190218237,
            0.5289117646030815
        ],
        [
            0.0833602863650432,
            0.41465585888932566
        ],
        [
            0.19750260538255632,
            0.8337490401014687
        ],
        [
            0.036794535965202366,
            0.018061140763429573
        ],
        [
            0.04720847285836312,
            0.09431043467496625
        ],
        [
            0.20591006402170992,
            0.43375584718881066
        ],
        [
            0.034835180615215705,
            0.010774319412090838
        ],
        [
            0.1571626419485437,
            0.06173691715735685
        ],
        [
            0.1373097119109379,
            0.3776095341294837
        ],
        [
            0.15626202753564003,
            0.18913474331913216
        ],
        [
            0.1733571184989825,
            0.5151227769235043
        ],
        [
            0.16478935140998563,
            0.25306165382170076
        ],
        [
            0.07670484056403698,
            0.03725387777186995
        ]
    ],
    "r_thresh_deg": 5,
    "t_thresh": 0.035,
    "t_thresh_prec": 0.04
}