{
    "match_ratio": 0.0,
    "recall": 0.0,
    "precision": 0.0,
    "n_avail": 4,
    "n_pred": 32,
    "out_scores": [
        0.01361363660544157,
        0.9752801656723022,
        1.6073158803919796e-06,
        5.031688033341197e-06,
        4.6396991804087406e-10,
        2.565205704740947e-06,
        0.0013780567096546292,
        4.955106760462513e-07,
        8.431275944076333e-08,
        8.466045073873829e-06,
        0.9225406050682068,
        9.502648026682436e-06,
        0.22342723608016968,
        3.3778779773285805e-10,
        5.941382823948516e-06,
        1.165880370024297e-08,
        2.8077842273432907e-09,
        5.044681339327894e-10,
        1.9086539850832196e-06,
        4.884038844465977e-06,
        3.3426406087500027e-10,
        4.029068804811686e-06,
        3.7301195021655076e-08,
        0.011459367349743843,
        0.9590070247650146,
        2.5161780285998248e-06,
        0.9590140581130981,
        0.004859160166233778,
        0.4488804042339325,
        0.014113998040556908,
        1.7327261048194487e-06,
        9.595497976988554e-05
    ],
    "min_trans_rot_dists": [
        [
            0.11797609807877266,
            0.1219008172577275
        ],
        [
            0.09644644611385077,
            0.719976518333725
        ],
        [
            0.04462871036926305,
            0.875704068086398
        ],
        [
            0.04462871036926305,
            0.8892025249269628
        ]
    ],
    "min_trans_rot_dists_prec": [
        [
            0.05068995444358391,
            0.9365482073337622
        ],
        [
            0.11797609807877266,
            0.1219008172577275
        ],
        [
            0.22826143832329293,
            0.875704068086398
        ],
        [
            0.23426168793991556,
            0.7129271468809566
        ],
        [
            0.17749940115855978,
            0.6259579784549164
        ],
        [
            0.17658275134750992,
            0.5408403863909159
        ],
        [
            0.09644644611385077,
            0.6725605294910436
        ],
        [
            0.1316047093888532,
            0.3125553327991135
        ],
        [
            0.19461605654984754,
            0.5628811301137968
        ],
        [
            0.16506097747341666,
            0.5516935268029028
        ],
        [
            0.20281977124304215,
            0.6558672199052293
        ],
        [
            0.24992129353406695,
            0.7826438785707756
        ],
        [
            0.291644717170921,
            0.6761207071934552
        ],
        [
            0.25067489225125106,
            0.817074670184623
        ],
        [
            0.22411856429975943,
            0.8043831303839787
        ],
        [
            0.21386480824789794,
            0.952913534647322
        ],
        [
            0.17429557922571776,
            0.8189174305906338
        ],
        [
            0.2030973108948694,
            0.5881613085547288
        ],
        [
            0.15056919238838945,
            0.7724224829663942
        ],
        [
            0.2430763604854586,
            0.8782187995304039
        ],
        [
            0.16915971828198353,
            0.7292723172504125
        ],
        [
            0.09979568113670897,
            0.8033685813517768
        ],
        [
            0.1455179199143543,
            0.9513531693892829
        ],
        [
            0.4060634827890783,
            0.931911399931357
        ],
        [
            0.0763167072634084,
            0.6833678308681415
        ],
        [
            0.19032737048240175,
            0.7926848963688388
        ],
        [
            0.0705014759432945,
            0.9999830146101792
        ],
        [
            0.24381922786420254,
            0.8094369240909455
        ],
        [
            0.08004649814031967,
            0.4566500544248655
        ],
        [
            0.3204982457647642,
            0.9190383587020702
        ],
        [
            0.17973643188394448,
            0.9383863693846651
        ],
        [
            0.24611143651145395,
            0.897403967136129
        ]
    ],
    "r_thresh_deg": 5,
    "t_thresh": 0.035,
    "t_thresh_prec": 0.04
}