{
    "match_ratio": 0.0625,
    "recall": 0.0625,
    "precision": 0.03125,
    "n_avail": 16,
    "n_pred": 32,
    "out_scores": [
        0.8915431499481201,
        0.9223732352256775,
        0.9643397331237793,
        0.9359076023101807,
        0.972791850566864,
        0.9739901423454285,
        0.9717186689376831,
        0.9373573660850525,
        0.9375718235969543,
        0.962108850479126,
        0.973868727684021,
        0.9679792523384094,
        0.9737082719802856,
        0.9358882904052734,
        0.8572414517402649,
        0.943304181098938,
        0.9949817061424255,
        0.9786190390586853,
        0.9154824614524841,
        0.9651090502738953,
        0.9047999978065491,
        0.9242433309555054,
        0.8984397649765015,
        0.9516862630844116,
        0.890408992767334,
        0.9748075604438782,
        0.974852979183197,
        0.9328179359436035,
        0.9059621691703796,
        0.9743004441261292,
        0.9586524963378906,
        0.9732660055160522
    ],
    "min_trans_rot_dists": [
        [
            0.04132922593066229,
            0.8902406354058247
        ],
        [
            0.04132922593066229,
            0.854117551239501
        ],
        [
            0.11801338668409028,
            0.8902406354058247
        ],
        [
            0.11801338668409028,
            0.854117551239501
        ],
        [
            0.16211189247120453,
            0.09218750962214206
        ],
        [
            0.14037694012788118,
            0.7300967601393402
        ],
        [
            0.08077621316625838,
            0.8500914996833491
        ],
        [
            0.2195526285208841,
            0.7300967601393402
        ],
        [
            0.08496655054433495,
            0.14224470935236466
        ],
        [
            0.23389079698004248,
            0.6056304185994823
        ],
        [
            0.03337985940566887,
            0.041493855064919316
        ],
        [
            0.19939155653854332,
            0.7300967601393402
        ],
        [
            0.09299125847723477,
            0.041493855064919316
        ],
        [
            0.18143936276991132,
            0.7300967601393402
        ],
        [
            0.17788737875716676,
            0.5843943477787168
        ],
        [
            0.1963399803310751,
            0.32786058713743316
        ]
    ],
    "min_trans_rot_dists_prec": [
        [
            0.04132922593066229,
            0.8902406354058247
        ],
        [
            0.48138317119437124,
            0.6056304185994823
        ],
        [
            0.39744475830171466,
            0.8015620499522379
        ],
        [
            0.4366745360417343,
            0.40307600525516885
        ],
        [
            0.3411721328460596,
            0.8500914996833491
        ],
        [
            0.25640721576695785,
            0.14224470935236466
        ],
        [
            0.24447989085361857,
            0.09218750962214206
        ],
        [
            0.39993988578679246,
            0.7302834963101157
        ],
        [
            0.4777330335735813,
            0.8878929348311156
        ],
        [
            0.3230440644364017,
            0.23684189784255782
        ],
        [
            0.28022694799638104,
            0.5843943477787168
        ],
        [
            0.25703758902403717,
            0.15995250844339837
        ],
        [
            0.38050921690861433,
            0.22008107671749466
        ],
        [
            0.3319886123442218,
            0.9823892604298153
        ],
        [
            0.03337985940566887,
            0.041493855064919316
        ],
        [
            0.2542978491603976,
            0.1823064383496512
        ],
        [
            0.18792848145457233,
            0.3361312489510492
        ],
        [
            0.27463289078911973,
            0.8829621111547136
        ],
        [
            0.2664688051891472,
            0.6827826428152796
        ],
        [
            0.2089895547045003,
            0.8848988619954213
        ],
        [
            0.297733973881806,
            0.6699745305730564
        ],
        [
            0.45248380830212837,
            0.9734007303153119
        ],
        [
            0.5952654337650537,
            0.4024341264351803
        ],
        [
            0.4467042335248074,
            0.32786058713743316
        ],
        [
            0.18313040547105516,
            0.7505224089597347
        ],
        [
            0.2414378508658033,
            0.9510685033053066
        ],
        [
            0.25103218354932216,
            0.46007711541036067
        ],
        [
            0.45844614916537174,
            0.986003833953062
        ],
        [
            0.15244953702891748,
            0.9530528106295522
        ],
        [
            0.26042307965725314,
            0.8414329852648932
        ],
        [
            0.25965205337628455,
            0.957453752647366
        ],
        [
            0.576416907807925,
            0.15772769873457138
        ]
    ],
    "r_thresh_deg": 5,
    "t_thresh": 0.035,
    "t_thresh_prec": 0.04
}