{
    "match_ratio": 0.0,
    "recall": 0.0,
    "precision": 0.0,
    "n_avail": 4,
    "n_pred": 32,
    "out_scores": [
        0.9685885310173035,
        0.9538624882698059,
        0.9910847544670105,
        0.8836678862571716,
        0.9891291856765747,
        0.9866653680801392,
        0.9648811221122742,
        0.9818542003631592,
        0.9779717922210693,
        0.9828470945358276,
        0.9654271602630615,
        0.9726499915122986,
        0.9800712466239929,
        0.962848424911499,
        0.9869531393051147,
        0.9854910373687744,
        0.9713712930679321,
        0.9809438586235046,
        0.9785168766975403,
        0.9641512036323547,
        0.9561163187026978,
        0.9545573592185974,
        0.9488981366157532,
        0.975983202457428,
        0.9878865480422974,
        0.982658326625824,
        0.9829277396202087,
        0.9624215960502625,
        0.9754267930984497,
        0.954237163066864,
        0.980103075504303,
        0.9766908288002014
    ],
    "min_trans_rot_dists": [
        [
            0.035567233504207436,
            0.48250841304711245
        ],
        [
            0.03510653952934304,
            0.8623343293799002
        ],
        [
            0.029327485702154984,
            0.8741345343284029
        ],
        [
            0.029327485702154984,
            0.9324500179865324
        ]
    ],
    "min_trans_rot_dists_prec": [
        [
            0.09314434185319972,
            0.8784947187457803
        ],
        [
            0.11364702450224076,
            0.8741345343284029
        ],
        [
            0.10175692129377566,
            0.8776519208877569
        ],
        [
            0.16972361031314903,
            0.8688231842582619
        ],
        [
            0.12204544448292397,
            0.9091481682698607
        ],
        [
            0.18244036704973957,
            0.4080301317497639
        ],
        [
            0.06137731133635715,
            0.9246884772519827
        ],
        [
            0.27133900510097503,
            0.7994062255195924
        ],
        [
            0.08590849949411292,
            0.9861391707087735
        ],
        [
            0.24713423357163694,
            0.7143520229586138
        ],
        [
            0.06520470894143204,
            0.6975278302559204
        ],
        [
            0.035567233504207436,
            0.48250841304711245
        ],
        [
            0.014586148087939805,
            0.8679427287299895
        ],
        [
            0.03510653952934304,
            0.9670238603430329
        ],
        [
            0.22067605236043653,
            0.8881126484010821
        ],
        [
            0.12710892833347015,
            0.5500564153620091
        ],
        [
            0.07010428478457284,
            0.9550974759408328
        ],
        [
            0.13199485758895801,
            0.9070821115953802
        ],
        [
            0.022533799185734102,
            0.5440817067068856
        ],
        [
            0.16017805391041645,
            0.636081662100266
        ],
        [
            0.10748345215572395,
            0.5802959337820568
        ],
        [
            0.050506805949594,
            0.57613126709506
        ],
        [
            0.17528299647193984,
            0.7492246051087742
        ],
        [
            0.15981144707591013,
            0.8511890558397802
        ],
        [
            0.04451266103240802,
            0.7610522122211593
        ],
        [
            0.1176205216000071,
            0.21783810234627454
        ],
        [
            0.14579295630649802,
            0.9029826434885189
        ],
        [
            0.14126569853888665,
            0.744578771478423
        ],
        [
            0.1396287013753454,
            0.7591640549626855
        ],
        [
            0.15889620293003395,
            0.8783301439813165
        ],
        [
            0.07953005793144116,
            0.7128983269906519
        ],
        [
            0.13650947915864436,
            0.6070734797009953
        ]
    ],
    "r_thresh_deg": 5,
    "t_thresh": 0.035,
    "t_thresh_prec": 0.04
}