{
    "match_ratio": 0.0,
    "recall": 0.0,
    "precision": 0.0,
    "n_avail": 4,
    "n_pred": 32,
    "out_scores": [
        1.7181456257731043e-07,
        2.1975765207571385e-08,
        1.2386485082060972e-07,
        0.0010395903373137116,
        2.185537972820839e-08,
        0.0007969611906446517,
        2.775923917397449e-07,
        3.567897147149779e-05,
        0.00038896017940714955,
        0.0030204595532268286,
        1.0554010287933124e-07,
        1.1657095910777571e-07,
        4.150349397491482e-08,
        0.7640866637229919,
        0.002683178288862109,
        0.9214062690734863,
        0.9857568144798279,
        0.00216532195918262,
        1.0594004606900853e-07,
        0.0007535861805081367,
        1.1274775602032605e-07,
        0.00021824704890605062,
        1.201276944584606e-07,
        0.9843222498893738,
        0.0002702896890696138,
        0.0015170187689363956,
        1.338293458275075e-07,
        0.25528448820114136,
        0.9115318655967712,
        2.1456305887568305e-07,
        2.2264686094786157e-08,
        2.4132125417963834e-06
    ],
    "min_trans_rot_dists": [
        [
            0.1258847948178457,
            0.824472668598057
        ],
        [
            0.1258847948178457,
            0.5435199862457741
        ],
        [
            0.07503832393784104,
            0.9165691258685492
        ],
        [
            0.07503832393784104,
            0.8852081060701062
        ]
    ],
    "min_trans_rot_dists_prec": [
        [
            0.35456827485564457,
            0.9319674470676653
        ],
        [
            0.07503832393784104,
            0.8852081060701062
        ],
        [
            0.3747363113140908,
            0.995296259503987
        ],
        [
            0.45905041533632607,
            0.7398578236157094
        ],
        [
            0.2154538887487263,
            0.8905181224645742
        ],
        [
            0.07501483377038276,
            0.9923271255945529
        ],
        [
            0.0997293157936405,
            0.9685446875732587
        ],
        [
            0.2136025281839979,
            0.6478246677093971
        ],
        [
            0.016207643375633123,
            0.9724011782066497
        ],
        [
            0.327163213373833,
            0.9190660375820372
        ],
        [
            0.3251535040900664,
            0.7477518123124456
        ],
        [
            0.371342627237939,
            0.926038279989374
        ],
        [
            0.39035963079093755,
            0.8197545156691763
        ],
        [
            0.2792376441380549,
            0.3571371644669685
        ],
        [
            0.3808568641887666,
            0.17075899098517
        ],
        [
            0.31305684259237876,
            0.12806123294171579
        ],
        [
            0.37706367690923837,
            0.46589366495795514
        ],
        [
            0.2611492728710509,
            0.7085094123166941
        ],
        [
            0.10217503804273072,
            0.9857466046192689
        ],
        [
            0.08866929664421089,
            0.9956918757484358
        ],
        [
            0.11027672365315741,
            0.5435199862457741
        ],
        [
            0.3209058332997464,
            0.9872821528174873
        ],
        [
            0.22166029258695386,
            0.9326792678461385
        ],
        [
            0.2072077454952367,
            0.7485276029255871
        ],
        [
            0.26879419136534105,
            0.6505603696013241
        ],
        [
            0.18806677959697957,
            0.3110891851032149
        ],
        [
            0.05167131561629908,
            0.9550811554319998
        ],
        [
            0.3894004636860275,
            0.91154235525766
        ],
        [
            0.24970080036563147,
            0.5119852686600799
        ],
        [
            0.26398428959512305,
            0.6405509554410611
        ],
        [
            0.25794967081520326,
            0.7080714627460531
        ],
        [
            0.2537304154937664,
            0.5898623495956108
        ]
    ],
    "r_thresh_deg": 5,
    "t_thresh": 0.035,
    "t_thresh_prec": 0.04
}