{
    "match_ratio": 0.0,
    "recall": 0.0,
    "precision": 0.0,
    "n_avail": 8,
    "n_pred": 32,
    "out_scores": [
        0.8890156745910645,
        0.0014823595993220806,
        0.8292889595031738,
        0.880113959312439,
        0.9191239476203918,
        0.9728978276252747,
        0.9006067514419556,
        0.01836228370666504,
        0.981867790222168,
        0.7912184596061707,
        0.8105688095092773,
        0.6928561329841614,
        0.8928031921386719,
        0.8976532220840454,
        0.025119611993432045,
        0.8064991235733032,
        0.8513155579566956,
        0.9290996193885803,
        0.9256946444511414,
        0.9296339750289917,
        0.9721421599388123,
        0.7767160534858704,
        0.7658747434616089,
        0.8028749227523804,
        0.04459568113088608,
        0.7426059246063232,
        0.40949171781539917,
        0.07006654143333435,
        0.870774507522583,
        0.06015508249402046,
        0.8428241014480591,
        0.9420018196105957
    ],
    "min_trans_rot_dists": [
        [
            0.1419593524974592,
            0.6789884468851569
        ],
        [
            0.1419593524974592,
            0.3945082281484461
        ],
        [
            0.11409327698891178,
            0.6789884468851569
        ],
        [
            0.11409327698891178,
            0.3945082281484461
        ],
        [
            0.05851343597333642,
            0.6789884468851569
        ],
        [
            0.05851343597333642,
            0.3945082281484461
        ],
        [
            0.1871021201367779,
            0.6789884468851569
        ],
        [
            0.1871021201367779,
            0.3945082281484461
        ]
    ],
    "min_trans_rot_dists_prec": [
        [
            0.11409327698891178,
            0.3945082281484461
        ],
        [
            0.3556853910963034,
            0.46997792637467184
        ],
        [
            0.3820373412015104,
            0.7320771489636053
        ],
        [
            0.5093660692642183,
            0.3523599919506196
        ],
        [
            0.17700839425554468,
            0.8683057401251582
        ],
        [
            0.40785230962465957,
            0.9811038451939534
        ],
        [
            0.44066776376197003,
            0.7164338139358821
        ],
        [
            0.4785161653057321,
            0.5886268393175329
        ],
        [
            0.3055823807705257,
            0.9902527030859632
        ],
        [
            0.44887481113415556,
            0.8590558995664314
        ],
        [
            0.5493975214687212,
            0.6766730301835353
        ],
        [
            0.458758427726919,
            0.48340775615300735
        ],
        [
            0.24724255757995023,
            0.4040822418023988
        ],
        [
            0.3983488684667728,
            0.5454880383634708
        ],
        [
            0.47782622274908354,
            0.20589368471933922
        ],
        [
            0.34394568942723736,
            0.9102778012055489
        ],
        [
            0.2692648108318055,
            0.8593162389862633
        ],
        [
            0.10576756878613824,
            0.931508136998977
        ],
        [
            0.20568075407710826,
            0.9856898506559884
        ],
        [
            0.21707813360595932,
            0.9468500254425134
        ],
        [
            0.3945156408470771,
            0.24572366227546116
        ],
        [
            0.07992252778769626,
            0.9640891913404247
        ],
        [
            0.07971042914758501,
            0.9544667441770226
        ],
        [
            0.6071234545994416,
            0.919796079682009
        ],
        [
            0.6470999941799193,
            0.9486006902881404
        ],
        [
            0.6065368705298093,
            0.5390635124215803
        ],
        [
            0.17282901295718733,
            0.14572397543280902
        ],
        [
            0.2780448858563221,
            0.4022165654889892
        ],
        [
            0.5001374736299878,
            0.17427698429546512
        ],
        [
            0.628725625151976,
            0.9707091219007464
        ],
        [
            0.7505590985224357,
            0.9140147615314564
        ],
        [
            0.5527414932383031,
            0.6928085449591969
        ]
    ],
    "r_thresh_deg": 5,
    "t_thresh": 0.035,
    "t_thresh_prec": 0.04
}