{
    "match_ratio": 0.0,
    "recall": 0.0,
    "precision": 0.0,
    "n_avail": 6,
    "n_pred": 32,
    "out_scores": [
        0.9907178282737732,
        0.9767739772796631,
        0.9864568114280701,
        0.9894857406616211,
        0.9885649085044861,
        0.9746277928352356,
        0.9825171828269958,
        0.9907065033912659,
        0.9906914830207825,
        0.9888368844985962,
        0.9904678463935852,
        0.9909203052520752,
        0.8559237122535706,
        0.9891873002052307,
        0.9892063140869141,
        0.8657907843589783,
        0.9885293841362,
        0.9179971218109131,
        0.959011435508728,
        0.9894797205924988,
        0.9889712929725647,
        0.9885340332984924,
        0.9905416369438171,
        0.9908097982406616,
        0.9805542230606079,
        0.9892087578773499,
        0.9352136254310608,
        0.9905120730400085,
        0.9803830981254578,
        0.9892745614051819,
        0.9482154250144958,
        0.9886882901191711
    ],
    "min_trans_rot_dists": [
        [
            0.11045312200158508,
            0.0025533900735088544
        ],
        [
            0.05781211748698097,
            0.975511667333296
        ],
        [
            0.03414599749192339,
            0.129831773185613
        ],
        [
            0.018032414927581182,
            0.3880973413014275
        ],
        [
            0.05360128180660675,
            0.04558404546772776
        ],
        [
            0.08570210754381016,
            0.9701675652927532
        ]
    ],
    "min_trans_rot_dists_prec": [
        [
            0.15873868586796117,
            0.129831773185613
        ],
        [
            0.11045312200158508,
            0.0025533900735088544
        ],
        [
            0.2876332777749128,
            0.8759026848448117
        ],
        [
            0.27670534169532496,
            0.11774385421022504
        ],
        [
            0.3311195829784278,
            0.34424064464854487
        ],
        [
            0.28622718662108837,
            0.7509185987558271
        ],
        [
            0.2003653005400473,
            0.048500341311793926
        ],
        [
            0.05781211748698097,
            0.07221038864030993
        ],
        [
            0.3110171438139998,
            0.04558404546772776
        ],
        [
            0.2601445185896047,
            0.03144171349768443
        ],
        [
            0.33602439363802267,
            0.4322207620505044
        ],
        [
            0.5543757565681905,
            0.3767569082339355
        ],
        [
            0.37438024307948187,
            0.005684372922564629
        ],
        [
            0.3357479805743106,
            3.733575068132211e-05
        ],
        [
            0.19111050921775286,
            0.11490116438882791
        ],
        [
            0.4679714829554633,
            0.7945199720787199
        ],
        [
            0.4263845412434207,
            0.14578009452363783
        ],
        [
            0.5124770668325772,
            0.5774965823045423
        ],
        [
            0.3328700996929135,
            0.6650639084716885
        ],
        [
            0.2944167844135035,
            0.26380105966958767
        ],
        [
            0.4037529245760581,
            0.14640865896333466
        ],
        [
            0.14173061463115882,
            0.5974904933606178
        ],
        [
            0.2881433248935319,
            0.86105541971364
        ],
        [
            0.2019230458888814,
            0.564859696556685
        ],
        [
            0.31494802756863,
            0.6329597815593204
        ],
        [
            0.2724039976022098,
            0.29734911561562904
        ],
        [
            0.36473554906720135,
            0.46656634787060836
        ],
        [
            0.26762983546914204,
            0.5426033696738928
        ],
        [
            0.2783260825540607,
            0.7845397110875941
        ],
        [
            0.3188975458565659,
            0.2691700305204441
        ],
        [
            0.21380661954233007,
            0.4015004964942386
        ],
        [
            0.018032414927581182,
            0.3880973413014275
        ]
    ],
    "r_thresh_deg": 5,
    "t_thresh": 0.035,
    "t_thresh_prec": 0.04
}