{
    "match_ratio": 0.0,
    "recall": 0.0,
    "precision": 0.0,
    "n_avail": 6,
    "n_pred": 32,
    "out_scores": [
        0.9291628003120422,
        0.9895217418670654,
        0.9859358072280884,
        0.9744690656661987,
        0.9827311635017395,
        0.9655508399009705,
        0.9582651257514954,
        0.9821773767471313,
        0.9570555090904236,
        0.9734574556350708,
        0.960590124130249,
        0.9779520034790039,
        0.9757227897644043,
        0.9644785523414612,
        0.9773683547973633,
        0.9901122450828552,
        0.9515970945358276,
        0.9683415293693542,
        0.9863475561141968,
        0.9484540820121765,
        0.9692073464393616,
        0.9941200613975525,
        0.974772572517395,
        0.9925334453582764,
        0.9908398985862732,
        0.9445221424102783,
        0.7331492304801941,
        0.9802334904670715,
        0.9897026419639587,
        0.9880654811859131,
        0.9954106211662292,
        0.9633068442344666
    ],
    "min_trans_rot_dists": [
        [
            0.1688703188477325,
            0.03891432142716866
        ],
        [
            0.1598072094264792,
            0.16775071588880908
        ],
        [
            0.12801756255294358,
            0.36753037051838644
        ],
        [
            0.04667810984916754,
            0.16775071588880908
        ],
        [
            0.05809032580719989,
            0.36753037051838644
        ],
        [
            0.11778436241451264,
            0.16775071588880908
        ]
    ],
    "min_trans_rot_dists_prec": [
        [
            0.23448705435142156,
            0.4837075697676019
        ],
        [
            0.26444618501104183,
            0.49890483189014423
        ],
        [
            0.25237801777990054,
            0.8343946387921138
        ],
        [
            0.22306707213243965,
            0.36753037051838644
        ],
        [
            0.21585173905365218,
            0.931085804865732
        ],
        [
            0.04667810984916754,
            0.16775071588880908
        ],
        [
            0.16640205855047227,
            0.7492138523318398
        ],
        [
            0.21675311122547603,
            0.8258548801228724
        ],
        [
            0.22976657533741643,
            0.8479069606436642
        ],
        [
            0.23716863231790675,
            0.7742074220829355
        ],
        [
            0.18341360651327018,
            0.9729468468735689
        ],
        [
            0.16535787686082298,
            0.7933488910196641
        ],
        [
            0.23202278316117889,
            0.3855115809978784
        ],
        [
            0.1835761780982169,
            0.5927004776967055
        ],
        [
            0.1790779008419732,
            0.7215315225627454
        ],
        [
            0.16912842405047673,
            0.8579698405678118
        ],
        [
            0.14489084200668592,
            0.42319395399540627
        ],
        [
            0.33881259146362874,
            0.4043864375826254
        ],
        [
            0.14054490169826547,
            0.7244177331943726
        ],
        [
            0.2078788852395654,
            0.5373827359537533
        ],
        [
            0.1688703188477325,
            0.03891432142716866
        ],
        [
            0.1342983981043188,
            0.6103714725727952
        ],
        [
            0.2816487478932966,
            0.7690967162509507
        ],
        [
            0.23242330601317476,
            0.8849656673277781
        ],
        [
            0.1870312313757677,
            0.864612611901031
        ],
        [
            0.16347508703878516,
            0.8271247387493187
        ],
        [
            0.10867773163620958,
            0.545746121390607
        ],
        [
            0.1252726454801938,
            0.7100652801851929
        ],
        [
            0.12496852707446902,
            0.9988075605613624
        ],
        [
            0.07242569060764174,
            0.4855450209861618
        ],
        [
            0.18268028968944058,
            0.9766265607753519
        ],
        [
            0.14909489849008084,
            0.6547722802829328
        ]
    ],
    "r_thresh_deg": 5,
    "t_thresh": 0.035,
    "t_thresh_prec": 0.04
}