{
    "match_ratio": 0.0,
    "recall": 0.0,
    "precision": 0.0,
    "n_avail": 10,
    "n_pred": 32,
    "out_scores": [
        0.9951539039611816,
        0.9682523012161255,
        0.9960940480232239,
        0.9958479404449463,
        0.9973717927932739,
        0.9729306697845459,
        0.9459734559059143,
        0.9979745745658875,
        0.9976045489311218,
        0.9959543943405151,
        0.9881567358970642,
        0.998424768447876,
        0.9707648158073425,
        0.997887909412384,
        0.9061279296875,
        0.9795939922332764,
        0.9400720596313477,
        0.9963247179985046,
        0.9477881789207458,
        0.9621917605400085,
        0.9970340728759766,
        0.9956516623497009,
        0.996335506439209,
        0.9987003803253174,
        0.9805357456207275,
        0.978604793548584,
        0.9979436993598938,
        0.9320323467254639,
        0.9974476099014282,
        0.9988086223602295,
        0.9937614798545837,
        0.9713204503059387
    ],
    "min_trans_rot_dists": [
        [
            0.08460459845027647,
            0.4388207981046064
        ],
        [
            0.2706500346723713,
            0.807390083927534
        ],
        [
            0.09461280069057154,
            0.7852892814010205
        ],
        [
            0.12439948794368139,
            0.3112478756689382
        ],
        [
            0.12995902490668654,
            0.39286829943925217
        ],
        [
            0.1382898968507477,
            0.3112478756689382
        ],
        [
            0.1447837250649118,
            0.39286829943925217
        ],
        [
            0.11110468704426195,
            0.5079769472899107
        ],
        [
            0.158404529297347,
            0.8121451522507996
        ],
        [
            0.059292712519361995,
            0.5079769472899107
        ]
    ],
    "min_trans_rot_dists_prec": [
        [
            0.18659274680988003,
            0.807390083927534
        ],
        [
            0.3061553070828014,
            0.7837461186545072
        ],
        [
            0.4262286430027342,
            0.933176429766272
        ],
        [
            0.3348987334472843,
            0.9697277762386336
        ],
        [
            0.30935611307717037,
            0.8121451522507996
        ],
        [
            0.0266453410129011,
            0.9972161559654767
        ],
        [
            0.40912898309731205,
            0.841468226422805
        ],
        [
            0.38698641607199996,
            0.9186737259661429
        ],
        [
            0.4099800147490789,
            0.8939318319445296
        ],
        [
            0.19500787306968137,
            0.08909130928373621
        ],
        [
            0.2636566435843423,
            0.783863469418324
        ],
        [
            0.267856955364331,
            0.22296271410379753
        ],
        [
            0.2323467240454446,
            0.5079769472899107
        ],
        [
            0.2743812456864209,
            0.9999979931944657
        ],
        [
            0.7368867528396326,
            0.9916363827087433
        ],
        [
            0.1448024205878094,
            0.9877513637326704
        ],
        [
            0.38117473904060933,
            0.7852892814010205
        ],
        [
            0.3268657836997676,
            0.39286829943925217
        ],
        [
            0.5253701120700498,
            0.7880836201470863
        ],
        [
            0.1909652941363427,
            0.6851183287525133
        ],
        [
            0.30252989032553507,
            0.9159167141532482
        ],
        [
            0.2822219085677457,
            0.7738452321940847
        ],
        [
            0.044767692407466045,
            0.914327421059929
        ],
        [
            0.1471381772166177,
            0.9976744331946459
        ],
        [
            0.1647194958026672,
            0.9038331363280332
        ],
        [
            0.08653232311483165,
            0.7418254142294662
        ],
        [
            0.22358807798748934,
            0.9904388278300956
        ],
        [
            0.08460459845027647,
            0.4388207981046064
        ],
        [
            0.21391614302601025,
            0.9433298033431526
        ],
        [
            0.18128665491163495,
            0.826193008422136
        ],
        [
            0.535432774792079,
            0.4935262430804972
        ],
        [
            0.12439948794368139,
            0.3112478756689382
        ]
    ],
    "r_thresh_deg": 5,
    "t_thresh": 0.035,
    "t_thresh_prec": 0.04
}