{
    "match_ratio": 0.0,
    "recall": 0.0,
    "precision": 0.0,
    "n_avail": 14,
    "n_pred": 32,
    "out_scores": [
        0.011423652991652489,
        0.03843721002340317,
        0.8937948346138,
        0.8951979279518127,
        0.8936141729354858,
        0.8742594718933105,
        0.9666844010353088,
        0.8787558674812317,
        0.646666407585144,
        0.28221848607063293,
        0.9121423363685608,
        0.8936617374420166,
        0.5211221575737,
        0.9830227494239807,
        0.02264629490673542,
        0.8543244004249573,
        0.8865914344787598,
        0.1718011349439621,
        0.857380211353302,
        0.8827349543571472,
        0.8895636200904846,
        0.9643793106079102,
        0.9847226738929749,
        0.984126627445221,
        0.9121744632720947,
        0.980963945388794,
        0.9026632905006409,
        0.8450718522071838,
        0.8564785718917847,
        0.9158614873886108,
        0.9372101426124573,
        0.956669270992279
    ],
    "min_trans_rot_dists": [
        [
            0.158594542720174,
            0.23463153652494229
        ],
        [
            0.5245841333887479,
            0.10195049496111608
        ],
        [
            0.19811490577848148,
            0.23463153652494229
        ],
        [
            0.5478448007529418,
            0.10195049496111608
        ],
        [
            0.296885984588221,
            0.23463153652494229
        ],
        [
            0.5556910087917539,
            0.10195049496111608
        ],
        [
            0.42795639988431744,
            0.23463153652494229
        ],
        [
            0.6011357717718601,
            0.10195049496111608
        ],
        [
            0.29883504002329137,
            0.33404260540776687
        ],
        [
            0.5424596902936881,
            0.5357752430166638
        ],
        [
            0.19266244134753205,
            0.23463153652494229
        ],
        [
            0.5164119166736526,
            0.5357752430166638
        ],
        [
            0.08818081055226439,
            0.23463153652494229
        ],
        [
            0.6093459991132835,
            0.5357752430166638
        ]
    ],
    "min_trans_rot_dists_prec": [
        [
            0.7193806973547738,
            0.5357752430166638
        ],
        [
            0.9516126117251751,
            0.3169657072522174
        ],
        [
            0.9019345705148358,
            0.3244556305912141
        ],
        [
            0.838605933652258,
            0.5652043231076522
        ],
        [
            0.7296701875028975,
            0.44903071703767905
        ],
        [
            0.7333624793087563,
            0.5545396080913031
        ],
        [
            0.4272385270612795,
            0.5489590042909772
        ],
        [
            0.8287386139941094,
            0.5629558258966033
        ],
        [
            0.39430871523819094,
            0.3327052723916768
        ],
        [
            0.6206771312906136,
            0.9700998163569317
        ],
        [
            0.18708121861019383,
            0.33404260540776687
        ],
        [
            0.3544445405557676,
            0.4214818825258463
        ],
        [
            0.5245841333887479,
            0.9843784697434653
        ],
        [
            0.6073629631102809,
            0.9911338257845499
        ],
        [
            0.846287341867303,
            0.7774382042169045
        ],
        [
            0.158594542720174,
            0.23463153652494229
        ],
        [
            0.7397385686522747,
            0.4541067672872807
        ],
        [
            0.7537500254415792,
            0.8361287289871698
        ],
        [
            0.36675118381212285,
            0.6459281093988988
        ],
        [
            0.13441917661109595,
            0.49462357259913414
        ],
        [
            0.5710800140306749,
            0.6790302382525986
        ],
        [
            0.6277975755633564,
            0.5889066625159924
        ],
        [
            0.7308158251515935,
            0.5954290333132501
        ],
        [
            0.5645076928866197,
            0.8420310182115139
        ],
        [
            0.6485060764190115,
            0.6066933228175007
        ],
        [
            0.8144429597935877,
            0.24425230550681865
        ],
        [
            0.24559389901944872,
            0.9619025598027654
        ],
        [
            1.004745931827085,
            0.33420587044440164
        ],
        [
            0.7492774785148208,
            0.7129351826614769
        ],
        [
            0.7056210018438244,
            0.9796710214146706
        ],
        [
            0.9289943651595705,
            0.20909285376092668
        ],
        [
            0.4721434633228778,
            0.7792155603270755
        ]
    ],
    "r_thresh_deg": 5,
    "t_thresh": 0.035,
    "t_thresh_prec": 0.04
}