{
    "match_ratio": 0.6666666666666666,
    "recall": 0.6666666666666666,
    "precision": 0.40625,
    "n_avail": 6,
    "n_pred": 32,
    "out_scores": [
        1.0,
        1.0,
        1.0,
        1.0,
        1.0,
        1.0,
        1.0,
        1.0,
        1.0,
        1.0,
        1.0,
        1.0,
        1.0,
        1.0,
        1.0,
        1.0,
        1.0,
        1.0,
        1.0,
        1.0,
        1.0,
        1.0,
        1.0,
        1.0,
        1.0,
        1.0,
        1.0,
        1.0,
        1.0,
        1.0,
        1.0,
        1.0
    ],
    "min_trans_rot_dists": [
        [
            0.007667003966975122,
            0.01216571386205001
        ],
        [
            0.016191287991610036,
            0.037181711197202816
        ],
        [
            0.09721523124737348,
            0.010505700140524876
        ],
        [
            0.09535503900482127,
            0.005268228563426125
        ],
        [
            0.01411704645365148,
            0.04892427028568824
        ],
        [
            0.01627375236073979,
            0.024203446785273752
        ]
    ],
    "min_trans_rot_dists_prec": [
        [
            0.015692651508062455,
            0.2157383016445401
        ],
        [
            0.01494195745007105,
            0.9436119018985427
        ],
        [
            0.016224117291307683,
            0.15327636351119955
        ],
        [
            0.27519391463864595,
            0.9463718291380965
        ],
        [
            0.008833715490987298,
            0.04048567038743822
        ],
        [
            0.008435848508710615,
            0.030352180691621933
        ],
        [
            0.01639067365866674,
            0.006755493897657394
        ],
        [
            0.016310198698733215,
            0.9999583295695145
        ],
        [
            0.008574215935115904,
            0.0411660668895667
        ],
        [
            0.21914073699370426,
            0.9181193269588209
        ],
        [
            0.017291602844347234,
            0.09313522488641224
        ],
        [
            0.01179147626570192,
            0.0005632917933725556
        ],
        [
            0.00943960686164333,
            0.0412468514393689
        ],
        [
            0.010502419971376261,
            0.010505700140524876
        ],
        [
            0.01627375236073979,
            0.024203446785273752
        ],
        [
            0.01242077765371757,
            0.981767275583878
        ],
        [
            0.00744356027747639,
            0.013708039158248364
        ],
        [
            0.01411704645365148,
            0.04892427028568824
        ],
        [
            0.20724276222935042,
            0.9307533614545571
        ],
        [
            0.0077691937912836555,
            0.8662513176279327
        ],
        [
            0.014959025009898347,
            0.9999847758466333
        ],
        [
            0.016504432713367493,
            0.21191578546445522
        ],
        [
            0.016442467670089393,
            0.005268228563426125
        ],
        [
            0.007667003966975122,
            0.01216571386205001
        ],
        [
            0.014838291328564122,
            0.6414187119195365
        ],
        [
            0.008402310266942898,
            0.17160842167567392
        ],
        [
            0.016431583617848317,
            0.5654099980058516
        ],
        [
            0.016191287991610036,
            0.037181711197202816
        ],
        [
            0.015113190171728474,
            0.9952539917912285
        ],
        [
            0.009113141795038002,
            0.09040108572529992
        ],
        [
            0.016483921404165734,
            0.6749010633467629
        ],
        [
            0.014974713801789476,
            0.9999969770828471
        ]
    ],
    "r_thresh_deg": 5,
    "t_thresh": 0.035,
    "t_thresh_prec": 0.04
}