{
    "match_ratio": 0.25,
    "recall": 0.25,
    "precision": 0.21875,
    "n_avail": 12,
    "n_pred": 32,
    "out_scores": [
        1.0,
        1.0,
        1.0,
        1.0,
        1.0,
        1.0,
        1.0,
        1.0,
        1.0,
        1.0,
        1.0,
        1.0,
        1.0,
        1.0,
        1.0,
        1.0,
        1.0,
        1.0,
        1.0,
        1.0,
        1.0,
        1.0,
        1.0,
        1.0,
        1.0,
        1.0,
        1.0,
        1.0,
        1.0,
        1.0,
        1.0,
        1.0
    ],
    "min_trans_rot_dists": [
        [
            0.10857711601788578,
            0.013269029049396974
        ],
        [
            0.23064292761296196,
            0.004407577908252858
        ],
        [
            0.026293977204451067,
            0.01895227762553453
        ],
        [
            0.020314145183463746,
            0.08400261498642214
        ],
        [
            0.31932135178916354,
            0.003029123140348866
        ],
        [
            0.3204106121782499,
            0.004407577908252858
        ],
        [
            0.24543869480639874,
            0.003029123140348866
        ],
        [
            0.007964797789788156,
            0.009869592655622372
        ],
        [
            0.06207034810608141,
            0.003029123140348866
        ],
        [
            0.08171303496604276,
            0.004407577908252858
        ],
        [
            0.05292986196652386,
            0.999464690921281
        ],
        [
            0.05292986196652386,
            0.004407577908252858
        ]
    ],
    "min_trans_rot_dists_prec": [
        [
            0.08171303496604276,
            0.004407577908252858
        ],
        [
            0.018518896490728208,
            0.08617340707839005
        ],
        [
            0.25207919076209506,
            0.003029123140348866
        ],
        [
            0.08162994300151258,
            0.7915897476645479
        ],
        [
            0.08169524403274916,
            0.012867276047399234
        ],
        [
            0.01879398039104666,
            0.08328506559426974
        ],
        [
            0.07298471218200665,
            0.004891518354188884
        ],
        [
            0.028246345980806893,
            0.013269029049396974
        ],
        [
            0.009612695125639639,
            0.544502993237598
        ],
        [
            0.25254085176439856,
            0.0029454243977701244
        ],
        [
            0.25651435531282957,
            0.84991075762557
        ],
        [
            0.09149675926854604,
            0.6618532897060481
        ],
        [
            0.0964701118520567,
            0.36701033478760436
        ],
        [
            0.1091939339446699,
            0.5359224591150527
        ],
        [
            0.25627896356738067,
            0.8524114248272971
        ],
        [
            0.38793461087018616,
            0.6722375690618364
        ],
        [
            0.009678878774028643,
            0.5410624009121372
        ],
        [
            0.020314145183463746,
            0.08400261498642214
        ],
        [
            0.2546908930442864,
            0.0035108207686127546
        ],
        [
            0.10705252416712716,
            0.5760400516664141
        ],
        [
            0.007964797789788156,
            0.009869592655622372
        ],
        [
            0.2573469091606384,
            0.8596817039454753
        ],
        [
            0.11405364727781019,
            0.5618725459067878
        ],
        [
            0.2537832365900596,
            0.8630862461243294
        ],
        [
            0.11299106980044613,
            0.5910443661088889
        ],
        [
            0.027672164526874547,
            0.03284514104244285
        ],
        [
            0.11606108178885587,
            0.5819247582456966
        ],
        [
            0.11595060312430763,
            0.58421966255614
        ],
        [
            0.014021770172890708,
            0.4547327869138055
        ],
        [
            0.010487670146478795,
            0.55831788669273
        ],
        [
            0.026293977204451067,
            0.01895227762553453
        ],
        [
            0.2557930886836941,
            0.8675967390848219
        ]
    ],
    "r_thresh_deg": 5,
    "t_thresh": 0.035,
    "t_thresh_prec": 0.04
}