{
    "match_ratio": 0.25,
    "recall": 0.25,
    "precision": 0.0625,
    "n_avail": 4,
    "n_pred": 32,
    "out_scores": [
        1.0,
        1.0,
        1.0,
        1.0,
        1.0,
        1.0,
        1.0,
        1.0,
        1.0,
        1.0,
        1.0,
        1.0,
        1.0,
        1.0,
        1.0,
        1.0,
        1.0,
        1.0,
        1.0,
        1.0,
        1.0,
        1.0,
        1.0,
        1.0,
        1.0,
        1.0,
        1.0,
        1.0,
        1.0,
        1.0,
        1.0,
        1.0
    ],
    "min_trans_rot_dists": [
        [
            0.025873174786532012,
            0.3696985366564892
        ],
        [
            0.19489315789801115,
            0.00475781873580805
        ],
        [
            0.028302052844033358,
            0.7501892234035346
        ],
        [
            0.01840710962193105,
            0.018212662037559113
        ]
    ],
    "min_trans_rot_dists_prec": [
        [
            0.23534289249516202,
            0.9897294557361616
        ],
        [
            0.09753817797093992,
            0.11883476020168993
        ],
        [
            0.22886539056033936,
            0.9884087763620623
        ],
        [
            0.09940643879378752,
            0.14628144855376823
        ],
        [
            0.20950308062815765,
            0.7501892234035346
        ],
        [
            0.013649197607750197,
            0.9999996193842214
        ],
        [
            0.01340435753295717,
            0.9998438949466222
        ],
        [
            0.2331949635438653,
            0.9857686994488785
        ],
        [
            0.024761258813880947,
            0.936777541656373
        ],
        [
            0.23753628079342376,
            0.9886928871779515
        ],
        [
            0.016112095289267027,
            0.9998673330293538
        ],
        [
            0.021072987824758267,
            0.9999971510488957
        ],
        [
            0.25561240268502466,
            0.0942790953767535
        ],
        [
            0.010892234190146115,
            0.9999191569733413
        ],
        [
            0.034509793095145916,
            0.5264652691514906
        ],
        [
            0.02094805705581026,
            0.9998508788906978
        ],
        [
            0.02565801248781787,
            0.9709373512431005
        ],
        [
            0.025873174786532012,
            0.3696985366564892
        ],
        [
            0.012091726111995065,
            0.9999414566859853
        ],
        [
            0.017226041886731193,
            0.00475781873580805
        ],
        [
            0.20659319988745165,
            0.745403487187789
        ],
        [
            0.025914804403058087,
            0.9454467781255069
        ],
        [
            0.022452118495427983,
            0.9999960027858128
        ],
        [
            0.012801944631979995,
            0.999788267835065
        ],
        [
            0.03215820924632589,
            0.5490771564605039
        ],
        [
            0.03202646947918912,
            0.473126004613148
        ],
        [
            0.027437327877573057,
            0.9443001932598662
        ],
        [
            0.02570798964022473,
            0.9418464120064691
        ],
        [
            0.01840710962193105,
            0.018212662037559113
        ],
        [
            0.03291992791462157,
            0.42526383537918044
        ],
        [
            0.03151100436712401,
            0.6033646138410909
        ],
        [
            0.03569199768161432,
            0.6396939125254304
        ]
    ],
    "r_thresh_deg": 5,
    "t_thresh": 0.035,
    "t_thresh_prec": 0.04
}