{
    "match_ratio": 0.125,
    "recall": 0.125,
    "precision": 0.0625,
    "n_avail": 16,
    "n_pred": 32,
    "out_scores": [
        0.9680542349815369,
        0.9859504103660583,
        0.9966334700584412,
        0.9455043077468872,
        0.9585144519805908,
        0.9845646619796753,
        0.9702824354171753,
        0.9576199650764465,
        0.9900990128517151,
        0.9898586869239807,
        0.9859829545021057,
        0.9842559695243835,
        0.9851481914520264,
        0.9835784435272217,
        0.9718410968780518,
        0.9655625820159912,
        0.985310435295105,
        0.9829753041267395,
        0.9662920236587524,
        0.983625054359436,
        0.965994656085968,
        0.9831371903419495,
        0.9750232696533203,
        0.9572817087173462,
        0.9847308397293091,
        0.9852349758148193,
        0.971710205078125,
        0.9412721395492554,
        0.9921073317527771,
        0.9737840294837952,
        0.9771919846534729,
        0.9557799100875854
    ],
    "min_trans_rot_dists": [
        [
            0.14745265677815853,
            0.0822640057214542
        ],
        [
            0.1873027186200162,
            0.03595592825934413
        ],
        [
            0.05612703402925826,
            0.0822640057214542
        ],
        [
            0.10751449172180338,
            0.03595592825934413
        ],
        [
            0.028278628627587295,
            0.9254148674169052
        ],
        [
            0.02397880485180903,
            0.03595592825934413
        ],
        [
            0.11709913499760877,
            0.9327716860007678
        ],
        [
            0.11709913499760877,
            0.9912774986267864
        ],
        [
            0.28466990056017516,
            0.0822640057214542
        ],
        [
            0.27848510888384415,
            0.03595592825934413
        ],
        [
            0.20903247085116308,
            0.0822640057214542
        ],
        [
            0.034819081991350045,
            0.06958546086322392
        ],
        [
            0.21606680487740967,
            0.0822640057214542
        ],
        [
            0.1676179769302919,
            0.03595592825934413
        ],
        [
            0.12803371683848772,
            0.4809085731109254
        ],
        [
            0.2832003161633635,
            0.03595592825934413
        ]
    ],
    "min_trans_rot_dists_prec": [
        [
            0.19203274476127655,
            0.9327716860007678
        ],
        [
            0.02397880485180903,
            0.03595592825934413
        ],
        [
            0.14745265677815853,
            0.0822640057214542
        ],
        [
            0.41268109899724364,
            0.4809085731109254
        ],
        [
            0.30055560988305446,
            0.6896258935037292
        ],
        [
            0.2613513524060512,
            0.25900999157764315
        ],
        [
            0.20199630425978507,
            0.4199138126354889
        ],
        [
            0.27294107008304636,
            0.6329844817045008
        ],
        [
            0.22892662825812227,
            0.36982638440508264
        ],
        [
            0.27986948505042264,
            0.9452512461934293
        ],
        [
            0.2428937055025223,
            0.9017011356320553
        ],
        [
            0.24429864504883175,
            0.6491883025331024
        ],
        [
            0.034819081991350045,
            0.06958546086322392
        ],
        [
            0.2827866522330612,
            0.7010461649043351
        ],
        [
            0.2360484124140645,
            0.9499975500434703
        ],
        [
            0.21469216373057376,
            0.9455694831113161
        ],
        [
            0.13235585644066425,
            0.5204942517590134
        ],
        [
            0.2566736595433142,
            0.108274731956442
        ],
        [
            0.11273501007974136,
            0.7966726463594895
        ],
        [
            0.11219051043588185,
            0.3453026233765484
        ],
        [
            0.35062611471058425,
            0.9156299626222753
        ],
        [
            0.2628964674231623,
            0.9148211463801268
        ],
        [
            0.22837389577876424,
            0.24218743383940167
        ],
        [
            0.30352936437282624,
            0.6437052552196856
        ],
        [
            0.2147292599395339,
            0.3315087124187154
        ],
        [
            0.25775696467236464,
            0.7504852983472472
        ],
        [
            0.17242819733981402,
            0.579078461162142
        ],
        [
            0.14704295848400456,
            0.5165504525043763
        ],
        [
            0.24123530579420474,
            0.670060534356093
        ],
        [
            0.43294162359307176,
            0.5558894156032663
        ],
        [
            0.30612378977161303,
            0.7503106652452916
        ],
        [
            0.09506564232996023,
            0.6448056996304962
        ]
    ],
    "r_thresh_deg": 5,
    "t_thresh": 0.035,
    "t_thresh_prec": 0.04
}