{
    "match_ratio": 0.0,
    "recall": 0.0,
    "precision": 0.0,
    "n_avail": 4,
    "n_pred": 32,
    "out_scores": [
        0.9585626721382141,
        0.3762950301170349,
        0.9053142070770264,
        0.386676549911499,
        0.4997130036354065,
        0.6959925293922424,
        0.41460171341896057,
        0.3293485939502716,
        0.8867179155349731,
        0.5050651431083679,
        0.5182749032974243,
        0.1936982125043869,
        0.5896303057670593,
        0.7149004936218262,
        0.9004376530647278,
        0.7491409182548523,
        0.9396837949752808,
        0.9371293187141418,
        0.9162823557853699,
        0.947529137134552,
        0.9210922122001648,
        0.37226879596710205,
        0.38864994049072266,
        0.290872722864151,
        3.177503913320834e-06,
        0.8909070491790771,
        0.47321784496307373,
        0.24675573408603668,
        0.4396264851093292,
        0.003580298973247409,
        0.8978295922279358,
        0.06023609638214111
    ],
    "min_trans_rot_dists": [
        [
            0.34321300014868317,
            0.7499045994297726
        ],
        [
            0.23365972806328486,
            0.1620146501226878
        ],
        [
            0.2189162686263836,
            0.8509146065780612
        ],
        [
            0.2189162686263836,
            0.9265152850600311
        ]
    ],
    "min_trans_rot_dists_prec": [
        [
            0.22687718391316253,
            0.9993947637474221
        ],
        [
            0.4958843987103009,
            0.9070037223051319
        ],
        [
            0.6076252056997196,
            0.8784367473853897
        ],
        [
            0.7531539896841875,
            0.3954882229699963
        ],
        [
            0.495698408416863,
            0.0839185857119461
        ],
        [
            0.6976983922201967,
            0.34729671476587143
        ],
        [
            0.4852396772307284,
            0.226644178390904
        ],
        [
            0.269510020565712,
            0.9183931634851166
        ],
        [
            0.3815360817669266,
            0.9899597644677257
        ],
        [
            0.27165857833869045,
            0.9933597730474105
        ],
        [
            0.522744819518203,
            0.8983336095376052
        ],
        [
            0.4329487603894601,
            0.7196185821154617
        ],
        [
            0.44246816646564147,
            0.24678194836459222
        ],
        [
            0.39863322991821165,
            0.5170594469835774
        ],
        [
            0.8618370133358448,
            0.548461329514061
        ],
        [
            0.8276218008398494,
            0.7830047634465451
        ],
        [
            0.7928117025139979,
            0.4758550418738824
        ],
        [
            0.3193142077628813,
            0.9643056257040219
        ],
        [
            0.34321300014868317,
            0.7499045994297726
        ],
        [
            0.40792002508722836,
            0.8509146065780612
        ],
        [
            0.37925820293264934,
            0.5469530054966492
        ],
        [
            0.392184146272152,
            0.1745205475620043
        ],
        [
            0.22197237060926212,
            0.9432115825557943
        ],
        [
            0.36215529257984713,
            0.9469887871459297
        ],
        [
            0.25685710175767446,
            0.9745615071622605
        ],
        [
            0.41770716931242796,
            0.20557790706586876
        ],
        [
            0.5061467953553344,
            0.9130096151706003
        ],
        [
            0.3329429024976399,
            0.1275631082162909
        ],
        [
            0.6048342307842532,
            0.9401474760632887
        ],
        [
            0.23365972806328486,
            0.9839927426356375
        ],
        [
            0.673984179967366,
            0.923412972831799
        ],
        [
            0.29735652830439246,
            0.7524768247669713
        ]
    ],
    "r_thresh_deg": 5,
    "t_thresh": 0.035,
    "t_thresh_prec": 0.04
}