{
    "match_ratio": 0.0,
    "recall": 0.0,
    "precision": 0.0,
    "n_avail": 4,
    "n_pred": 32,
    "out_scores": [
        0.9411423802375793,
        0.7954009175300598,
        0.7503705620765686,
        0.9538080096244812,
        0.5770934820175171,
        0.4920544922351837,
        0.8660649657249451,
        0.9712061882019043,
        0.9673166871070862,
        0.9682129621505737,
        0.7402709126472473,
        0.9670553803443909,
        0.9400542378425598,
        0.47139817476272583,
        0.9855663776397705,
        0.6388834714889526,
        0.9773749709129333,
        0.8828924894332886,
        0.94408118724823,
        0.9761414527893066,
        0.9693603515625,
        0.5863006711006165,
        0.9749917984008789,
        0.9512116312980652,
        0.9705978035926819,
        0.7924286127090454,
        0.6425421833992004,
        0.565353274345398,
        0.8805122971534729,
        0.9598450660705566,
        0.9430844783782959,
        0.9698486328125
    ],
    "min_trans_rot_dists": [
        [
            0.038651298868188626,
            0.513378810979618
        ],
        [
            0.11370615337421516,
            0.28409849593304126
        ],
        [
            0.034641803541867563,
            0.18223895316146566
        ],
        [
            0.034641803541867563,
            0.8209405559563793
        ]
    ],
    "min_trans_rot_dists_prec": [
        [
            0.1631235127204164,
            0.7771842054641956
        ],
        [
            0.2566792332213357,
            0.18223895316146566
        ],
        [
            0.20148374022870616,
            0.09462148976182494
        ],
        [
            0.17232098500077067,
            0.4860903529978817
        ],
        [
            0.273715655681194,
            0.338167624470161
        ],
        [
            0.1315150154876185,
            0.9946599654241095
        ],
        [
            0.059967034643012715,
            0.24625487800572865
        ],
        [
            0.1862608710656275,
            0.20834805080838914
        ],
        [
            0.11676759644948051,
            0.503115531639823
        ],
        [
            0.19028571543283218,
            0.7414184268867208
        ],
        [
            0.2549152809260895,
            0.5995431657989343
        ],
        [
            0.07863068071601298,
            0.5668740060677254
        ],
        [
            0.09707692746944378,
            0.9851682280374728
        ],
        [
            0.24398797185731919,
            0.8739574265511416
        ],
        [
            0.12497180374803257,
            0.6923591480893054
        ],
        [
            0.038651298868188626,
            0.513378810979618
        ],
        [
            0.11370615337421516,
            0.8976707585062847
        ],
        [
            0.023135832188753022,
            0.9982498525998392
        ],
        [
            0.212641981239663,
            0.6191261848444136
        ],
        [
            0.060088890010360434,
            0.31633150846638003
        ],
        [
            0.1256161988652115,
            0.859558062646053
        ],
        [
            0.1512306935851501,
            0.9791039603938615
        ],
        [
            0.1490755078689828,
            0.9180586395972309
        ],
        [
            0.06052232922082272,
            0.10769507028119485
        ],
        [
            0.2136662247829532,
            0.19399075358264362
        ],
        [
            0.15724837869613614,
            0.6459079017917368
        ],
        [
            0.06680490901533218,
            0.8121107071706448
        ],
        [
            0.05572803386593198,
            0.7735476076881619
        ],
        [
            0.2035176914160316,
            0.6426312263502559
        ],
        [
            0.11108425768430212,
            0.6723699018770881
        ],
        [
            0.1995839120260076,
            0.6914279937171127
        ],
        [
            0.2610565101496232,
            0.635122250353553
        ]
    ],
    "r_thresh_deg": 5,
    "t_thresh": 0.035,
    "t_thresh_prec": 0.04
}