{
    "match_ratio": 0.0,
    "recall": 0.0,
    "precision": 0.0,
    "n_avail": 12,
    "n_pred": 32,
    "out_scores": [
        0.9709593057632446,
        0.9671364426612854,
        0.9400414824485779,
        0.5901162624359131,
        0.9710261821746826,
        0.9368382692337036,
        0.9386821389198303,
        0.9267951250076294,
        0.9260589480400085,
        0.5124936103820801,
        0.9028924703598022,
        0.7848121523857117,
        0.96833735704422,
        0.9690272212028503,
        0.7476426362991333,
        0.6468893885612488,
        0.939072847366333,
        0.9238987565040588,
        0.8658546805381775,
        0.9765723347663879,
        0.7523893713951111,
        0.9647951126098633,
        0.9513402581214905,
        0.6681939959526062,
        0.9697587490081787,
        0.7017810344696045,
        0.9579653143882751,
        0.9198419451713562,
        0.6877436637878418,
        0.9336984157562256,
        0.9279963374137878,
        0.9276158213615417
    ],
    "min_trans_rot_dists": [
        [
            0.2644053278177191,
            0.9506554297990447
        ],
        [
            0.25972162129913995,
            0.5479056795162627
        ],
        [
            0.24778478711551158,
            0.9506554297990447
        ],
        [
            0.24778478711551158,
            0.8514935732728537
        ],
        [
            0.21090622225200353,
            0.9303147827552657
        ],
        [
            0.21090622225200353,
            0.8341899184966448
        ],
        [
            0.12128544368160024,
            0.9802532427726393
        ],
        [
            0.12128544368160024,
            0.9878912935975761
        ],
        [
            0.26790432162953154,
            0.8400937730802162
        ],
        [
            0.26790432162953154,
            0.880178023464051
        ],
        [
            0.298671950617981,
            0.7652396146282098
        ],
        [
            0.31836573263293233,
            0.5479056795162627
        ]
    ],
    "min_trans_rot_dists_prec": [
        [
            0.4723830500876588,
            0.9802532427726393
        ],
        [
            0.552253609688962,
            0.7901843179973785
        ],
        [
            0.697263048847898,
            0.9912579238235718
        ],
        [
            0.6269748359344169,
            0.5034702978390402
        ],
        [
            0.24778478711551158,
            0.8514935732728537
        ],
        [
            0.5003522949454696,
            0.7652396146282098
        ],
        [
            0.4624043973535348,
            0.8400937730802162
        ],
        [
            0.47302019067943096,
            0.5846759029204958
        ],
        [
            0.5838257809323991,
            0.6730586870686079
        ],
        [
            0.6533915924989337,
            0.3480293483117287
        ],
        [
            0.46360795922869735,
            0.7313191483292354
        ],
        [
            0.7420294235476472,
            0.40674370551273886
        ],
        [
            0.7660171494855023,
            0.6346097252496201
        ],
        [
            0.6796633800787175,
            0.08483829480095417
        ],
        [
            0.6444811826208475,
            0.68743612038604
        ],
        [
            0.7172513259725148,
            0.33861510180409227
        ],
        [
            0.7200972333926293,
            0.8905918461193105
        ],
        [
            0.6475914942928627,
            0.8503015273943639
        ],
        [
            0.5712139065994576,
            0.394555718163924
        ],
        [
            0.8486911734480214,
            0.28217080595751953
        ],
        [
            0.6319358517042685,
            0.5533281324351574
        ],
        [
            0.5594382180458953,
            0.22146698942408927
        ],
        [
            0.3255789587360938,
            0.8341899184966448
        ],
        [
            0.32484555943867083,
            0.38125410068329646
        ],
        [
            0.431927425672881,
            0.6519534629805093
        ],
        [
            0.4413130650273298,
            0.9539982261801585
        ],
        [
            0.25972162129913995,
            0.9922553867080611
        ],
        [
            0.5150064067282589,
            0.2972683220251212
        ],
        [
            0.5070881686049057,
            0.5098120330868883
        ],
        [
            0.6612942148659927,
            0.8519011340935355
        ],
        [
            0.5819271975987745,
            0.6532758804562839
        ],
        [
            0.8879574057287627,
            0.542276710652619
        ]
    ],
    "r_thresh_deg": 5,
    "t_thresh": 0.035,
    "t_thresh_prec": 0.04
}