{
    "match_ratio": 0.0,
    "recall": 0.0,
    "precision": 0.0,
    "n_avail": 4,
    "n_pred": 32,
    "out_scores": [
        0.9964548349380493,
        0.9955358505249023,
        0.9960976839065552,
        0.9948318004608154,
        0.9969363212585449,
        0.9970049262046814,
        0.9971156120300293,
        0.9952261447906494,
        0.9970359802246094,
        0.9953128099441528,
        0.9958939552307129,
        0.9943271279335022,
        0.9970763921737671,
        0.9964361190795898,
        0.9955447316169739,
        0.9969632029533386,
        0.997183084487915,
        0.995705783367157,
        0.9961038827896118,
        0.9963662624359131,
        0.9966875910758972,
        0.9955808520317078,
        0.9954764246940613,
        0.997412383556366,
        0.9951413869857788,
        0.9963215589523315,
        0.9947972893714905,
        0.9975641965866089,
        0.9960451722145081,
        0.9968189001083374,
        0.9950473308563232,
        0.9948040843009949
    ],
    "min_trans_rot_dists": [
        [
            0.023917292377015554,
            0.4519114329208288
        ],
        [
            0.044603075598066276,
            0.5616857706216278
        ],
        [
            0.11599073222824456,
            0.4519114329208288
        ],
        [
            0.094546433416963,
            0.22471956547940308
        ]
    ],
    "min_trans_rot_dists_prec": [
        [
            0.07345946191479366,
            0.8475841337437103
        ],
        [
            0.07907067882716715,
            0.6621359280912742
        ],
        [
            0.05455240127744357,
            0.5674129301105537
        ],
        [
            0.10106974393448565,
            0.8896947902979734
        ],
        [
            0.044603075598066276,
            0.9200860570002604
        ],
        [
            0.062159128210781414,
            0.8018062763191196
        ],
        [
            0.05608632019449825,
            0.7901256190297206
        ],
        [
            0.012140870934469293,
            0.7737019558584451
        ],
        [
            0.023917292377015554,
            0.4519114329208288
        ],
        [
            0.0762690715467206,
            0.8818963412851932
        ],
        [
            0.06278712400388378,
            0.536051605157952
        ],
        [
            0.07614157109389394,
            0.5621948187087183
        ],
        [
            0.05413595497412192,
            0.6602528448185419
        ],
        [
            0.058759806426115654,
            0.9941303075370859
        ],
        [
            0.08577320159500397,
            0.4426771952944657
        ],
        [
            0.09260135051950828,
            0.9820911630178774
        ],
        [
            0.08372116462073215,
            0.8553079354375834
        ],
        [
            0.07311124541389413,
            0.8082384818955144
        ],
        [
            0.10285128953918952,
            0.7038055213093648
        ],
        [
            0.08454823474264962,
            0.7239650659125387
        ],
        [
            0.06961767680721277,
            0.961381690003914
        ],
        [
            0.08748477890496335,
            0.9482500317259862
        ],
        [
            0.07493064599785028,
            0.6821844245417972
        ],
        [
            0.07197095067002614,
            0.9903659861826978
        ],
        [
            0.08412610381394482,
            0.7617241343882272
        ],
        [
            0.0766473997766878,
            0.9745247963630573
        ],
        [
            0.06307760216515168,
            0.8083874102450164
        ],
        [
            0.04863306275141368,
            0.18727072757316132
        ],
        [
            0.0931580462465949,
            0.9983303505538937
        ],
        [
            0.039618924436737334,
            0.5523946210128579
        ],
        [
            0.07073109985476791,
            0.4913356226681227
        ],
        [
            0.07476650801091747,
            0.41094964927333055
        ]
    ],
    "r_thresh_deg": 5,
    "t_thresh": 0.035,
    "t_thresh_prec": 0.04
}