{
    "match_ratio": 0.25,
    "recall": 0.25,
    "precision": 0.0625,
    "n_avail": 4,
    "n_pred": 32,
    "out_scores": [
        0.9904442429542542,
        0.9900171160697937,
        0.9908179044723511,
        0.9864852428436279,
        0.9866921305656433,
        0.9961282014846802,
        0.9900621175765991,
        0.9874459505081177,
        0.9866691827774048,
        0.9923059344291687,
        0.9896681308746338,
        0.9898365139961243,
        0.990826427936554,
        0.989520788192749,
        0.9907035827636719,
        0.9892699122428894,
        0.9896683692932129,
        0.9875019788742065,
        0.9916648268699646,
        0.9931634664535522,
        0.9870856404304504,
        0.9871926307678223,
        0.979836106300354,
        0.9910030364990234,
        0.9909073114395142,
        0.9833883047103882,
        0.9884907007217407,
        0.986374020576477,
        0.9898401498794556,
        0.9904646873474121,
        0.9831559658050537,
        0.987326443195343
    ],
    "min_trans_rot_dists": [
        [
            0.0346326241737504,
            0.005260751947896769
        ],
        [
            0.03928718430884885,
            0.03272585283803742
        ],
        [
            0.22157688361445663,
            0.4005175715825595
        ],
        [
            0.21694045700873585,
            0.2715634201273316
        ]
    ],
    "min_trans_rot_dists_prec": [
        [
            0.3543471086217278,
            0.4005175715825595
        ],
        [
            0.28170220813695374,
            0.8707150704289764
        ],
        [
            0.3217046007180504,
            0.2118863624125661
        ],
        [
            0.08223937441276556,
            0.9986293172692108
        ],
        [
            0.07531426101477362,
            0.9699860273132805
        ],
        [
            0.039203338924034214,
            0.9589991157975964
        ],
        [
            0.044663395780941244,
            0.45958791640548
        ],
        [
            0.07007963068987758,
            0.5506224383127734
        ],
        [
            0.042204215467638445,
            0.24649093637981345
        ],
        [
            0.04965075934298074,
            0.9992391007880499
        ],
        [
            0.061548464613506576,
            0.8140522140645774
        ],
        [
            0.040542069659094425,
            0.7179540248176485
        ],
        [
            0.03928718430884885,
            0.03272585283803742
        ],
        [
            0.04492745155973076,
            0.7810406648018473
        ],
        [
            0.054441824935398,
            0.958790181915308
        ],
        [
            0.27716061916149476,
            0.6349401845069674
        ],
        [
            0.08444563412556114,
            0.9999863693482636
        ],
        [
            0.2838388959779024,
            0.8244171176117784
        ],
        [
            0.3344724639733844,
            0.7371864087420763
        ],
        [
            0.11036323474760988,
            0.7263594446160014
        ],
        [
            0.10346883081596231,
            0.5873210073997488
        ],
        [
            0.05177503357045632,
            0.43752192367139275
        ],
        [
            0.10055116142006319,
            0.8420667119760978
        ],
        [
            0.06633996387212714,
            0.18568237537752508
        ],
        [
            0.1311524711260094,
            0.8027330483647609
        ],
        [
            0.0346326241737504,
            0.005260751947896769
        ],
        [
            0.051416562847021674,
            0.9901377489815866
        ],
        [
            0.30355869002049357,
            0.8236668208964233
        ],
        [
            0.29731540397334455,
            0.6520753659684627
        ],
        [
            0.3136667442495686,
            0.38987563869706976
        ],
        [
            0.24603987327621946,
            0.016052674564894454
        ],
        [
            0.37012926688373327,
            0.7414655641324424
        ]
    ],
    "r_thresh_deg": 5,
    "t_thresh": 0.035,
    "t_thresh_prec": 0.04
}