{
    "match_ratio": 0.5,
    "recall": 0.5,
    "precision": 0.3125,
    "n_avail": 6,
    "n_pred": 32,
    "out_scores": [
        0.99445641040802,
        0.6919479370117188,
        0.47840020060539246,
        0.12353027611970901,
        0.9903556108474731,
        0.3621380031108856,
        0.952350378036499,
        0.9060349464416504,
        0.5468529462814331,
        0.9557195901870728,
        0.6569614410400391,
        0.02375969849526882,
        0.692743718624115,
        0.9539977312088013,
        0.9540320038795471,
        0.12452074885368347,
        0.48262882232666016,
        0.22389285266399384,
        0.5797306895256042,
        0.9579584002494812,
        0.5695942640304565,
        0.5833972096443176,
        0.9031115174293518,
        0.7150770425796509,
        0.9960980415344238,
        0.6742119789123535,
        0.802070677280426,
        0.16693206131458282,
        0.7659600973129272,
        0.6614937782287598,
        0.7216995358467102,
        0.589144229888916
    ],
    "min_trans_rot_dists": [
        [
            0.21891726490307617,
            0.059197766642623995
        ],
        [
            0.025276819239112434,
            0.000854244489036815
        ],
        [
            0.1309212270940321,
            0.059197766642623995
        ],
        [
            0.07669660649931957,
            0.000854244489036815
        ],
        [
            0.029190875130295467,
            0.06193164800911766
        ],
        [
            0.022839491056479384,
            0.01579279605165773
        ]
    ],
    "min_trans_rot_dists_prec": [
        [
            0.025527282711712375,
            0.014550868820230267
        ],
        [
            0.02931258531363574,
            0.0638475412150935
        ],
        [
            0.02053901164061203,
            0.9991813760107147
        ],
        [
            0.018037711730187162,
            0.9995821871239037
        ],
        [
            0.016071392267823965,
            0.01745711544090034
        ],
        [
            0.13058836110437727,
            0.8697733143291729
        ],
        [
            0.04012321016798542,
            0.11305233295039341
        ],
        [
            0.127144019884704,
            0.9999192904984521
        ],
        [
            0.1276060993751897,
            0.814048432398655
        ],
        [
            0.25481883421179746,
            0.9887372040708876
        ],
        [
            0.124604470928503,
            0.8782188870695852
        ],
        [
            0.03022080517365722,
            0.9994777083445392
        ],
        [
            0.01896318017638855,
            0.005768972702735575
        ],
        [
            0.15749178835977595,
            0.13311140718817882
        ],
        [
            0.16658591846492288,
            0.07842684040046122
        ],
        [
            0.029479702172549072,
            0.9944475115731427
        ],
        [
            0.025276819239112434,
            0.000854244489036815
        ],
        [
            0.028785833032232082,
            0.059197766642623995
        ],
        [
            0.022954297318442774,
            0.9995088486690449
        ],
        [
            0.2551160765105802,
            0.9898209664259564
        ],
        [
            0.028687308255339952,
            0.0602345950553409
        ],
        [
            0.030301890250153035,
            0.06283905758872976
        ],
        [
            0.12637077321452764,
            0.9999612431784003
        ],
        [
            0.032558231241250325,
            0.11137886816030618
        ],
        [
            0.022839491056479384,
            0.01579279605165773
        ],
        [
            0.029190875130295467,
            0.06193164800911766
        ],
        [
            0.027693507898446115,
            0.9993626644161119
        ],
        [
            0.30727115093278495,
            0.9947889643422444
        ],
        [
            0.029878841126753177,
            0.10369988323872137
        ],
        [
            0.03278528973191538,
            0.10409100636427737
        ],
        [
            0.024310072846072298,
            0.9997179003461163
        ],
        [
            0.03228439115236997,
            0.10654686628569465
        ]
    ],
    "r_thresh_deg": 5,
    "t_thresh": 0.035,
    "t_thresh_prec": 0.04
}