{
    "match_ratio": 0.0,
    "recall": 0.0,
    "precision": 0.0,
    "n_avail": 6,
    "n_pred": 32,
    "out_scores": [
        0.9973874688148499,
        0.9978341460227966,
        0.9989448189735413,
        0.9440011978149414,
        0.9907953143119812,
        0.9988123178482056,
        0.9976209998130798,
        0.9954879879951477,
        0.9970759153366089,
        0.844903290271759,
        0.9991455078125,
        0.9860749840736389,
        0.9987616539001465,
        0.9982858300209045,
        0.9980201721191406,
        0.9987745881080627,
        0.9732385873794556,
        0.9859728813171387,
        0.507631778717041,
        0.9968859553337097,
        0.9983043670654297,
        0.9986383318901062,
        0.9989405274391174,
        0.9979180693626404,
        0.9829119443893433,
        0.9985730648040771,
        0.9988623857498169,
        0.995292067527771,
        0.9919131994247437,
        0.99849534034729,
        0.5569040775299072,
        0.9987190961837769
    ],
    "min_trans_rot_dists": [
        [
            0.0513816921628208,
            0.6080594634843217
        ],
        [
            0.11812015905943311,
            0.6931089353255979
        ],
        [
            0.054113545340887644,
            0.0786363691593438
        ],
        [
            0.05563306743167866,
            0.677604720327561
        ],
        [
            0.10768282367410847,
            0.0786363691593438
        ],
        [
            0.06208179558436227,
            0.09995698192570324
        ]
    ],
    "min_trans_rot_dists_prec": [
        [
            0.07441582848962618,
            0.6931089353255979
        ],
        [
            0.1973735438935068,
            0.9601020883361843
        ],
        [
            0.030813431557285435,
            0.8319702312577623
        ],
        [
            0.1762465396498127,
            0.9158266312237165
        ],
        [
            0.13969965277406116,
            0.985791729357322
        ],
        [
            0.174811464237918,
            0.0786363691593438
        ],
        [
            0.32613958848802366,
            0.8660802600879461
        ],
        [
            0.13933271031220218,
            0.8771462480319903
        ],
        [
            0.1932151927536589,
            0.8041091927093988
        ],
        [
            0.06705216659312911,
            0.6939414453938295
        ],
        [
            0.18922042455448893,
            0.5380368074761244
        ],
        [
            0.24573852248083491,
            0.09330695083766949
        ],
        [
            0.20303162325963608,
            0.9527453831880991
        ],
        [
            0.12590670592043599,
            0.9837388540041007
        ],
        [
            0.27310346428565746,
            0.6763239640935943
        ],
        [
            0.05563306743167866,
            0.677604720327561
        ],
        [
            0.01076143604505538,
            0.8463267674391701
        ],
        [
            0.1525848643010801,
            0.4546099520950362
        ],
        [
            0.11144608601649908,
            0.09995698192570324
        ],
        [
            0.2053360662858662,
            0.26987703583980704
        ],
        [
            0.32978425051871174,
            0.6051340863637802
        ],
        [
            0.17292043227767992,
            0.8756201050984191
        ],
        [
            0.09935435934543753,
            0.8281953001287308
        ],
        [
            0.071404391103555,
            0.9308958115637089
        ],
        [
            0.09851902266587309,
            0.8167329964713587
        ],
        [
            0.12251595602709209,
            0.5139130299845976
        ],
        [
            0.14651905943351537,
            0.6414791027312949
        ],
        [
            0.2759876936743086,
            0.8640787572496662
        ],
        [
            0.13276303878734935,
            0.6079983864933374
        ],
        [
            0.0513816921628208,
            0.6080594634843217
        ],
        [
            0.24776595065508825,
            0.8601401519857936
        ],
        [
            0.11440308260458723,
            0.9076326519457989
        ]
    ],
    "r_thresh_deg": 5,
    "t_thresh": 0.035,
    "t_thresh_prec": 0.04
}