{
    "match_ratio": 0.0,
    "recall": 0.0,
    "precision": 0.0,
    "n_avail": 4,
    "n_pred": 32,
    "out_scores": [
        0.8640718460083008,
        0.07785148918628693,
        0.8843007683753967,
        0.9602537751197815,
        0.9549731016159058,
        0.44539013504981995,
        0.8425260186195374,
        0.6332862377166748,
        0.0617273673415184,
        0.9936456680297852,
        0.7677088379859924,
        0.9939788579940796,
        0.8496291041374207,
        0.8650575280189514,
        0.21647757291793823,
        0.8744838833808899,
        0.9945000410079956,
        0.9928263425827026,
        0.5152757167816162,
        0.9941794872283936,
        0.9541586637496948,
        0.9274669885635376,
        0.348662793636322,
        0.8389754295349121,
        0.9954132437705994,
        0.3764287531375885,
        0.16640232503414154,
        0.11958210170269012,
        0.8278564214706421,
        0.9939928650856018,
        0.968154788017273,
        0.793361246585846
    ],
    "min_trans_rot_dists": [
        [
            0.07279470445193764,
            0.34148688098400315
        ],
        [
            0.07279470445193764,
            0.8192402980211977
        ],
        [
            0.34300476879348557,
            0.34148688098400315
        ],
        [
            0.3425890943762075,
            0.5208747063109191
        ]
    ],
    "min_trans_rot_dists_prec": [
        [
            0.5798095242488949,
            0.8519954980195258
        ],
        [
            0.07279470445193764,
            0.34148688098400315
        ],
        [
            0.6733087583115008,
            0.7380784036455579
        ],
        [
            0.47729953648447165,
            0.3186967359105358
        ],
        [
            0.4323996597438493,
            0.6605718327850105
        ],
        [
            0.5976695232475421,
            0.512065312726154
        ],
        [
            0.42851846617362854,
            0.7808550623498223
        ],
        [
            0.41581845235608117,
            0.7354961342717048
        ],
        [
            0.5740094533465383,
            0.8325090292524341
        ],
        [
            0.42829227311549267,
            0.013651196110878505
        ],
        [
            0.4937644175031573,
            0.7313087518648671
        ],
        [
            1.0731171590196225,
            0.5694830896281782
        ],
        [
            0.9352910726050113,
            0.6684885166949174
        ],
        [
            0.9367079217368491,
            0.6478744427484779
        ],
        [
            0.41285046439703266,
            0.8515868065253056
        ],
        [
            0.5644156994121304,
            0.8223454906164214
        ],
        [
            0.649946303714193,
            0.5604208455398338
        ],
        [
            0.7431988028874119,
            0.534577155136627
        ],
        [
            0.5565548793941124,
            0.4758434208345518
        ],
        [
            0.44972811958549685,
            0.9591538702117413
        ],
        [
            0.3660818708451565,
            0.8716559611480608
        ],
        [
            0.7529636522628119,
            0.4725914213976623
        ],
        [
            0.3731188199145373,
            0.09778786745978396
        ],
        [
            0.7543414283472138,
            0.9898350064115707
        ],
        [
            0.6695460252702594,
            0.550489094078227
        ],
        [
            0.21585057239135114,
            0.9971790596052614
        ],
        [
            0.3354784591901761,
            0.9754372296637113
        ],
        [
            0.61476032495584,
            0.1424372221149669
        ],
        [
            0.5173826382212654,
            0.7266852607448001
        ],
        [
            0.5286530961499267,
            0.6462674378889455
        ],
        [
            0.4299205633944843,
            0.2793162078257799
        ],
        [
            0.6145385223755931,
            0.014540255184049444
        ]
    ],
    "r_thresh_deg": 5,
    "t_thresh": 0.035,
    "t_thresh_prec": 0.04
}