{
    "match_ratio": 0.16666666666666666,
    "recall": 0.16666666666666666,
    "precision": 0.03125,
    "n_avail": 6,
    "n_pred": 32,
    "out_scores": [
        0.9105883240699768,
        0.9594648480415344,
        0.9374643564224243,
        0.8537728786468506,
        0.8920955061912537,
        0.6322892308235168,
        0.8933125734329224,
        0.8019761443138123,
        0.8373220562934875,
        0.9126375913619995,
        0.566779375076294,
        0.9079447984695435,
        0.5583643317222595,
        0.8999866247177124,
        0.9161697626113892,
        0.952495813369751,
        0.37235966324806213,
        0.31309056282043457,
        0.9279214143753052,
        0.8961315751075745,
        0.9481393694877625,
        0.057502929121255875,
        0.7717129588127136,
        0.7609761357307434,
        0.6466591358184814,
        0.7721396088600159,
        0.49276185035705566,
        0.9389520287513733,
        0.08598771691322327,
        0.830089271068573,
        0.9451501965522766,
        0.8730771541595459
    ],
    "min_trans_rot_dists": [
        [
            0.12559533654074076,
            0.13067043082112395
        ],
        [
            0.18144914416767474,
            0.1559747063513982
        ],
        [
            0.026032279745012328,
            0.06947923698579328
        ],
        [
            0.02264005732949637,
            0.3565082373832157
        ],
        [
            0.05763482332880164,
            0.3315171258544568
        ],
        [
            0.07562969076680313,
            0.7465272379617748
        ]
    ],
    "min_trans_rot_dists_prec": [
        [
            0.2090118696074298,
            0.3714630058160242
        ],
        [
            0.12811839778845954,
            0.25526642997744564
        ],
        [
            0.052787802609499716,
            0.8227799919018544
        ],
        [
            0.2104373744460364,
            0.534587989522257
        ],
        [
            0.1472273330849629,
            0.19718616637897624
        ],
        [
            0.04471144860543254,
            0.5233631828844711
        ],
        [
            0.21001571375240957,
            0.9937030133815771
        ],
        [
            0.1914023729331854,
            0.9835424895748409
        ],
        [
            0.24518140470416713,
            0.3315171258544568
        ],
        [
            0.19777162204099769,
            0.40754300517812936
        ],
        [
            0.24423273488216032,
            0.6342849030098682
        ],
        [
            0.0498666678725877,
            0.2521943593021435
        ],
        [
            0.07845735257103947,
            0.8077117922489926
        ],
        [
            0.007830289557393,
            0.619545039766147
        ],
        [
            0.05502083046126459,
            0.1559747063513982
        ],
        [
            0.2064760625040754,
            0.5200772039018086
        ],
        [
            0.026032279745012328,
            0.06947923698579328
        ],
        [
            0.12559533654074076,
            0.13067043082112395
        ],
        [
            0.20622284773118027,
            0.23402646615586897
        ],
        [
            0.04937518338525508,
            0.8119549286112312
        ],
        [
            0.24016397079409438,
            0.11119196020655531
        ],
        [
            0.168367249924767,
            0.05694390361664914
        ],
        [
            0.17376749816930812,
            0.5052442672825089
        ],
        [
            0.02264005732949637,
            0.3565082373832157
        ],
        [
            0.07528952503281774,
            0.36864317605802255
        ],
        [
            0.041062500383369414,
            0.7758544697646641
        ],
        [
            0.20599645862166643,
            0.8296086639701332
        ],
        [
            0.26007792127461077,
            0.988934521006964
        ],
        [
            0.18983935417706854,
            0.2311530989153222
        ],
        [
            0.07320759057555969,
            0.45118809879479793
        ],
        [
            0.1536563821561828,
            0.8742174106773873
        ],
        [
            0.11679600050624428,
            0.8962877063862353
        ]
    ],
    "r_thresh_deg": 5,
    "t_thresh": 0.035,
    "t_thresh_prec": 0.04
}