{
    "match_ratio": 0.0,
    "recall": 0.0,
    "precision": 0.0,
    "n_avail": 4,
    "n_pred": 32,
    "out_scores": [
        0.010114148259162903,
        0.36378729343414307,
        0.013774043880403042,
        0.6618420481681824,
        0.01428466010838747,
        0.9226818084716797,
        0.5726961493492126,
        0.8974897861480713,
        0.5099297761917114,
        0.0054620662704110146,
        0.8039941191673279,
        0.15060779452323914,
        0.9376211762428284,
        0.011173930950462818,
        0.8349097371101379,
        0.01525048352777958,
        0.6657647490501404,
        0.2785443365573883,
        0.8157340288162231,
        0.5502599477767944,
        0.35084328055381775,
        0.7959690690040588,
        0.01394092757254839,
        0.9121668934822083,
        0.799587607383728,
        0.013245413079857826,
        0.40142208337783813,
        0.824093222618103,
        0.016624510288238525,
        0.8029044270515442,
        0.9011766910552979,
        0.8383532762527466
    ],
    "min_trans_rot_dists": [
        [
            0.46487501746319443,
            0.6447514136871809
        ],
        [
            0.36602502372965634,
            0.18274536968199984
        ],
        [
            0.26763191883395193,
            0.6447514136871809
        ],
        [
            0.4844727398681355,
            0.18274536968199984
        ]
    ],
    "min_trans_rot_dists_prec": [
        [
            0.7050611034572848,
            0.8795088954653194
        ],
        [
            0.38376053155046747,
            0.968010230946217
        ],
        [
            0.26763191883395193,
            0.5713862419162707
        ],
        [
            0.44334192075154877,
            0.7506659802744291
        ],
        [
            0.5860182376531141,
            0.6405351022590388
        ],
        [
            0.45652490701320303,
            0.9989294242820216
        ],
        [
            0.11828261510561466,
            0.9705135025840564
        ],
        [
            0.5446234972420353,
            0.7497294568816477
        ],
        [
            0.36602502372965634,
            0.9737405001863993
        ],
        [
            0.5633290656880359,
            0.4038379298145166
        ],
        [
            0.5649664231695221,
            0.04383467845858502
        ],
        [
            0.7405227105940835,
            0.9608424628809868
        ],
        [
            0.690751736819322,
            0.4138495329810886
        ],
        [
            0.49408491623185435,
            0.8423279518471999
        ],
        [
            0.3028455508430827,
            0.8597786758515787
        ],
        [
            0.4262344925313645,
            0.6534636327071088
        ],
        [
            0.5222138995430831,
            0.16027709396221423
        ],
        [
            0.48906781638561936,
            0.996179889401007
        ],
        [
            0.5860249799873407,
            0.9944131775332007
        ],
        [
            0.3468593082978043,
            0.9878820946808693
        ],
        [
            0.687688289175188,
            0.508641022668262
        ],
        [
            0.7365585499886923,
            0.6870947644138288
        ],
        [
            0.6626073655356168,
            0.5434414542558852
        ],
        [
            0.40480869490881133,
            0.891371864268999
        ],
        [
            0.5046949483898061,
            0.2002718716648395
        ],
        [
            0.2520312170196541,
            0.8476345282203055
        ],
        [
            0.7644018779302949,
            0.4418327097495056
        ],
        [
            0.5843876533527402,
            0.9506211813701199
        ],
        [
            0.6292189189353374,
            0.7363497246159361
        ],
        [
            0.54002724627857,
            0.4175437022611518
        ],
        [
            0.4203430577704806,
            0.7150936849237182
        ],
        [
            0.492282513521345,
            0.9767777131912296
        ]
    ],
    "r_thresh_deg": 5,
    "t_thresh": 0.035,
    "t_thresh_prec": 0.04
}