{
    "match_ratio": 0.0,
    "recall": 0.0,
    "precision": 0.0,
    "n_avail": 6,
    "n_pred": 32,
    "out_scores": [
        0.9649085402488708,
        0.9449899792671204,
        0.8361729383468628,
        0.8761723637580872,
        0.03831968083977699,
        0.7585040926933289,
        0.9193994402885437,
        0.9619737267494202,
        0.9179152250289917,
        0.014589293859899044,
        0.9690868854522705,
        0.633073091506958,
        0.7904496788978577,
        0.0803583636879921,
        0.7765623927116394,
        0.6850795745849609,
        0.02597939781844616,
        0.839260458946228,
        0.8348577618598938,
        0.9627504944801331,
        0.9651789665222168,
        0.9436365365982056,
        0.036641962826251984,
        0.5831778645515442,
        0.7463545799255371,
        0.6769118905067444,
        0.8580513596534729,
        0.06618189811706543,
        0.8403744101524353,
        0.952495276927948,
        0.10606562346220016,
        0.9081488251686096
    ],
    "min_trans_rot_dists": [
        [
            0.38865491393364854,
            0.7716075904087414
        ],
        [
            0.36487343054716476,
            0.2668858361987292
        ],
        [
            0.37376533471466067,
            0.7716075904087414
        ],
        [
            0.3748293616492421,
            0.2668858361987292
        ],
        [
            0.33528272780998125,
            0.5520058353762018
        ],
        [
            0.4200508222521744,
            0.2668858361987292
        ]
    ],
    "min_trans_rot_dists_prec": [
        [
            0.5348958320788639,
            0.7421131968368828
        ],
        [
            1.0104500280664033,
            0.9975865480612404
        ],
        [
            0.854250752998944,
            0.8859314076837497
        ],
        [
            0.38865491393364854,
            0.7716075904087414
        ],
        [
            0.5401792608482863,
            0.512047233315355
        ],
        [
            0.5073830545263288,
            0.7591566092145667
        ],
        [
            0.5524940052003854,
            0.5466134224595255
        ],
        [
            0.482817290767616,
            0.5520058353762018
        ],
        [
            0.5891342949637269,
            0.7408247136972901
        ],
        [
            0.7052765208117145,
            0.8583138576430052
        ],
        [
            0.3732894313036969,
            0.8874542866895881
        ],
        [
            0.9544379165455518,
            0.9994747991058626
        ],
        [
            0.41478315172451297,
            0.7829595223484664
        ],
        [
            0.8337163355913824,
            0.4963116202924084
        ],
        [
            0.4897624547560863,
            0.02728445715034955
        ],
        [
            0.5257753566872286,
            0.993778207199523
        ],
        [
            0.5524701020075016,
            0.9087456241331382
        ],
        [
            0.3387252435101537,
            0.923781217385983
        ],
        [
            0.6567152489892611,
            0.9705331677898549
        ],
        [
            0.48076410683629617,
            0.2783653652060928
        ],
        [
            0.5985452174887305,
            0.9415322468057863
        ],
        [
            1.0752077503721196,
            0.9664002631741628
        ],
        [
            0.617948162556987,
            0.5837623909683922
        ],
        [
            0.42980903243950364,
            0.213705218395412
        ],
        [
            0.370132725400823,
            0.9887795022722297
        ],
        [
            0.8978371593961879,
            0.8456133574439709
        ],
        [
            0.5149849745740304,
            0.8587672862530017
        ],
        [
            0.5903745400694511,
            0.7354761538481169
        ],
        [
            0.5549068095243351,
            0.874337658772769
        ],
        [
            0.36487343054716476,
            0.808615935352106
        ],
        [
            0.5601365106773587,
            0.9141526509901495
        ],
        [
            0.38545268327083815,
            0.5756481133155054
        ]
    ],
    "r_thresh_deg": 5,
    "t_thresh": 0.035,
    "t_thresh_prec": 0.04
}