{
    "match_ratio": 0.0,
    "recall": 0.0,
    "precision": 0.0,
    "n_avail": 14,
    "n_pred": 32,
    "out_scores": [
        0.9982258677482605,
        0.9964648485183716,
        0.9913733601570129,
        0.9280774593353271,
        0.9963200092315674,
        0.9954492449760437,
        0.9961919784545898,
        0.9944896697998047,
        0.9972119927406311,
        0.9931097030639648,
        0.9880751967430115,
        0.989031970500946,
        0.982709527015686,
        0.9680536389350891,
        0.990098774433136,
        0.9925692677497864,
        0.9983179569244385,
        0.9925217032432556,
        0.9972910284996033,
        0.994800329208374,
        0.9872374534606934,
        0.9974254965782166,
        0.992275059223175,
        0.9972758889198303,
        0.9893532991409302,
        0.9763374924659729,
        0.9878078103065491,
        0.9972768425941467,
        0.988624095916748,
        0.9944990873336792,
        0.99050372838974,
        0.9910950660705566
    ],
    "min_trans_rot_dists": [
        [
            0.09267224884021119,
            0.9430781958549849
        ],
        [
            0.1516997014595343,
            0.5173182796567151
        ],
        [
            0.03044578356659113,
            0.5363828908959305
        ],
        [
            0.06605235873845135,
            0.4748236109307037
        ],
        [
            0.05289842896687964,
            0.6519277059202895
        ],
        [
            0.08606986295438623,
            0.10112023081793764
        ],
        [
            0.0936901476486901,
            0.39817281480601785
        ],
        [
            0.14265280570160183,
            0.10112023081793764
        ],
        [
            0.13905219212366865,
            0.531986327649952
        ],
        [
            0.0756790904152778,
            0.14985644841840695
        ],
        [
            0.026476227226353326,
            0.5789461717880184
        ],
        [
            0.0923494808880005,
            0.14985644841840695
        ],
        [
            0.1619210866122643,
            0.5789461717880184
        ],
        [
            0.19546783239361018,
            0.14985644841840695
        ]
    ],
    "min_trans_rot_dists_prec": [
        [
            0.1074298541457659,
            0.5173182796567151
        ],
        [
            0.40269122869345797,
            0.7035097439483842
        ],
        [
            0.09267224884021119,
            0.9430781958549849
        ],
        [
            0.40728799246290537,
            0.5789461717880184
        ],
        [
            0.1612273012127492,
            0.7838409786802347
        ],
        [
            0.3469963265855019,
            0.8515776108053259
        ],
        [
            0.06605235873845135,
            0.4748236109307037
        ],
        [
            0.12680685810026932,
            0.7950355832242706
        ],
        [
            0.2578894507677854,
            0.14985644841840695
        ],
        [
            0.13185858397761066,
            0.5363828908959305
        ],
        [
            0.12034005502307567,
            0.6190871396659612
        ],
        [
            0.33690276124521146,
            0.8327332070159013
        ],
        [
            0.24986909134738788,
            0.9089086389356704
        ],
        [
            0.16890708350725614,
            0.8669977467098798
        ],
        [
            0.30361959620189566,
            0.626954321367925
        ],
        [
            0.4986900181908369,
            0.8947282699787376
        ],
        [
            0.3812175448345973,
            0.531986327649952
        ],
        [
            0.46816068561258883,
            0.21434679000586188
        ],
        [
            0.35626811420146154,
            0.6611006894388112
        ],
        [
            0.13257441573603995,
            0.8030251746830535
        ],
        [
            0.36976303587734294,
            0.6365966078106362
        ],
        [
            0.4935852638177568,
            0.39817281480601785
        ],
        [
            0.42092118828386094,
            0.5711388210274204
        ],
        [
            0.22602012153425668,
            0.7750940892505076
        ],
        [
            0.27309605914181834,
            0.435150921715291
        ],
        [
            0.3724826375632792,
            0.21609000581099647
        ],
        [
            0.25929775493725454,
            0.6703983466198296
        ],
        [
            0.38567592158301606,
            0.7055431175146284
        ],
        [
            0.29363443406431944,
            0.7720958896138744
        ],
        [
            0.3845531807126061,
            0.7547770133884997
        ],
        [
            0.18873625115292347,
            0.10112023081793764
        ],
        [
            0.24161153666060473,
            0.6519277059202895
        ]
    ],
    "r_thresh_deg": 5,
    "t_thresh": 0.035,
    "t_thresh_prec": 0.04
}