{
    "match_ratio": 0.0,
    "recall": 0.0,
    "precision": 0.0,
    "n_avail": 4,
    "n_pred": 32,
    "out_scores": [
        0.9904338121414185,
        0.9914221167564392,
        0.9880667924880981,
        0.9816495776176453,
        0.9909687638282776,
        0.9815418720245361,
        0.9855422973632812,
        0.9833801984786987,
        0.9915042519569397,
        0.9910509586334229,
        0.9735198020935059,
        0.9864912033081055,
        0.9761500358581543,
        0.991285502910614,
        0.9912716746330261,
        0.9911104440689087,
        0.985852837562561,
        0.991608202457428,
        0.9771769642829895,
        0.9867120981216431,
        0.9898335933685303,
        0.9806483387947083,
        0.9159829020500183,
        0.9779675006866455,
        0.9903301000595093,
        0.9826890230178833,
        0.989916980266571,
        0.9885162115097046,
        0.9885762333869934,
        0.9852226376533508,
        0.9881247282028198,
        0.9911366701126099
    ],
    "min_trans_rot_dists": [
        [
            0.07631216443518217,
            0.5057226273135463
        ],
        [
            0.1478393283645025,
            0.35411003468094693
        ],
        [
            0.03636755337660188,
            0.189674312841417
        ],
        [
            0.1737976259120923,
            0.17131211275326275
        ]
    ],
    "min_trans_rot_dists_prec": [
        [
            0.2010775348027439,
            0.9012720749293412
        ],
        [
            0.22285370917747793,
            0.8413916848215701
        ],
        [
            0.18264753241777526,
            0.6297180951433544
        ],
        [
            0.18178518698018067,
            0.9970515342841675
        ],
        [
            0.20984003207829857,
            0.8072251857001648
        ],
        [
            0.21368171849839218,
            0.9830346981096807
        ],
        [
            0.2509809080496608,
            0.43428220077340574
        ],
        [
            0.1789975447537879,
            0.6775526883584456
        ],
        [
            0.14191070909716827,
            0.5597089658547412
        ],
        [
            0.1868137982851691,
            0.9469707491827415
        ],
        [
            0.1883841364657608,
            0.11546326639630033
        ],
        [
            0.26667351982856186,
            0.9049496430642048
        ],
        [
            0.20366486549310345,
            0.7482242640303169
        ],
        [
            0.1478393283645025,
            0.9977648210331398
        ],
        [
            0.19429982859107783,
            0.566967848575508
        ],
        [
            0.19852931626372203,
            0.9956477059076139
        ],
        [
            0.19256050056371657,
            0.11187753160561853
        ],
        [
            0.06052282354980501,
            0.9505304094718183
        ],
        [
            0.0753786500952501,
            0.9142918370354416
        ],
        [
            0.1737976259120923,
            0.17131211275326275
        ],
        [
            0.12334363604460377,
            0.6283601668011485
        ],
        [
            0.2675251475490805,
            0.27836155566594234
        ],
        [
            0.3032268067768008,
            0.9354747163412869
        ],
        [
            0.034517140212450316,
            0.519439551142053
        ],
        [
            0.20859547597725764,
            0.189674312841417
        ],
        [
            0.05972206146547527,
            0.8649990871770165
        ],
        [
            0.12751499487168563,
            0.7236207340688459
        ],
        [
            0.2534467336760598,
            0.36628675162334345
        ],
        [
            0.22550071940846528,
            0.5301754964584315
        ],
        [
            0.216472256589824,
            0.5545535861419726
        ],
        [
            0.1950214521520753,
            0.05390697591701121
        ],
        [
            0.07631216443518217,
            0.5057226273135463
        ]
    ],
    "r_thresh_deg": 5,
    "t_thresh": 0.035,
    "t_thresh_prec": 0.04
}