{
    "match_ratio": 0.5,
    "recall": 0.5,
    "precision": 0.46875,
    "n_avail": 6,
    "n_pred": 32,
    "out_scores": [
        0.996266782283783,
        0.9957427382469177,
        0.9990413784980774,
        0.9965708255767822,
        0.9833811521530151,
        0.9978117346763611,
        0.990063488483429,
        0.9724025130271912,
        0.9977818131446838,
        0.9973648190498352,
        0.9846835732460022,
        0.9823895692825317,
        0.9988152980804443,
        0.9983943104743958,
        0.8814827799797058,
        0.9904048442840576,
        0.9988300204277039,
        0.9903237819671631,
        0.9938550591468811,
        0.9775044322013855,
        0.9903680086135864,
        5.744498654536301e-09,
        0.9770132303237915,
        0.9955833554267883,
        0.9980475902557373,
        0.9985930323600769,
        0.9964575171470642,
        0.9983323216438293,
        0.9719983339309692,
        0.998518168926239,
        0.9985465407371521,
        0.9988362193107605
    ],
    "min_trans_rot_dists": [
        [
            0.010311237928203225,
            0.08589158924658413
        ],
        [
            0.008719335628759121,
            0.9999496054068577
        ],
        [
            0.21424264853669533,
            0.0011982906424217177
        ],
        [
            0.1126377628456586,
            0.9999496054068577
        ],
        [
            0.01116218257594122,
            0.052251160090622695
        ],
        [
            0.013211075321186922,
            0.03486195527534841
        ]
    ],
    "min_trans_rot_dists_prec": [
        [
            0.011909544972905734,
            0.07181044555294314
        ],
        [
            0.2880076567511488,
            0.36569177298830513
        ],
        [
            0.21948034362884644,
            0.9312754350031024
        ],
        [
            0.011142041658747204,
            0.0011982906424217177
        ],
        [
            0.28822812350618127,
            0.8133455875419441
        ],
        [
            0.28572466400570595,
            0.14877682727360197
        ],
        [
            0.013801445798386172,
            0.07721133625860555
        ],
        [
            0.28597481141877074,
            0.7996712572888686
        ],
        [
            0.014338214296655417,
            0.04019253404347256
        ],
        [
            0.011676448655118918,
            0.013508743001880208
        ],
        [
            0.01146029984455504,
            0.051341096684822896
        ],
        [
            0.013955628564360936,
            0.05059853566390948
        ],
        [
            0.2877976302653185,
            0.15722897137215275
        ],
        [
            0.28622273781393404,
            0.13082390402520405
        ],
        [
            0.29161084504996976,
            0.8205997978860394
        ],
        [
            0.010448074127567047,
            0.07948740680331634
        ],
        [
            0.21767587503725025,
            0.9770427149286625
        ],
        [
            0.014263612928454093,
            0.04214497885642565
        ],
        [
            0.011744489700574004,
            0.007378935386869623
        ],
        [
            0.008719335628759121,
            0.9845252655358594
        ],
        [
            0.010311237928203225,
            0.08589158924658413
        ],
        [
            0.21458818094366416,
            0.6673418383126609
        ],
        [
            0.00855313407548287,
            0.8844745438961062
        ],
        [
            0.21595759606209936,
            0.9994792659079421
        ],
        [
            0.2857684919557231,
            0.14342395499860416
        ],
        [
            0.011368229073082632,
            0.00673112290502853
        ],
        [
            0.011095451033526115,
            0.020600010386234047
        ],
        [
            0.21622437103532874,
            0.933745134191923
        ],
        [
            0.013211075321186922,
            0.03486195527534841
        ],
        [
            0.2881872365239382,
            0.17528512421718268
        ],
        [
            0.01116218257594122,
            0.052251160090622695
        ],
        [
            0.21956166436249538,
            0.9231318820995486
        ]
    ],
    "r_thresh_deg": 5,
    "t_thresh": 0.035,
    "t_thresh_prec": 0.04
}