{
    "match_ratio": 0.0,
    "recall": 0.0,
    "precision": 0.0,
    "n_avail": 12,
    "n_pred": 32,
    "out_scores": [
        0.01552455686032772,
        0.4123314619064331,
        0.000820880348328501,
        0.8577423095703125,
        0.9505249261856079,
        0.9491360783576965,
        0.7444229125976562,
        0.9369955062866211,
        0.9256410598754883,
        0.010476132854819298,
        0.8813655972480774,
        0.8999655842781067,
        0.3686799705028534,
        0.5821444988250732,
        0.630720317363739,
        0.022224245592951775,
        0.793101966381073,
        0.0005793999298475683,
        0.6100087761878967,
        0.5327848792076111,
        0.9412602186203003,
        0.026014648377895355,
        0.3596023619174957,
        0.6111196875572205,
        0.0260792076587677,
        0.0007968958234414458,
        0.6105882525444031,
        0.3535288870334625,
        0.4915243983268738,
        0.6605673432350159,
        0.004322805907577276,
        0.9454481601715088
    ],
    "min_trans_rot_dists": [
        [
            0.46295218839513613,
            0.055513961644291565
        ],
        [
            0.26337848531452784,
            0.0044797143445743925
        ],
        [
            0.5271232959895499,
            0.055513961644291565
        ],
        [
            0.1797338923139961,
            0.0044797143445743925
        ],
        [
            0.5417632655623615,
            0.055513961644291565
        ],
        [
            0.24113831561630067,
            0.0044797143445743925
        ],
        [
            0.25111339110036296,
            0.31803820354251966
        ],
        [
            0.5011764156820409,
            0.0044797143445743925
        ],
        [
            0.362670493478453,
            0.015760989189722796
        ],
        [
            0.2289303126127307,
            0.5170722303631887
        ],
        [
            0.3730608575475809,
            0.015760989189722796
        ],
        [
            0.2822231490854278,
            0.5170722303631887
        ]
    ],
    "min_trans_rot_dists_prec": [
        [
            0.6702913321164028,
            0.8453684891584607
        ],
        [
            0.2993498241796654,
            0.998106934476225
        ],
        [
            0.44242488551987663,
            0.961226592777876
        ],
        [
            0.4688019187090967,
            0.31803820354251966
        ],
        [
            0.1797338923139961,
            0.0044797143445743925
        ],
        [
            0.7673267792153443,
            0.7447919877241564
        ],
        [
            0.09693505336118545,
            0.9924047318050097
        ],
        [
            0.15064050764530645,
            0.9088869868056207
        ],
        [
            0.38051935856962193,
            0.7381401562853707
        ],
        [
            0.4058394520640729,
            0.27306384774601367
        ],
        [
            0.39789002017695746,
            0.9111757541111395
        ],
        [
            0.39422379740802116,
            0.34256384375872717
        ],
        [
            0.6788171964494459,
            0.015760989189722796
        ],
        [
            0.5252878980285582,
            0.5390819346834399
        ],
        [
            0.5371302762487445,
            0.6229625210024767
        ],
        [
            0.46295218839513613,
            0.055513961644291565
        ],
        [
            0.43369941938331363,
            0.8233686885508313
        ],
        [
            0.43728271548188646,
            0.6653404354177116
        ],
        [
            0.8265028024757128,
            0.14532973743485866
        ],
        [
            0.5353185034223562,
            0.6441194598678017
        ],
        [
            0.30234479004644765,
            0.9797159939709812
        ],
        [
            0.9735389141367203,
            0.7796919542951277
        ],
        [
            0.7640359248400534,
            0.6310169972926416
        ],
        [
            0.27660885330140855,
            0.483195157116025
        ],
        [
            0.40829924332719186,
            0.9152471132440609
        ],
        [
            0.2361282452587367,
            0.4726824445814243
        ],
        [
            0.26534477257152794,
            0.7358928573308114
        ],
        [
            0.6979269557362303,
            0.5500680253966237
        ],
        [
            0.5933315389786075,
            0.7528074614022352
        ],
        [
            0.26743676147730455,
            0.8508084882128568
        ],
        [
            0.5592046856560154,
            0.7382212015149472
        ],
        [
            0.2059077133662052,
            0.8995832809761302
        ]
    ],
    "r_thresh_deg": 5,
    "t_thresh": 0.035,
    "t_thresh_prec": 0.04
}