{
    "match_ratio": 0.0,
    "recall": 0.0,
    "precision": 0.0,
    "n_avail": 4,
    "n_pred": 32,
    "out_scores": [
        0.7006701231002808,
        0.9832826852798462,
        0.9739781618118286,
        0.9847450852394104,
        0.9785280823707581,
        0.9591696262359619,
        0.8085706830024719,
        0.9851486682891846,
        0.9155765771865845,
        0.7994980216026306,
        0.7945794463157654,
        0.9758745431900024,
        0.06830032914876938,
        0.9108453392982483,
        0.9823764562606812,
        0.9796708226203918,
        0.9805490374565125,
        0.9806576371192932,
        0.9877647757530212,
        0.9335302710533142,
        0.4633820056915283,
        0.9461970329284668,
        0.9798433184623718,
        0.9715122580528259,
        0.9366512894630432,
        0.9023692607879639,
        0.9489166140556335,
        0.9854291081428528,
        0.9724423885345459,
        0.9658814668655396,
        0.9318286180496216,
        0.9282959699630737
    ],
    "min_trans_rot_dists": [
        [
            0.0282394982906339,
            0.7219298282013804
        ],
        [
            0.056320478412289716,
            0.44209928507661245
        ],
        [
            0.015052921110315441,
            0.3497498430005215
        ],
        [
            0.048018694064083926,
            0.2982799788757178
        ]
    ],
    "min_trans_rot_dists_prec": [
        [
            0.09243363970513895,
            0.4789586449167844
        ],
        [
            0.03735810893092512,
            0.5120430211803797
        ],
        [
            0.22012221045676103,
            0.590604269206928
        ],
        [
            0.19508686056303845,
            0.1479207099624873
        ],
        [
            0.2178280326727673,
            0.47245763155398324
        ],
        [
            0.22915294762194752,
            0.6718075074389176
        ],
        [
            0.1604458110862655,
            0.6694175652918104
        ],
        [
            0.08690118149983546,
            0.4166835088196563
        ],
        [
            0.18787925264208322,
            0.5140233606784133
        ],
        [
            0.2063050404747228,
            0.33452600157788903
        ],
        [
            0.21116367243185552,
            0.48123625227966116
        ],
        [
            0.061532032091656495,
            0.34314765045389684
        ],
        [
            0.18751347353973416,
            0.6860994800324394
        ],
        [
            0.02736667747374153,
            0.7621336990267278
        ],
        [
            0.047138693102567825,
            0.8639467471973032
        ],
        [
            0.08072041935455855,
            0.5128926285398365
        ],
        [
            0.15962060682419205,
            0.1277367496806332
        ],
        [
            0.19210265294965762,
            0.3497498430005215
        ],
        [
            0.048018694064083926,
            0.2982799788757178
        ],
        [
            0.035995871078415224,
            0.9666805762532172
        ],
        [
            0.22439218571720954,
            0.2055228829886966
        ],
        [
            0.013591613869964539,
            0.6268289425589804
        ],
        [
            0.09501909239722114,
            0.7579478042564289
        ],
        [
            0.19222778202717772,
            0.47913562599098636
        ],
        [
            0.04632088108444092,
            0.9177573814861543
        ],
        [
            0.1886536804627287,
            0.9615135379304423
        ],
        [
            0.03682785638595553,
            0.8109305677006474
        ],
        [
            0.1494544008777568,
            0.14387963447274787
        ],
        [
            0.0282394982906339,
            0.7219298282013804
        ],
        [
            0.04726266417292975,
            0.024665127550517307
        ],
        [
            0.072279787454926,
            0.5644595441928233
        ],
        [
            0.056320478412289716,
            0.9659143311592556
        ]
    ],
    "r_thresh_deg": 5,
    "t_thresh": 0.035,
    "t_thresh_prec": 0.04
}