{
    "match_ratio": 0.0,
    "recall": 0.0,
    "precision": 0.0,
    "n_avail": 6,
    "n_pred": 32,
    "out_scores": [
        0.9917817711830139,
        0.9917962551116943,
        0.6214075684547424,
        0.9700927138328552,
        0.980438232421875,
        0.9582711458206177,
        0.9714928865432739,
        0.9881272912025452,
        0.9189611077308655,
        0.9671462774276733,
        0.9884317517280579,
        0.9965147972106934,
        0.966528594493866,
        0.8672844767570496,
        0.5458305478096008,
        0.9914875030517578,
        0.9923627376556396,
        0.9935306906700134,
        0.989291250705719,
        0.9834839701652527,
        0.9827030897140503,
        0.9862566590309143,
        0.9892054796218872,
        0.8539555072784424,
        0.994439959526062,
        0.9099112153053284,
        0.9758268594741821,
        0.9859424233436584,
        0.9674142003059387,
        0.9585059285163879,
        0.9640998840332031,
        0.994365930557251
    ],
    "min_trans_rot_dists": [
        [
            0.050104626711195234,
            0.2815252754190518
        ],
        [
            0.046620216664062075,
            0.1705712639356749
        ],
        [
            0.0416971783460625,
            0.6420313036885388
        ],
        [
            0.0416971783460625,
            0.8501437254309233
        ],
        [
            0.05840353478368024,
            0.16023270089383457
        ],
        [
            0.08964116810865663,
            0.6090726652112819
        ]
    ],
    "min_trans_rot_dists_prec": [
        [
            0.05422488156241793,
            0.6420313036885388
        ],
        [
            0.0436413272156668,
            0.16211587302520136
        ],
        [
            0.050104626711195234,
            0.2815252754190518
        ],
        [
            0.046620216664062075,
            0.9759265572123222
        ],
        [
            0.0427294565991474,
            0.408473838804431
        ],
        [
            0.06791377527112498,
            0.9994888408792216
        ],
        [
            0.0741627964821595,
            0.6447112839124414
        ],
        [
            0.04055876920804669,
            0.9985251107297916
        ],
        [
            0.0465363672794119,
            0.8720805596708132
        ],
        [
            0.056195705035506624,
            0.46580121621669357
        ],
        [
            0.027575264971287393,
            0.9999999442824067
        ],
        [
            0.3023586403632862,
            0.49742046561588515
        ],
        [
            0.07873802419735526,
            0.9968128419294228
        ],
        [
            0.02718876608335502,
            0.9840844471648807
        ],
        [
            0.059843540993910566,
            0.5136410097819231
        ],
        [
            0.08876790839669595,
            0.9046707423359631
        ],
        [
            0.07634668112320295,
            0.981508280682257
        ],
        [
            0.049512016933242434,
            0.9957264886040023
        ],
        [
            0.04203040294521386,
            0.9998640041671
        ],
        [
            0.04532567529246734,
            0.9964968345967732
        ],
        [
            0.05123089813590647,
            0.2765529233388967
        ],
        [
            0.0688334198991337,
            0.4495638822893193
        ],
        [
            0.0669618112042796,
            0.7672342596748439
        ],
        [
            0.026524190412732174,
            0.657595390528032
        ],
        [
            0.09633301565771077,
            0.7208723073859286
        ],
        [
            0.0329352882818834,
            0.4740909610436945
        ],
        [
            0.07502219477551166,
            0.9997226623044052
        ],
        [
            0.06685845819629996,
            0.5553249467314321
        ],
        [
            0.15823920598177477,
            0.16023270089383457
        ],
        [
            0.020571025698011402,
            0.9221196677035286
        ],
        [
            0.04629419211420037,
            0.6090726652112819
        ],
        [
            0.05220027275167407,
            0.8808794259440382
        ]
    ],
    "r_thresh_deg": 5,
    "t_thresh": 0.035,
    "t_thresh_prec": 0.04
}