{
    "match_ratio": 0.0,
    "recall": 0.0,
    "precision": 0.0,
    "n_avail": 4,
    "n_pred": 32,
    "out_scores": [
        0.9849411845207214,
        0.00020287474035285413,
        0.9881970286369324,
        0.9926664233207703,
        0.021110692992806435,
        0.9821680784225464,
        0.9825806021690369,
        0.9889047741889954,
        0.09953989833593369,
        0.9878594279289246,
        0.4991634786128998,
        0.9876672029495239,
        0.9897541403770447,
        0.9788151979446411,
        0.96303790807724,
        0.9894822835922241,
        0.9762187600135803,
        0.962785005569458,
        0.9835143089294434,
        0.973625898361206,
        0.9857168197631836,
        0.9728235602378845,
        0.9894429445266724,
        0.9747090339660645,
        0.786781907081604,
        0.9711830019950867,
        0.9914570450782776,
        0.981055498123169,
        0.5884437561035156,
        0.98836749792099,
        0.9941976070404053,
        0.9792393445968628
    ],
    "min_trans_rot_dists": [
        [
            0.0664117553042214,
            0.011069557813758624
        ],
        [
            0.06937622848595454,
            0.196836612417563
        ],
        [
            0.07044211394829102,
            0.3118322462665478
        ],
        [
            0.16364899882288012,
            0.25616400049295984
        ]
    ],
    "min_trans_rot_dists_prec": [
        [
            0.07527879081720706,
            0.8660340113708775
        ],
        [
            0.10310764619269545,
            0.4416443883360517
        ],
        [
            0.1480320656786253,
            0.965804923445318
        ],
        [
            0.12913864731644853,
            0.8498682726115353
        ],
        [
            0.2604207894966399,
            0.3118322462665478
        ],
        [
            0.06937622848595454,
            0.9668576069370299
        ],
        [
            0.09625864975999779,
            0.3684026838456841
        ],
        [
            0.11318646585427297,
            0.7154590618050725
        ],
        [
            0.03788502675340669,
            0.5439217983773588
        ],
        [
            0.0664117553042214,
            0.011069557813758624
        ],
        [
            0.04394512012951883,
            0.8659878001010586
        ],
        [
            0.11427262973518351,
            0.7142567971005778
        ],
        [
            0.2716553033858706,
            0.5819763607647137
        ],
        [
            0.037718977564565916,
            0.5005514958928639
        ],
        [
            0.08086847951834368,
            0.8714380908876953
        ],
        [
            0.09053951524955423,
            0.8363044147663433
        ],
        [
            0.05108029637314331,
            0.06195194401536941
        ],
        [
            0.09277930629269514,
            0.6477560330540905
        ],
        [
            0.26130770254334457,
            0.33645790170001366
        ],
        [
            0.38926303673000723,
            0.817601681476229
        ],
        [
            0.3222656706370658,
            0.45839009982832757
        ],
        [
            0.31580061175827195,
            0.8125515277176879
        ],
        [
            0.0237531402795278,
            0.8612515508502029
        ],
        [
            0.040951114938806765,
            0.6875736509051387
        ],
        [
            0.024082061104971197,
            0.5236189749317526
        ],
        [
            0.11929528290348937,
            0.802496669623162
        ],
        [
            0.1116469452530723,
            0.4701403015871244
        ],
        [
            0.18099703911550394,
            0.8571385983545348
        ],
        [
            0.11354367316599939,
            0.9592677804541713
        ],
        [
            0.14697975216866793,
            0.9133172201223324
        ],
        [
            0.14762208721375505,
            0.785719581492909
        ],
        [
            0.11080728316189882,
            0.3915103437493703
        ]
    ],
    "r_thresh_deg": 5,
    "t_thresh": 0.035,
    "t_thresh_prec": 0.04
}