{
    "match_ratio": 0.0,
    "recall": 0.0,
    "precision": 0.0,
    "n_avail": 6,
    "n_pred": 32,
    "out_scores": [
        0.9821822047233582,
        0.9857980608940125,
        0.9918198585510254,
        0.9920756816864014,
        0.9853981733322144,
        0.9823417067527771,
        0.9984903335571289,
        0.9808135628700256,
        0.9847234487533569,
        0.9873684048652649,
        0.9820660948753357,
        0.986395001411438,
        0.9984917640686035,
        0.998095691204071,
        0.9863290190696716,
        0.9861745834350586,
        0.9861883521080017,
        0.9886940121650696,
        0.9863271713256836,
        0.9858851432800293,
        0.9855292439460754,
        0.9842425584793091,
        0.9857423305511475,
        0.9907853603363037,
        0.9974597096443176,
        0.9918592572212219,
        0.9921907782554626,
        0.9836107492446899,
        0.9923668503761292,
        0.9977931976318359,
        0.9984070658683777,
        0.9920095205307007
    ],
    "min_trans_rot_dists": [
        [
            0.12628887875888142,
            0.1720765975946137
        ],
        [
            0.054174711557694356,
            0.04766642586440084
        ],
        [
            0.03951119313731672,
            0.507144268816657
        ],
        [
            0.08805251652225796,
            0.0012052377584933494
        ],
        [
            0.03219253633332053,
            0.15562893869282401
        ],
        [
            0.04383858685132465,
            0.5313791380077515
        ]
    ],
    "min_trans_rot_dists_prec": [
        [
            0.12348482392774382,
            0.5313791380077515
        ],
        [
            0.22764819121104915,
            0.6634928887190049
        ],
        [
            0.32499560317717663,
            0.15562893869282401
        ],
        [
            0.20463629704635103,
            0.5415561973389269
        ],
        [
            0.054174711557694356,
            0.9918143773941004
        ],
        [
            0.32475913007711127,
            0.43680540790851774
        ],
        [
            0.24001147765034153,
            0.8900761818842425
        ],
        [
            0.1211261700789874,
            0.3458418661877194
        ],
        [
            0.17369055262688748,
            0.683505394436184
        ],
        [
            0.16995478428498192,
            0.507144268816657
        ],
        [
            0.05456802585678959,
            0.8679020492894023
        ],
        [
            0.19904702565653795,
            0.4724894070206107
        ],
        [
            0.18970797778427403,
            0.8220515399572923
        ],
        [
            0.19384471851983476,
            0.001577587134833358
        ],
        [
            0.19677161823759134,
            0.8777047458378366
        ],
        [
            0.1892565442917734,
            0.34482392857102895
        ],
        [
            0.09949621553337323,
            0.3194122082356472
        ],
        [
            0.03781926010046158,
            0.46701713292646196
        ],
        [
            0.1423941879999442,
            0.6521939452569268
        ],
        [
            0.040029992504006254,
            0.7115865611201025
        ],
        [
            0.27038436579111713,
            0.1575045730780934
        ],
        [
            0.18165293441005406,
            0.22806614472427222
        ],
        [
            0.1827373794098371,
            0.7930290157959363
        ],
        [
            0.21537676841720732,
            0.5802653325319653
        ],
        [
            0.20952973982759865,
            0.558483228438977
        ],
        [
            0.0640650439774433,
            0.9404690978113515
        ],
        [
            0.2162576989627912,
            0.8125951487837095
        ],
        [
            0.08805251652225796,
            0.0012052377584933494
        ],
        [
            0.12628887875888142,
            0.1720765975946137
        ],
        [
            0.028647285459474644,
            0.33949899910120274
        ],
        [
            0.2153783540274695,
            0.7484063307380826
        ],
        [
            0.04904135901065083,
            0.9098150115404069
        ]
    ],
    "r_thresh_deg": 5,
    "t_thresh": 0.035,
    "t_thresh_prec": 0.04
}