{
    "match_ratio": 0.0,
    "recall": 0.0,
    "precision": 0.0,
    "n_avail": 12,
    "n_pred": 32,
    "out_scores": [
        0.604041576385498,
        0.9669651985168457,
        0.6539056897163391,
        0.8255034685134888,
        0.782172679901123,
        0.9681031703948975,
        0.5774335265159607,
        0.7642955780029297,
        0.9670116901397705,
        0.7585254311561584,
        0.6658830046653748,
        0.9628538489341736,
        0.9493423104286194,
        0.965193510055542,
        0.7691095471382141,
        0.9681878685951233,
        0.6579765677452087,
        0.607957661151886,
        0.6415543556213379,
        0.9455811977386475,
        0.1308664232492447,
        0.8556475639343262,
        0.12165564298629761,
        0.7189834117889404,
        0.9632720947265625,
        0.7527055740356445,
        0.9471772313117981,
        0.57548588514328,
        0.13156196475028992,
        0.765031635761261,
        0.7198309898376465,
        0.7415206432342529
    ],
    "min_trans_rot_dists": [
        [
            0.09120092641592942,
            0.9899215689132645
        ],
        [
            0.1382346077662245,
            0.732549300966704
        ],
        [
            0.03234693528388691,
            0.9899215689132645
        ],
        [
            0.05365010937571081,
            0.732549300966704
        ],
        [
            0.05118248901521169,
            0.4436069628545113
        ],
        [
            0.055769182064451216,
            0.7289864329886435
        ],
        [
            0.0682363856852455,
            0.2655749516159821
        ],
        [
            0.07795782138186626,
            0.28939289238647536
        ],
        [
            0.22593027631219442,
            0.28345145072226596
        ],
        [
            0.24908859739045147,
            0.28939289238647536
        ],
        [
            0.24608355639718615,
            0.28345145072226596
        ],
        [
            0.2692418350682011,
            0.28939289238647536
        ]
    ],
    "min_trans_rot_dists_prec": [
        [
            0.05455979682184972,
            0.7379153113650713
        ],
        [
            0.03559967462947835,
            0.800375643475292
        ],
        [
            0.1256992088363545,
            0.4052208445419959
        ],
        [
            0.15150611138292094,
            0.5500132473112582
        ],
        [
            0.09491452108585184,
            0.993300357985342
        ],
        [
            0.03358173817527785,
            0.7823761189664824
        ],
        [
            0.12470013056921705,
            0.40687296478667245
        ],
        [
            0.09120092641592942,
            0.9899215689132645
        ],
        [
            0.030283222546327863,
            0.7768409896064903
        ],
        [
            0.2948226244382137,
            0.9786815031273114
        ],
        [
            0.05516204304294597,
            0.7409340548286278
        ],
        [
            0.03201537629798536,
            0.7736267454216891
        ],
        [
            0.36091167401760055,
            0.28345145072226596
        ],
        [
            0.03443002095256343,
            0.7774899661206838
        ],
        [
            0.0912136011338811,
            0.9918612792328391
        ],
        [
            0.11283306534783719,
            0.8926453858758777
        ],
        [
            0.05772445460835822,
            0.742086861991595
        ],
        [
            0.05365010937571081,
            0.732549300966704
        ],
        [
            0.058429449880994015,
            0.7289864329886435
        ],
        [
            0.36366825330461866,
            0.2676317879880532
        ],
        [
            0.28516940241845695,
            0.28939289238647536
        ],
        [
            0.15602955032816287,
            0.4436069628545113
        ],
        [
            0.28681354774574686,
            0.3024956997276277
        ],
        [
            0.08828416709222274,
            0.9927184479726624
        ],
        [
            0.03596345982967973,
            0.7863310727153995
        ],
        [
            0.08970172490045493,
            0.9931588072557468
        ],
        [
            0.3605121918328518,
            0.2655749516159821
        ],
        [
            0.0521338429564745,
            0.747183428890039
        ],
        [
            0.2880742856413391,
            0.291303696401077
        ],
        [
            0.09451247998552488,
            0.9916369427120505
        ],
        [
            0.08845626601621587,
            0.9920548594172768
        ],
        [
            0.0893595628934507,
            0.9921235457641198
        ]
    ],
    "r_thresh_deg": 5,
    "t_thresh": 0.035,
    "t_thresh_prec": 0.04
}