{
    "match_ratio": 1.0,
    "recall": 1.0,
    "precision": 0.09375,
    "n_avail": 2,
    "n_pred": 32,
    "out_scores": [
        0.9908742904663086,
        0.9892215728759766,
        0.9871684312820435,
        0.9920089244842529,
        0.9884860515594482,
        0.9924877882003784,
        0.9911321997642517,
        0.9923535585403442,
        0.9919143915176392,
        0.9919412136077881,
        0.9927647709846497,
        0.9923290610313416,
        0.9898404479026794,
        0.9929239749908447,
        0.9918649792671204,
        0.9914175271987915,
        0.9926080703735352,
        0.987667441368103,
        0.991675853729248,
        0.9922168254852295,
        0.9885736703872681,
        0.990116536617279,
        0.9910446405410767,
        0.9933168888092041,
        0.9859834313392639,
        0.9919678568840027,
        0.9916195869445801,
        0.9863246083259583,
        0.9942783117294312,
        0.9912550449371338,
        0.9900896549224854,
        0.9871676564216614
    ],
    "min_trans_rot_dists": [
        [
            0.019676539278525935,
            0.04433430063410104
        ],
        [
            0.01791776348283971,
            0.002919827884633186
        ]
    ],
    "min_trans_rot_dists_prec": [
        [
            0.01926071768188843,
            0.4882538171060188
        ],
        [
            0.02041736164992633,
            0.9999986877722243
        ],
        [
            0.021894409441443406,
            0.9999839049891364
        ],
        [
            0.01740158945540974,
            0.394296934242778
        ],
        [
            0.023813537206583035,
            0.9999602033714203
        ],
        [
            0.017757699771646034,
            0.005759320916171595
        ],
        [
            0.017841877850460576,
            0.6313143201632339
        ],
        [
            0.01791776348283971,
            0.002919827884633186
        ],
        [
            0.01829045539537081,
            0.5014139160735416
        ],
        [
            0.016583151069801527,
            0.382194924422225
        ],
        [
            0.01961497367158191,
            0.6455315041433541
        ],
        [
            0.017378458127270204,
            0.37858517616835596
        ],
        [
            0.01615868341408942,
            0.9999595003871313
        ],
        [
            0.015279126861783647,
            0.6819881338553369
        ],
        [
            0.01421053550077427,
            0.40282767236746286
        ],
        [
            0.010592884347460878,
            0.38826606507258044
        ],
        [
            0.020909308275901674,
            0.6616045855646671
        ],
        [
            0.021847420304062105,
            0.999997925164122
        ],
        [
            0.019676539278525935,
            0.04433430063410104
        ],
        [
            0.01938213152768493,
            0.38103143190589983
        ],
        [
            0.019759416179965916,
            0.9999858422121873
        ],
        [
            0.019705982977526508,
            0.7233801102999491
        ],
        [
            0.019749130699298647,
            0.9999911762834788
        ],
        [
            0.014834552653680397,
            0.6404290359969531
        ],
        [
            0.028702070546490262,
            0.9999953781968618
        ],
        [
            0.018449521105118414,
            0.3762541340095863
        ],
        [
            0.02108722280872923,
            0.9999757889004577
        ],
        [
            0.024313360319578436,
            0.9999958459797943
        ],
        [
            0.019624894993772637,
            0.24145850822368164
        ],
        [
            0.019645328214504577,
            0.9999623132467207
        ],
        [
            0.0189916643256007,
            0.999985908553211
        ],
        [
            0.021146882305489025,
            0.9999987377439271
        ]
    ],
    "r_thresh_deg": 5,
    "t_thresh": 0.035,
    "t_thresh_prec": 0.04
}