{
    "match_ratio": 0.21428571428571427,
    "recall": 0.21428571428571427,
    "precision": 0.09375,
    "n_avail": 14,
    "n_pred": 32,
    "out_scores": [
        0.9869391918182373,
        0.9850215315818787,
        0.9841446876525879,
        0.9867002964019775,
        0.9859232902526855,
        0.9850731492042542,
        0.9826982617378235,
        0.9847534894943237,
        0.9841306805610657,
        0.9869722723960876,
        0.9772573709487915,
        0.9864604473114014,
        0.9794486165046692,
        0.9857813715934753,
        0.9875980019569397,
        0.9808282256126404,
        0.9862579107284546,
        0.9813204407691956,
        0.9857791662216187,
        0.9815712571144104,
        0.9821586012840271,
        0.985032856464386,
        0.9771711826324463,
        0.9793670773506165,
        0.984821617603302,
        0.9868992567062378,
        0.9712140560150146,
        0.9870579838752747,
        0.978391706943512,
        0.9858266711235046,
        0.980195939540863,
        0.9800772070884705
    ],
    "min_trans_rot_dists": [
        [
            0.3183460316299407,
            0.03231174222909028
        ],
        [
            0.20394487346945706,
            0.0017713304469957336
        ],
        [
            0.1313725346799492,
            0.03231174222909028
        ],
        [
            0.016452362982969412,
            0.0017713304469957336
        ],
        [
            0.3170711975743337,
            0.7286169346891558
        ],
        [
            0.32247810746181205,
            0.0006639026085804023
        ],
        [
            0.15628113756883855,
            0.03231174222909028
        ],
        [
            0.1511671907823562,
            0.2824568117110283
        ],
        [
            0.05801467496298595,
            0.03231174222909028
        ],
        [
            0.05269682697003129,
            0.2824568117110283
        ],
        [
            0.01114573238429993,
            0.017719184607450922
        ],
        [
            0.022184196685574788,
            0.0006639026085804023
        ],
        [
            0.16168384932690566,
            0.7286169346891558
        ],
        [
            0.1631107098819906,
            0.0006639026085804023
        ]
    ],
    "min_trans_rot_dists_prec": [
        [
            0.32795208025464767,
            0.7720695395640254
        ],
        [
            0.32073682371299406,
            0.035034968423955815
        ],
        [
            0.022184196685574788,
            0.0006639026085804023
        ],
        [
            0.32900620121414387,
            0.766444835718081
        ],
        [
            0.3183460316299407,
            0.03231174222909028
        ],
        [
            0.32078614195543736,
            0.029214340626522284
        ],
        [
            0.14220115032433442,
            0.07650753406329813
        ],
        [
            0.3218476856694342,
            0.03722575325946342
        ],
        [
            0.1398793537102959,
            0.29032407322022313
        ],
        [
            0.13650143983564939,
            0.2824568117110283
        ],
        [
            0.016452362982969412,
            0.0017713304469957336
        ],
        [
            0.13575763900190604,
            0.2974396100983123
        ],
        [
            0.32719450363678,
            0.9241429755878289
        ],
        [
            0.3196546832078459,
            0.03282988040248014
        ],
        [
            0.34940986159036536,
            0.7286169346891558
        ],
        [
            0.1375743386213999,
            0.0583110029017212
        ],
        [
            0.32573146119439744,
            0.7594496269320099
        ],
        [
            0.1404733681166443,
            0.06733908088904561
        ],
        [
            0.1408042943357413,
            0.06855691173052425
        ],
        [
            0.177293872723195,
            0.7401744905290639
        ],
        [
            0.1403325810082241,
            0.11397599091891819
        ],
        [
            0.01114573238429993,
            0.017719184607450922
        ],
        [
            0.2835568322905833,
            0.6235427202864
        ],
        [
            0.32349292776259003,
            0.42165613040718863
        ],
        [
            0.1373837504068425,
            0.2899488621266061
        ],
        [
            0.32210155033037136,
            0.7602815884906965
        ],
        [
            0.17887740683389186,
            0.15450011685192822
        ],
        [
            0.3269266065337841,
            0.755152542161257
        ],
        [
            0.17543461802850627,
            0.42956125392191546
        ],
        [
            0.3196426430706387,
            0.03611289298477016
        ],
        [
            0.17355589391695003,
            0.5669263446197718
        ],
        [
            0.1448575674824331,
            0.16244013519434908
        ]
    ],
    "r_thresh_deg": 5,
    "t_thresh": 0.035,
    "t_thresh_prec": 0.04
}