{
    "match_ratio": 0.25,
    "recall": 0.25,
    "precision": 0.1875,
    "n_avail": 4,
    "n_pred": 32,
    "out_scores": [
        0.9313018321990967,
        0.9761657118797302,
        0.9251849055290222,
        0.94106125831604,
        0.9267295002937317,
        0.9639695882797241,
        0.9023616909980774,
        0.9376083016395569,
        0.9204028844833374,
        0.8958417773246765,
        0.9209299087524414,
        0.9125400185585022,
        0.976491391658783,
        0.9227935671806335,
        0.9751713275909424,
        0.9776774048805237,
        0.9197925329208374,
        0.9793766736984253,
        0.9050784111022949,
        0.9617869853973389,
        0.9201866388320923,
        0.9746957421302795,
        0.9358134269714355,
        0.9759843349456787,
        0.9600628018379211,
        0.9459588527679443,
        0.9578017592430115,
        0.9530277848243713,
        0.9239270687103271,
        0.9728594422340393,
        0.9794921875,
        0.9784979224205017
    ],
    "min_trans_rot_dists": [
        [
            0.08324425804985146,
            0.1407161142970883
        ],
        [
            0.09041538854376728,
            0.07182125625088698
        ],
        [
            0.014255359342427274,
            0.9998938782993052
        ],
        [
            0.021425679361071807,
            0.07788463031191772
        ]
    ],
    "min_trans_rot_dists_prec": [
        [
            0.019701087681954155,
            0.5915631169830058
        ],
        [
            0.09085114915387475,
            0.1512847238584215
        ],
        [
            0.029651211777601005,
            0.7449501258479356
        ],
        [
            0.02226808350138934,
            0.6072555803672186
        ],
        [
            0.014255359342427274,
            0.07660748253738636
        ],
        [
            0.033041437051924846,
            0.9046902327336321
        ],
        [
            0.017936328533654802,
            0.642487118776379
        ],
        [
            0.09925358430479682,
            0.9976632934604763
        ],
        [
            0.022386747235409274,
            0.07182125625088698
        ],
        [
            0.08890894625261783,
            0.9945861080423406
        ],
        [
            0.03044028543700174,
            0.6380211757177647
        ],
        [
            0.020006789435202937,
            0.07938719652713411
        ],
        [
            0.09455114231726444,
            0.1410399380458568
        ],
        [
            0.01564674394359936,
            0.0801203558915966
        ],
        [
            0.09262206637264492,
            0.14109319853304914
        ],
        [
            0.09984547716216086,
            0.1410356573928101
        ],
        [
            0.03317649637185626,
            0.6022881119584729
        ],
        [
            0.09061032159950298,
            0.15091199696241941
        ],
        [
            0.0234167554403317,
            0.09480693815257035
        ],
        [
            0.0638599651282376,
            0.9948510038576923
        ],
        [
            0.01643040744143521,
            0.07370398219247998
        ],
        [
            0.08324425804985146,
            0.1407161142970883
        ],
        [
            0.02327796226444609,
            0.7211770897514937
        ],
        [
            0.09158996481456017,
            0.1468127834400087
        ],
        [
            0.02404221805579272,
            0.9973048340462938
        ],
        [
            0.01861869463377788,
            0.5951874563497132
        ],
        [
            0.06993476404182626,
            0.9956356688521399
        ],
        [
            0.06802935445867442,
            0.997265395503145
        ],
        [
            0.021425679361071807,
            0.07788463031191772
        ],
        [
            0.09110452471483842,
            0.14343097768630808
        ],
        [
            0.09250054698741715,
            0.14811597889007133
        ],
        [
            0.09515280865036363,
            0.14529699026737597
        ]
    ],
    "r_thresh_deg": 5,
    "t_thresh": 0.035,
    "t_thresh_prec": 0.04
}