{
    "match_ratio": 1.0,
    "recall": 1.0,
    "precision": 0.53125,
    "n_avail": 2,
    "n_pred": 32,
    "out_scores": [
        0.9740955829620361,
        0.980195939540863,
        0.9836273193359375,
        0.9882357120513916,
        0.9868836998939514,
        0.989359974861145,
        0.9690787196159363,
        0.9899886250495911,
        0.9785657525062561,
        0.977429986000061,
        0.9871670603752136,
        0.9691675305366516,
        0.984594464302063,
        0.9879627823829651,
        0.9894463419914246,
        0.9861510396003723,
        0.9796091914176941,
        0.9876383543014526,
        0.9792885184288025,
        0.9762951135635376,
        0.988972008228302,
        0.9819372296333313,
        0.991445779800415,
        0.9845747947692871,
        0.9865742325782776,
        0.9668239951133728,
        0.9883397817611694,
        0.9866465330123901,
        0.9763979911804199,
        0.9830842614173889,
        0.9759520888328552,
        0.9822103977203369
    ],
    "min_trans_rot_dists": [
        [
            0.03241412632395751,
            0.05900862390684003
        ],
        [
            0.030264208852028573,
            0.05999483085587498
        ]
    ],
    "min_trans_rot_dists_prec": [
        [
            0.030619915649466235,
            0.06391452980001144
        ],
        [
            0.024490080719989305,
            0.9999128942798051
        ],
        [
            0.024729684316204117,
            0.49989249096902166
        ],
        [
            0.030362078441017876,
            0.05521417482104407
        ],
        [
            0.043944625085742,
            0.9591370209206418
        ],
        [
            0.03170912073498445,
            0.04774955758069899
        ],
        [
            0.03161241358690502,
            0.9999746597041589
        ],
        [
            0.03508845349169939,
            0.04459370929058637
        ],
        [
            0.033063430151313085,
            0.061107658509417684
        ],
        [
            0.033521798965548764,
            0.05847343881548683
        ],
        [
            0.03427417155103126,
            0.05462725879774166
        ],
        [
            0.026338085743537045,
            0.057982500370949985
        ],
        [
            0.031558758925469506,
            0.5378293599237762
        ],
        [
            0.035653994943175796,
            0.052388080960144245
        ],
        [
            0.03164135905808315,
            0.04972925957037355
        ],
        [
            0.035525543961398016,
            0.05448305074159132
        ],
        [
            0.030590102835949082,
            0.9998632127584371
        ],
        [
            0.03474633688927632,
            0.9631527763679213
        ],
        [
            0.03417949844948923,
            0.9999345341060659
        ],
        [
            0.028324902076270513,
            0.999911653926584
        ],
        [
            0.036599980201612314,
            0.050762686822086844
        ],
        [
            0.033381007295477924,
            0.9999096442674047
        ],
        [
            0.20273386384778636,
            0.9998529525533679
        ],
        [
            0.024327529240854632,
            0.9998128271561488
        ],
        [
            0.03241412632395751,
            0.05900862390684003
        ],
        [
            0.03083701859159619,
            0.057937994461822684
        ],
        [
            0.030427439043562005,
            0.9646994295249972
        ],
        [
            0.03739390481586017,
            0.05906978628640369
        ],
        [
            0.03438277384681481,
            0.0645774132215926
        ],
        [
            0.026371107218396417,
            0.999930041911203
        ],
        [
            0.030264208852028573,
            0.05999483085587498
        ],
        [
            0.02120042821642645,
            0.6265109296240903
        ]
    ],
    "r_thresh_deg": 5,
    "t_thresh": 0.035,
    "t_thresh_prec": 0.04
}