{
    "match_ratio": 0.0,
    "recall": 0.0,
    "precision": 0.0,
    "n_avail": 4,
    "n_pred": 32,
    "out_scores": [
        0.7711406350135803,
        0.8870173096656799,
        0.9243910312652588,
        0.9727494716644287,
        0.9713061451911926,
        0.9473651647567749,
        0.7507410049438477,
        0.8966991305351257,
        0.9586589336395264,
        0.7701042294502258,
        0.856593668460846,
        0.8997125625610352,
        0.7976242899894714,
        0.8465575575828552,
        0.9653110504150391,
        0.7702606320381165,
        0.9104234576225281,
        0.8745943903923035,
        0.9012212753295898,
        0.760924756526947,
        0.7915244698524475,
        0.8985458016395569,
        0.7944902777671814,
        0.8720090985298157,
        0.6721683144569397,
        0.8624497652053833,
        0.910439670085907,
        0.954727292060852,
        0.9455063343048096,
        0.8829084038734436,
        0.9255958795547485,
        0.878331184387207
    ],
    "min_trans_rot_dists": [
        [
            0.11921266967267831,
            0.3743617254450162
        ],
        [
            0.11966380370992005,
            0.9999876899277096
        ],
        [
            0.10293856050668379,
            0.8647614734502327
        ],
        [
            0.10027622368739761,
            0.48725625362384917
        ]
    ],
    "min_trans_rot_dists_prec": [
        [
            0.12338952018101969,
            0.8647614734502327
        ],
        [
            0.12129128816055226,
            0.531054874939497
        ],
        [
            0.12305511921588144,
            0.2712174177760873
        ],
        [
            0.10720153057965535,
            0.5708948802241414
        ],
        [
            0.10820363972933529,
            0.22438843942503006
        ],
        [
            0.10724968276454577,
            0.6168862860232872
        ],
        [
            0.12235915348017411,
            0.8603582467236863
        ],
        [
            0.10027622368739761,
            0.48725625362384917
        ],
        [
            0.10716962898005133,
            0.23100041047407038
        ],
        [
            0.10279549850995229,
            0.4700864256133733
        ],
        [
            0.12233550055759115,
            0.8820484089335283
        ],
        [
            0.10201357248869924,
            0.45809189787948823
        ],
        [
            0.10034832176029104,
            0.3588230878095594
        ],
        [
            0.10530197471721262,
            0.9970012927043271
        ],
        [
            0.11921266967267831,
            0.3743617254450162
        ],
        [
            0.12264403473242359,
            0.6274976897737236
        ],
        [
            0.12034059979401752,
            0.555363886815882
        ],
        [
            0.12078507713094978,
            0.15165416073217464
        ],
        [
            0.10305015006384818,
            0.08792541858444858
        ],
        [
            0.10491989776101167,
            0.9945729953158023
        ],
        [
            0.12193973158070243,
            0.02748640691962634
        ],
        [
            0.12057286797549277,
            0.07951311058530319
        ],
        [
            0.10324481938630539,
            0.9600246387329506
        ],
        [
            0.12010930615780134,
            0.17217644501581486
        ],
        [
            0.122690682003768,
            0.8747166012992994
        ],
        [
            0.10160413199328017,
            0.4103499408217516
        ],
        [
            0.10100725476818027,
            0.48087230509617895
        ],
        [
            0.10721719937672088,
            0.33457603532598457
        ],
        [
            0.11966380370992005,
            0.29748432611672493
        ],
        [
            0.1007384528328218,
            0.41852900834876416
        ],
        [
            0.10716137446585479,
            0.7903342737715541
        ],
        [
            0.12050634025098515,
            0.328873829273194
        ]
    ],
    "r_thresh_deg": 5,
    "t_thresh": 0.035,
    "t_thresh_prec": 0.04
}