{
    "match_ratio": 0.0,
    "recall": 0.0,
    "precision": 0.03125,
    "n_avail": 8,
    "n_pred": 32,
    "out_scores": [
        0.9761872887611389,
        0.4224157929420471,
        0.9882314801216125,
        0.9479819536209106,
        0.9910696744918823,
        0.9887662529945374,
        0.9697847366333008,
        0.9194301962852478,
        0.9850879311561584,
        0.9833844900131226,
        0.9377803802490234,
        0.9757718443870544,
        0.9739308953285217,
        0.9867668747901917,
        0.9790251851081848,
        0.9893113970756531,
        0.9763092398643494,
        0.9893876314163208,
        0.977835476398468,
        0.987795352935791,
        0.9905430674552917,
        0.985094428062439,
        0.9836041331291199,
        0.990012526512146,
        0.9878960847854614,
        0.9913187623023987,
        0.9759228229522705,
        0.9639410376548767,
        0.9883143901824951,
        0.9584992527961731,
        0.9739319086074829,
        0.9889636039733887
    ],
    "min_trans_rot_dists": [
        [
            0.25043630017492774,
            0.08935483782760223
        ],
        [
            0.06358850249611032,
            0.15539993615619663
        ],
        [
            0.18529397921045576,
            0.08935483782760223
        ],
        [
            0.010301436410187716,
            0.15539993615619663
        ],
        [
            0.050457338363081444,
            0.08935483782760223
        ],
        [
            0.04144888406553026,
            0.000471269108247907
        ],
        [
            0.058941177219201,
            0.7700470219569491
        ],
        [
            0.05528109674389524,
            0.390862948275852
        ]
    ],
    "min_trans_rot_dists_prec": [
        [
            0.33593127918675647,
            0.9404007092127358
        ],
        [
            0.010301436410187716,
            0.15539993615619663
        ],
        [
            0.381138835910506,
            0.7832870194469367
        ],
        [
            0.16629512159701273,
            0.4831948867665785
        ],
        [
            0.25043630017492774,
            0.08935483782760223
        ],
        [
            0.23974791221161137,
            0.7297965240363661
        ],
        [
            0.18546833713948155,
            0.000471269108247907
        ],
        [
            0.3153077508706386,
            0.9731403496086654
        ],
        [
            0.2317865591871762,
            0.8799731350203994
        ],
        [
            0.06587290683803151,
            0.8085373530325635
        ],
        [
            0.01383457038344479,
            0.8942635886190532
        ],
        [
            0.18535174718623237,
            0.7743858944356483
        ],
        [
            0.18779815817074064,
            0.00034676152921975234
        ],
        [
            0.3859668770600864,
            0.05616691265440721
        ],
        [
            0.30851299450560143,
            0.390862948275852
        ],
        [
            0.234628296750512,
            0.7299607775635982
        ],
        [
            0.19200869721942948,
            0.7760833959783777
        ],
        [
            0.2366766030755557,
            0.7340269155348849
        ],
        [
            0.3710098317634144,
            0.9785159778813127
        ],
        [
            0.23641815249920892,
            0.7262551251678631
        ],
        [
            0.2562524518361907,
            0.08453788258022366
        ],
        [
            0.23244366939489872,
            0.8805221967185815
        ],
        [
            0.06910114312333573,
            0.806733631457502
        ],
        [
            0.23008831089859016,
            0.7212384716780122
        ],
        [
            0.37723378344999886,
            0.7700470219569491
        ],
        [
            0.24713773603482825,
            0.09118377597333416
        ],
        [
            0.1854791927114353,
            0.774962021637594
        ],
        [
            0.03532088422220221,
            0.06197558933346836
        ],
        [
            0.23360420842943147,
            0.7224441117971296
        ],
        [
            0.1688712289155634,
            0.47686275759099195
        ],
        [
            0.33552741877432213,
            0.9369441933167529
        ],
        [
            0.23939262243864987,
            0.7257338220904135
        ]
    ],
    "r_thresh_deg": 5,
    "t_thresh": 0.035,
    "t_thresh_prec": 0.04
}