{
    "match_ratio": 0.3,
    "recall": 0.3,
    "precision": 0.125,
    "n_avail": 10,
    "n_pred": 32,
    "out_scores": [
        0.9808312058448792,
        0.9991492033004761,
        0.9728647470474243,
        0.9730299711227417,
        0.9974691867828369,
        0.9792649745941162,
        0.9561223387718201,
        0.9663346409797668,
        0.9769535660743713,
        0.9393223524093628,
        0.9821391701698303,
        0.9810822010040283,
        0.9630391001701355,
        0.9690765738487244,
        0.9797036647796631,
        0.9973983764648438,
        0.9702882766723633,
        0.9496585130691528,
        0.932278573513031,
        0.955659806728363,
        0.9452385902404785,
        0.954755961894989,
        0.9737721681594849,
        0.9629414677619934,
        0.9729199409484863,
        0.9985281229019165,
        0.9968243837356567,
        0.9727088212966919,
        0.9658232927322388,
        0.984455943107605,
        0.9782100319862366,
        0.9825526475906372
    ],
    "min_trans_rot_dists": [
        [
            0.016076858136414882,
            0.02669272222483332
        ],
        [
            0.006133785012304435,
            0.09153778580118943
        ],
        [
            0.2476542981971981,
            0.04285785494981875
        ],
        [
            0.025083750957983847,
            0.06121809607695783
        ],
        [
            0.12053758424186044,
            0.02669272222483332
        ],
        [
            0.12108919569582205,
            0.9999105651536427
        ],
        [
            0.1290900547602696,
            0.2889425132816341
        ],
        [
            0.01219929042242801,
            0.021442420377369875
        ],
        [
            0.03794897058027891,
            0.28409710654659115
        ],
        [
            0.0427043833294689,
            0.3074720048735762
        ]
    ],
    "min_trans_rot_dists_prec": [
        [
            0.29517146144389983,
            0.2889425132816341
        ],
        [
            0.014727060536969564,
            0.04285785494981875
        ],
        [
            0.01219929042242801,
            0.021442420377369875
        ],
        [
            0.299807340708527,
            0.6014144051434775
        ],
        [
            0.08250517514801156,
            0.9999545920530435
        ],
        [
            0.29953551005729845,
            0.3156603405914782
        ],
        [
            0.2801127398705975,
            0.3074720048735762
        ],
        [
            0.29932717706421574,
            0.6235671986015344
        ],
        [
            0.3029745891684944,
            0.3063207937405036
        ],
        [
            0.26657726093837014,
            0.314752891860538
        ],
        [
            0.2903364613925094,
            0.8144810999159247
        ],
        [
            0.012131974537943945,
            0.9999778381318135
        ],
        [
            0.2950011890185929,
            0.6234384210078462
        ],
        [
            0.006133785012304435,
            0.9999992138882486
        ],
        [
            0.2920647655784246,
            0.8173163808428282
        ],
        [
            0.08082098249228985,
            0.5905720493212554
        ],
        [
            0.28069105102050806,
            0.8296037217244475
        ],
        [
            0.27204758240627164,
            0.008028340196736261
        ],
        [
            0.28086198448574656,
            0.3688752944762008
        ],
        [
            0.2756207590022823,
            0.8236852455600716
        ],
        [
            0.2878431821446576,
            0.31754967957352775
        ],
        [
            0.2593612555165201,
            0.03474387923025657
        ],
        [
            0.28743053480328745,
            0.8236305171046625
        ],
        [
            0.2603918876270323,
            0.025911035695786344
        ],
        [
            0.2996949837335929,
            0.5838016613692019
        ],
        [
            0.016076858136414882,
            0.02669272222483332
        ],
        [
            0.08164010255620624,
            0.9999375349872255
        ],
        [
            0.3013510816278307,
            0.28409710654659115
        ],
        [
            0.3004848679072865,
            0.6056023242018619
        ],
        [
            0.20796873121124784,
            0.9313145991845873
        ],
        [
            0.289050784637252,
            0.8182993404525974
        ],
        [
            0.025083750957983847,
            0.06121809607695783
        ]
    ],
    "r_thresh_deg": 5,
    "t_thresh": 0.035,
    "t_thresh_prec": 0.04
}