{
    "match_ratio": 0.0,
    "recall": 0.0,
    "precision": 0.0,
    "n_avail": 4,
    "n_pred": 32,
    "out_scores": [
        0.9772054553031921,
        0.9740796089172363,
        0.907910943031311,
        0.9852415919303894,
        0.9896838665008545,
        0.9660013318061829,
        0.9833135008811951,
        0.9889616370201111,
        0.9839522242546082,
        0.9796083569526672,
        0.9596850275993347,
        0.9639614224433899,
        0.9900879263877869,
        0.9435960054397583,
        0.9787670373916626,
        0.9809470772743225,
        0.9805722236633301,
        0.9783030152320862,
        0.9817127585411072,
        0.968062162399292,
        0.9830476641654968,
        0.9815965294837952,
        0.9916133880615234,
        0.9835144281387329,
        0.993647038936615,
        0.8982619643211365,
        0.9836909770965576,
        0.9897884726524353,
        0.9950181245803833,
        0.986977756023407,
        0.9936240911483765,
        0.9752388000488281
    ],
    "min_trans_rot_dists": [
        [
            0.019231841069118186,
            0.6574384554261778
        ],
        [
            0.01968672270250545,
            0.12795962950521567
        ],
        [
            0.09360285959244198,
            0.9998432724002637
        ],
        [
            0.09360285959244198,
            0.08832247990356745
        ]
    ],
    "min_trans_rot_dists_prec": [
        [
            0.0242118266613264,
            0.9999930948934775
        ],
        [
            0.02111676479838336,
            0.9999797042075508
        ],
        [
            0.01968672270250545,
            0.9998765411687195
        ],
        [
            0.02685143455680896,
            0.9543586912404716
        ],
        [
            0.023656884085475765,
            0.6654684703037084
        ],
        [
            0.023085301997703693,
            0.33999265119106503
        ],
        [
            0.023479623103716058,
            0.9999941631816553
        ],
        [
            0.0212613232287995,
            0.9552353119407401
        ],
        [
            0.11463672736184269,
            0.43994155858238704
        ],
        [
            0.02252562224746176,
            0.9999999440882146
        ],
        [
            0.02561946749147962,
            0.9999839229534688
        ],
        [
            0.020397011850506203,
            0.9999774847687302
        ],
        [
            0.019558847742540304,
            0.664572496900627
        ],
        [
            0.025023307213417816,
            0.9998163037593232
        ],
        [
            0.02100197107728022,
            0.34295193294510085
        ],
        [
            0.023076010157993702,
            0.9999999718181446
        ],
        [
            0.020094962689454814,
            0.3245860077709537
        ],
        [
            0.02356858883466503,
            0.32251105607377006
        ],
        [
            0.024829387705781487,
            0.6298744422660898
        ],
        [
            0.02530245808173849,
            0.9999937402960213
        ],
        [
            0.022105228253457468,
            0.6607211020014001
        ],
        [
            0.02229719747493365,
            0.3345322965868285
        ],
        [
            0.11060983025614764,
            0.782154426827253
        ],
        [
            0.02696131430765872,
            0.6525849221685525
        ],
        [
            0.18259253211737583,
            0.08796570179415375
        ],
        [
            0.023531233610795236,
            0.9998432724002637
        ],
        [
            0.027075381964723356,
            0.9560075299654908
        ],
        [
            0.019231841069118186,
            0.6574384554261778
        ],
        [
            0.19085699482897578,
            0.8053734078393538
        ],
        [
            0.0230908727652429,
            0.9604687827397014
        ],
        [
            0.1832124618124613,
            0.08183273332496976
        ],
        [
            0.020302762740167242,
            0.9999884140655833
        ]
    ],
    "r_thresh_deg": 5,
    "t_thresh": 0.035,
    "t_thresh_prec": 0.04
}