{
    "match_ratio": 0.42857142857142855,
    "recall": 0.42857142857142855,
    "precision": 0.5625,
    "n_avail": 14,
    "n_pred": 32,
    "out_scores": [
        0.9877741932868958,
        0.9949164390563965,
        0.9931207299232483,
        0.980276346206665,
        0.9955617189407349,
        0.8930179476737976,
        0.990543782711029,
        0.9873579740524292,
        0.9823285937309265,
        0.7277204990386963,
        0.9932377338409424,
        0.974587082862854,
        0.40796178579330444,
        0.9530888795852661,
        0.9179848432540894,
        0.9732530117034912,
        0.8728201985359192,
        0.7659367322921753,
        0.9879401922225952,
        0.9938585162162781,
        0.9928364157676697,
        0.9841814041137695,
        0.9946256279945374,
        0.9114999771118164,
        0.7151153683662415,
        0.9780591726303101,
        0.993290901184082,
        0.9926747679710388,
        0.9950214624404907,
        0.9913764595985413,
        0.9833682179450989,
        0.9963799118995667
    ],
    "min_trans_rot_dists": [
        [
            0.06812452118747776,
            0.0005405059533976075
        ],
        [
            0.0857929167230248,
            0.0013837451494846942
        ],
        [
            0.011792421864773982,
            0.003049805440545006
        ],
        [
            0.009555455897467964,
            0.0018288109109124706
        ],
        [
            0.01671058892834252,
            0.9998075138676021
        ],
        [
            0.012867755388921523,
            0.03317311457247685
        ],
        [
            0.02781647895865052,
            0.9992064439362103
        ],
        [
            0.23421599718863334,
            0.0015089101956211604
        ],
        [
            0.020506423833728204,
            0.9913056489719783
        ],
        [
            0.17244734723543506,
            0.0016364664101420345
        ],
        [
            0.006541744863517667,
            0.6220190732351836
        ],
        [
            0.010343123382737898,
            0.0016364664101420345
        ],
        [
            0.008538892471123223,
            0.012717476234724079
        ],
        [
            0.014504929551001305,
            0.08533858329382071
        ]
    ],
    "min_trans_rot_dists_prec": [
        [
            0.33702727563223467,
            0.823208350241429
        ],
        [
            0.010343123382737898,
            0.0016364664101420345
        ],
        [
            0.011430269903506242,
            0.0015089101956211604
        ],
        [
            0.2353415666933631,
            0.9913056489719783
        ],
        [
            0.011829077580866062,
            0.0020972032633973514
        ],
        [
            0.33035059252020066,
            0.09686784926912517
        ],
        [
            0.02046281804810205,
            0.0005405059533976075
        ],
        [
            0.011341135555622425,
            5.52374520126353e-05
        ],
        [
            0.08271805133515422,
            0.5908093327924788
        ],
        [
            0.009057726514752595,
            0.011155740436063044
        ],
        [
            0.3472671593958535,
            0.41647290129235515
        ],
        [
            0.009430183577348698,
            0.0017612875649041237
        ],
        [
            0.3224603054439114,
            0.8546687787331702
        ],
        [
            0.2478826453598797,
            0.9872354623280938
        ],
        [
            0.014504929551001305,
            0.08533858329382071
        ],
        [
            0.12136245371833015,
            0.9240830002714435
        ],
        [
            0.012867755388921523,
            0.03317311457247685
        ],
        [
            0.008538892471123223,
            0.012717476234724079
        ],
        [
            0.3827374466331196,
            0.6220190732351836
        ],
        [
            0.011262003460207101,
            0.0013837451494846942
        ],
        [
            0.011162937896086406,
            0.001009180743753002
        ],
        [
            0.010072240361791895,
            0.00017828828882682224
        ],
        [
            0.014225883313367958,
            0.0014568382317271533
        ],
        [
            0.3808928568676077,
            0.9945057141825023
        ],
        [
            0.3846241115281072,
            0.997617214178271
        ],
        [
            0.2992564313354428,
            0.9682517807972093
        ],
        [
            0.013967116190308585,
            0.0023347880358568496
        ],
        [
            0.08587193263791076,
            0.7340841690120248
        ],
        [
            0.010427855307424575,
            0.002213935818699775
        ],
        [
            0.0795126031290791,
            0.9986325225748814
        ],
        [
            0.011792421864773982,
            0.003049805440545006
        ],
        [
            0.009555455897467964,
            0.0018288109109124706
        ]
    ],
    "r_thresh_deg": 5,
    "t_thresh": 0.035,
    "t_thresh_prec": 0.04
}