{
    "match_ratio": 0.75,
    "recall": 0.75,
    "precision": 0.46875,
    "n_avail": 4,
    "n_pred": 32,
    "out_scores": [
        0.9910706281661987,
        0.9974493384361267,
        0.9984214305877686,
        0.9830007553100586,
        0.9965096116065979,
        0.9986053109169006,
        0.9620638489723206,
        0.8812641501426697,
        0.9778242111206055,
        0.997300922870636,
        0.28022176027297974,
        0.9957150816917419,
        0.9983283877372742,
        0.9986072182655334,
        0.9981325268745422,
        0.884894609451294,
        0.90248703956604,
        0.9733542203903198,
        0.9985346794128418,
        0.9984526634216309,
        0.9987540245056152,
        0.9979193806648254,
        0.988917350769043,
        0.9875027537345886,
        0.9718148708343506,
        0.9142241477966309,
        0.9486891031265259,
        0.9970603585243225,
        0.9957435727119446,
        0.9943650960922241,
        0.9918986558914185,
        0.9886554479598999
    ],
    "min_trans_rot_dists": [
        [
            0.021515496867686872,
            0.046288808148583716
        ],
        [
            0.11090359305516749,
            0.07988835603465161
        ],
        [
            0.012559169547557406,
            0.0002844097955698732
        ],
        [
            0.011665178967188706,
            0.009711932488574826
        ]
    ],
    "min_trans_rot_dists_prec": [
        [
            0.11131115861173276,
            0.402890020259114
        ],
        [
            0.010644410578874657,
            0.11923238492079102
        ],
        [
            0.012431495091895995,
            0.010322172612620584
        ],
        [
            0.010117953385995648,
            0.3959567121133224
        ],
        [
            0.012463908748379458,
            0.014136068957822934
        ],
        [
            0.012311410982663439,
            0.00987654756620937
        ],
        [
            0.013039781443600924,
            0.8340925240374817
        ],
        [
            0.17139446800872174,
            0.009000980123883284
        ],
        [
            0.11628888706690194,
            0.9988178583855952
        ],
        [
            0.0125435089683865,
            0.0040998515658563495
        ],
        [
            0.08209914670349414,
            0.791424076859142
        ],
        [
            0.012172468883735889,
            0.07988835603465161
        ],
        [
            0.012520747793674387,
            0.011742617050005455
        ],
        [
            0.01321114356478593,
            0.010919466304708081
        ],
        [
            0.014248422069768892,
            0.008321482323768059
        ],
        [
            0.011511284420445507,
            0.9219795390642861
        ],
        [
            0.17419743558497172,
            0.005417780203960554
        ],
        [
            0.011665178967188706,
            0.009711932488574826
        ],
        [
            0.012671214454994277,
            0.009940416060322144
        ],
        [
            0.013074024129592656,
            0.009512142053192618
        ],
        [
            0.011908024860735897,
            0.011146045480669886
        ],
        [
            0.012559169547557406,
            0.0002844097955698732
        ],
        [
            0.021956056801306474,
            0.0026206694906767414
        ],
        [
            0.021515496867686872,
            0.046288808148583716
        ],
        [
            0.01298026339341675,
            0.9999408434877989
        ],
        [
            0.011091294780152978,
            0.9172808283068096
        ],
        [
            0.01380010108116124,
            0.8408163522361879
        ],
        [
            0.011003256223110536,
            0.15785453275669858
        ],
        [
            0.008227259080837265,
            0.33728198607832816
        ],
        [
            0.11368768079341346,
            0.9991049662258887
        ],
        [
            0.1113907784717829,
            0.4050595446423214
        ],
        [
            0.11471341799615807,
            0.9998297113433808
        ]
    ],
    "r_thresh_deg": 5,
    "t_thresh": 0.035,
    "t_thresh_prec": 0.04
}