{
    "match_ratio": 0.125,
    "recall": 0.125,
    "precision": 0.0625,
    "n_avail": 8,
    "n_pred": 32,
    "out_scores": [
        0.8539299964904785,
        0.9140269160270691,
        0.031611211597919464,
        0.5789625644683838,
        0.9723206758499146,
        0.9811891317367554,
        0.4412943422794342,
        0.7682653665542603,
        0.8234578371047974,
        0.16593027114868164,
        0.94972163438797,
        0.27586764097213745,
        0.5329578518867493,
        0.24922622740268707,
        0.1350107043981552,
        0.45175185799598694,
        0.9776462912559509,
        0.03880799934267998,
        0.7165232300758362,
        0.9606128334999084,
        0.28693753480911255,
        0.05700664967298508,
        0.9631859660148621,
        0.6065137386322021,
        0.8601956367492676,
        0.8484253287315369,
        0.6950737833976746,
        0.9416396617889404,
        0.4247869551181793,
        0.9668571352958679,
        0.3580944240093231,
        0.8479010462760925
    ],
    "min_trans_rot_dists": [
        [
            0.03363938719839978,
            0.6089635123971682
        ],
        [
            0.1649986296603686,
            0.05172077278773035
        ],
        [
            0.03118432043969379,
            0.21668044258394592
        ],
        [
            0.018873236599093127,
            0.059655219810113125
        ],
        [
            0.02465771078052421,
            0.9996526272130328
        ],
        [
            0.029947170444115268,
            0.2390013412220564
        ],
        [
            0.03459750556499519,
            0.16645829118106992
        ],
        [
            0.038180617936396384,
            0.1490099089902691
        ]
    ],
    "min_trans_rot_dists_prec": [
        [
            0.3146460780341903,
            0.2838276592359473
        ],
        [
            0.21954337737552676,
            0.9502402559101144
        ],
        [
            0.1750550454871952,
            0.9788865021718857
        ],
        [
            0.32461796524874403,
            0.2390013412220564
        ],
        [
            0.021793010669874647,
            0.05172077278773035
        ],
        [
            0.018873236599093127,
            0.059655219810113125
        ],
        [
            0.38859791122893816,
            0.9996526272130328
        ],
        [
            0.03363938719839978,
            0.6089635123971682
        ],
        [
            0.03239682542210282,
            0.6568566577818222
        ],
        [
            0.17467452702779834,
            0.9801672140478036
        ],
        [
            0.38540288016877006,
            0.15393955590614916
        ],
        [
            0.39086985787330697,
            0.9990835888431404
        ],
        [
            0.31357193580044773,
            0.1792966250476432
        ],
        [
            0.3853421923918214,
            0.999198729541688
        ],
        [
            0.29724991323044725,
            0.8299757989551035
        ],
        [
            0.3272901873728555,
            0.2401029442475372
        ],
        [
            0.21928951168731645,
            0.9453363591407229
        ],
        [
            0.1892520922711587,
            0.4675548173487254
        ],
        [
            0.3111240463732504,
            0.1490099089902691
        ],
        [
            0.19343033706235188,
            0.21668044258394592
        ],
        [
            0.3838818312259304,
            0.9976681383575109
        ],
        [
            0.17337874785421284,
            0.9824345482458939
        ],
        [
            0.21969550282246703,
            0.9503268722161861
        ],
        [
            0.3339942077233895,
            0.9999956519237332
        ],
        [
            0.31137837373519045,
            0.2889288952794876
        ],
        [
            0.3811785218577844,
            0.16645829118106992
        ],
        [
            0.3809427329822365,
            0.15850029255299947
        ],
        [
            0.016706653414477506,
            0.8382318943924603
        ],
        [
            0.38113570805159785,
            0.9996555084434623
        ],
        [
            0.017576758632664623,
            0.8375762954696733
        ],
        [
            0.3218844416429752,
            0.4721343275464075
        ],
        [
            0.030895975022059693,
            0.6747178574609416
        ]
    ],
    "r_thresh_deg": 5,
    "t_thresh": 0.035,
    "t_thresh_prec": 0.04
}