{
    "match_ratio": 0.25,
    "recall": 0.25,
    "precision": 0.1875,
    "n_avail": 8,
    "n_pred": 32,
    "out_scores": [
        0.0009968735976144671,
        0.8304688334465027,
        0.9790666699409485,
        0.9892725944519043,
        0.9952306151390076,
        0.9276158213615417,
        2.515959522497724e-06,
        0.9939877986907959,
        0.8734350204467773,
        0.9966676831245422,
        0.013018111698329449,
        0.9801039695739746,
        0.9827377200126648,
        2.979838200189988e-06,
        0.9983598589897156,
        0.9268587231636047,
        0.4517703950405121,
        0.9954702854156494,
        0.9451223015785217,
        0.9980035424232483,
        0.9728211760520935,
        0.001319963950663805,
        0.9959192872047424,
        0.9968730807304382,
        0.9572930932044983,
        0.9317912459373474,
        0.894874095916748,
        0.9956740736961365,
        0.8427489995956421,
        0.9475955963134766,
        0.9869896769523621,
        0.00011277360317762941
    ],
    "min_trans_rot_dists": [
        [
            0.026132494854178033,
            0.5014743146218142
        ],
        [
            0.36524417496521705,
            0.10971110633090653
        ],
        [
            0.19800240231628244,
            0.05948890635055348
        ],
        [
            0.19495620665422195,
            0.10971110633090653
        ],
        [
            0.02199515272895442,
            0.08602702676217644
        ],
        [
            0.0993017496823576,
            0.10971110633090653
        ],
        [
            0.020469625624347332,
            0.06447629844780933
        ],
        [
            0.004890266439020515,
            0.12361988386623501
        ]
    ],
    "min_trans_rot_dists_prec": [
        [
            0.3816346354705004,
            0.9993846870892772
        ],
        [
            0.026132494854178033,
            0.5014743146218142
        ],
        [
            0.19867511380453004,
            0.12361988386623501
        ],
        [
            0.2052424967403415,
            0.11749103158994434
        ],
        [
            0.10772002276365912,
            0.8244621468597376
        ],
        [
            0.021666169106738388,
            0.06103179789655688
        ],
        [
            0.37095579344805335,
            0.9983746443507684
        ],
        [
            0.10883495235659489,
            0.8329684651109189
        ],
        [
            0.02192406829396993,
            0.06741914277732397
        ],
        [
            0.21093061943377414,
            0.7107328241435023
        ],
        [
            0.38287112407132046,
            0.9985270404074121
        ],
        [
            0.12017984501356284,
            0.6559872107170883
        ],
        [
            0.17453070950223665,
            0.7906725709912206
        ],
        [
            0.37221986935485585,
            0.9993536441093334
        ],
        [
            0.18990428289988628,
            0.8082458060720835
        ],
        [
            0.01735687232356052,
            0.05948890635055348
        ],
        [
            0.01710141004873512,
            0.9997569024254551
        ],
        [
            0.10915651754664134,
            0.8538575917487325
        ],
        [
            0.020921300704396496,
            0.06322120396770603
        ],
        [
            0.18795903344297263,
            0.7962040430029704
        ],
        [
            0.020469625624347332,
            0.06447629844780933
        ],
        [
            0.02199515272895442,
            0.08602702676217644
        ],
        [
            0.19412027016260927,
            0.8073921980390907
        ],
        [
            0.2136443962067232,
            0.13798662379019144
        ],
        [
            0.02479761341682269,
            0.9516199867912655
        ],
        [
            0.032691745459831285,
            0.6810610593764319
        ],
        [
            0.19495620665422195,
            0.10971110633090653
        ],
        [
            0.20887114615544017,
            0.12574848326113586
        ],
        [
            0.11683428957039392,
            0.8295366802960555
        ],
        [
            0.09963725700748312,
            0.8467574343011819
        ],
        [
            0.12029854786992872,
            0.6914584145977849
        ],
        [
            0.3749292322047582,
            0.9987116200624134
        ]
    ],
    "r_thresh_deg": 5,
    "t_thresh": 0.035,
    "t_thresh_prec": 0.04
}