{
    "match_ratio": 0.0,
    "recall": 0.0,
    "precision": 0.0,
    "n_avail": 4,
    "n_pred": 32,
    "out_scores": [
        0.8789708614349365,
        0.00032641991856507957,
        0.8877851366996765,
        0.8933570981025696,
        0.9699622392654419,
        0.965773344039917,
        0.8953855037689209,
        0.4662156105041504,
        0.9241494536399841,
        0.8994302153587341,
        0.8994230031967163,
        0.8450749516487122,
        0.46765851974487305,
        0.97054523229599,
        0.9627255797386169,
        0.9354270696640015,
        0.9588034749031067,
        0.9559086561203003,
        0.8643427491188049,
        0.9615074992179871,
        0.8745443224906921,
        0.8279375433921814,
        0.3006284832954407,
        0.8832356333732605,
        0.87633216381073,
        0.8879737257957458,
        0.8346297144889832,
        0.8939412832260132,
        0.8466417789459229,
        0.9369184970855713,
        0.9600882530212402,
        0.8882839679718018
    ],
    "min_trans_rot_dists": [
        [
            0.3375487166873188,
            0.1869367985054048
        ],
        [
            0.050663728702703345,
            0.004669535997928853
        ],
        [
            0.05725585826278729,
            0.6203324816651203
        ],
        [
            0.03402648983765067,
            0.13105125642875615
        ]
    ],
    "min_trans_rot_dists_prec": [
        [
            0.3415859055059873,
            0.6275346875658356
        ],
        [
            0.08593682705863409,
            0.9999691201010565
        ],
        [
            0.34418464562707485,
            0.6441632031718836
        ],
        [
            0.3409548756406084,
            0.6246128735147265
        ],
        [
            0.08419943501801423,
            0.6194774778973009
        ],
        [
            0.08336790124111888,
            0.6038492689267148
        ],
        [
            0.3388221846634904,
            0.6405431466833437
        ],
        [
            0.054720053964940556,
            0.9985476247165215
        ],
        [
            0.3375487166873188,
            0.1869367985054048
        ],
        [
            0.3407676424811072,
            0.6257204068534743
        ],
        [
            0.34103373570065243,
            0.6369340745244496
        ],
        [
            0.3430311154720427,
            0.6400965661856617
        ],
        [
            0.050663728702703345,
            0.9989189064844649
        ],
        [
            0.08036424115419687,
            0.5849116289018557
        ],
        [
            0.0852836733754151,
            0.5994705298795534
        ],
        [
            0.3377356330987461,
            0.15974720643555207
        ],
        [
            0.08441181235675849,
            0.6094982196126831
        ],
        [
            0.08731060372710332,
            0.6254941351581877
        ],
        [
            0.06671203973305087,
            0.12922241389362643
        ],
        [
            0.08593980649213434,
            0.6246454420691303
        ],
        [
            0.33694825930887984,
            0.6203324816651203
        ],
        [
            0.34560534044679647,
            0.6299500598589949
        ],
        [
            0.05636013769341073,
            0.9982454705403734
        ],
        [
            0.054937598384619625,
            0.5569081477082556
        ],
        [
            0.3415097050911744,
            0.6328177116293248
        ],
        [
            0.3410886356883533,
            0.6321044098800781
        ],
        [
            0.03402648983765067,
            0.13105125642875615
        ],
        [
            0.04608646920499745,
            0.15501420886089734
        ],
        [
            0.3458920813648078,
            0.6303708469333675
        ],
        [
            0.08290143104539911,
            0.5860450755518193
        ],
        [
            0.08515946286368999,
            0.6178676582649592
        ],
        [
            0.341632281663979,
            0.619461184928191
        ]
    ],
    "r_thresh_deg": 5,
    "t_thresh": 0.035,
    "t_thresh_prec": 0.04
}