{
    "match_ratio": 0.0,
    "recall": 0.0,
    "precision": 0.0,
    "n_avail": 4,
    "n_pred": 32,
    "out_scores": [
        0.9763736724853516,
        0.9893156290054321,
        0.9477389454841614,
        0.9903010129928589,
        0.9204429984092712,
        0.691359281539917,
        0.9708272814750671,
        0.9720340371131897,
        0.9583225846290588,
        0.9356093406677246,
        0.9380378723144531,
        0.9809486865997314,
        0.9897720217704773,
        0.9897195100784302,
        0.9179686903953552,
        0.9862135052680969,
        0.8593882918357849,
        0.984894335269928,
        0.9831452369689941,
        0.9621744155883789,
        0.9794647097587585,
        0.9462224245071411,
        0.9884301424026489,
        0.9901196956634521,
        0.9678962826728821,
        0.17590880393981934,
        0.9813077449798584,
        0.46663475036621094,
        0.9890159964561462,
        0.9399887323379517,
        0.8808126449584961,
        0.9257910251617432
    ],
    "min_trans_rot_dists": [
        [
            0.2196669504425411,
            0.0036409670029484698
        ],
        [
            0.22323046958301276,
            0.04838437142656371
        ],
        [
            0.1264784172306333,
            0.0036409670029484698
        ],
        [
            0.12967490973100615,
            0.04838437142656371
        ]
    ],
    "min_trans_rot_dists_prec": [
        [
            0.22427049868443402,
            0.2366815297285959
        ],
        [
            0.22663426783513765,
            0.5473489299160276
        ],
        [
            0.12967490973100615,
            0.04838437142656371
        ],
        [
            0.11384034278502203,
            0.9642508381185757
        ],
        [
            0.13657604080278468,
            0.07945268919785975
        ],
        [
            0.12167951516166646,
            0.913025073215799
        ],
        [
            0.133157186530374,
            0.17900898715185365
        ],
        [
            0.1370416267187303,
            0.25288810784751103
        ],
        [
            0.13149769607460787,
            0.6553226451352046
        ],
        [
            0.2196669504425411,
            0.0036409670029484698
        ],
        [
            0.12010964717474464,
            0.9800320824047645
        ],
        [
            0.23184832246044973,
            0.9442245920666454
        ],
        [
            0.22503571311951645,
            0.5531412414042935
        ],
        [
            0.11512554240278197,
            0.928651430269919
        ],
        [
            0.22025024643589713,
            0.00545533461481329
        ],
        [
            0.13552483372244678,
            0.18648941397720376
        ],
        [
            0.13549508089672166,
            0.00032837704899102427
        ],
        [
            0.13114868754171463,
            0.5910083397747987
        ],
        [
            0.2297498160987801,
            0.5003629108320777
        ],
        [
            0.13410269489443935,
            0.21913741336498527
        ],
        [
            0.2213626196980746,
            0.24192493629587875
        ],
        [
            0.22645441840933497,
            0.9436418276088374
        ],
        [
            0.1150778736610503,
            0.9179301963957905
        ],
        [
            0.11168323315879526,
            0.9292500625501712
        ],
        [
            0.22316699309608812,
            0.17341542306245228
        ],
        [
            0.17143518408832195,
            0.018297935997714343
        ],
        [
            0.13252328268918387,
            0.19108566558452023
        ],
        [
            0.13331265233988193,
            0.04457085592579779
        ],
        [
            0.22701594455021892,
            0.543720936972534
        ],
        [
            0.2194991663705143,
            0.027238904657047702
        ],
        [
            0.22151107521865987,
            0.00414763524229389
        ],
        [
            0.2190308197825745,
            0.007860917954865099
        ]
    ],
    "r_thresh_deg": 5,
    "t_thresh": 0.035,
    "t_thresh_prec": 0.04
}