{
    "match_ratio": 0.0,
    "recall": 0.0,
    "precision": 0.0,
    "n_avail": 10,
    "n_pred": 32,
    "out_scores": [
        0.9777265191078186,
        0.9707839488983154,
        0.9854122996330261,
        0.9687827825546265,
        0.9596624374389648,
        0.9779863953590393,
        0.970214307308197,
        0.9762759208679199,
        0.9849693775177002,
        0.9693104028701782,
        0.9690844416618347,
        0.9637982845306396,
        0.9803866744041443,
        0.9613090753555298,
        0.9690519571304321,
        0.9706318378448486,
        0.9672607779502869,
        0.9706972241401672,
        0.9658071994781494,
        0.971368134021759,
        0.9722289443016052,
        0.9720184803009033,
        0.9687460064888,
        0.9788923263549805,
        0.9612497091293335,
        0.9620711207389832,
        0.9766507744789124,
        0.9655277132987976,
        0.9788907170295715,
        0.9679953455924988,
        0.9578127264976501,
        0.9668574333190918
    ],
    "min_trans_rot_dists": [
        [
            0.16322127202684564,
            0.07689523656866037
        ],
        [
            0.15736697248275391,
            0.13829976108041442
        ],
        [
            0.08395477900758061,
            0.07689523656866037
        ],
        [
            0.08404206455361704,
            0.13829976108041442
        ],
        [
            0.024691532451063793,
            0.2460679473876476
        ],
        [
            0.024691532451063793,
            0.9998670958553835
        ],
        [
            0.24722626599601233,
            0.2460679473876476
        ],
        [
            0.24557577257116855,
            0.3055144941958817
        ],
        [
            0.26687878078951205,
            0.2460679473876476
        ],
        [
            0.261943411122559,
            0.13829976108041442
        ]
    ],
    "min_trans_rot_dists_prec": [
        [
            0.168670022853327,
            0.9994704495514332
        ],
        [
            0.17876178842521848,
            0.2666719202463066
        ],
        [
            0.08404206455361704,
            0.13829976108041442
        ],
        [
            0.0943098548630597,
            0.3055144941958817
        ],
        [
            0.35202493186264716,
            0.42519421149408154
        ],
        [
            0.17420892495563414,
            0.9983760908805525
        ],
        [
            0.09248695100571352,
            0.35191366930114565
        ],
        [
            0.0787018696208139,
            0.29186429454129537
        ],
        [
            0.07847841698258373,
            0.17465807833076885
        ],
        [
            0.09066407616805522,
            0.34676746427947724
        ],
        [
            0.1044546719713376,
            0.5286501140547072
        ],
        [
            0.09439915248213858,
            0.3459333812356681
        ],
        [
            0.1004752350129657,
            0.5019709845924191
        ],
        [
            0.0928720153420298,
            0.3378008694335012
        ],
        [
            0.17826542916852733,
            0.20755496578252464
        ],
        [
            0.17661658666870092,
            0.23845671147873837
        ],
        [
            0.167114364393336,
            0.2271871150936251
        ],
        [
            0.18489812286084573,
            0.2460679473876476
        ],
        [
            0.17534282249897737,
            0.2607315630029583
        ],
        [
            0.10573888955089661,
            0.5263041277878676
        ],
        [
            0.17254060276250768,
            0.16410300171621572
        ],
        [
            0.17676143495644644,
            0.27841410038014813
        ],
        [
            0.19957958210453355,
            0.895325272516812
        ],
        [
            0.1729272966393146,
            0.9994297766820136
        ],
        [
            0.16322127202684564,
            0.07689523656866037
        ],
        [
            0.17034348568387153,
            0.1632278326931167
        ],
        [
            0.1665303862246916,
            0.9989068192489234
        ],
        [
            0.09282367155735012,
            0.3294707810563666
        ],
        [
            0.10469276410300217,
            0.5268604316868464
        ],
        [
            0.17650215125791746,
            0.2375929481899275
        ],
        [
            0.10285725411995161,
            0.5276714929700166
        ],
        [
            0.09029352670178278,
            0.3411240950592487
        ]
    ],
    "r_thresh_deg": 5,
    "t_thresh": 0.035,
    "t_thresh_prec": 0.04
}