{
    "match_ratio": 0.16666666666666666,
    "recall": 0.16666666666666666,
    "precision": 0.03125,
    "n_avail": 6,
    "n_pred": 32,
    "out_scores": [
        0.9366787075996399,
        0.8913519978523254,
        0.8865195512771606,
        0.8951435089111328,
        0.8373398780822754,
        0.8918771743774414,
        0.8436005115509033,
        0.8911256790161133,
        0.9764614105224609,
        0.14592888951301575,
        0.9001734256744385,
        0.9817124009132385,
        0.988507866859436,
        0.9099977016448975,
        0.17480573058128357,
        0.9686758518218994,
        0.874710202217102,
        0.8534104824066162,
        0.8529757857322693,
        0.8590075969696045,
        0.9696783423423767,
        0.8144356608390808,
        0.19190512597560883,
        0.969025194644928,
        0.8999093174934387,
        0.11667134612798691,
        0.9320148229598999,
        0.8131012916564941,
        0.9688379764556885,
        0.9215522408485413,
        0.8480027914047241,
        0.31201452016830444
    ],
    "min_trans_rot_dists": [
        [
            0.024318419583380643,
            0.012510616402388042
        ],
        [
            0.009916559050867472,
            0.2664789051308514
        ],
        [
            0.08938115763218718,
            0.012510616402388042
        ],
        [
            0.08891248937376638,
            0.2664789051308514
        ],
        [
            0.005699916802971568,
            0.9985984724614279
        ],
        [
            0.005699916802971568,
            0.44254154085351316
        ]
    ],
    "min_trans_rot_dists_prec": [
        [
            0.14407104016776448,
            0.44254154085351316
        ],
        [
            0.23246621399490128,
            0.96513786851784
        ],
        [
            0.22088323408794067,
            0.5033208542471242
        ],
        [
            0.23020601531540547,
            0.10558033028864133
        ],
        [
            0.020979356547720887,
            0.29813683850214656
        ],
        [
            0.22930242473112955,
            0.9696231200192311
        ],
        [
            0.23249798567772148,
            0.9724117881686661
        ],
        [
            0.23624821074060887,
            0.09877688729801093
        ],
        [
            0.024318419583380643,
            0.012510616402388042
        ],
        [
            0.01243396886468877,
            0.9995756370168568
        ],
        [
            0.232423405980074,
            0.9650786301827523
        ],
        [
            0.13400314267354718,
            0.9909939421886717
        ],
        [
            0.13540159126014714,
            0.9922561843958868
        ],
        [
            0.019443981066903017,
            0.3216163593819318
        ],
        [
            0.009842694937592902,
            0.9996418932871226
        ],
        [
            0.13340280864196072,
            0.9952011698129835
        ],
        [
            0.23427989311820294,
            0.09431505786866201
        ],
        [
            0.2347971632041617,
            0.09354456243173459
        ],
        [
            0.23224359096599628,
            0.1211485359548975
        ],
        [
            0.21669190668776925,
            0.5080545611192758
        ],
        [
            0.13169881803053396,
            0.9885980256096032
        ],
        [
            0.2325104555693589,
            0.11492330497892977
        ],
        [
            0.00785934577016731,
            0.9996732835558821
        ],
        [
            0.12626761430748223,
            0.3113388124486779
        ],
        [
            0.020093736260283736,
            0.287207397916852
        ],
        [
            0.009916559050867472,
            0.9999876005143452
        ],
        [
            0.1232031444224937,
            0.2906646156145505
        ],
        [
            0.22979518423008516,
            0.10433186956425278
        ],
        [
            0.12799086182310135,
            0.28889771564625677
        ],
        [
            0.14184281935946932,
            0.45194116612238455
        ],
        [
            0.018799558449100796,
            0.3132377347475517
        ],
        [
            0.02887373821279624,
            0.9250920821519406
        ]
    ],
    "r_thresh_deg": 5,
    "t_thresh": 0.035,
    "t_thresh_prec": 0.04
}