{
    "match_ratio": 0.5,
    "recall": 0.5,
    "precision": 0.25,
    "n_avail": 4,
    "n_pred": 32,
    "out_scores": [
        0.9644525051116943,
        0.643347442150116,
        0.0611463263630867,
        0.7877684831619263,
        0.5807041525840759,
        0.9656326174736023,
        0.8626405000686646,
        0.5695148706436157,
        0.03899398818612099,
        0.05172170326113701,
        0.8779115080833435,
        0.8907623291015625,
        0.049841299653053284,
        0.03482775390148163,
        0.047142840921878815,
        0.8902660012245178,
        0.07494647055864334,
        0.04904014989733696,
        0.03583189472556114,
        0.8510633707046509,
        0.05612265691161156,
        0.8383783102035522,
        0.880264401435852,
        0.9626672267913818,
        0.06032697856426239,
        0.04022745415568352,
        0.9634237885475159,
        0.9659715294837952,
        0.9649014472961426,
        0.051445264369249344,
        0.9655995965003967,
        0.02856888808310032
    ],
    "min_trans_rot_dists": [
        [
            0.09150647654606678,
            0.0005802615078963624
        ],
        [
            0.06542450251899247,
            0.00025542882974616266
        ],
        [
            0.028956705922704325,
            0.0005802615078963624
        ],
        [
            0.017947756116188388,
            0.00025542882974616266
        ]
    ],
    "min_trans_rot_dists_prec": [
        [
            0.030127804679437112,
            0.0006530612392929847
        ],
        [
            0.05488085156619443,
            0.5462472577429002
        ],
        [
            0.015197320004660533,
            0.9707152939912544
        ],
        [
            0.23011278067546392,
            0.866010075715314
        ],
        [
            0.053778399120173744,
            0.5620449768013442
        ],
        [
            0.029189229000968743,
            0.0012968922033279595
        ],
        [
            0.017947756116188388,
            0.00025542882974616266
        ],
        [
            0.05144079786521605,
            0.5548391888741033
        ],
        [
            0.012025152990302051,
            0.9808179106313166
        ],
        [
            0.009511281528830757,
            0.9728058250036239
        ],
        [
            0.08362718973826891,
            0.928613556937694
        ],
        [
            0.08073956771650968,
            0.9188108768899347
        ],
        [
            0.007654195994640476,
            0.9716595295380464
        ],
        [
            0.00882314170655778,
            0.9680157500721642
        ],
        [
            0.01852771778557926,
            0.979371347242405
        ],
        [
            0.08229834649150626,
            0.9428358778642939
        ],
        [
            0.012173648266024855,
            0.974671715709889
        ],
        [
            0.012792127064697543,
            0.9723845414672202
        ],
        [
            0.011075773576293819,
            0.9804071687714832
        ],
        [
            0.08306471052132462,
            0.9237186884580573
        ],
        [
            0.012620094764512124,
            0.978993077291706
        ],
        [
            0.08720680408097921,
            0.9283336438387387
        ],
        [
            0.0775572281266594,
            0.9396679407462107
        ],
        [
            0.03186464281552925,
            0.0025311739858855375
        ],
        [
            0.009793991513880926,
            0.9744785374448165
        ],
        [
            0.012182282004224002,
            0.9704586763659413
        ],
        [
            0.030803755030837047,
            0.0014418664001292214
        ],
        [
            0.02855472635215086,
            0.003065169772786258
        ],
        [
            0.028938237568156163,
            0.0012664022749782067
        ],
        [
            0.013350096973109283,
            0.9702640559934902
        ],
        [
            0.028956705922704325,
            0.0005802615078963624
        ],
        [
            0.010338026739394053,
            0.9823727800648941
        ]
    ],
    "r_thresh_deg": 5,
    "t_thresh": 0.035,
    "t_thresh_prec": 0.04
}