{
    "match_ratio": 0.0,
    "recall": 0.0,
    "precision": 0.0625,
    "n_avail": 2,
    "n_pred": 32,
    "out_scores": [
        0.9788476824760437,
        0.8945642709732056,
        0.9751545190811157,
        0.3321074843406677,
        0.9831956028938293,
        0.9689683318138123,
        0.8760015368461609,
        0.9718886613845825,
        0.9600538611412048,
        0.8219146728515625,
        0.8623013496398926,
        0.9805418252944946,
        0.7773734927177429,
        0.9737697839736938,
        0.4103878438472748,
        0.48383671045303345,
        0.8843702077865601,
        0.9760955572128296,
        0.981332540512085,
        0.8450848460197449,
        0.972241997718811,
        0.895334780216217,
        0.8324818015098572,
        0.9784646034240723,
        0.34261009097099304,
        0.8420223593711853,
        0.47358396649360657,
        0.9736583232879639,
        0.8380208611488342,
        0.8025833964347839,
        0.6754643321037292,
        0.973050057888031
    ],
    "min_trans_rot_dists": [
        [
            0.02183564051240033,
            0.9678435075159507
        ],
        [
            0.021775210580082055,
            0.9960482621226603
        ]
    ],
    "min_trans_rot_dists_prec": [
        [
            0.024317955761444576,
            0.970282179682837
        ],
        [
            0.021775210580082055,
            0.9997934302636275
        ],
        [
            0.027424147570383813,
            0.14240371345897263
        ],
        [
            0.04540068301707971,
            0.9998720044352576
        ],
        [
            0.024504705279055655,
            0.9733270023207586
        ],
        [
            0.027366503270476985,
            0.12973546518181978
        ],
        [
            0.036295431441337365,
            0.9999970408365371
        ],
        [
            0.020553996111869907,
            0.9785702635961235
        ],
        [
            0.030837010824085628,
            0.1637291410476428
        ],
        [
            0.02578171719483676,
            0.9998219411058447
        ],
        [
            0.03512054227185332,
            0.99999111313014
        ],
        [
            0.021772040149833215,
            0.9736972689507141
        ],
        [
            0.0325511932775662,
            0.9999999832500457
        ],
        [
            0.031141213598035372,
            0.13528980726275064
        ],
        [
            0.04204728152993449,
            0.9999164476271726
        ],
        [
            0.03964367137573804,
            0.023885107489367008
        ],
        [
            0.03517536386529455,
            0.999999965211815
        ],
        [
            0.02183564051240033,
            0.9678435075159507
        ],
        [
            0.02260272773241497,
            0.9698254739131215
        ],
        [
            0.03768526097125083,
            0.9999970745228175
        ],
        [
            0.029930966127100098,
            0.13516948261057127
        ],
        [
            0.1786813195593104,
            0.17430048378272367
        ],
        [
            0.026457229868464226,
            0.9998327609390357
        ],
        [
            0.02823203463417696,
            0.9743427578285284
        ],
        [
            0.0429577793965983,
            0.9998994609758485
        ],
        [
            0.02332010340317153,
            0.9998318421397352
        ],
        [
            0.039686200467225936,
            0.02689944308459369
        ],
        [
            0.030295186112294623,
            0.13151398455692676
        ],
        [
            0.028206961152066994,
            0.9998160482173288
        ],
        [
            0.02665859333879014,
            0.9998749749978366
        ],
        [
            0.027215974595269084,
            0.99992083715906
        ],
        [
            0.02859127286648012,
            0.13519526632965428
        ]
    ],
    "r_thresh_deg": 5,
    "t_thresh": 0.035,
    "t_thresh_prec": 0.04
}