{
    "match_ratio": 0.07142857142857142,
    "recall": 0.07142857142857142,
    "precision": 0.03125,
    "n_avail": 14,
    "n_pred": 32,
    "out_scores": [
        0.4594685733318329,
        0.9277042746543884,
        0.9823729991912842,
        0.3474790155887604,
        0.8028337955474854,
        0.9926255345344543,
        0.2279394119977951,
        0.7561169266700745,
        0.9969713687896729,
        0.1372113674879074,
        0.9044087529182434,
        0.9911621809005737,
        0.9443818926811218,
        0.9496898055076599,
        0.9397212862968445,
        0.24370381236076355,
        0.22068166732788086,
        0.7929994463920593,
        0.9865601062774658,
        0.8587614893913269,
        0.7849016189575195,
        0.8292130827903748,
        0.07378992438316345,
        0.659140408039093,
        0.8440131545066833,
        0.9428799748420715,
        0.8947622179985046,
        0.9127733707427979,
        0.9311209321022034,
        0.906599760055542,
        0.5781769752502441,
        0.919331431388855
    ],
    "min_trans_rot_dists": [
        [
            0.21930718694522727,
            0.2685873158224169
        ],
        [
            0.36945071312419825,
            0.2514728611558852
        ],
        [
            0.146407669138815,
            0.2685873158224169
        ],
        [
            0.2978623655270387,
            0.2514728611558852
        ],
        [
            0.035828763454471585,
            0.2685873158224169
        ],
        [
            0.35102313126098744,
            0.2810734564013456
        ],
        [
            0.09311603222787218,
            0.2428250996384249
        ],
        [
            0.3655441697767797,
            0.00042790306460693817
        ],
        [
            0.11957748588897647,
            0.9525383590379143
        ],
        [
            0.014809401518239049,
            0.20380691114886773
        ],
        [
            0.016819281440925777,
            0.9525383590379143
        ],
        [
            0.013191187459604979,
            0.00042790306460693817
        ],
        [
            0.019330759280394495,
            0.42955432693623596
        ],
        [
            0.012965210004275224,
            0.2514728611558852
        ]
    ],
    "min_trans_rot_dists_prec": [
        [
            0.4254249487757681,
            0.9525383590379143
        ],
        [
            0.22174355230115783,
            0.89963276182138
        ],
        [
            0.41115494601002184,
            0.5565403062975065
        ],
        [
            0.4210361112722427,
            0.9400568256017855
        ],
        [
            0.320196892954179,
            0.2810734564013456
        ],
        [
            0.30234848392764174,
            0.46453526481969487
        ],
        [
            0.440459628751843,
            0.20380691114886773
        ],
        [
            0.4342021010392558,
            0.6513817888478061
        ],
        [
            0.3292669231902433,
            0.5132821984628244
        ],
        [
            0.3836570996167406,
            0.42955432693623596
        ],
        [
            0.22333910655572045,
            0.6565698678715687
        ],
        [
            0.3030305309766495,
            0.45044924981885603
        ],
        [
            0.21930718694522727,
            0.2685873158224169
        ],
        [
            0.22321419042220278,
            0.2428250996384249
        ],
        [
            0.01115530111776401,
            0.999964433403121
        ],
        [
            0.013191187459604979,
            0.00042790306460693817
        ],
        [
            0.3867915819352693,
            0.9360062609518741
        ],
        [
            0.11793706913748671,
            0.7675918183070314
        ],
        [
            0.11470562434438207,
            0.6245490851074713
        ],
        [
            0.2036877894497037,
            0.961032367887027
        ],
        [
            0.12202138065066677,
            0.8085787456634592
        ],
        [
            0.12007786720400707,
            0.5610212720188386
        ],
        [
            0.3884974767158042,
            0.9308621859903996
        ],
        [
            0.12545287294446641,
            0.9201986146069975
        ],
        [
            0.2003704413879328,
            0.9642155514780866
        ],
        [
            0.22618694898473948,
            0.27031279406331266
        ],
        [
            0.22374018488941655,
            0.628581095043494
        ],
        [
            0.2198618410720532,
            0.6485230490997276
        ],
        [
            0.4382892916353971,
            0.9475309476345961
        ],
        [
            0.21973309621807602,
            0.6508972788476115
        ],
        [
            0.2978623655270387,
            0.2514728611558852
        ],
        [
            0.22326472953987175,
            0.6451863739147637
        ]
    ],
    "r_thresh_deg": 5,
    "t_thresh": 0.035,
    "t_thresh_prec": 0.04
}