{
    "match_ratio": 0.5,
    "recall": 0.5,
    "precision": 0.125,
    "n_avail": 6,
    "n_pred": 32,
    "out_scores": [
        0.9733874201774597,
        0.9879403114318848,
        0.9766254425048828,
        0.9427440166473389,
        0.97635817527771,
        0.9778062701225281,
        0.980741560459137,
        0.9756549596786499,
        0.9895616173744202,
        0.9719873070716858,
        0.975604772567749,
        0.06593319773674011,
        0.9785594344139099,
        0.973737895488739,
        0.9702088236808777,
        0.9742465019226074,
        0.9855391979217529,
        0.9464097619056702,
        0.9714553356170654,
        0.9631323218345642,
        0.9788275361061096,
        0.9750847220420837,
        0.9857058525085449,
        0.5767596364021301,
        0.7392538189888,
        0.9110720157623291,
        0.16804763674736023,
        0.9745761752128601,
        0.9699838161468506,
        0.9634923934936523,
        0.979613184928894,
        0.9764673113822937
    ],
    "min_trans_rot_dists": [
        [
            0.054168356338508306,
            0.48222986100468146
        ],
        [
            0.06512734768057175,
            0.08408150806256787
        ],
        [
            0.032038153105016336,
            0.4980004053816828
        ],
        [
            0.029770489953804397,
            0.08408150806256787
        ],
        [
            0.013335196194727242,
            0.07475965116130545
        ],
        [
            0.0068146092219670135,
            0.015855569406044823
        ]
    ],
    "min_trans_rot_dists_prec": [
        [
            0.27689659028888,
            0.3340142451415654
        ],
        [
            0.1566099659922137,
            0.6990677475950374
        ],
        [
            0.37568862475225484,
            0.5697933269417867
        ],
        [
            0.2824161732025364,
            0.036519624654831606
        ],
        [
            0.0593279034903755,
            0.5105368388696934
        ],
        [
            0.3685417630490866,
            0.5555253776018658
        ],
        [
            0.2675247401573853,
            0.8087490901172524
        ],
        [
            0.33351794061443896,
            0.030589574550980325
        ],
        [
            0.1599484547010161,
            0.7116236997192382
        ],
        [
            0.3271258969129056,
            0.016481134164811007
        ],
        [
            0.36608841679066095,
            0.5747445231724431
        ],
        [
            0.03298700914479725,
            0.7072797882917978
        ],
        [
            0.06140119121724083,
            0.1428518574419685
        ],
        [
            0.3269568807990456,
            0.024179937506303983
        ],
        [
            0.06301360903510748,
            0.4980004053816828
        ],
        [
            0.3323528872361762,
            0.05101557873158702
        ],
        [
            0.2773177290574462,
            0.46559446419757455
        ],
        [
            0.039002071147549035,
            0.9998663695556185
        ],
        [
            0.2784201774887411,
            0.30558746730425956
        ],
        [
            0.054168356338508306,
            0.48222986100468146
        ],
        [
            0.029770489953804397,
            0.08408150806256787
        ],
        [
            0.36872542285968823,
            0.5725994707605522
        ],
        [
            0.27280475482029953,
            0.6532071179438341
        ],
        [
            0.09885535585599835,
            0.38844069530370484
        ],
        [
            0.16579480749798406,
            0.6041498316419923
        ],
        [
            0.0068146092219670135,
            0.015855569406044823
        ],
        [
            0.024342192703081668,
            0.8457933333351068
        ],
        [
            0.37319394840560777,
            0.5897729453527407
        ],
        [
            0.27628991264326236,
            0.8414693217575719
        ],
        [
            0.013152208868327946,
            0.08197410803437355
        ],
        [
            0.3643679655666244,
            0.58000767680143
        ],
        [
            0.013335196194727242,
            0.07475965116130545
        ]
    ],
    "r_thresh_deg": 5,
    "t_thresh": 0.035,
    "t_thresh_prec": 0.04
}