{
    "match_ratio": 0.2857142857142857,
    "recall": 0.2857142857142857,
    "precision": 0.25,
    "n_avail": 14,
    "n_pred": 32,
    "out_scores": [
        0.9736161828041077,
        0.4854508936405182,
        0.981346070766449,
        0.9561236500740051,
        0.9866689443588257,
        0.6577220559120178,
        0.9837363362312317,
        0.9799267649650574,
        0.9846310019493103,
        0.9496248364448547,
        0.8869034051895142,
        0.9103755354881287,
        0.8905965089797974,
        0.9115219712257385,
        0.9481130242347717,
        0.9946962594985962,
        0.9658548831939697,
        0.9953936338424683,
        0.9149535298347473,
        0.3592141270637512,
        0.9107945561408997,
        0.9148781299591064,
        0.0007161835674196482,
        0.8381326198577881,
        0.9319813251495361,
        0.9463037252426147,
        0.21839290857315063,
        0.5026381015777588,
        0.9766088128089905,
        0.741949200630188,
        0.9074982404708862,
        0.9896954298019409
    ],
    "min_trans_rot_dists": [
        [
            0.025139690384686664,
            0.22503834655643606
        ],
        [
            0.0062037637545179535,
            0.012287881874249562
        ],
        [
            0.0874159596689856,
            0.22503834655643606
        ],
        [
            0.08786253161731737,
            0.003808170903051633
        ],
        [
            0.04024790063095255,
            0.7904759938533898
        ],
        [
            0.2151908696932369,
            0.003808170903051633
        ],
        [
            0.3134379908843181,
            0.16882778177599989
        ],
        [
            0.32242180453470015,
            0.012287881874249562
        ],
        [
            0.02316374359611662,
            0.16882778177599989
        ],
        [
            0.01716361813360211,
            0.05733393258119723
        ],
        [
            0.013112596881151557,
            0.9995456012766302
        ],
        [
            0.013112596881151557,
            0.03461421075572935
        ],
        [
            0.02438585395951443,
            0.003522877337963304
        ],
        [
            0.115217850552402,
            0.023534765658800083
        ]
    ],
    "min_trans_rot_dists_prec": [
        [
            0.014840154792691481,
            0.023534765658800083
        ],
        [
            0.2828219973370647,
            0.8696760181538823
        ],
        [
            0.3967345152029308,
            0.16882778177599989
        ],
        [
            0.18039435932659478,
            0.7904759938533898
        ],
        [
            0.025139690384686664,
            0.22503834655643606
        ],
        [
            0.0393006100887535,
            0.007598695660923194
        ],
        [
            0.01716361813360211,
            0.05733393258119723
        ],
        [
            0.02485547764253017,
            0.5097276770688123
        ],
        [
            0.024587221199719133,
            0.2654540845808978
        ],
        [
            0.17959002309835814,
            0.7874976253829941
        ],
        [
            0.3873652686651823,
            0.9098385451943904
        ],
        [
            0.12940734896807665,
            0.29705410592094983
        ],
        [
            0.1414451840680702,
            0.23718437800455627
        ],
        [
            0.3909036777840071,
            0.8664120469820003
        ],
        [
            0.1828132926680169,
            0.7977541711276885
        ],
        [
            0.01176197950601048,
            0.003808170903051633
        ],
        [
            0.13451865942366925,
            0.3199543437878153
        ],
        [
            0.0062037637545179535,
            0.012287881874249562
        ],
        [
            0.13490147697791519,
            0.2920170115330972
        ],
        [
            0.02866467819111911,
            0.0048166176866515364
        ],
        [
            0.1344189623469946,
            0.2829027650595827
        ],
        [
            0.13332148041033576,
            0.29321041501463263
        ],
        [
            0.02438585395951443,
            0.003522877337963304
        ],
        [
            0.013112596881151557,
            0.03461421075572935
        ],
        [
            0.17520165166587104,
            0.9071334340260756
        ],
        [
            0.30170151547653284,
            0.31739856646965303
        ],
        [
            0.3014038315915549,
            0.8403083040118465
        ],
        [
            0.27586498116943464,
            0.46822466103801064
        ],
        [
            0.13394567160095067,
            0.15833076488837083
        ],
        [
            0.38111080801156405,
            0.9021790672013615
        ],
        [
            0.13392693892754104,
            0.2809913560350412
        ],
        [
            0.009770225258583683,
            0.9999974223621555
        ]
    ],
    "r_thresh_deg": 5,
    "t_thresh": 0.035,
    "t_thresh_prec": 0.04
}