{
    "match_ratio": 0.2,
    "recall": 0.2,
    "precision": 0.21875,
    "n_avail": 10,
    "n_pred": 32,
    "out_scores": [
        0.9867450594902039,
        0.9773237109184265,
        0.9963226318359375,
        0.9968318343162537,
        0.9834915995597839,
        0.9584097862243652,
        0.9622946381568909,
        0.993000864982605,
        0.8912939429283142,
        0.9933574795722961,
        0.9979696869850159,
        0.9675582647323608,
        0.9820876717567444,
        0.993970513343811,
        0.9901102185249329,
        0.9693846702575684,
        0.9720850586891174,
        0.9964160919189453,
        0.9733914732933044,
        0.994566798210144,
        0.9972100853919983,
        0.9571799039840698,
        0.9797599911689758,
        0.9670658707618713,
        0.9687774181365967,
        0.9855439066886902,
        0.9934456944465637,
        0.9951451420783997,
        0.9607528448104858,
        0.969589352607727,
        0.9419485926628113,
        0.9749929308891296
    ],
    "min_trans_rot_dists": [
        [
            0.05084595564069239,
            0.004699505976004992
        ],
        [
            0.03869285617157687,
            0.1383111058596681
        ],
        [
            0.005682201538660401,
            0.04309684022984339
        ],
        [
            0.005682201538660401,
            0.9998442657693277
        ],
        [
            0.07502602273921562,
            0.010768800052524008
        ],
        [
            0.07504827607072234,
            0.9998541050285072
        ],
        [
            0.01656921610414222,
            0.010768800052524008
        ],
        [
            0.00671225299454368,
            0.9999284294354548
        ],
        [
            0.11745160546306496,
            0.010239133396704903
        ],
        [
            0.11745160546306496,
            0.9999284294354548
        ]
    ],
    "min_trans_rot_dists_prec": [
        [
            0.014531419708654014,
            0.011300669827425613
        ],
        [
            0.006950933282000421,
            0.012587292867130118
        ],
        [
            0.3601489225039695,
            0.3547501565622797
        ],
        [
            0.13992545296740097,
            0.2647429101554263
        ],
        [
            0.009185549524960958,
            0.031518444591271844
        ],
        [
            0.055402717740718276,
            0.19397142462404104
        ],
        [
            0.04827331612432504,
            0.9999008491017496
        ],
        [
            0.00929774961695364,
            0.012259784777348126
        ],
        [
            0.05084595564069239,
            0.004699505976004992
        ],
        [
            0.00671225299454368,
            0.010239133396704903
        ],
        [
            0.3654064030304311,
            0.967845810706807
        ],
        [
            0.043562548253062466,
            0.6383117448623117
        ],
        [
            0.39260428728657537,
            0.10607364578886913
        ],
        [
            0.3899750848236346,
            0.9990060768072611
        ],
        [
            0.13748653280298015,
            0.7525791648075224
        ],
        [
            0.04208981128378817,
            0.9999766878770598
        ],
        [
            0.03869285617157687,
            0.9998590768721026
        ],
        [
            0.1400030451421813,
            0.856126270129812
        ],
        [
            0.01679851741958531,
            0.26553152315943784
        ],
        [
            0.14073773536663653,
            0.9008036460185901
        ],
        [
            0.1375529683334297,
            0.9535493683539255
        ],
        [
            0.05935006642441354,
            0.19945524199843134
        ],
        [
            0.005682201538660401,
            0.04309684022984339
        ],
        [
            0.04551527578846042,
            0.6458620403920512
        ],
        [
            0.04269280443055821,
            0.9999729376395564
        ],
        [
            0.13832946605795782,
            0.23461935000570833
        ],
        [
            0.36456915029491116,
            0.7913679797880875
        ],
        [
            0.14133863521639387,
            0.8603807090681717
        ],
        [
            0.04715778212737047,
            0.6303938756290922
        ],
        [
            0.01656921610414222,
            0.010768800052524008
        ],
        [
            0.05255864576827776,
            0.635344510942442
        ],
        [
            0.03789672092076923,
            0.9999482495946684
        ]
    ],
    "r_thresh_deg": 5,
    "t_thresh": 0.035,
    "t_thresh_prec": 0.04
}