{
    "match_ratio": 0.16666666666666666,
    "recall": 0.16666666666666666,
    "precision": 0.0625,
    "n_avail": 6,
    "n_pred": 32,
    "out_scores": [
        0.9890396595001221,
        0.9719774723052979,
        0.9900796413421631,
        0.9851663708686829,
        0.9952606558799744,
        0.9651188254356384,
        0.9692366123199463,
        0.9931966066360474,
        0.9839602112770081,
        0.6778428554534912,
        0.989198625087738,
        0.9798607230186462,
        0.9166077375411987,
        0.9926211833953857,
        0.9802935123443604,
        0.9323043823242188,
        0.8793658018112183,
        0.8058969378471375,
        0.9813574552536011,
        0.9936414361000061,
        0.9941565990447998,
        0.9834045767784119,
        0.9967369437217712,
        0.994320273399353,
        0.9906030893325806,
        0.9934819340705872,
        0.9748501777648926,
        0.9842664003372192,
        0.9937331080436707,
        0.9978516101837158,
        0.9769824743270874,
        0.5665243864059448
    ],
    "min_trans_rot_dists": [
        [
            0.027483606021532398,
            0.9997962197240003
        ],
        [
            0.027483606021532398,
            0.07889205102675723
        ],
        [
            0.008092357688095402,
            0.31039925140456115
        ],
        [
            0.1273817979223156,
            0.07889205102675723
        ],
        [
            0.15682627964357476,
            0.31039925140456115
        ],
        [
            0.25278895359165593,
            0.07889205102675723
        ]
    ],
    "min_trans_rot_dists_prec": [
        [
            0.027483606021532398,
            0.07889205102675723
        ],
        [
            0.029419529485903227,
            0.523441842137204
        ],
        [
            0.1345017755092537,
            0.31132734160080955
        ],
        [
            0.017109078737244286,
            0.34259142692269784
        ],
        [
            0.13804740798131548,
            0.31039925140456115
        ],
        [
            0.01708680918275141,
            0.9454192853940847
        ],
        [
            0.13979108981256086,
            0.3632804107382619
        ],
        [
            0.015883258212003162,
            0.3449199840882937
        ],
        [
            0.026644624249325465,
            0.9999305383171331
        ],
        [
            0.019117180102518925,
            0.9401952846219181
        ],
        [
            0.01617259970669254,
            0.3462911164676773
        ],
        [
            0.032358688091439304,
            0.435925026792616
        ],
        [
            0.016940188029143814,
            0.9450908421691363
        ],
        [
            0.14162624873845525,
            0.794390695334835
        ],
        [
            0.029683287384008012,
            0.43861412597754
        ],
        [
            0.016919121269585804,
            0.9490700402223176
        ],
        [
            0.14201063454341847,
            0.7389701425186126
        ],
        [
            0.01791000390719714,
            0.9466816975355408
        ],
        [
            0.018241435228311897,
            0.32733795023773116
        ],
        [
            0.018397958994375282,
            0.27343161430093144
        ],
        [
            0.14416683808226727,
            0.794420961865879
        ],
        [
            0.01505847976370111,
            0.9443392135634837
        ],
        [
            0.013831501399158565,
            0.5544148604478268
        ],
        [
            0.016990042748828312,
            0.32457760302074756
        ],
        [
            0.14220768718153684,
            0.7993305650165811
        ],
        [
            0.137370677477469,
            0.31727891117596085
        ],
        [
            0.14050125087045615,
            0.6980405359433395
        ],
        [
            0.14304232888332855,
            0.3532913833390495
        ],
        [
            0.14522251413165266,
            0.7860464736179834
        ],
        [
            0.017984774149125606,
            0.22111986595024746
        ],
        [
            0.037207095798245084,
            0.006593016471805213
        ],
        [
            0.2085208356107002,
            0.5020169420958969
        ]
    ],
    "r_thresh_deg": 5,
    "t_thresh": 0.035,
    "t_thresh_prec": 0.04
}