{
    "match_ratio": 0.5,
    "recall": 0.5,
    "precision": 0.03125,
    "n_avail": 2,
    "n_pred": 32,
    "out_scores": [
        0.9032456874847412,
        0.08582101762294769,
        0.9011817574501038,
        0.8199986219406128,
        0.4384881556034088,
        0.7499861717224121,
        0.13834291696548462,
        0.910603404045105,
        0.9478007555007935,
        0.9428048729896545,
        0.05952029675245285,
        0.39319804310798645,
        0.9414376020431519,
        0.9470322728157043,
        0.949787974357605,
        0.8703067898750305,
        0.8819604516029358,
        0.9326017498970032,
        0.7980471253395081,
        0.9270901083946228,
        0.10519096255302429,
        0.9059320092201233,
        0.9399257302284241,
        0.9486050009727478,
        0.9294939041137695,
        0.9051715135574341,
        0.7909673452377319,
        0.9521531462669373,
        0.732759416103363,
        0.9531242847442627,
        0.49421000480651855,
        0.926929771900177
    ],
    "min_trans_rot_dists": [
        [
            0.023092555942614293,
            0.06012937718215006
        ],
        [
            0.02152640047396966,
            0.34224287879943305
        ]
    ],
    "min_trans_rot_dists_prec": [
        [
            0.13664769880043592,
            0.9999992009360894
        ],
        [
            0.02152640047396966,
            0.9993568513270693
        ],
        [
            0.04454989054353051,
            0.9988735999547198
        ],
        [
            0.023092555942614293,
            0.06012937718215006
        ],
        [
            0.03903705295282317,
            0.2164589230072429
        ],
        [
            0.04127482325624602,
            0.23348861566202606
        ],
        [
            0.024134581133232115,
            0.999622971437052
        ],
        [
            0.035686835658794845,
            0.9982356164036295
        ],
        [
            0.06721581958677778,
            0.969151610913604
        ],
        [
            0.06521349454150895,
            0.9586751813557481
        ],
        [
            0.13405024771879534,
            0.9999142992491888
        ],
        [
            0.13335037756157136,
            0.9998714836722312
        ],
        [
            0.06650042092605131,
            0.9484738866515176
        ],
        [
            0.062132912563139554,
            0.9720417040970608
        ],
        [
            0.06747921684756067,
            0.9785579458694741
        ],
        [
            0.11117903674618708,
            0.9995349373441674
        ],
        [
            0.04109804621934768,
            0.9988933988231463
        ],
        [
            0.06397009820378528,
            0.9731270452502812
        ],
        [
            0.13926092143735141,
            0.999998283940898
        ],
        [
            0.06510451882182794,
            0.9612370998300556
        ],
        [
            0.023803903057806355,
            0.9990505618330409
        ],
        [
            0.041307375575952945,
            0.9989335611833969
        ],
        [
            0.13814457886237033,
            0.9999814323907896
        ],
        [
            0.06623176929209734,
            0.9577887898482068
        ],
        [
            0.06778966441454455,
            0.9597006206250458
        ],
        [
            0.12512149097594757,
            0.15891326366723868
        ],
        [
            0.04106529555918809,
            0.2527146033921761
        ],
        [
            0.06870952233336049,
            0.9654731820738391
        ],
        [
            0.10661354241143016,
            0.9996594809779799
        ],
        [
            0.06632289366449691,
            0.9738986954838927
        ],
        [
            0.21169798224705155,
            0.47250781564395694
        ],
        [
            0.07161019412930111,
            0.9654852021798725
        ]
    ],
    "r_thresh_deg": 5,
    "t_thresh": 0.035,
    "t_thresh_prec": 0.04
}