{
    "match_ratio": 0.25,
    "recall": 0.25,
    "precision": 0.03125,
    "n_avail": 4,
    "n_pred": 32,
    "out_scores": [
        0.9853417873382568,
        0.9852837324142456,
        0.9712210297584534,
        0.9817839860916138,
        0.9843276143074036,
        0.9846932888031006,
        0.9864518642425537,
        0.9886786341667175,
        0.9859929084777832,
        0.9881058931350708,
        0.9860127568244934,
        0.9659771919250488,
        0.9900887608528137,
        0.9893375635147095,
        0.9555412530899048,
        0.9887962341308594,
        0.9849986433982849,
        0.9519776105880737,
        0.9594287872314453,
        0.9855201840400696,
        0.9748498201370239,
        0.9833834767341614,
        0.9876633286476135,
        0.986458957195282,
        0.98883455991745,
        0.9844714999198914,
        0.9893220663070679,
        0.970553994178772,
        0.9646212458610535,
        0.9895674586296082,
        0.981353759765625,
        0.9474819302558899
    ],
    "min_trans_rot_dists": [
        [
            0.0867874564692414,
            0.9999986932134316
        ],
        [
            0.0867874564692414,
            0.7751533276081077
        ],
        [
            0.00600270681131903,
            0.1963667783401335
        ],
        [
            0.01817456264118695,
            0.05584938176480192
        ]
    ],
    "min_trans_rot_dists_prec": [
        [
            0.01827725506965189,
            0.7760775998370288
        ],
        [
            0.01743174583473172,
            0.7825701780221475
        ],
        [
            0.10940072306848772,
            0.9961458467520015
        ],
        [
            0.019609784006504958,
            0.7900843322060365
        ],
        [
            0.019719024727714238,
            0.7751533276081077
        ],
        [
            0.018424124103502422,
            0.7903921149873314
        ],
        [
            0.0180470680203355,
            0.40375541342417076
        ],
        [
            0.02012858691411374,
            0.4580350330780779
        ],
        [
            0.10102013471149249,
            0.20344267433044183
        ],
        [
            0.01874195975551042,
            0.4628159851356657
        ],
        [
            0.10362554635087397,
            0.1963667783401335
        ],
        [
            0.11318024009531799,
            0.995175936521919
        ],
        [
            0.01817456264118695,
            0.05584938176480192
        ],
        [
            0.0982229204413451,
            0.2202955410995593
        ],
        [
            0.10795077667043533,
            0.9958451035399386
        ],
        [
            0.01990080570116939,
            0.4761469708491993
        ],
        [
            0.019101155180400106,
            0.7894649705813526
        ],
        [
            0.11048030773134997,
            0.9948099214803392
        ],
        [
            0.11001519725080021,
            0.996436384308593
        ],
        [
            0.10250083044503076,
            0.20983916491270838
        ],
        [
            0.11281699526397375,
            0.9968471296511953
        ],
        [
            0.110648894227163,
            0.9960474435113399
        ],
        [
            0.017527488553028603,
            0.2712297583809491
        ],
        [
            0.11119213271401204,
            0.9950186129051735
        ],
        [
            0.10026816835889789,
            0.20534379936627012
        ],
        [
            0.1121187261335336,
            0.9944308981023606
        ],
        [
            0.0997056408564791,
            0.22181608947990206
        ],
        [
            0.10918299609062675,
            0.9941000289106404
        ],
        [
            0.1090440639679509,
            0.9945192928718016
        ],
        [
            0.11317644543988586,
            0.9950574604059077
        ],
        [
            0.11156421146471551,
            0.9951927569124839
        ],
        [
            0.10454146845229659,
            0.9942002440414085
        ]
    ],
    "r_thresh_deg": 5,
    "t_thresh": 0.035,
    "t_thresh_prec": 0.04
}