{
    "match_ratio": 0.4,
    "recall": 0.4,
    "precision": 0.21875,
    "n_avail": 10,
    "n_pred": 32,
    "out_scores": [
        0.9951170682907104,
        0.9837114214897156,
        0.9961692690849304,
        0.9982415437698364,
        0.9956197142601013,
        0.966269314289093,
        0.9936657547950745,
        0.9756100177764893,
        0.9953730702400208,
        0.9981181621551514,
        0.9825215935707092,
        0.9959287047386169,
        0.9891722202301025,
        0.9862408638000488,
        0.9981909394264221,
        0.9902209043502808,
        0.9913899302482605,
        0.9967024922370911,
        0.9971990585327148,
        0.986967146396637,
        0.9959343671798706,
        0.9944603443145752,
        0.9739782810211182,
        0.9951984286308289,
        0.9901089668273926,
        0.9605371356010437,
        0.9832356572151184,
        0.9823889136314392,
        0.9950689077377319,
        0.9893753528594971,
        0.9796818494796753,
        0.9965270161628723
    ],
    "min_trans_rot_dists": [
        [
            0.1993711094998245,
            0.08003968582956933
        ],
        [
            0.19241964024093502,
            0.029153041755319076
        ],
        [
            0.016656612671711972,
            0.08003968582956933
        ],
        [
            0.00871895460126585,
            0.029153041755319076
        ],
        [
            0.010478799808195986,
            0.26037258634670635
        ],
        [
            0.001926800608756679,
            0.020166203302855013
        ],
        [
            0.03140871546635835,
            0.17238089477617624
        ],
        [
            0.02082671125301392,
            0.4183792379211083
        ],
        [
            0.2428636588626639,
            0.17238089477617624
        ],
        [
            0.00677825823348949,
            0.007115733398101676
        ]
    ],
    "min_trans_rot_dists_prec": [
        [
            0.28768919285043815,
            0.34137353626038913
        ],
        [
            0.00871895460126585,
            0.029153041755319076
        ],
        [
            0.2921793639762373,
            0.8570563630872692
        ],
        [
            0.004869995354365895,
            0.08049485305175508
        ],
        [
            0.2952509268766378,
            0.9663678945375929
        ],
        [
            0.28952177296275156,
            0.9587030014481539
        ],
        [
            0.29538448132094186,
            0.870187242887948
        ],
        [
            0.151959920331676,
            0.9453564366338457
        ],
        [
            0.28844537585971314,
            0.5012756002211765
        ],
        [
            0.00677825823348949,
            0.007115733398101676
        ],
        [
            0.30700889357798455,
            0.9063211963144676
        ],
        [
            0.15588093855868776,
            0.46446619496867636
        ],
        [
            0.33958320245138485,
            0.17238089477617624
        ],
        [
            0.015713841805096326,
            0.4327952104346473
        ],
        [
            0.2642188992580278,
            0.3614547896742908
        ],
        [
            0.0035004201419504078,
            0.001585119869374485
        ],
        [
            0.0019738238009648235,
            0.009413619750309188
        ],
        [
            0.2945176046828487,
            0.322861312970425
        ],
        [
            0.2909120359272931,
            0.22694473002235438
        ],
        [
            0.30917691714731377,
            0.4183792379211083
        ],
        [
            0.2946054358043638,
            0.26037258634670635
        ],
        [
            0.29079649522980633,
            0.8416901378322218
        ],
        [
            0.016656612671711972,
            0.08003968582956933
        ],
        [
            0.2939479492857569,
            0.7942821142804422
        ],
        [
            0.23833398431888322,
            0.9982663547614082
        ],
        [
            0.2950793899340861,
            0.6349209983608877
        ],
        [
            0.009231188587580912,
            0.6791992121701402
        ],
        [
            0.2923015314407432,
            0.9806010967263175
        ],
        [
            0.28946536195298517,
            0.190812050349232
        ],
        [
            0.2958418215936175,
            0.08752831193245414
        ],
        [
            0.3452725092120645,
            0.3537527419899582
        ],
        [
            0.001926800608756679,
            0.020166203302855013
        ]
    ],
    "r_thresh_deg": 5,
    "t_thresh": 0.035,
    "t_thresh_prec": 0.04
}