{
    "match_ratio": 0.5,
    "recall": 0.5,
    "precision": 0.15625,
    "n_avail": 2,
    "n_pred": 32,
    "out_scores": [
        0.9722975492477417,
        0.7044211030006409,
        0.021618615835905075,
        0.01660546101629734,
        0.9656232595443726,
        0.06607683002948761,
        0.5072364807128906,
        0.003393925726413727,
        0.9962658286094666,
        0.9851969480514526,
        0.9815430045127869,
        0.9844146966934204,
        0.7686428427696228,
        0.87440025806427,
        0.01802843250334263,
        0.9842413067817688,
        0.068607859313488,
        0.003772510914131999,
        0.46161672472953796,
        0.8310108184814453,
        0.9622514843940735,
        0.0006475336849689484,
        0.9850888848304749,
        0.986598014831543,
        0.8253876566886902,
        0.9706845283508301,
        0.031971678137779236,
        7.043471214274177e-06,
        0.00206345715560019,
        0.98563551902771,
        0.9656648635864258,
        0.9879329800605774
    ],
    "min_trans_rot_dists": [
        [
            0.022008784594459752,
            0.0733593457540459
        ],
        [
            0.017412410897446825,
            0.0951602480326359
        ]
    ],
    "min_trans_rot_dists_prec": [
        [
            0.18643742760739854,
            0.9996495838833437
        ],
        [
            0.017412410897446825,
            0.9997795311197863
        ],
        [
            0.009925128333424304,
            0.9999133816674258
        ],
        [
            0.015486962098760418,
            0.9999976096265252
        ],
        [
            0.18894550751511957,
            0.9996577200560637
        ],
        [
            0.013966771005561502,
            0.9999369995973774
        ],
        [
            0.022408813318436277,
            0.1095606681543867
        ],
        [
            0.00976340254584855,
            0.9999881500993343
        ],
        [
            0.021986808313641144,
            0.47492199022550763
        ],
        [
            0.2000983889940014,
            0.9999842676471521
        ],
        [
            0.18293511826904946,
            0.29338018006847055
        ],
        [
            0.17938736522458373,
            0.6217653564338326
        ],
        [
            0.016373535764516223,
            0.9996855609887371
        ],
        [
            0.02373505637923334,
            0.05636287852577171
        ],
        [
            0.02507225488320013,
            0.03145696807419052
        ],
        [
            0.17930640419432958,
            0.3978628255319494
        ],
        [
            0.021398790681835464,
            0.0506850101033971
        ],
        [
            0.010612633335164852,
            0.9999836830760057
        ],
        [
            0.021686439242624055,
            0.004424692558586463
        ],
        [
            0.015496114029864758,
            0.9997741454979524
        ],
        [
            0.022008784594459752,
            0.0733593457540459
        ],
        [
            0.023141835145249916,
            0.9999212534278658
        ],
        [
            0.18726934820400107,
            0.37715211495917933
        ],
        [
            0.1930290204687797,
            0.9998149767390954
        ],
        [
            0.012380738294991629,
            0.9998162263437097
        ],
        [
            0.19126429953276275,
            0.9999639640473919
        ],
        [
            0.02706003469853619,
            0.9998519550830217
        ],
        [
            0.028244952511751263,
            0.9999557223816409
        ],
        [
            0.029062722517767384,
            0.09246117093498885
        ],
        [
            0.17517104641606632,
            0.6189789659456324
        ],
        [
            0.19474737123259767,
            0.9997861333836903
        ],
        [
            0.17971385153505612,
            0.5472073787245377
        ]
    ],
    "r_thresh_deg": 5,
    "t_thresh": 0.035,
    "t_thresh_prec": 0.04
}