{
    "match_ratio": 0.5,
    "recall": 0.5,
    "precision": 0.1875,
    "n_avail": 2,
    "n_pred": 32,
    "out_scores": [
        0.9966251850128174,
        0.9978360533714294,
        0.9966322779655457,
        0.9840960502624512,
        0.9900043606758118,
        0.9862052798271179,
        0.9883727431297302,
        0.9848654270172119,
        0.9842409491539001,
        0.9961860775947571,
        0.9854568839073181,
        0.990481972694397,
        0.9962171912193298,
        0.992319643497467,
        0.9897622466087341,
        0.9874622225761414,
        0.998237133026123,
        0.9979748129844666,
        0.99704509973526,
        0.9872690439224243,
        0.994519054889679,
        0.9892537593841553,
        0.990156888961792,
        0.9964321851730347,
        0.9870544075965881,
        0.9883826375007629,
        0.9889077544212341,
        0.9864552021026611,
        0.9929981231689453,
        0.9853039383888245,
        0.9941726326942444,
        0.9962433576583862
    ],
    "min_trans_rot_dists": [
        [
            0.004819976038714824,
            0.04068876335666882
        ],
        [
            0.008270180547451515,
            0.9999235994547876
        ]
    ],
    "min_trans_rot_dists_prec": [
        [
            0.20059644424673886,
            0.9467305534766033
        ],
        [
            0.008927776184589698,
            0.05033419491581492
        ],
        [
            0.006139582193762115,
            0.0454150939795257
        ],
        [
            0.1972808272930923,
            0.9999819904240693
        ],
        [
            0.20591885109681413,
            0.8953627256009747
        ],
        [
            0.2011715905207282,
            0.9999556063374905
        ],
        [
            0.20501376803369908,
            0.9998883005278751
        ],
        [
            0.015346847727046375,
            0.9999159998218643
        ],
        [
            0.19850355888598858,
            0.9999817174002159
        ],
        [
            0.008724088743863528,
            0.036561373879895664
        ],
        [
            0.20388470791851857,
            0.4880297171133777
        ],
        [
            0.01780578702840473,
            0.9999871286772472
        ],
        [
            0.008270180547451515,
            0.03140307533657061
        ],
        [
            0.19791441336171425,
            0.9999848560698391
        ],
        [
            0.20386198553948964,
            0.8992088085855406
        ],
        [
            0.20401322623476628,
            0.9999598343381486
        ],
        [
            0.0201723468415752,
            0.9999477727023067
        ],
        [
            0.007070049032417522,
            0.4952450982140424
        ],
        [
            0.008016419836181997,
            0.8260786265368232
        ],
        [
            0.20429088810822021,
            0.999997955489445
        ],
        [
            0.019218250223524865,
            0.9998979931002567
        ],
        [
            0.2095729998045427,
            0.25732287671251686
        ],
        [
            0.2022279973172286,
            0.8690699821274224
        ],
        [
            0.007611023611551172,
            0.04695398515482174
        ],
        [
            0.20468480109453835,
            0.2535806874128066
        ],
        [
            0.2062710869327199,
            0.2501731283516935
        ],
        [
            0.1990227475115955,
            0.9999999181071673
        ],
        [
            0.20296529555232828,
            0.9999998746558103
        ],
        [
            0.004819976038714824,
            0.04068876335666882
        ],
        [
            0.20065110731834285,
            0.9998196234345064
        ],
        [
            0.19508629083651174,
            0.5508268086728159
        ],
        [
            0.19097313985768052,
            0.5753810572613414
        ]
    ],
    "r_thresh_deg": 5,
    "t_thresh": 0.035,
    "t_thresh_prec": 0.04
}