{
    "match_ratio": 0.75,
    "recall": 0.75,
    "precision": 0.21875,
    "n_avail": 4,
    "n_pred": 32,
    "out_scores": [
        0.9696071743965149,
        0.9818980097770691,
        0.990423858165741,
        0.8029118776321411,
        0.9871353507041931,
        0.9902248978614807,
        0.9820892810821533,
        0.9133096933364868,
        0.9922324419021606,
        0.8733121752738953,
        0.9872626662254333,
        0.9824115633964539,
        0.9884505271911621,
        0.989749014377594,
        0.9909060001373291,
        0.9890331029891968,
        0.9886638522148132,
        0.9896913170814514,
        0.9911138415336609,
        0.9882197380065918,
        0.9870878458023071,
        0.9856936931610107,
        0.9880484938621521,
        0.9834875464439392,
        0.969519317150116,
        0.9894025325775146,
        0.9889119863510132,
        0.9842570424079895,
        0.9878167510032654,
        0.9878496527671814,
        0.9809696674346924,
        0.9861336350440979
    ],
    "min_trans_rot_dists": [
        [
            0.024140115173102137,
            0.007897006195986656
        ],
        [
            0.017402581549367805,
            0.050423791178908495
        ],
        [
            0.25260120128237973,
            0.007897006195986656
        ],
        [
            0.007915543448265913,
            0.0835805631243568
        ]
    ],
    "min_trans_rot_dists_prec": [
        [
            0.017085574706864684,
            0.1588082634075345
        ],
        [
            0.025689030890424184,
            0.04554613523819773
        ],
        [
            0.2654759983421602,
            0.9696202484419715
        ],
        [
            0.2765446190239054,
            0.2839290868200519
        ],
        [
            0.015611686647592507,
            0.9999943968766752
        ],
        [
            0.016245425393282727,
            0.9999582381892352
        ],
        [
            0.0158762554682214,
            0.12075568135268866
        ],
        [
            0.011657583411141358,
            0.033064666428459955
        ],
        [
            0.018057603978726276,
            0.4292265233848773
        ],
        [
            0.010276455941498269,
            0.05388813422531624
        ],
        [
            0.0132635687134368,
            0.9999982222002085
        ],
        [
            0.00930421780823016,
            0.04673234493282763
        ],
        [
            0.006510998528314447,
            0.8839267031131042
        ],
        [
            0.01002867531524913,
            0.7332152889357418
        ],
        [
            0.01897620577700936,
            0.6931981304789487
        ],
        [
            0.017518872982745032,
            0.912763631662435
        ],
        [
            0.007562695565604993,
            0.2616209422463951
        ],
        [
            0.015890193664447404,
            0.9999944980260124
        ],
        [
            0.007915543448265913,
            0.0835805631243568
        ],
        [
            0.008636343742557465,
            0.9021044362352231
        ],
        [
            0.01968081990326021,
            0.15288121506276742
        ],
        [
            0.014086455997052487,
            0.9999648919038892
        ],
        [
            0.012690346752102106,
            0.9999999798937845
        ],
        [
            0.01861922173332859,
            0.15451645062648312
        ],
        [
            0.016035109244331634,
            0.13500045993948118
        ],
        [
            0.014089741790719366,
            0.9999992622281713
        ],
        [
            0.01821328914273033,
            0.9999964020057207
        ],
        [
            0.010957951102860566,
            0.2272434867289358
        ],
        [
            0.017402581549367805,
            0.050423791178908495
        ],
        [
            0.020551434310587785,
            0.13976510182858426
        ],
        [
            0.024140115173102137,
            0.007897006195986656
        ],
        [
            0.011181323218957984,
            0.8999080777919439
        ]
    ],
    "r_thresh_deg": 5,
    "t_thresh": 0.035,
    "t_thresh_prec": 0.04
}