{
    "match_ratio": 0.25,
    "recall": 0.25,
    "precision": 0.03125,
    "n_avail": 4,
    "n_pred": 32,
    "out_scores": [
        0.872144341468811,
        0.8408587574958801,
        0.7779275178909302,
        4.3248405745544005e-07,
        0.9282795786857605,
        0.9740643501281738,
        0.9304271340370178,
        0.23332957923412323,
        0.6348430514335632,
        0.9662091135978699,
        4.195134195583705e-08,
        0.9250415563583374,
        0.907274067401886,
        0.0011840024963021278,
        0.9292340874671936,
        1.609903819144165e-07,
        0.9346303343772888,
        0.9662536978721619,
        0.9389024376869202,
        0.7907329201698303,
        0.9831720590591431,
        0.855240523815155,
        0.9337339401245117,
        0.9634036421775818,
        0.6729429364204407,
        0.9817473292350769,
        0.9861838221549988,
        0.9185180068016052,
        0.9798629879951477,
        0.8669611811637878,
        0.9327037334442139,
        0.893261194229126
    ],
    "min_trans_rot_dists": [
        [
            0.048453404616761696,
            0.05850477511661911
        ],
        [
            0.04349510497035121,
            0.006404988617451091
        ],
        [
            0.03380586863189396,
            0.07574414656203676
        ],
        [
            0.041787091792585704,
            0.2297059212330992
        ]
    ],
    "min_trans_rot_dists_prec": [
        [
            0.05033627981189675,
            0.9998798741219678
        ],
        [
            0.048453404616761696,
            0.05850477511661911
        ],
        [
            0.04648711849224624,
            0.9999760218702588
        ],
        [
            0.03756811910985259,
            0.8005461632755666
        ],
        [
            0.04916997384621231,
            0.9999082752361219
        ],
        [
            0.24990021748233648,
            0.05885224804257416
        ],
        [
            0.20490904537557286,
            0.5813025422861324
        ],
        [
            0.05262650071521299,
            0.999987761929356
        ],
        [
            0.04837865781550146,
            0.9999772274097034
        ],
        [
            0.20327096836666747,
            0.582901262978536
        ],
        [
            0.041787091792585704,
            0.2297059212330992
        ],
        [
            0.05028522930987814,
            0.9703397760747237
        ],
        [
            0.040725752911428076,
            0.07378538723028327
        ],
        [
            0.07880733184999664,
            0.26004380299007446
        ],
        [
            0.04919824759841615,
            0.9706619887922451
        ],
        [
            0.03380586863189396,
            0.07574414656203676
        ],
        [
            0.04589615981541581,
            0.9745525997357051
        ],
        [
            0.042410714493002474,
            0.9783755497242206
        ],
        [
            0.04501376909249716,
            0.9835066452163417
        ],
        [
            0.05354113757148768,
            0.0712057259272465
        ],
        [
            0.3018766080085714,
            0.13704173833673228
        ],
        [
            0.04960140672480353,
            0.06908240364200724
        ],
        [
            0.04190404821359842,
            0.06240920130632621
        ],
        [
            0.04455454577352717,
            0.9767040217089363
        ],
        [
            0.0479753895612602,
            0.9999792198354239
        ],
        [
            0.2989324444036046,
            0.13527228974107097
        ],
        [
            0.21284577108494684,
            0.14886256338042636
        ],
        [
            0.04411352549622895,
            0.9999911413040815
        ],
        [
            0.28619521526050673,
            0.9962305813364308
        ],
        [
            0.050728427336249646,
            0.0786330476242516
        ],
        [
            0.04349510497035121,
            0.9999122400669487
        ],
        [
            0.04413246220471789,
            0.9999952321258685
        ]
    ],
    "r_thresh_deg": 5,
    "t_thresh": 0.035,
    "t_thresh_prec": 0.04
}