{
    "match_ratio": 0.25,
    "recall": 0.25,
    "precision": 0.21875,
    "n_avail": 12,
    "n_pred": 32,
    "out_scores": [
        0.8133774995803833,
        0.122764952480793,
        0.5258411169052124,
        0.9112370014190674,
        0.9908778071403503,
        0.5565009117126465,
        0.9838306903839111,
        0.6902496814727783,
        0.5457185506820679,
        0.9738515019416809,
        0.9025804400444031,
        0.3893473148345947,
        0.9320309162139893,
        0.25084632635116577,
        0.9577586054801941,
        0.7014489769935608,
        0.556647002696991,
        0.424948513507843,
        0.6302435994148254,
        0.9221201539039612,
        0.449206680059433,
        0.9826496839523315,
        0.5263566970825195,
        0.7462316751480103,
        0.9903443455696106,
        0.08400103449821472,
        0.3679007887840271,
        0.19388732314109802,
        0.23232801258563995,
        0.12136811763048172,
        0.5070978999137878,
        0.9796559810638428
    ],
    "min_trans_rot_dists": [
        [
            0.1313308517756531,
            0.9179072761365991
        ],
        [
            0.170202431521932,
            0.9772594480460527
        ],
        [
            0.02971127975054174,
            0.9179072761365991
        ],
        [
            0.10276596370464207,
            0.9772594480460527
        ],
        [
            0.03232318560694947,
            0.2991152145105487
        ],
        [
            0.024686696689325393,
            0.008610138627907715
        ],
        [
            0.028992706506192407,
            0.2264309246404893
        ],
        [
            0.011115057996620898,
            0.030087199693490496
        ],
        [
            0.08482964801157902,
            0.2264309246404893
        ],
        [
            0.08823727456465585,
            0.010467730619000637
        ],
        [
            0.028577297618503847,
            0.3152780474406972
        ],
        [
            0.02082014623457347,
            0.010467730619000637
        ]
    ],
    "min_trans_rot_dists_prec": [
        [
            0.363100265084776,
            0.9830358791371261
        ],
        [
            0.18648602425510857,
            0.954340178196395
        ],
        [
            0.10276596370464207,
            0.9772594480460527
        ],
        [
            0.2592958289035167,
            0.9135437649234139
        ],
        [
            0.02082014623457347,
            0.010467730619000637
        ],
        [
            0.10473035607621582,
            0.9727111272150724
        ],
        [
            0.36197868822723483,
            0.29991136416408337
        ],
        [
            0.41755708399204067,
            0.9807154386984528
        ],
        [
            0.4170093527261651,
            0.9784651030752402
        ],
        [
            0.3585398597251149,
            0.3152780474406972
        ],
        [
            0.1313308517756531,
            0.9179072761365991
        ],
        [
            0.4132400549756582,
            0.9780184418908043
        ],
        [
            0.36980034829801184,
            0.9726814949756438
        ],
        [
            0.18934010426823714,
            0.9585705458684134
        ],
        [
            0.4179344947234475,
            0.2264309246404893
        ],
        [
            0.023559860058433607,
            0.007109016369371668
        ],
        [
            0.09764227767299472,
            0.9912801638128981
        ],
        [
            0.18636112334542884,
            0.9542666421345691
        ],
        [
            0.024404615742678413,
            0.007990614964333398
        ],
        [
            0.2592091629835542,
            0.9213021283618763
        ],
        [
            0.100342010971256,
            0.9912893862027811
        ],
        [
            0.20162609194416403,
            0.2991152145105487
        ],
        [
            0.024026461472282653,
            0.018885515874656367
        ],
        [
            0.02358977508053744,
            0.01740187640114632
        ],
        [
            0.011115057996620898,
            0.030087199693490496
        ],
        [
            0.18781964476431437,
            0.9532015511335891
        ],
        [
            0.41776114089624233,
            0.9813082574801291
        ],
        [
            0.1853910637121455,
            0.9561197892584656
        ],
        [
            0.4149372099632601,
            0.9820739671517493
        ],
        [
            0.18613821803532157,
            0.9549125224815601
        ],
        [
            0.024686696689325393,
            0.008610138627907715
        ],
        [
            0.1981258907796191,
            0.3185142291860916
        ]
    ],
    "r_thresh_deg": 5,
    "t_thresh": 0.035,
    "t_thresh_prec": 0.04
}