{
    "match_ratio": 0.3333333333333333,
    "recall": 0.3333333333333333,
    "precision": 0.21875,
    "n_avail": 6,
    "n_pred": 32,
    "out_scores": [
        0.9990416169166565,
        0.9987425208091736,
        0.9914318323135376,
        0.9994366765022278,
        0.9975559711456299,
        0.9988368153572083,
        0.9983748197555542,
        0.9938417673110962,
        0.9922372698783875,
        0.9968430995941162,
        0.9990779161453247,
        0.9965235590934753,
        0.9992499947547913,
        0.9980778694152832,
        0.9990599751472473,
        0.9951798915863037,
        0.9982055425643921,
        0.9973745346069336,
        0.9983792304992676,
        0.9910610318183899,
        0.9984902143478394,
        0.9978054165840149,
        0.9991397857666016,
        0.9953902959823608,
        0.9948707818984985,
        0.991407036781311,
        0.9965121150016785,
        0.9994712471961975,
        0.9992038607597351,
        0.998994767665863,
        0.9912817478179932,
        0.9986659288406372
    ],
    "min_trans_rot_dists": [
        [
            0.20633322162347353,
            0.0007174364336609562
        ],
        [
            0.20354752122898523,
            0.015464758635126086
        ],
        [
            0.008689718013312768,
            0.011078968625128804
        ],
        [
            0.013748309785561547,
            0.006825654803396586
        ],
        [
            0.12175926787027516,
            0.012825944647892218
        ],
        [
            0.12111171973236934,
            0.999969471527934
        ]
    ],
    "min_trans_rot_dists_prec": [
        [
            0.009130247467598844,
            0.012825944647892218
        ],
        [
            0.014827558122069245,
            0.3371680727518872
        ],
        [
            0.02644183000356455,
            0.9999983164256603
        ],
        [
            0.009778122943409384,
            0.023836293323302726
        ],
        [
            0.015125599069968486,
            0.8575452498483477
        ],
        [
            0.20299740058023702,
            0.22582547916137552
        ],
        [
            0.014603220959264807,
            0.160830954202688
        ],
        [
            0.02409917518010331,
            0.248679444567248
        ],
        [
            0.025257092480584626,
            0.6346350962805265
        ],
        [
            0.015882428929534804,
            0.01998515399455658
        ],
        [
            0.20248633629942073,
            0.09815325160700661
        ],
        [
            0.2075946585880424,
            0.9867290402167727
        ],
        [
            0.2055827336173124,
            0.09185135671763467
        ],
        [
            0.013436202897137893,
            0.015464758635126086
        ],
        [
            0.009632517948978875,
            0.0007174364336609562
        ],
        [
            0.20324394662894704,
            0.9813911123532133
        ],
        [
            0.012608589201134505,
            0.7456807564471044
        ],
        [
            0.01507352198094047,
            0.9999763981681623
        ],
        [
            0.013748309785561547,
            0.006825654803396586
        ],
        [
            0.021080694730062584,
            0.6264954337752549
        ],
        [
            0.2055625316052861,
            0.2212638886099525
        ],
        [
            0.2050308295845156,
            0.6266195800501603
        ],
        [
            0.012962601668140632,
            0.1430334446108873
        ],
        [
            0.20924789903665017,
            0.9785623777880985
        ],
        [
            0.2012630089577303,
            0.96956510796757
        ],
        [
            0.016290704091915454,
            0.6234620055212221
        ],
        [
            0.013935286259316304,
            0.9819055866558629
        ],
        [
            0.008689718013312768,
            0.011078968625128804
        ],
        [
            0.20446622876924067,
            0.1696013784401278
        ],
        [
            0.20505925385346635,
            0.20313661813692596
        ],
        [
            0.02280020137092702,
            0.9999999137708903
        ],
        [
            0.20656438688384607,
            0.20369355651587384
        ]
    ],
    "r_thresh_deg": 5,
    "t_thresh": 0.035,
    "t_thresh_prec": 0.04
}