{
    "match_ratio": 0.0,
    "recall": 0.0,
    "precision": 0.0,
    "n_avail": 10,
    "n_pred": 32,
    "out_scores": [
        0.9699259400367737,
        0.9718849062919617,
        0.9770232439041138,
        0.9790207147598267,
        0.9740047454833984,
        0.9660344123840332,
        0.9826920032501221,
        0.09814874827861786,
        0.9716946482658386,
        0.9802833199501038,
        0.8788939714431763,
        0.9695797562599182,
        0.9698143601417542,
        0.9864631295204163,
        0.9730408787727356,
        0.9776968955993652,
        0.9721701145172119,
        0.968678891658783,
        0.8608849048614502,
        0.8702581524848938,
        0.8894047737121582,
        0.9733628034591675,
        0.9722879528999329,
        0.9419527053833008,
        0.9722298383712769,
        0.970646321773529,
        0.9718976616859436,
        0.986362636089325,
        0.851965069770813,
        0.9716023802757263,
        0.9734819531440735,
        0.8759046196937561
    ],
    "min_trans_rot_dists": [
        [
            0.15515016414507926,
            0.6665428965704798
        ],
        [
            0.18702400022795548,
            0.858656160542019
        ],
        [
            0.02629977183069923,
            0.6797621751597477
        ],
        [
            0.03303045933970217,
            0.858656160542019
        ],
        [
            0.04781439695946761,
            0.584103963281021
        ],
        [
            0.014876800286173995,
            0.15189626821207713
        ],
        [
            0.059010648172158245,
            0.5639238733397245
        ],
        [
            0.08121813666809467,
            0.15189626821207713
        ],
        [
            0.04263797866079097,
            0.819340379663953
        ],
        [
            0.024838619197653882,
            0.9114689905954754
        ]
    ],
    "min_trans_rot_dists_prec": [
        [
            0.21863840122562286,
            0.819340379663953
        ],
        [
            0.15555925696858627,
            0.6797621751597477
        ],
        [
            0.12780973999321665,
            0.9114689905954754
        ],
        [
            0.03303045933970217,
            0.858656160542019
        ],
        [
            0.31221501096938165,
            0.584103963281021
        ],
        [
            0.3121657790392129,
            0.5639238733397245
        ],
        [
            0.21243146822997483,
            0.15189626821207713
        ],
        [
            0.19990082128862188,
            0.6729649299613729
        ],
        [
            0.15515016414507926,
            0.6665428965704798
        ],
        [
            0.20881333640064786,
            0.15219011795991644
        ],
        [
            0.12373035353654835,
            0.21348056157815742
        ],
        [
            0.3102816164218924,
            0.8949230685386885
        ],
        [
            0.31375371490093595,
            0.9010240162811143
        ],
        [
            0.2181663600650543,
            0.5689850058840483
        ],
        [
            0.12145413600478275,
            0.9880199686068712
        ],
        [
            0.12518920089622357,
            0.9522238004932915
        ],
        [
            0.21818321243477531,
            0.815389431688666
        ],
        [
            0.3086144500045709,
            0.8911193632877367
        ],
        [
            0.1260291091430631,
            0.20625488212704202
        ],
        [
            0.12035643923590958,
            0.21126602711707088
        ],
        [
            0.1239342135385956,
            0.20962027445646048
        ],
        [
            0.21798415617996567,
            0.8235822036245433
        ],
        [
            0.12019172384624927,
            0.9844568923684193
        ],
        [
            0.13427361652466474,
            0.8301846051284443
        ],
        [
            0.21952283601202352,
            0.826186429233251
        ],
        [
            0.21931507125625782,
            0.8264907075839875
        ],
        [
            0.21958439576497532,
            0.8243843843768318
        ],
        [
            0.2179651496163835,
            0.5565383903962704
        ],
        [
            0.12195775324761472,
            0.20324834642695344
        ],
        [
            0.21855552993442007,
            0.828211087564177
        ],
        [
            0.15912379498053042,
            0.6753804811481282
        ],
        [
            0.1281170692615406,
            0.2074353062979284
        ]
    ],
    "r_thresh_deg": 5,
    "t_thresh": 0.035,
    "t_thresh_prec": 0.04
}