{
    "match_ratio": 0.0,
    "recall": 0.0,
    "precision": 0.0625,
    "n_avail": 8,
    "n_pred": 32,
    "out_scores": [
        0.7800289988517761,
        0.8383111357688904,
        0.955374002456665,
        0.9538300633430481,
        0.8209531903266907,
        0.8392511606216431,
        0.9587650299072266,
        0.9560840725898743,
        0.9604690670967102,
        0.9584755897521973,
        0.6207036972045898,
        0.7582538723945618,
        0.7898139953613281,
        0.9600856304168701,
        0.9443090558052063,
        0.3233100473880768,
        0.14756861329078674,
        0.9504361152648926,
        0.9465401768684387,
        0.011501961387693882,
        0.9557143449783325,
        0.8299524188041687,
        0.5619783997535706,
        0.8197187185287476,
        0.8191198706626892,
        0.9626339673995972,
        0.5042873024940491,
        0.7121998071670532,
        0.20081967115402222,
        0.6112334132194519,
        0.9443223476409912,
        0.81796795129776
    ],
    "min_trans_rot_dists": [
        [
            0.27355150576513765,
            0.0403898166685539
        ],
        [
            0.3117608270837492,
            0.008448505476842394
        ],
        [
            0.03811036401630565,
            0.9872856968677379
        ],
        [
            0.22674821687773591,
            0.008448505476842394
        ],
        [
            0.031155648848764896,
            0.9694100185743478
        ],
        [
            0.04026177215859407,
            0.008448505476842394
        ],
        [
            0.19167630887501624,
            0.0403898166685539
        ],
        [
            0.3499898116583683,
            0.008448505476842394
        ]
    ],
    "min_trans_rot_dists_prec": [
        [
            0.22756554828193595,
            0.019082635465587527
        ],
        [
            0.2277771058449996,
            0.011204773040848881
        ],
        [
            0.30628443604425026,
            0.9709427893819069
        ],
        [
            0.3100310066633893,
            0.970258596617096
        ],
        [
            0.23104295386827123,
            0.009111430252711328
        ],
        [
            0.22674821687773591,
            0.008448505476842394
        ],
        [
            0.3088344531630828,
            0.969188660557666
        ],
        [
            0.30680286549885666,
            0.9719627122526089
        ],
        [
            0.3046917536296555,
            0.9694100185743478
        ],
        [
            0.3079775098076369,
            0.9693187649285884
        ],
        [
            0.1394810252007566,
            0.21344912058962906
        ],
        [
            0.09079523368770556,
            0.9872856968677379
        ],
        [
            0.0374896354738196,
            0.009173105191434217
        ],
        [
            0.3051118008360053,
            0.9700307657216622
        ],
        [
            0.3076057175744575,
            0.9789136432387492
        ],
        [
            0.1330985454303086,
            0.2221244437745694
        ],
        [
            0.27355150576513765,
            0.0403898166685539
        ],
        [
            0.31677556438605603,
            0.8772044172252886
        ],
        [
            0.310185594691621,
            0.9753502068352081
        ],
        [
            0.02594865910046976,
            0.9948905871234963
        ],
        [
            0.30956338881788187,
            0.9716008030733481
        ],
        [
            0.03955377070217226,
            0.00927018332131968
        ],
        [
            0.25745072670852476,
            0.263622587751671
        ],
        [
            0.22648925073243537,
            0.011304878309930433
        ],
        [
            0.2239205991959788,
            0.01311171386424681
        ],
        [
            0.3066225208302389,
            0.9668110575085989
        ],
        [
            0.13528573636401925,
            0.22563814899421775
        ],
        [
            0.13604169719611195,
            0.24520323608677164
        ],
        [
            0.028187640032261086,
            0.6651527998722084
        ],
        [
            0.028798626238688643,
            0.9993201135855463
        ],
        [
            0.31149279231445604,
            0.9767818404692641
        ],
        [
            0.22661446654968237,
            0.014246171943820496
        ]
    ],
    "r_thresh_deg": 5,
    "t_thresh": 0.035,
    "t_thresh_prec": 0.04
}