{
    "match_ratio": 0.0,
    "recall": 0.0,
    "precision": 0.0,
    "n_avail": 6,
    "n_pred": 32,
    "out_scores": [
        0.9729837775230408,
        0.9902634620666504,
        0.9682399034500122,
        0.45500442385673523,
        0.9925722479820251,
        0.6105239987373352,
        0.9135821461677551,
        0.8380260467529297,
        0.646300196647644,
        0.9703468680381775,
        0.8796970248222351,
        0.9673401117324829,
        0.9691712856292725,
        0.990449845790863,
        0.996703565120697,
        0.8248085975646973,
        0.9699325561523438,
        0.7487236857414246,
        0.15905572474002838,
        0.5833003520965576,
        0.9726648330688477,
        0.9721745252609253,
        0.05406748130917549,
        0.848928689956665,
        0.9823523163795471,
        0.9965247511863708,
        0.979637086391449,
        0.7231629490852356,
        0.8842464089393616,
        0.9735352993011475,
        0.9922776222229004,
        0.9488078951835632
    ],
    "min_trans_rot_dists": [
        [
            0.08054257559401916,
            0.28894149074306363
        ],
        [
            0.08054257559401916,
            0.9999129036252419
        ],
        [
            0.01772764545095305,
            0.6192978090653956
        ],
        [
            0.009291454619008904,
            0.1898919330047587
        ],
        [
            0.12803950839626135,
            0.6192978090653956
        ],
        [
            0.0022265204235177773,
            0.8925349475549358
        ]
    ],
    "min_trans_rot_dists_prec": [
        [
            0.0894413442200997,
            0.6192978090653956
        ],
        [
            0.24002919636078832,
            0.10355018523672987
        ],
        [
            0.08360587840698303,
            0.7504944508526727
        ],
        [
            0.01566682864482936,
            0.962927382567731
        ],
        [
            0.2501122138435484,
            0.9944344322826741
        ],
        [
            0.009678193300931346,
            0.9834827110438349
        ],
        [
            0.36300441957586316,
            0.012321392603356851
        ],
        [
            0.01077382113479333,
            0.19544632333387457
        ],
        [
            0.01941913018714043,
            0.1931651082101853
        ],
        [
            0.07988956816306873,
            0.7503029573192193
        ],
        [
            0.08054257559401916,
            0.28894149074306363
        ],
        [
            0.08232674698931561,
            0.7783270189228111
        ],
        [
            0.3610807369210656,
            0.9438463407213475
        ],
        [
            0.24285584115430067,
            0.786428857173293
        ],
        [
            0.1350526897359299,
            0.8925349475549358
        ],
        [
            0.012026215857043774,
            0.19552291723021475
        ],
        [
            0.08288170660674264,
            0.7561535043999453
        ],
        [
            0.012964356677993031,
            0.9905032360992281
        ],
        [
            0.021086995005397475,
            0.9914537383485735
        ],
        [
            0.015841211170128225,
            0.9709068402093249
        ],
        [
            0.08421628224700517,
            0.7627038744767183
        ],
        [
            0.08426885927771094,
            0.7625156294146063
        ],
        [
            0.02285619364128481,
            0.9681191593435702
        ],
        [
            0.009291454619008904,
            0.1898919330047587
        ],
        [
            0.36741111104791935,
            0.5658580673711657
        ],
        [
            0.2385181226686746,
            0.7327920244246484
        ],
        [
            0.3672959908780298,
            0.5938314400322551
        ],
        [
            0.01307874940844627,
            0.9707793744971387
        ],
        [
            0.00967166832790611,
            0.1969100725714028
        ],
        [
            0.35996688793156467,
            0.9486121576518981
        ],
        [
            0.24041490291203446,
            0.7980690479436061
        ],
        [
            0.08395646588920484,
            0.5695692992758181
        ]
    ],
    "r_thresh_deg": 5,
    "t_thresh": 0.035,
    "t_thresh_prec": 0.04
}