{
    "match_ratio": 0.0,
    "recall": 0.0,
    "precision": 0.0,
    "n_avail": 6,
    "n_pred": 32,
    "out_scores": [
        0.9970134496688843,
        0.930243968963623,
        0.9891803860664368,
        0.9741214513778687,
        0.9942429661750793,
        0.9942876696586609,
        0.9805458784103394,
        0.9836226105690002,
        0.9833995699882507,
        0.9798983335494995,
        0.9321331977844238,
        0.971004068851471,
        0.9566848874092102,
        0.9846694469451904,
        0.9858940839767456,
        0.976395845413208,
        0.9810584783554077,
        0.9836632013320923,
        0.9856687784194946,
        0.9797222018241882,
        0.9745373725891113,
        0.9963465332984924,
        0.9898862838745117,
        0.9943262934684753,
        0.9830448627471924,
        0.9825992584228516,
        0.9677923321723938,
        0.9966977834701538,
        0.9914361834526062,
        0.9918538331985474,
        0.9949472546577454,
        0.9949303269386292
    ],
    "min_trans_rot_dists": [
        [
            0.1414176904444972,
            0.9999763983477115
        ],
        [
            0.017995200894171934,
            0.4179140392627365
        ],
        [
            0.12789868021477882,
            0.18282224292950655
        ],
        [
            0.022294899367719834,
            0.29142605448085024
        ],
        [
            0.008668073696220432,
            0.18282224292950655
        ],
        [
            0.01839169871961589,
            0.46023010341628723
        ]
    ],
    "min_trans_rot_dists_prec": [
        [
            0.1380478318033919,
            0.46023010341628723
        ],
        [
            0.2559639245378424,
            0.6660208410903492
        ],
        [
            0.1846127351705403,
            0.40011293939452297
        ],
        [
            0.022084129150121104,
            0.6000955790275467
        ],
        [
            0.13668967661201642,
            0.442657547525819
        ],
        [
            0.14044069073651685,
            0.45438303047594464
        ],
        [
            0.13902228977348446,
            0.20149842701808995
        ],
        [
            0.17941936773747277,
            0.18282224292950655
        ],
        [
            0.15358805321372332,
            0.5882300860323938
        ],
        [
            0.15386816610242776,
            0.588642625888796
        ],
        [
            0.13516128046923684,
            0.5058317906526967
        ],
        [
            0.017995200894171934,
            0.9999813054117284
        ],
        [
            0.1371547239906299,
            0.7990423588304779
        ],
        [
            0.02135234632178016,
            0.5706847603803085
        ],
        [
            0.15630880503677214,
            0.5836948127022928
        ],
        [
            0.13874119646980215,
            0.4870489839502369
        ],
        [
            0.15270605315441665,
            0.588063597960713
        ],
        [
            0.1567707306555675,
            0.584162965224118
        ],
        [
            0.17106138094280623,
            0.5761954499589157
        ],
        [
            0.022294899367719834,
            0.29142605448085024
        ],
        [
            0.13882052212009796,
            0.4897260911439867
        ],
        [
            0.18324912251058476,
            0.619417501354306
        ],
        [
            0.1837567496683783,
            0.6539248516136444
        ],
        [
            0.17836105873177058,
            0.7087593031527342
        ],
        [
            0.18008794560952696,
            0.8768437882227762
        ],
        [
            0.1573223457046796,
            0.5893184644121046
        ],
        [
            0.1513139014670094,
            0.6773171908846272
        ],
        [
            0.13631884504782887,
            0.47381421779711475
        ],
        [
            0.18127840874924503,
            0.7249021537707411
        ],
        [
            0.13772003033319793,
            0.49962696441289056
        ],
        [
            0.13813176936387217,
            0.5282091491203528
        ],
        [
            0.18364722516841003,
            0.6998432351998698
        ]
    ],
    "r_thresh_deg": 5,
    "t_thresh": 0.035,
    "t_thresh_prec": 0.04
}