{
    "match_ratio": 0.3333333333333333,
    "recall": 0.3333333333333333,
    "precision": 0.3125,
    "n_avail": 6,
    "n_pred": 32,
    "out_scores": [
        0.9816531538963318,
        0.9797927141189575,
        0.9707118272781372,
        0.9459074139595032,
        0.9834239482879639,
        0.9862117767333984,
        0.9764649271965027,
        0.9805322289466858,
        0.9826036095619202,
        0.8796931505203247,
        0.8798750042915344,
        0.9740290641784668,
        0.9858755469322205,
        0.8998122811317444,
        0.7969424724578857,
        0.9845971465110779,
        0.8886553645133972,
        0.9297847151756287,
        0.9866549968719482,
        0.9766561388969421,
        0.9221851229667664,
        0.9578224420547485,
        0.9679272174835205,
        0.9813687801361084,
        0.884303867816925,
        0.8736412525177002,
        0.975896954536438,
        0.9825045466423035,
        0.9886202812194824,
        0.9793718457221985,
        0.9723063707351685,
        0.9568081498146057
    ],
    "min_trans_rot_dists": [
        [
            0.10931145478013071,
            0.29192628100228324
        ],
        [
            0.11514375616613279,
            0.07008847693416576
        ],
        [
            0.012718774371332092,
            0.025156451196453267
        ],
        [
            0.004542984869426089,
            0.07118277138285534
        ],
        [
            0.06942532183833108,
            0.0018492331234422066
        ],
        [
            0.08062827458947462,
            0.43128355666408136
        ]
    ],
    "min_trans_rot_dists_prec": [
        [
            0.03443856323294144,
            0.9999154645516632
        ],
        [
            0.11140624263152911,
            0.9535589252996092
        ],
        [
            0.2880868633969862,
            0.40302717346381156
        ],
        [
            0.00823530712992727,
            0.07008847693416576
        ],
        [
            0.1152054074357437,
            0.26946828418799107
        ],
        [
            0.021877113417152795,
            0.986940472105967
        ],
        [
            0.18574472015763066,
            0.43128355666408136
        ],
        [
            0.11555531438541244,
            0.9763846955155256
        ],
        [
            0.02278351786387686,
            0.9391861658015594
        ],
        [
            0.2640206897070186,
            0.0018492331234422066
        ],
        [
            0.006403907995362794,
            0.07021141423751909
        ],
        [
            0.11981730752707574,
            0.22773191670214743
        ],
        [
            0.10931145478013071,
            0.29192628100228324
        ],
        [
            0.012239040305422937,
            0.023254601500070304
        ],
        [
            0.017942443185353138,
            0.06765045611728371
        ],
        [
            0.03196929618802792,
            0.9606091657918656
        ],
        [
            0.26621852116409805,
            0.003150984916024391
        ],
        [
            0.01428558670773532,
            0.07462112474093496
        ],
        [
            0.024367910161914762,
            0.9582601059237901
        ],
        [
            0.02417285430461223,
            0.9663111131644568
        ],
        [
            0.01368185504606429,
            0.0680142946240867
        ],
        [
            0.011852451492813361,
            0.021660689181834836
        ],
        [
            0.011909301415636892,
            0.01990805112424676
        ],
        [
            0.11426508816678779,
            0.9995783105341441
        ],
        [
            0.26769179202417065,
            0.0024368529925343774
        ],
        [
            0.004542984869426089,
            0.07118277138285534
        ],
        [
            0.18303169841049036,
            0.4428514457675583
        ],
        [
            0.031805780554279996,
            0.9501565012643105
        ],
        [
            0.11801353252702539,
            0.2672670242481191
        ],
        [
            0.11407806759104258,
            0.24909836908901806
        ],
        [
            0.12246545608267347,
            0.9895893977085634
        ],
        [
            0.012718774371332092,
            0.025156451196453267
        ]
    ],
    "r_thresh_deg": 5,
    "t_thresh": 0.035,
    "t_thresh_prec": 0.04
}