{
    "match_ratio": 0.5,
    "recall": 0.5,
    "precision": 0.09375,
    "n_avail": 2,
    "n_pred": 32,
    "out_scores": [
        0.8180403709411621,
        0.002529291668906808,
        0.969096839427948,
        0.958461582660675,
        0.9603301882743835,
        0.8265957832336426,
        0.7724202275276184,
        0.39390766620635986,
        0.9675469398498535,
        0.8266820907592773,
        0.8729288578033447,
        0.9767917990684509,
        0.9719241261482239,
        0.8267917037010193,
        0.9549334645271301,
        0.8222350478172302,
        0.0934404730796814,
        0.9534951448440552,
        0.9693246483802795,
        0.9290812611579895,
        0.8870516419410706,
        0.982515811920166,
        0.965343713760376,
        0.9570690989494324,
        0.9537136554718018,
        0.15113866329193115,
        0.967591404914856,
        0.793457567691803,
        0.14150889217853546,
        0.8858997821807861,
        0.9858265519142151,
        0.8922189474105835
    ],
    "min_trans_rot_dists": [
        [
            0.04896257583453338,
            0.026353687088877198
        ],
        [
            0.03447365715462988,
            0.0008614453316155846
        ]
    ],
    "min_trans_rot_dists_prec": [
        [
            0.051924626078372,
            0.02703237160135674
        ],
        [
            0.3566553152788089,
            0.9999645364188908
        ],
        [
            0.27521486555317215,
            0.9987443742586382
        ],
        [
            0.22044405686664167,
            0.9996593494438215
        ],
        [
            0.21854204629653443,
            0.9996249619360311
        ],
        [
            0.05255465163985149,
            0.024329025918236713
        ],
        [
            0.04896257583453338,
            0.026353687088877198
        ],
        [
            0.03299091917703271,
            0.9682175848305992
        ],
        [
            0.12706048599141134,
            0.9998972674866965
        ],
        [
            0.31348348766801704,
            0.7803909645155567
        ],
        [
            0.052235150091134525,
            0.02462528178697332
        ],
        [
            0.20171317618514026,
            0.9999999359329724
        ],
        [
            0.2745188478169765,
            0.9990940402356139
        ],
        [
            0.05318539500842453,
            0.027594325182904833
        ],
        [
            0.2264000743871691,
            0.8497163740275834
        ],
        [
            0.31266090120816353,
            0.7914153781350555
        ],
        [
            0.03447365715462988,
            0.0008614453316155846
        ],
        [
            0.02058032510211664,
            0.9999527938961804
        ],
        [
            0.21998973845058714,
            0.9997623889086703
        ],
        [
            0.29131866214143237,
            0.9999719007857512
        ],
        [
            0.21197572060405828,
            0.8217453857356505
        ],
        [
            0.1245127657166569,
            0.9998642892279356
        ],
        [
            0.2755922390546772,
            0.9989732438960067
        ],
        [
            0.21609446210875682,
            0.9997456449816432
        ],
        [
            0.2920636277594513,
            0.9999963844636607
        ],
        [
            0.0396081255464258,
            0.000539365969304928
        ],
        [
            0.2746053098773694,
            0.9989907806969901
        ],
        [
            0.05285909468093903,
            0.0252162052318049
        ],
        [
            0.03643678707284981,
            0.00037079844024701103
        ],
        [
            0.21291633046703695,
            0.8277129917253228
        ],
        [
            0.2796117118749706,
            0.9994153645619058
        ],
        [
            0.2120283800660972,
            0.8241557088271951
        ]
    ],
    "r_thresh_deg": 5,
    "t_thresh": 0.035,
    "t_thresh_prec": 0.04
}