{
    "match_ratio": 0.1,
    "recall": 0.1,
    "precision": 0.21875,
    "n_avail": 10,
    "n_pred": 32,
    "out_scores": [
        0.948936402797699,
        0.9450439810752869,
        0.9776556491851807,
        0.9886612892150879,
        0.986858606338501,
        0.9854409098625183,
        0.9515317678451538,
        0.9885551333427429,
        0.9524925947189331,
        0.9104005098342896,
        0.9618264436721802,
        0.9602634310722351,
        0.9823364615440369,
        0.9852098822593689,
        0.9772198796272278,
        0.9486029744148254,
        0.9884668588638306,
        0.9868440628051758,
        0.9903002977371216,
        0.986781895160675,
        0.9885857701301575,
        0.9878930449485779,
        0.9834655523300171,
        0.9849512577056885,
        0.9730807542800903,
        0.988250732421875,
        0.9803815484046936,
        0.9710601568222046,
        0.960336446762085,
        0.9883171916007996,
        0.9416829943656921,
        0.9445189237594604
    ],
    "min_trans_rot_dists": [
        [
            0.10261512757210232,
            0.469391659716378
        ],
        [
            0.1053735045001455,
            0.042789142976317196
        ],
        [
            0.02651912669762764,
            0.469391659716378
        ],
        [
            0.036190351373605115,
            0.023791373725622345
        ],
        [
            0.025767838117285696,
            0.008996674899146573
        ],
        [
            0.09094750589397656,
            0.023791373725622345
        ],
        [
            0.13392598405465045,
            0.0003980418798780194
        ],
        [
            0.15531863769412266,
            0.27905208482654353
        ],
        [
            0.031149764299501233,
            0.9999973975457084
        ],
        [
            0.031149764299501233,
            0.3793874752601525
        ]
    ],
    "min_trans_rot_dists_prec": [
        [
            0.04274917752146183,
            0.9961139284507841
        ],
        [
            0.031149764299501233,
            0.3793874752601525
        ],
        [
            0.10261512757210232,
            0.469391659716378
        ],
        [
            0.179715109674757,
            0.11951792521755766
        ],
        [
            0.10171089238504269,
            0.40364098655023717
        ],
        [
            0.17961196353035716,
            0.09417750920585122
        ],
        [
            0.04444702960930303,
            0.911843079228196
        ],
        [
            0.17225784249583992,
            0.9109015648729597
        ],
        [
            0.1755829194319587,
            0.8992655493695892
        ],
        [
            0.10235540038579632,
            0.8616642376569927
        ],
        [
            0.10672415253020875,
            0.8698793312675148
        ],
        [
            0.024970808501784413,
            0.0003980418798780194
        ],
        [
            0.09409189901703749,
            0.7027678632010979
        ],
        [
            0.1676336761804901,
            0.9996014925425254
        ],
        [
            0.049199551824682296,
            0.9340087669738772
        ],
        [
            0.03591166965499593,
            0.004404025843244508
        ],
        [
            0.036926944473010606,
            0.042789142976317196
        ],
        [
            0.08466172985117024,
            0.73478538588125
        ],
        [
            0.1701946321258676,
            0.9874524095877967
        ],
        [
            0.03622107499906129,
            0.036596153176826185
        ],
        [
            0.17586497578339108,
            0.9601356093057506
        ],
        [
            0.036190351373605115,
            0.023791373725622345
        ],
        [
            0.10135407272693692,
            0.44553874101707935
        ],
        [
            0.17956263120697855,
            0.8491126082723053
        ],
        [
            0.02462258344772675,
            0.0682154741908706
        ],
        [
            0.027116186071465948,
            0.7747876965214845
        ],
        [
            0.0942675982329338,
            0.27905208482654353
        ],
        [
            0.025767838117285696,
            0.008996674899146573
        ],
        [
            0.10021818511423519,
            0.9449861452260713
        ],
        [
            0.08370223699688151,
            0.41580740374010716
        ],
        [
            0.1038832473428394,
            0.8981196549181306
        ],
        [
            0.15532888974011036,
            0.11057182952838707
        ]
    ],
    "r_thresh_deg": 5,
    "t_thresh": 0.035,
    "t_thresh_prec": 0.04
}