{
    "match_ratio": 0.25,
    "recall": 0.25,
    "precision": 0.0625,
    "n_avail": 4,
    "n_pred": 32,
    "out_scores": [
        0.4140748679637909,
        0.9593295454978943,
        0.9958602786064148,
        0.9992002844810486,
        0.9958460927009583,
        0.9946644306182861,
        0.825538694858551,
        0.9979015588760376,
        0.9949923157691956,
        0.9895532131195068,
        0.9836136102676392,
        0.7911198139190674,
        0.9633290767669678,
        0.9816262722015381,
        0.9991627931594849,
        0.9887903928756714,
        0.9925210475921631,
        0.961148738861084,
        0.9232470393180847,
        0.4433828592300415,
        0.9991018772125244,
        0.8588234782218933,
        0.9906677603721619,
        0.988177478313446,
        0.9983764886856079,
        0.9968609809875488,
        0.9856040477752686,
        0.9899382591247559,
        0.9888606667518616,
        0.9597154855728149,
        0.9935205578804016,
        0.6941375732421875
    ],
    "min_trans_rot_dists": [
        [
            0.16030089365622704,
            0.08833079257641363
        ],
        [
            0.16486142662919687,
            0.14637457711347912
        ],
        [
            0.00796199981737219,
            0.18036296922419426
        ],
        [
            0.014498463310822806,
            0.011038322627682118
        ]
    ],
    "min_trans_rot_dists_prec": [
        [
            0.015999368236996783,
            0.14637457711347912
        ],
        [
            0.014484441991472637,
            0.43694227822805043
        ],
        [
            0.16546187154461164,
            0.9734780334904028
        ],
        [
            0.16727381559336374,
            0.8911225679586149
        ],
        [
            0.16140860013167946,
            0.8722982793282126
        ],
        [
            0.01347092238276057,
            0.5245022299509
        ],
        [
            0.01371478689970041,
            0.12055751865777076
        ],
        [
            0.16758588999133275,
            0.1787076202177179
        ],
        [
            0.16296723894528628,
            0.19247716588739683
        ],
        [
            0.16078813125562316,
            0.1255075649077273
        ],
        [
            0.015458074946782118,
            0.7261623285983141
        ],
        [
            0.01336316724303386,
            0.09609261733237229
        ],
        [
            0.16351320810465955,
            0.3140462974671656
        ],
        [
            0.16735479127580077,
            0.318727173888684
        ],
        [
            0.166117903752713,
            0.5723924612905216
        ],
        [
            0.16030089365622704,
            0.08833079257641363
        ],
        [
            0.013456770388703613,
            0.9853797584128715
        ],
        [
            0.014586215357669395,
            0.92059135638306
        ],
        [
            0.16445910885022677,
            0.19082734497069498
        ],
        [
            0.01573421870526556,
            0.04718115795069666
        ],
        [
            0.16317966749252824,
            0.18036296922419426
        ],
        [
            0.01493105012776109,
            0.16547204457886344
        ],
        [
            0.01408066716055965,
            0.8535923753471816
        ],
        [
            0.01433303877558996,
            0.9970313974757298
        ],
        [
            0.16479317444321995,
            0.22402407344135233
        ],
        [
            0.16673722089658027,
            0.08750184993719401
        ],
        [
            0.014056838454819294,
            0.38780673795540843
        ],
        [
            0.013790773342903233,
            0.9736448995365049
        ],
        [
            0.16280457566747986,
            0.11874875925168704
        ],
        [
            0.01409888239585926,
            0.482756145597373
        ],
        [
            0.010769885720697129,
            0.9954111198587418
        ],
        [
            0.014498463310822806,
            0.011038322627682118
        ]
    ],
    "r_thresh_deg": 5,
    "t_thresh": 0.035,
    "t_thresh_prec": 0.04
}