{
    "match_ratio": 0.2,
    "recall": 0.2,
    "precision": 0.1875,
    "n_avail": 10,
    "n_pred": 32,
    "out_scores": [
        0.9766392111778259,
        0.9690790772438049,
        0.9721788167953491,
        0.9381114840507507,
        0.9280659556388855,
        0.9684181809425354,
        0.9552704095840454,
        0.915702223777771,
        0.968599796295166,
        0.9619860649108887,
        0.9608723521232605,
        0.979264497756958,
        0.851671576499939,
        0.9484602212905884,
        0.9676830172538757,
        0.9745585322380066,
        0.9540700912475586,
        0.9598317742347717,
        0.9560139179229736,
        0.9680317640304565,
        0.9098114371299744,
        0.9700174331665039,
        0.8141197562217712,
        0.9358716607093811,
        0.9582198262214661,
        0.9796020984649658,
        0.8622785806655884,
        0.9495161771774292,
        0.9680375456809998,
        0.9390301704406738,
        0.9381582736968994,
        0.918545663356781
    ],
    "min_trans_rot_dists": [
        [
            0.14593026751199312,
            0.08981008948317137
        ],
        [
            0.1638679018583482,
            0.060270320631319985
        ],
        [
            0.06381470294446791,
            0.01330221231801143
        ],
        [
            0.07945588670081388,
            0.060270320631319985
        ],
        [
            0.03876456343749372,
            0.19541226753113006
        ],
        [
            0.029677603408389566,
            0.06247591994790547
        ],
        [
            0.1785040353990864,
            0.19541226753113006
        ],
        [
            0.21739365105481934,
            0.015328379656543212
        ],
        [
            0.03263925682328381,
            0.5951654607238632
        ],
        [
            0.03383851184560383,
            0.02222327162213078
        ]
    ],
    "min_trans_rot_dists_prec": [
        [
            0.033442812201499944,
            0.14437420633913622
        ],
        [
            0.03375755169554144,
            0.017966022931564685
        ],
        [
            0.03369379563048382,
            0.18636280126705917
        ],
        [
            0.153779028527238,
            0.19541226753113006
        ],
        [
            0.0756549003411764,
            0.9896740933905755
        ],
        [
            0.03743914379269947,
            0.015328379656543212
        ],
        [
            0.15134654612614784,
            0.9400268406753781
        ],
        [
            0.02884298999491323,
            0.060270320631319985
        ],
        [
            0.18289678161904135,
            0.3785701857551377
        ],
        [
            0.14593026751199312,
            0.08981008948317137
        ],
        [
            0.1833612470215765,
            0.555721749798132
        ],
        [
            0.03090866276757212,
            0.7422570028587686
        ],
        [
            0.18239317488947046,
            0.8730008035176794
        ],
        [
            0.07510456032937761,
            0.23724348944503892
        ],
        [
            0.03618552903315301,
            0.005413791243644939
        ],
        [
            0.037397211435069806,
            0.9993265083222855
        ],
        [
            0.18731134297076027,
            0.5951654607238632
        ],
        [
            0.18220188117150468,
            0.6160153142993421
        ],
        [
            0.14778555544573224,
            0.01330221231801143
        ],
        [
            0.18554436568261637,
            0.6635238930479758
        ],
        [
            0.15169042662056875,
            0.09970977828735939
        ],
        [
            0.03383851184560383,
            0.02222327162213078
        ],
        [
            0.029677603408389566,
            0.06247591994790547
        ],
        [
            0.18496275815226174,
            0.3337836252799937
        ],
        [
            0.14954524228705557,
            0.46910374659711096
        ],
        [
            0.03509393622038159,
            0.48621698223572396
        ],
        [
            0.17636881378637478,
            0.01696941410421149
        ],
        [
            0.08135447457670274,
            0.35183532393114236
        ],
        [
            0.037142584991165746,
            0.9331201751856629
        ],
        [
            0.17973233281109988,
            0.34908825250917286
        ],
        [
            0.07778441620455552,
            0.9298357337514558
        ],
        [
            0.18108262101227587,
            0.21959340153387075
        ]
    ],
    "r_thresh_deg": 5,
    "t_thresh": 0.035,
    "t_thresh_prec": 0.04
}