{
    "match_ratio": 0.6,
    "recall": 0.6,
    "precision": 0.625,
    "n_avail": 10,
    "n_pred": 32,
    "out_scores": [
        0.9970912933349609,
        0.9379799365997314,
        0.9885862469673157,
        0.9837769269943237,
        0.9921820163726807,
        0.9760735034942627,
        0.9795747399330139,
        0.9117525815963745,
        0.7992561459541321,
        0.9531133770942688,
        0.9890240430831909,
        0.9882680773735046,
        0.9806236624717712,
        0.9932804703712463,
        0.8659915328025818,
        0.928662896156311,
        0.8557718992233276,
        0.9784563779830933,
        0.9855153560638428,
        0.9936484694480896,
        0.9006614685058594,
        0.9853448271751404,
        0.9945777654647827,
        0.9552894830703735,
        0.9890347719192505,
        0.9918509125709534,
        0.9873135685920715,
        0.9924759268760681,
        0.993626594543457,
        0.9895612597465515,
        0.9878928065299988,
        0.986974835395813
    ],
    "min_trans_rot_dists": [
        [
            0.1299191408661135,
            0.012975421582562374
        ],
        [
            0.12189263025573709,
            0.8363140340506496
        ],
        [
            0.012539811729369488,
            0.018797035452881583
        ],
        [
            0.01088686993006919,
            0.00010642867115340238
        ],
        [
            0.16354580938770127,
            0.053648581261501294
        ],
        [
            0.15551127945839613,
            0.7302080824513011
        ],
        [
            0.016724151070050472,
            0.02903378104156895
        ],
        [
            0.007628338515967807,
            0.02554644213843571
        ],
        [
            0.0247662538929566,
            0.0056713677986171
        ],
        [
            0.010289871665163843,
            0.02713477886088389
        ]
    ],
    "min_trans_rot_dists_prec": [
        [
            0.016915552194865124,
            0.056931439709803744
        ],
        [
            0.15004808090638858,
            0.34233645412170277
        ],
        [
            0.008394610874104149,
            0.9788657999541911
        ],
        [
            0.012863773706628273,
            0.018844952597276254
        ],
        [
            0.015057148388375508,
            0.016456797067264994
        ],
        [
            0.014376358905717576,
            0.012975421582562374
        ],
        [
            0.013036124051666778,
            0.017323701894403798
        ],
        [
            0.14627045275462075,
            0.9636513910885318
        ],
        [
            0.013045783579004117,
            0.8363140340506496
        ],
        [
            0.00923756183880683,
            0.008729708322213425
        ],
        [
            0.018205424663960308,
            0.006758096635803734
        ],
        [
            0.24960078580971487,
            0.9629925316730935
        ],
        [
            0.15551127945839613,
            0.7302080824513011
        ],
        [
            0.007628338515967807,
            0.02554644213843571
        ],
        [
            0.1513626349397639,
            0.30332103526166876
        ],
        [
            0.1439906608661337,
            0.9603199475389725
        ],
        [
            0.01897639898915229,
            0.003769699786817182
        ],
        [
            0.00967569163068892,
            0.053648581261501294
        ],
        [
            0.012539811729369488,
            0.018797035452881583
        ],
        [
            0.010704523747188792,
            0.010061416767324083
        ],
        [
            0.0247662538929566,
            0.0056713677986171
        ],
        [
            0.014079125001049204,
            0.04824496036759662
        ],
        [
            0.016724151070050472,
            0.02903378104156895
        ],
        [
            0.1469668183518331,
            0.31484299785254566
        ],
        [
            0.007980261983452754,
            0.9735240270709338
        ],
        [
            0.010856287900968467,
            0.0011031439545963195
        ],
        [
            0.24036529700125098,
            0.9676501659288841
        ],
        [
            0.007896984261902081,
            0.0001789680921091552
        ],
        [
            0.00836764450295066,
            0.00238442194598365
        ],
        [
            0.01088686993006919,
            0.00010642867115340238
        ],
        [
            0.010289871665163843,
            0.02713477886088389
        ],
        [
            0.009213639498624027,
            0.9688280635990657
        ]
    ],
    "r_thresh_deg": 5,
    "t_thresh": 0.035,
    "t_thresh_prec": 0.04
}