{
    "match_ratio": 0.16666666666666666,
    "recall": 0.16666666666666666,
    "precision": 0.21875,
    "n_avail": 6,
    "n_pred": 32,
    "out_scores": [
        0.9428834915161133,
        0.9832136631011963,
        0.9714335203170776,
        0.9848756194114685,
        0.9888237118721008,
        0.9708209037780762,
        0.9445410370826721,
        0.995294988155365,
        0.9897115230560303,
        0.9882678389549255,
        0.9714710712432861,
        0.9909787178039551,
        0.9426067471504211,
        0.9840731024742126,
        0.9721316695213318,
        0.9953169822692871,
        0.9807964563369751,
        0.987781286239624,
        0.9662265777587891,
        0.9666929841041565,
        0.9543706774711609,
        0.9837433695793152,
        0.9742814302444458,
        0.93883216381073,
        0.9819504022598267,
        0.6639100313186646,
        0.9856167435646057,
        0.9889205098152161,
        0.9800378084182739,
        0.9874715209007263,
        0.9908350706100464,
        0.9740616083145142
    ],
    "min_trans_rot_dists": [
        [
            0.14314469932625412,
            0.0044877831333618445
        ],
        [
            0.1227125794842625,
            0.010687434205505664
        ],
        [
            0.056251557186480255,
            0.0044877831333618445
        ],
        [
            0.016034684864981955,
            0.010979960562545799
        ],
        [
            0.05480250517176212,
            0.005854249650622867
        ],
        [
            0.05480250517176212,
            0.999865670612461
        ]
    ],
    "min_trans_rot_dists_prec": [
        [
            0.1455752212369563,
            0.005854249650622867
        ],
        [
            0.18789965596041303,
            0.9981635686384607
        ],
        [
            0.25710755141490227,
            0.7132559912170121
        ],
        [
            0.2567686888734944,
            0.7845817572596725
        ],
        [
            0.26068221351187637,
            0.12774708564197323
        ],
        [
            0.02161663902347671,
            0.012316929610234228
        ],
        [
            0.09992662050843815,
            0.7779891061578331
        ],
        [
            0.1880106602292886,
            0.06441395151912566
        ],
        [
            0.02004355641699323,
            0.011613886628333625
        ],
        [
            0.017117572521794345,
            0.016880073235433946
        ],
        [
            0.13830927866787404,
            0.006899932000647091
        ],
        [
            0.26391648464265577,
            0.11621895997188758
        ],
        [
            0.10319064783169081,
            0.7657219692263453
        ],
        [
            0.2608759119590205,
            0.7012490008918215
        ],
        [
            0.019756846666803784,
            0.010687434205505664
        ],
        [
            0.18841558867883176,
            0.05098910925090705
        ],
        [
            0.2565412190353175,
            0.7851296841941203
        ],
        [
            0.013602094692359427,
            0.016521172283370467
        ],
        [
            0.09817923447177503,
            0.7872630858514272
        ],
        [
            0.17828089321077376,
            0.999188844849686
        ],
        [
            0.14314469932625412,
            0.0044877831333618445
        ],
        [
            0.1641621579253211,
            0.9984057892688125
        ],
        [
            0.018999691662682207,
            0.01899017638616496
        ],
        [
            0.1827493470037047,
            0.9995308489861043
        ],
        [
            0.2607599777507148,
            0.7167499299627629
        ],
        [
            0.005109714576384417,
            0.4548274135820093
        ],
        [
            0.2445350381465953,
            0.9966972117971886
        ],
        [
            0.26406385522394243,
            0.11520691039504904
        ],
        [
            0.016034684864981955,
            0.010979960562545799
        ],
        [
            0.2617324880744311,
            0.09560091696971917
        ],
        [
            0.2689727926747434,
            0.10385681543606584
        ],
        [
            0.27190889922421524,
            0.9998435534646845
        ]
    ],
    "r_thresh_deg": 5,
    "t_thresh": 0.035,
    "t_thresh_prec": 0.04
}