{
    "match_ratio": 0.3333333333333333,
    "recall": 0.3333333333333333,
    "precision": 0.28125,
    "n_avail": 6,
    "n_pred": 32,
    "out_scores": [
        0.9946513772010803,
        0.9971422553062439,
        0.998921275138855,
        0.9955074787139893,
        0.9988705515861511,
        0.9979719519615173,
        0.9986741542816162,
        0.9985802173614502,
        0.9901935458183289,
        0.9979405999183655,
        0.9919081330299377,
        0.9956868290901184,
        0.9986806511878967,
        0.9977102279663086,
        0.9980190992355347,
        0.9975433349609375,
        0.9959561228752136,
        0.9988489151000977,
        0.9954307079315186,
        0.9986650943756104,
        0.998918890953064,
        0.9673700332641602,
        0.9972469806671143,
        0.9987990856170654,
        0.9974364638328552,
        0.9990779161453247,
        0.9974997639656067,
        0.999113142490387,
        0.9937751293182373,
        0.9973655343055725,
        0.9990366697311401,
        0.9970089793205261
    ],
    "min_trans_rot_dists": [
        [
            0.15042973075699195,
            0.00660347244815962
        ],
        [
            0.26757150296678084,
            0.0004917076537445109
        ],
        [
            0.01008667001139038,
            0.00660347244815962
        ],
        [
            0.11463326879746502,
            0.0004917076537445109
        ],
        [
            0.006361546426086897,
            0.2431870740937898
        ],
        [
            0.01231542794468015,
            0.03830956595620383
        ]
    ],
    "min_trans_rot_dists_prec": [
        [
            0.12114211224132002,
            0.7446384793589572
        ],
        [
            0.2701429730526654,
            0.6708462584765368
        ],
        [
            0.01330706049294451,
            0.001228655367319198
        ],
        [
            0.11722642984701676,
            0.39199510500322043
        ],
        [
            0.008716679992823963,
            0.03636864769556092
        ],
        [
            0.11935165921269664,
            0.49966403531970416
        ],
        [
            0.27039348060106705,
            0.9625654362420949
        ],
        [
            0.011232379683473763,
            0.0004917076537445109
        ],
        [
            0.11528272260123856,
            0.5000535232330219
        ],
        [
            0.15060968891561802,
            0.4026186319251194
        ],
        [
            0.15552570116388256,
            0.7216239545480854
        ],
        [
            0.01375642800686919,
            0.931113583292414
        ],
        [
            0.013783258751897697,
            0.0050274174659979964
        ],
        [
            0.2717318095084508,
            0.5040480352729384
        ],
        [
            0.014190619903569908,
            0.01686902497913123
        ],
        [
            0.11939467790574003,
            0.5208018396424657
        ],
        [
            0.11825222362782889,
            0.7142362945858967
        ],
        [
            0.012868412985822369,
            0.008179416568484976
        ],
        [
            0.26988354084837063,
            0.6606890823841469
        ],
        [
            0.2707189868701652,
            0.2431870740937898
        ],
        [
            0.013790673171836168,
            5.745374351495691e-06
        ],
        [
            0.013767669127461288,
            0.9999992867692973
        ],
        [
            0.2706418635655894,
            0.9998634562253496
        ],
        [
            0.015554629636348771,
            0.22181263301844933
        ],
        [
            0.2690664054077227,
            0.6111576850369513
        ],
        [
            0.01008667001139038,
            0.00660347244815962
        ],
        [
            0.01231542794468015,
            0.03830956595620383
        ],
        [
            0.269152305013344,
            0.3095618787056489
        ],
        [
            0.1167014364435469,
            0.6020949687951168
        ],
        [
            0.11816606126499939,
            0.707300013887304
        ],
        [
            0.26914280151891495,
            0.36952316886788394
        ],
        [
            0.2717722795934396,
            0.45138119685464684
        ]
    ],
    "r_thresh_deg": 5,
    "t_thresh": 0.035,
    "t_thresh_prec": 0.04
}