{
    "match_ratio": 0.2,
    "recall": 0.2,
    "precision": 0.0625,
    "n_avail": 10,
    "n_pred": 32,
    "out_scores": [
        0.9902989864349365,
        0.9892749190330505,
        0.9918493032455444,
        0.48181354999542236,
        0.9863828420639038,
        0.2763611972332001,
        0.9967108964920044,
        0.9907891154289246,
        0.9345217347145081,
        0.9425246715545654,
        0.9928896427154541,
        0.991797924041748,
        0.9967683553695679,
        0.4742526710033417,
        0.9812859296798706,
        0.9809255003929138,
        0.9867060780525208,
        0.9957558512687683,
        0.9747704267501831,
        0.9940279722213745,
        0.9973064661026001,
        0.9767611026763916,
        0.9870140552520752,
        0.9799123406410217,
        0.7712821960449219,
        0.8868024945259094,
        0.9285968542098999,
        0.9804747700691223,
        0.9931685924530029,
        0.9727847576141357,
        0.9868794083595276,
        0.9807924628257751
    ],
    "min_trans_rot_dists": [
        [
            0.48612393979121105,
            0.008811128411201463
        ],
        [
            0.12622160815876662,
            0.65138068347278
        ],
        [
            0.008897956141170837,
            0.06716817488691451
        ],
        [
            0.01304161540938826,
            0.016445072088638546
        ],
        [
            0.2463423510937468,
            0.008811128411201463
        ],
        [
            0.13504596158239668,
            0.016445072088638546
        ],
        [
            0.40473274843480866,
            0.0005234354983395528
        ],
        [
            0.014838483672519416,
            0.3571368396942065
        ],
        [
            0.3304026271178311,
            0.008811128411201463
        ],
        [
            0.18401614957823967,
            0.3556045527106092
        ]
    ],
    "min_trans_rot_dists_prec": [
        [
            0.48612393979121105,
            0.008811128411201463
        ],
        [
            0.3771784102514044,
            0.7215014129354669
        ],
        [
            0.013146533988442042,
            0.65138068347278
        ],
        [
            0.3376530245084846,
            0.36190262858381883
        ],
        [
            0.37984287402443284,
            0.5017308889501473
        ],
        [
            0.3353465033269246,
            0.5990005414062289
        ],
        [
            0.012083699290593738,
            0.944936043627095
        ],
        [
            0.12318711764876597,
            0.3410079605740979
        ],
        [
            0.12312130942655375,
            0.29201443272135863
        ],
        [
            0.4737506025990659,
            0.4530706212089405
        ],
        [
            0.3703510810389963,
            0.5983906847289552
        ],
        [
            0.3776647473215848,
            0.43592477119707584
        ],
        [
            0.013760381524846007,
            0.3556045527106092
        ],
        [
            0.5200832922456704,
            0.9772532293650908
        ],
        [
            0.1213592171981486,
            0.0925435300343298
        ],
        [
            0.4863844468154701,
            0.0005234354983395528
        ],
        [
            0.27205550138051376,
            0.3571368396942065
        ],
        [
            0.013837962074090764,
            0.9256001693654975
        ],
        [
            0.37931833863203346,
            0.05087164855833759
        ],
        [
            0.011994050533826217,
            0.8562569099302095
        ],
        [
            0.01304161540938826,
            0.016445072088638546
        ],
        [
            0.48752964851030084,
            0.7752940049944115
        ],
        [
            0.4893182347135529,
            0.010810558873449061
        ],
        [
            0.37056466835282154,
            0.6578970464756334
        ],
        [
            0.12362290658591561,
            0.6862021731304846
        ],
        [
            0.4883156413057276,
            0.9998857003181059
        ],
        [
            0.4746345200124778,
            0.45995597014046885
        ],
        [
            0.008897956141170837,
            0.06716817488691451
        ],
        [
            0.37376044292938804,
            0.006522295392373478
        ],
        [
            0.3790093479149718,
            0.3631386620454974
        ],
        [
            0.12351919765492211,
            0.32485658058023903
        ],
        [
            0.4895492814517484,
            0.3774821350224571
        ]
    ],
    "r_thresh_deg": 5,
    "t_thresh": 0.035,
    "t_thresh_prec": 0.04
}