{
    "match_ratio": 0.08333333333333333,
    "recall": 0.08333333333333333,
    "precision": 0.03125,
    "n_avail": 12,
    "n_pred": 32,
    "out_scores": [
        0.49154990911483765,
        0.7363771200180054,
        0.8998286128044128,
        0.9714933633804321,
        0.8747692108154297,
        0.7502562403678894,
        0.9304446578025818,
        0.04607340320944786,
        0.9109141826629639,
        0.9337462186813354,
        0.9635587930679321,
        0.014743110164999962,
        0.6730247139930725,
        0.9257326722145081,
        0.9636626243591309,
        0.4950850307941437,
        0.4259238541126251,
        0.853100061416626,
        0.9342740774154663,
        0.9117480516433716,
        0.44754481315612793,
        0.5207383632659912,
        0.6763613820075989,
        0.9411814212799072,
        0.49874088168144226,
        0.9201962947845459,
        0.5841869711875916,
        0.9661422967910767,
        0.9545741081237793,
        0.06124056503176689,
        0.9477357268333435,
        0.9739046692848206
    ],
    "min_trans_rot_dists": [
        [
            0.27940233751611704,
            0.0008524992966660871
        ],
        [
            0.08682174828332968,
            0.9995367118294995
        ],
        [
            0.3181546112997867,
            0.0008524992966660871
        ],
        [
            0.06943901970852649,
            0.9995367118294995
        ],
        [
            0.1817741179746258,
            0.0008524992966660871
        ],
        [
            0.022091496515310824,
            0.04776343492978974
        ],
        [
            0.09037030903930247,
            0.000823777546485327
        ],
        [
            0.07080540348767483,
            0.23445112451816552
        ],
        [
            0.047419107153852565,
            0.0008524992966660871
        ],
        [
            0.025338207099795396,
            0.25734663438131455
        ],
        [
            0.0715268777617314,
            0.0008524992966660871
        ],
        [
            0.04476870080821802,
            0.8472061295339645
        ]
    ],
    "min_trans_rot_dists_prec": [
        [
            0.27950686617975173,
            0.0008790392164311767
        ],
        [
            0.27940233751611704,
            0.0008524992966660871
        ],
        [
            0.05466465073568214,
            0.8556825589155512
        ],
        [
            0.08682174828332968,
            0.005889237465309449
        ],
        [
            0.2888886501833893,
            0.8414204576298827
        ],
        [
            0.2868516578224111,
            0.8530430484589716
        ],
        [
            0.3179576211161405,
            0.8536784050656042
        ],
        [
            0.168562527990725,
            0.25734663438131455
        ],
        [
            0.28637422901248577,
            0.8400422188664559
        ],
        [
            0.28900814892826143,
            0.865413123248328
        ],
        [
            0.14573534879018604,
            0.8710363880065877
        ],
        [
            0.17859903897709564,
            0.23445112451816552
        ],
        [
            0.28036170324101267,
            0.0010135806688521543
        ],
        [
            0.2868208612228116,
            0.8579468868955511
        ],
        [
            0.14208390660216877,
            0.8906561449701462
        ],
        [
            0.2801737623277236,
            0.0020226491172655736
        ],
        [
            0.28266146583040147,
            0.001604769148542795
        ],
        [
            0.28711259666483796,
            0.8564989118190991
        ],
        [
            0.2869507227753597,
            0.8437736135746278
        ],
        [
            0.14611666734866502,
            0.8666391010984672
        ],
        [
            0.27998360946340695,
            0.002015839267404451
        ],
        [
            0.022091496515310824,
            0.04776343492978974
        ],
        [
            0.2786519586356899,
            0.001350480229458051
        ],
        [
            0.2855417584251543,
            0.8563575632811073
        ],
        [
            0.27943499232076935,
            0.000823777546485327
        ],
        [
            0.28727230245029084,
            0.860862415713848
        ],
        [
            0.27795608562816,
            0.0022040015890691933
        ],
        [
            0.14119658469762833,
            0.8472061295339645
        ],
        [
            0.1434215845043184,
            0.8671868725232075
        ],
        [
            0.16868591829947663,
            0.194078966856017
        ],
        [
            0.14225574002858246,
            0.8806315208130204
        ],
        [
            0.08606963415850519,
            0.012421925044492022
        ]
    ],
    "r_thresh_deg": 5,
    "t_thresh": 0.035,
    "t_thresh_prec": 0.04
}