{
    "match_ratio": 0.0,
    "recall": 0.0,
    "precision": 0.0,
    "n_avail": 2,
    "n_pred": 32,
    "out_scores": [
        0.7861288785934448,
        0.32910335063934326,
        0.025680135935544968,
        0.11592936515808105,
        0.03497379645705223,
        0.020585743710398674,
        0.3839406967163086,
        0.403234601020813,
        0.03727041929960251,
        0.02972535416483879,
        0.2561722695827484,
        0.431470662355423,
        0.6348838210105896,
        0.8765605092048645,
        0.3769592344760895,
        0.01790880411863327,
        0.5215517282485962,
        0.7698572874069214,
        0.011513997800648212,
        0.46755895018577576,
        0.2885132133960724,
        0.9093435406684875,
        0.494962215423584,
        0.4849424362182617,
        0.8472453951835632,
        0.6506893634796143,
        0.017986373975872993,
        0.012060378678143024,
        0.40632885694503784,
        0.8829024434089661,
        0.9302768707275391,
        0.1599767804145813
    ],
    "min_trans_rot_dists": [
        [
            0.19834815207173997,
            0.2514155507565533
        ],
        [
            0.021623830546664818,
            0.18150854273316563
        ]
    ],
    "min_trans_rot_dists_prec": [
        [
            0.19834815207173997,
            0.2514155507565533
        ],
        [
            0.02751608290591444,
            0.37688305173889436
        ],
        [
            0.22047862335354643,
            0.9714971135117947
        ],
        [
            0.18821400471564814,
            0.999141820749673
        ],
        [
            0.2198668312570044,
            0.9813768072389656
        ],
        [
            0.22074642118292226,
            0.9768548025853717
        ],
        [
            0.20343065704456914,
            0.21633607876427174
        ],
        [
            0.24167620886379204,
            0.9986176172699406
        ],
        [
            0.22019905387091201,
            0.979058759870061
        ],
        [
            0.22024489865004063,
            0.9707161270488407
        ],
        [
            0.19594753677015,
            0.9992533320068704
        ],
        [
            0.20472847396238367,
            0.21077480976114327
        ],
        [
            0.02747157200938287,
            0.9994935758411033
        ],
        [
            0.20504697091744933,
            0.9991725080219134
        ],
        [
            0.19438614996306047,
            0.9994743551433364
        ],
        [
            0.22306985964455495,
            0.9824184716056885
        ],
        [
            0.021623830546664818,
            0.9999636918426639
        ],
        [
            0.02794676933169862,
            0.9338698940140399
        ],
        [
            0.17278604323086041,
            0.9996281326241937
        ],
        [
            0.23815941881084013,
            0.9983561273798989
        ],
        [
            0.027533955137219648,
            0.6294487483308079
        ],
        [
            0.03224045508160497,
            0.9466765843826482
        ],
        [
            0.23964781924652093,
            0.998641624813814
        ],
        [
            0.242597633109184,
            0.9990480509573036
        ],
        [
            0.028161665393241178,
            0.9411565320424063
        ],
        [
            0.025688563674772076,
            0.9996737608246704
        ],
        [
            0.22024305132074684,
            0.9764729079758983
        ],
        [
            0.22137639879946971,
            0.9803774822526783
        ],
        [
            0.193784494341719,
            0.999387381376384
        ],
        [
            0.1987259246541547,
            0.9992073268629589
        ],
        [
            0.03098780836283616,
            0.9426838088452147
        ],
        [
            0.19115867495174785,
            0.9991791151278085
        ]
    ],
    "r_thresh_deg": 5,
    "t_thresh": 0.035,
    "t_thresh_prec": 0.04
}