{
    "match_ratio": 0.0,
    "recall": 0.0,
    "precision": 0.0,
    "n_avail": 4,
    "n_pred": 32,
    "out_scores": [
        0.7638024091720581,
        0.9230664372444153,
        0.8843939304351807,
        0.8404297232627869,
        0.7606111764907837,
        0.4370866119861603,
        0.8862468004226685,
        0.9074198007583618,
        0.2510227560997009,
        0.9787796139717102,
        0.24881261587142944,
        0.7660537958145142,
        0.8014252781867981,
        0.9646222591400146,
        0.8705097436904907,
        0.8970192074775696,
        0.753241240978241,
        0.7906301021575928,
        0.773045539855957,
        0.7866172790527344,
        0.9303691983222961,
        0.20893844962120056,
        0.7376648187637329,
        0.8255296349525452,
        0.1783592253923416,
        0.9284564852714539,
        0.48521357774734497,
        0.8841552734375,
        0.9629637002944946,
        0.9085971713066101,
        0.33129218220710754,
        0.5698009133338928
    ],
    "min_trans_rot_dists": [
        [
            0.17315742938080353,
            0.021382244208167367
        ],
        [
            0.03417833173629581,
            0.11112827842157491
        ],
        [
            0.039308701026377395,
            0.7040931312904549
        ],
        [
            0.03158731679704609,
            0.7525480472700261
        ]
    ],
    "min_trans_rot_dists_prec": [
        [
            0.22912419282078525,
            0.7040931312904549
        ],
        [
            0.18196104912122574,
            0.021718668180141898
        ],
        [
            0.1803240451919698,
            0.022843163040252246
        ],
        [
            0.17315742938080353,
            0.021382244208167367
        ],
        [
            0.0688990025300059,
            0.9052048970975363
        ],
        [
            0.18460167084495746,
            0.9992186260467537
        ],
        [
            0.18296156785600992,
            0.028665160262572598
        ],
        [
            0.18427360756507508,
            0.02751594850304928
        ],
        [
            0.18987670077231428,
            0.9990323074654914
        ],
        [
            0.1640803342850352,
            0.2337016762960038
        ],
        [
            0.18693484047580652,
            0.9995218450853824
        ],
        [
            0.06687931036561183,
            0.8903890702686501
        ],
        [
            0.19717991144075026,
            0.8617582232891009
        ],
        [
            0.03417833173629581,
            0.9999878114658476
        ],
        [
            0.025324873906711166,
            0.11572474520626408
        ],
        [
            0.029184203960459728,
            0.10649920076483821
        ],
        [
            0.07029527885621183,
            0.8859855707308443
        ],
        [
            0.19439493425816806,
            0.8570836995148448
        ],
        [
            0.19301165674147291,
            0.8630496141199684
        ],
        [
            0.06411201372293092,
            0.8797495286621351
        ],
        [
            0.26438520878397137,
            0.3218459513687607
        ],
        [
            0.26641263673564497,
            0.8504069115310438
        ],
        [
            0.07079473902528317,
            0.8800683980862106
        ],
        [
            0.03158731679704609,
            0.7525480472700261
        ],
        [
            0.18760198093292663,
            0.9994435012264343
        ],
        [
            0.03283894761629548,
            0.8047987288998567
        ],
        [
            0.03244642467025789,
            0.9993571066640466
        ],
        [
            0.029376349607454444,
            0.11456383852590701
        ],
        [
            0.036388955209705275,
            0.9999922806060243
        ],
        [
            0.18489159403875702,
            0.030285579337041346
        ],
        [
            0.18681524941380614,
            0.9996077478208921
        ],
        [
            0.03318622721135218,
            0.9993121627464476
        ]
    ],
    "r_thresh_deg": 5,
    "t_thresh": 0.035,
    "t_thresh_prec": 0.04
}