{
    "match_ratio": 0.2,
    "recall": 0.2,
    "precision": 0.28125,
    "n_avail": 10,
    "n_pred": 32,
    "out_scores": [
        0.9873746037483215,
        0.9814328551292419,
        0.9820579290390015,
        0.9879882335662842,
        0.9886339902877808,
        0.5913678407669067,
        0.9897834658622742,
        0.988996148109436,
        0.8406581282615662,
        0.9881314039230347,
        0.9885480403900146,
        0.9918283224105835,
        0.9890480637550354,
        0.9878211617469788,
        0.9881032109260559,
        0.9663966298103333,
        0.9899837970733643,
        0.9925312399864197,
        0.9853954911231995,
        0.9906831979751587,
        0.9904745221138,
        0.9887436628341675,
        0.98912513256073,
        0.9877994060516357,
        0.9896382093429565,
        0.9893695116043091,
        0.9736045598983765,
        0.7901843190193176,
        0.9879283308982849,
        0.9882063269615173,
        0.9898431897163391,
        0.9888789653778076
    ],
    "min_trans_rot_dists": [
        [
            0.09369634966993667,
            0.07471525622549313
        ],
        [
            0.107649433953767,
            0.17302075271722794
        ],
        [
            0.005978087243022234,
            0.0825738376000793
        ],
        [
            0.021018367934363607,
            0.17302075271722794
        ],
        [
            0.12273781946305294,
            0.1682378714536913
        ],
        [
            0.11525235219570934,
            0.17302075271722794
        ],
        [
            0.017129470020576357,
            0.05584793722562942
        ],
        [
            0.025430019684333786,
            0.1054272698416111
        ],
        [
            0.15426315383104852,
            0.08470257930851177
        ],
        [
            0.15621863489398677,
            0.2988285574792656
        ]
    ],
    "min_trans_rot_dists_prec": [
        [
            0.2245309272905985,
            0.3018759685797281
        ],
        [
            0.2819534264149309,
            0.9934480544738897
        ],
        [
            0.28647776922709595,
            0.30958044517512706
        ],
        [
            0.22783019171171406,
            0.2988285574792656
        ],
        [
            0.09452904652597965,
            0.9871029096590686
        ],
        [
            0.10054660609324809,
            0.1682378714536913
        ],
        [
            0.21536565082951498,
            0.19097718700183286
        ],
        [
            0.22504526482189272,
            0.1568186406513592
        ],
        [
            0.004320947869928182,
            0.07471525622549313
        ],
        [
            0.22428602584568288,
            0.2694197229293396
        ],
        [
            0.22380250925003148,
            0.2808656212845
        ],
        [
            0.020463344444855664,
            0.8006795765295398
        ],
        [
            0.017428171381695907,
            0.046648458423088734
        ],
        [
            0.22537466999029437,
            0.2919262521826782
        ],
        [
            0.22694551426627704,
            0.1054272698416111
        ],
        [
            0.09740782945336332,
            0.6901011919448796
        ],
        [
            0.276162598471088,
            0.8808939180392864
        ],
        [
            0.0205774712994717,
            0.6170614079655444
        ],
        [
            0.2204002435163956,
            0.6406713577982125
        ],
        [
            0.015714166027964365,
            0.027309810797209844
        ],
        [
            0.012653262224248311,
            0.0010052550232521051
        ],
        [
            0.0173578046709294,
            0.08470257930851177
        ],
        [
            0.015563569414676365,
            0.06847311321473282
        ],
        [
            0.21492773503296855,
            0.3646590235243188
        ],
        [
            0.019155504322502976,
            0.04379563454444013
        ],
        [
            0.2898045461136478,
            0.3344680720806401
        ],
        [
            0.021018367934363607,
            0.17302075271722794
        ],
        [
            0.005978087243022234,
            0.0825738376000793
        ],
        [
            0.2183273760881659,
            0.32923287512592636
        ],
        [
            0.20728808855216263,
            0.6483785038222083
        ],
        [
            0.017129470020576357,
            0.05584793722562942
        ],
        [
            0.22659375843125945,
            0.18540956212370452
        ]
    ],
    "r_thresh_deg": 5,
    "t_thresh": 0.035,
    "t_thresh_prec": 0.04
}