{
    "match_ratio": 0.25,
    "recall": 0.25,
    "precision": 0.21875,
    "n_avail": 8,
    "n_pred": 32,
    "out_scores": [
        0.9975568056106567,
        0.9962261915206909,
        0.9965691566467285,
        0.9989481568336487,
        0.9979292154312134,
        0.9763860702514648,
        0.9673854112625122,
        0.9990066885948181,
        0.9754941463470459,
        0.98623126745224,
        0.9793475270271301,
        0.9972577691078186,
        0.9832589626312256,
        0.9930790066719055,
        0.9963366985321045,
        0.9588627815246582,
        0.9981695413589478,
        0.95588219165802,
        0.9107130765914917,
        0.998187243938446,
        0.9983416795730591,
        0.9488815069198608,
        0.998910665512085,
        0.9842509031295776,
        0.9983803033828735,
        0.9982342720031738,
        0.9137340784072876,
        0.9985837936401367,
        0.9677211046218872,
        0.997450053691864,
        0.9694803357124329,
        0.9889793395996094
    ],
    "min_trans_rot_dists": [
        [
            0.013895699175252258,
            0.01150807211575644
        ],
        [
            0.14255485611362723,
            0.08912576235672631
        ],
        [
            0.012227641034219252,
            0.07418141793998156
        ],
        [
            0.00761024273499413,
            0.6483662301475802
        ],
        [
            0.11888838753011392,
            0.0030133426182340495
        ],
        [
            0.041939289639263806,
            0.08912576235672631
        ],
        [
            0.18078869845032905,
            0.013450587659086244
        ],
        [
            0.010120071846682316,
            0.7115213067867789
        ]
    ],
    "min_trans_rot_dists_prec": [
        [
            0.010458660155038447,
            0.013450587659086244
        ],
        [
            0.00761024273499413,
            0.6483662301475802
        ],
        [
            0.3255572455238322,
            0.4524661772001778
        ],
        [
            0.010798330856153898,
            0.07175188188616755
        ],
        [
            0.3292290790846444,
            0.18094029063115014
        ],
        [
            0.19674055271204494,
            0.7115213067867789
        ],
        [
            0.041939289639263806,
            0.08912576235672631
        ],
        [
            0.010964142377942155,
            0.06756069671685139
        ],
        [
            0.03074051974128643,
            0.15902733922039103
        ],
        [
            0.011030763256464016,
            0.0030133426182340495
        ],
        [
            0.0384880409872795,
            0.6924554058169408
        ],
        [
            0.3299967833975542,
            0.5756448394645879
        ],
        [
            0.1441186076711988,
            0.29844185594061656
        ],
        [
            0.00895458665061094,
            0.5840030875819744
        ],
        [
            0.012357104652048482,
            0.7574364703660167
        ],
        [
            0.14682257178667762,
            0.03412964872302249
        ],
        [
            0.010996446546467642,
            0.0027485851180658605
        ],
        [
            0.1995321453956986,
            0.67280754032533
        ],
        [
            0.027034937155696256,
            0.5091656231301631
        ],
        [
            0.009999708397127225,
            0.33062021213856485
        ],
        [
            0.012227641034219252,
            0.07418141793998156
        ],
        [
            0.013895699175252258,
            0.01150807211575644
        ],
        [
            0.3244829943497817,
            0.09177888600278705
        ],
        [
            0.14289674251435833,
            0.37355863741441087
        ],
        [
            0.32694461136283065,
            0.9649666610590855
        ],
        [
            0.3234579866733984,
            0.9737311699820157
        ],
        [
            0.01344185277309285,
            0.9999974750746032
        ],
        [
            0.3265552493345166,
            0.9674170425260153
        ],
        [
            0.011372850730264616,
            0.3048821655364977
        ],
        [
            0.007784755017249563,
            0.6997555913616298
        ],
        [
            0.14049799447264252,
            0.9998162944857627
        ],
        [
            0.38995204176008597,
            0.44287086775121565
        ]
    ],
    "r_thresh_deg": 5,
    "t_thresh": 0.035,
    "t_thresh_prec": 0.04
}