{
    "match_ratio": 0.08333333333333333,
    "recall": 0.08333333333333333,
    "precision": 0.0625,
    "n_avail": 12,
    "n_pred": 32,
    "out_scores": [
        0.9811078906059265,
        0.9457637667655945,
        0.9845502972602844,
        0.9254165887832642,
        0.9743772745132446,
        0.9505116939544678,
        0.9916830062866211,
        0.9321045279502869,
        0.9734906554222107,
        0.89402174949646,
        0.9959442019462585,
        0.9269177913665771,
        0.949526309967041,
        0.4528845250606537,
        0.9857520461082458,
        0.7898175716400146,
        0.9683480262756348,
        0.9591361880302429,
        0.920429527759552,
        0.8814061880111694,
        0.9802101254463196,
        0.9780709147453308,
        0.9926007390022278,
        0.9855704307556152,
        0.9814148545265198,
        0.9799723029136658,
        0.9793756604194641,
        0.971160888671875,
        0.9607404470443726,
        0.6914743781089783,
        0.8304297924041748,
        0.8152657747268677
    ],
    "min_trans_rot_dists": [
        [
            0.1504324503209454,
            0.5939240557265156
        ],
        [
            0.020587680653216024,
            0.73083456878363
        ],
        [
            0.2738814864460847,
            0.5939240557265156
        ],
        [
            0.18753480474194945,
            0.73083456878363
        ],
        [
            0.07318933154097657,
            0.33845752097202875
        ],
        [
            0.07886658541327174,
            0.004387113779812157
        ],
        [
            0.00894497137851139,
            0.4206213612341295
        ],
        [
            0.030318679565275827,
            0.005686103684323207
        ],
        [
            0.028540126296739497,
            0.5939240557265156
        ],
        [
            0.027208741216411342,
            0.9998310703304114
        ],
        [
            0.13622360420985258,
            0.0224912418723211
        ],
        [
            0.016802289644625396,
            0.5569735060256678
        ]
    ],
    "min_trans_rot_dists_prec": [
        [
            0.1504324503209454,
            0.5939240557265156
        ],
        [
            0.15775705637949552,
            0.998630663571242
        ],
        [
            0.2861843474278236,
            0.9456229486522223
        ],
        [
            0.15541147018987608,
            0.9982002046360341
        ],
        [
            0.3283536200304539,
            0.9534672889715987
        ],
        [
            0.32358606094746495,
            0.378466897816784
        ],
        [
            0.020587680653216024,
            0.9999999812639649
        ],
        [
            0.2307169752707992,
            0.5569735060256678
        ],
        [
            0.21310993230073733,
            0.8221793312909766
        ],
        [
            0.13856692561656714,
            0.47125005440430956
        ],
        [
            0.2232712206770675,
            0.9594074889269
        ],
        [
            0.21879218560349825,
            0.8654715422569661
        ],
        [
            0.15061634717301903,
            0.7549041665537629
        ],
        [
            0.17161575408069768,
            0.4206213612341295
        ],
        [
            0.328138738088304,
            0.9275465460144974
        ],
        [
            0.1696839498552207,
            0.7468794225660058
        ],
        [
            0.33056977185757613,
            0.2065416802943224
        ],
        [
            0.1299945399335212,
            0.3898525019451634
        ],
        [
            0.15050562785047525,
            0.9996816145574792
        ],
        [
            0.2214490994820511,
            0.8019363675317834
        ],
        [
            0.12896682247088373,
            0.7106988872894702
        ],
        [
            0.12509803021758678,
            0.5684765990801732
        ],
        [
            0.023400868624360936,
            0.004387113779812157
        ],
        [
            0.030318679565275827,
            0.005686103684323207
        ],
        [
            0.3081333016136179,
            0.6309778897375666
        ],
        [
            0.30310200073327875,
            0.6628982046303573
        ],
        [
            0.15056643171340148,
            0.9463108278190029
        ],
        [
            0.3005104292826365,
            0.07429769701369582
        ],
        [
            0.31926567518651444,
            0.902640770887351
        ],
        [
            0.1749950696068935,
            0.33845752097202875
        ],
        [
            0.32954544068522673,
            0.0224912418723211
        ],
        [
            0.05569233181111325,
            0.9248494053913913
        ]
    ],
    "r_thresh_deg": 5,
    "t_thresh": 0.035,
    "t_thresh_prec": 0.04
}