{
    "match_ratio": 0.21428571428571427,
    "recall": 0.21428571428571427,
    "precision": 0.1875,
    "n_avail": 14,
    "n_pred": 32,
    "out_scores": [
        0.9748240113258362,
        0.9764120578765869,
        0.800087034702301,
        0.9853472709655762,
        0.9768537878990173,
        0.926790714263916,
        0.9527842402458191,
        0.39869076013565063,
        0.9741511940956116,
        0.9840970039367676,
        0.9066656231880188,
        0.9740062355995178,
        0.008404870517551899,
        0.924823522567749,
        0.9653762578964233,
        0.42867106199264526,
        0.9681019186973572,
        0.7614164352416992,
        0.9690496325492859,
        0.9287671446800232,
        0.9973637461662292,
        0.9719960689544678,
        0.9835905432701111,
        0.984703779220581,
        0.9057351350784302,
        0.9799109697341919,
        0.9628397822380066,
        0.9827405214309692,
        0.9069548845291138,
        0.9516571164131165,
        0.965659499168396,
        0.9098221063613892
    ],
    "min_trans_rot_dists": [
        [
            0.22626921621613225,
            0.05686493130685066
        ],
        [
            0.11176811132830157,
            0.6448675885830917
        ],
        [
            0.15624452700636762,
            0.05686493130685066
        ],
        [
            0.01793879035988118,
            0.6448675885830917
        ],
        [
            0.029179088703698952,
            0.040817615000548035
        ],
        [
            0.2104429811696797,
            0.43034418586296275
        ],
        [
            0.27564360002219546,
            0.005494274091260354
        ],
        [
            0.12573670398663472,
            0.03996501389889051
        ],
        [
            0.19443115535868025,
            0.005494274091260354
        ],
        [
            0.017112577863765924,
            0.03996501389889051
        ],
        [
            0.15423873062791074,
            0.005494274091260354
        ],
        [
            0.030820867683515586,
            0.6106946388668891
        ],
        [
            0.03402960295283426,
            0.0033180443673502813
        ],
        [
            0.018481687889288514,
            0.4909220617000368
        ]
    ],
    "min_trans_rot_dists_prec": [
        [
            0.25357685612246716,
            0.11367572196582332
        ],
        [
            0.2236055546185619,
            0.5345441672727103
        ],
        [
            0.031513395288600136,
            0.005494274091260354
        ],
        [
            0.28108432100753156,
            0.6106946388668891
        ],
        [
            0.3247797393619807,
            0.8073403591157735
        ],
        [
            0.19850288244856848,
            0.4861844189370895
        ],
        [
            0.02712188596045373,
            0.05686493130685066
        ],
        [
            0.32817664490541953,
            0.4909220617000368
        ],
        [
            0.0316800222343963,
            0.04320394031293151
        ],
        [
            0.2633128223093402,
            0.4751487139946
        ],
        [
            0.3406783858423813,
            0.6090624826474353
        ],
        [
            0.22314171876297914,
            0.5315429111815485
        ],
        [
            0.01793879035988118,
            0.6448675885830917
        ],
        [
            0.15480300105268868,
            0.6189677705769634
        ],
        [
            0.20147469924980127,
            0.5288134546577528
        ],
        [
            0.3281619194799598,
            0.5570082686500718
        ],
        [
            0.25272605810615023,
            0.11116237491990288
        ],
        [
            0.3278853320460268,
            0.5614944043851464
        ],
        [
            0.32482062226553887,
            0.7887942464328592
        ],
        [
            0.27092874229828473,
            0.6154977912414547
        ],
        [
            0.017112577863765924,
            0.03996501389889051
        ],
        [
            0.3280819874989699,
            0.7765363478742914
        ],
        [
            0.25933004269932053,
            0.43034418586296275
        ],
        [
            0.2615468796266287,
            0.48623565783789724
        ],
        [
            0.03402960295283426,
            0.0033180443673502813
        ],
        [
            0.26376190740307237,
            0.4756473650350417
        ],
        [
            0.029179088703698952,
            0.040817615000548035
        ],
        [
            0.26063553031099956,
            0.46911790536912656
        ],
        [
            0.3392034799116751,
            0.6102208917374583
        ],
        [
            0.12061823582730047,
            0.5715324149432466
        ],
        [
            0.2197727618872341,
            0.5387490782241176
        ],
        [
            0.1527293327090062,
            0.6207103543556771
        ]
    ],
    "r_thresh_deg": 5,
    "t_thresh": 0.035,
    "t_thresh_prec": 0.04
}