{
    "match_ratio": 0.25,
    "recall": 0.25,
    "precision": 0.09375,
    "n_avail": 4,
    "n_pred": 32,
    "out_scores": [
        0.6444004774093628,
        0.5412882566452026,
        0.1105482280254364,
        0.9823744297027588,
        0.6138719320297241,
        0.041822951287031174,
        0.9178003668785095,
        0.7497656941413879,
        0.6570550799369812,
        0.5081735849380493,
        0.9744091033935547,
        0.1354357898235321,
        0.6034299731254578,
        0.2990878224372864,
        0.9834417700767517,
        0.827168345451355,
        0.36690038442611694,
        0.06650502979755402,
        0.18631607294082642,
        0.8472638726234436,
        0.9779059290885925,
        0.8509770035743713,
        0.7940420508384705,
        0.3590967059135437,
        0.16573408246040344,
        0.9803741574287415,
        0.0691472515463829,
        0.919580340385437,
        0.6421986222267151,
        0.00018599505710881203,
        0.7564696073532104,
        0.19970233738422394
    ],
    "min_trans_rot_dists": [
        [
            0.012591824055520949,
            0.24448444080898768
        ],
        [
            0.01989423675345557,
            0.025103156851897568
        ],
        [
            0.09095753462976901,
            0.9993576919254411
        ],
        [
            0.093852513742148,
            0.0202466503619666
        ]
    ],
    "min_trans_rot_dists_prec": [
        [
            0.018835396573305182,
            0.9999672158899727
        ],
        [
            0.0177209548242239,
            0.9681975182247478
        ],
        [
            0.019316606655057328,
            0.9994539326455403
        ],
        [
            0.012944087830734228,
            0.2484522525411592
        ],
        [
            0.018829269588589163,
            0.9310475216988646
        ],
        [
            0.01720576670465287,
            0.9994310333156782
        ],
        [
            0.020649651024732867,
            0.9999557328274161
        ],
        [
            0.02031122381864909,
            0.9999928845586655
        ],
        [
            0.017258926165777493,
            0.9999984340018381
        ],
        [
            0.020871515245432685,
            0.7764508981022697
        ],
        [
            0.016375093026396444,
            0.24505131555858206
        ],
        [
            0.020504827081242228,
            0.9994309689541588
        ],
        [
            0.020621027830247125,
            0.6961112839191747
        ],
        [
            0.024700433386930135,
            0.9993576919254411
        ],
        [
            0.012591824055520949,
            0.24448444080898768
        ],
        [
            0.020604954488918692,
            0.0868065283303524
        ],
        [
            0.019023691155945002,
            0.9791012818762224
        ],
        [
            0.02021421685519876,
            0.9990689763504594
        ],
        [
            0.017899816282763954,
            0.9995542812973907
        ],
        [
            0.019337634207726998,
            0.9999997104915622
        ],
        [
            0.012071517387567713,
            0.2474228554205966
        ],
        [
            0.020229848482814745,
            0.9999973522315693
        ],
        [
            0.01934920998292211,
            0.9999944830298388
        ],
        [
            0.018835784610396457,
            0.9995848484956101
        ],
        [
            0.017770937507853718,
            0.9994243287982901
        ],
        [
            0.019489186705390977,
            0.24383400847600545
        ],
        [
            0.017600843525605807,
            0.9993650202294114
        ],
        [
            0.020607116627780968,
            0.9999946830720451
        ],
        [
            0.022552138849615724,
            0.0202466503619666
        ],
        [
            0.015760661596658287,
            0.9019708728409801
        ],
        [
            0.01989423675345557,
            0.025103156851897568
        ],
        [
            0.01952734456107097,
            0.946961843122519
        ]
    ],
    "r_thresh_deg": 5,
    "t_thresh": 0.035,
    "t_thresh_prec": 0.04
}