{
    "match_ratio": 0.0,
    "recall": 0.0,
    "precision": 0.0625,
    "n_avail": 4,
    "n_pred": 32,
    "out_scores": [
        0.26717400550842285,
        0.39301103353500366,
        0.3770545721054077,
        0.4345869719982147,
        0.8046243786811829,
        0.6549546718597412,
        0.2916782796382904,
        0.49471306800842285,
        0.6843225359916687,
        0.8581528663635254,
        0.26457372307777405,
        0.9308055639266968,
        0.26744264364242554,
        0.7657448053359985,
        0.5355684757232666,
        0.17404766380786896,
        0.587678849697113,
        0.3207050859928131,
        0.3800363540649414,
        0.7444000244140625,
        0.021568505093455315,
        0.893756091594696,
        0.3043622672557831,
        0.32742634415626526,
        0.8162331581115723,
        0.31646105647087097,
        0.818811297416687,
        0.6097580790519714,
        0.8998228311538696,
        0.8014623522758484,
        0.9138401746749878,
        0.35073044896125793
    ],
    "min_trans_rot_dists": [
        [
            0.11996844977036793,
            0.9999037241175476
        ],
        [
            0.14340088038976945,
            0.39629966678363127
        ],
        [
            0.022061254399717362,
            0.9997848490332706
        ],
        [
            0.0257086708908311,
            0.34800849795599254
        ]
    ],
    "min_trans_rot_dists_prec": [
        [
            0.0297469218527674,
            0.4173770823946342
        ],
        [
            0.028738458561434168,
            0.9487150734310889
        ],
        [
            0.022910905551813215,
            0.47754095793905393
        ],
        [
            0.028685264598388122,
            0.6607847628132417
        ],
        [
            0.1628979003228375,
            0.9995442382884857
        ],
        [
            0.030311333026867796,
            0.49276476537567393
        ],
        [
            0.026498824015379962,
            0.4137703888976012
        ],
        [
            0.028155390875437416,
            0.4482649353220567
        ],
        [
            0.02697115958901313,
            0.5708230540044233
        ],
        [
            0.1643814919435356,
            0.9994932849902618
        ],
        [
            0.02753779808683657,
            0.4620546155542108
        ],
        [
            0.13960933769786865,
            0.2352338309567249
        ],
        [
            0.0353642120788209,
            0.04073111993222145
        ],
        [
            0.026623798049296044,
            0.5897006408546723
        ],
        [
            0.02896260149606122,
            0.4528725437818941
        ],
        [
            0.022061254399717362,
            0.4565508637207013
        ],
        [
            0.030953979474330005,
            0.9379493235863596
        ],
        [
            0.025331830071128512,
            0.5720628828265186
        ],
        [
            0.025667536254511264,
            0.5442149876601319
        ],
        [
            0.1608227572062671,
            0.9504852470883546
        ],
        [
            0.0257086708908311,
            0.34800849795599254
        ],
        [
            0.13933738607980758,
            0.23412038548788028
        ],
        [
            0.028308230416571458,
            0.4059009965689444
        ],
        [
            0.0388142093534708,
            0.04867696646439834
        ],
        [
            0.16465558502005623,
            0.9970685466946596
        ],
        [
            0.13690290780430064,
            0.045251922592489335
        ],
        [
            0.16033403615860747,
            0.9376030217512481
        ],
        [
            0.030253485211692834,
            0.39629966678363127
        ],
        [
            0.1384545622447406,
            0.22235898878457205
        ],
        [
            0.02984340400033849,
            0.5329998255695578
        ],
        [
            0.1401020423700253,
            0.23092669630208984
        ],
        [
            0.02517191356184348,
            0.4572071134746267
        ]
    ],
    "r_thresh_deg": 5,
    "t_thresh": 0.035,
    "t_thresh_prec": 0.04
}