{
    "match_ratio": 0.08333333333333333,
    "recall": 0.08333333333333333,
    "precision": 0.03125,
    "n_avail": 12,
    "n_pred": 32,
    "out_scores": [
        0.22082485258579254,
        0.9109742641448975,
        0.030409161001443863,
        0.4095114469528198,
        0.4902028441429138,
        0.8879479169845581,
        0.9307233095169067,
        0.8847082257270813,
        0.964292585849762,
        0.5828101634979248,
        0.48255929350852966,
        0.5027683973312378,
        0.847926139831543,
        0.8767122626304626,
        0.8450194001197815,
        0.2506251037120819,
        0.18986237049102783,
        0.9888289570808411,
        0.9853223562240601,
        0.03477822616696358,
        0.8749361038208008,
        0.5115078091621399,
        0.8696570992469788,
        0.9900330901145935,
        0.5299097299575806,
        0.988377034664154,
        0.8708580136299133,
        0.982329785823822,
        0.3312155306339264,
        0.3062048852443695,
        0.8891282677650452,
        0.993676483631134
    ],
    "min_trans_rot_dists": [
        [
            0.02946743153732765,
            0.07798669801601599
        ],
        [
            0.05743908430866344,
            0.24903731127351802
        ],
        [
            0.08095592146163981,
            0.028389700547007624
        ],
        [
            0.13604610782372897,
            0.24903731127351802
        ],
        [
            0.08874636882909609,
            0.01096866000495822
        ],
        [
            0.2650337938252624,
            0.24903731127351802
        ],
        [
            0.1325935122019007,
            0.03328453334546366
        ],
        [
            0.3047037423739546,
            0.24903731127351802
        ],
        [
            0.12232642987647299,
            0.07550524431274186
        ],
        [
            0.16620102534116302,
            0.238035005783375
        ],
        [
            0.05285000884209283,
            0.07550524431274186
        ],
        [
            0.07593220981999263,
            0.238035005783375
        ]
    ],
    "min_trans_rot_dists_prec": [
        [
            0.05743908430866344,
            0.9694165552409068
        ],
        [
            0.13460493783788888,
            0.26089432897646014
        ],
        [
            0.0775119645341374,
            0.01729430280919897
        ],
        [
            0.33991454559221673,
            0.6658404008056182
        ],
        [
            0.26803384299445415,
            0.6377116105037066
        ],
        [
            0.3595433362300101,
            0.6103828286279457
        ],
        [
            0.4064393591757055,
            0.5077003754149202
        ],
        [
            0.4059916636430223,
            0.13580422281333882
        ],
        [
            0.4296410309674885,
            0.238035005783375
        ],
        [
            0.30855551245775925,
            0.02792259741103409
        ],
        [
            0.03962255250481609,
            0.09662296071485299
        ],
        [
            0.02946743153732765,
            0.07798669801601599
        ],
        [
            0.36571500145458563,
            0.04987305942849973
        ],
        [
            0.35082082354361704,
            0.3356766425265
        ],
        [
            0.2974719362629634,
            0.01096866000495822
        ],
        [
            0.40766058931032995,
            0.021619080847193106
        ],
        [
            0.10971650030437309,
            0.028389700547007624
        ],
        [
            0.45555703222198324,
            0.03545325121377485
        ],
        [
            0.47115010325411655,
            0.07816191953241403
        ],
        [
            0.26499627018463695,
            0.48582317299192634
        ],
        [
            0.2230005013191876,
            0.46701151145967035
        ],
        [
            0.46251186341715667,
            0.22848195764731205
        ],
        [
            0.4087758607898895,
            0.3854217076347831
        ],
        [
            0.44745421226814075,
            0.7789054323839806
        ],
        [
            0.4001835895049355,
            0.07550524431274186
        ],
        [
            0.47190798855108207,
            0.6264261606457561
        ],
        [
            0.5839140216317465,
            0.7985071412612501
        ],
        [
            0.30207816487735434,
            0.03328453334546366
        ],
        [
            0.17996652778303504,
            0.7396025857135461
        ],
        [
            0.5888206863810744,
            0.851146999050028
        ],
        [
            0.37003484357979594,
            0.6482824504527192
        ],
        [
            0.5512919479771475,
            0.19147781438739375
        ]
    ],
    "r_thresh_deg": 5,
    "t_thresh": 0.035,
    "t_thresh_prec": 0.04
}