{
    "match_ratio": 0.0,
    "recall": 0.0,
    "precision": 0.0,
    "n_avail": 8,
    "n_pred": 32,
    "out_scores": [
        0.7775549292564392,
        0.8102610111236572,
        0.02890780009329319,
        0.012766421772539616,
        0.02703755348920822,
        0.9579899907112122,
        0.6661738157272339,
        0.5167048573493958,
        0.012330977246165276,
        0.6983743906021118,
        0.02580779790878296,
        0.015913814306259155,
        0.027362646535038948,
        0.8766310811042786,
        0.02269425243139267,
        0.952500581741333,
        0.03009197674691677,
        0.9678726196289062,
        0.6267698407173157,
        0.33382532000541687,
        0.7698563933372498,
        0.014137052930891514,
        0.9146937727928162,
        0.7253264784812927,
        0.15590743720531464,
        0.9149366617202759,
        0.05301377922296524,
        0.6345598697662354,
        0.03811558708548546,
        0.028267206624150276,
        0.41110759973526,
        0.816835880279541
    ],
    "min_trans_rot_dists": [
        [
            0.6890317119849172,
            0.17692768774316536
        ],
        [
            0.8655613456669004,
            0.11056796595787843
        ],
        [
            0.6640755779881441,
            0.17692768774316536
        ],
        [
            0.1123121738596557,
            0.35781895484664716
        ],
        [
            0.7404454129790542,
            0.17692768774316536
        ],
        [
            0.6785484277026842,
            0.32694773541195343
        ],
        [
            0.718418696499249,
            0.17692768774316536
        ],
        [
            0.18125404037646864,
            0.35781895484664716
        ]
    ],
    "min_trans_rot_dists_prec": [
        [
            1.4087850408746658,
            0.39208596579078747
        ],
        [
            0.6890317119849172,
            0.17692768774316536
        ],
        [
            1.230342365917445,
            0.7941165530705937
        ],
        [
            0.9752793485491198,
            0.5953148152335608
        ],
        [
            1.2546181584713845,
            0.75459929162129
        ],
        [
            1.0134616066529714,
            0.4223778919533111
        ],
        [
            0.9377326415419803,
            0.8780129942489047
        ],
        [
            0.9997492931629043,
            0.8472447252214439
        ],
        [
            0.2503550602234917,
            0.7660297154700781
        ],
        [
            0.9912784220110562,
            0.32694773541195343
        ],
        [
            1.101338070976871,
            0.549798978986235
        ],
        [
            1.2232524638871605,
            0.6520648603697163
        ],
        [
            1.132918663363091,
            0.7599401447675552
        ],
        [
            0.6843089734368151,
            0.5631570514520075
        ],
        [
            0.8866507471801994,
            0.5939636744525253
        ],
        [
            0.1123121738596557,
            0.35781895484664716
        ],
        [
            0.6442538319838677,
            0.5638912046590447
        ],
        [
            1.241598424215824,
            0.9379967343314682
        ],
        [
            0.9846770097997778,
            0.7207023865825148
        ],
        [
            1.0968661235763757,
            0.7244394807925116
        ],
        [
            0.5660798085774749,
            0.8002875529810285
        ],
        [
            0.3199266618445775,
            0.8398854202109862
        ],
        [
            1.0249976482965273,
            0.9056277629681221
        ],
        [
            0.21351831707691596,
            0.8489173201107361
        ],
        [
            0.6771746742694137,
            0.9973201935919356
        ],
        [
            0.8507935763197015,
            0.8314624594614118
        ],
        [
            0.814589857713301,
            0.8924834331986637
        ],
        [
            0.8655613456669004,
            0.8949956916956
        ],
        [
            0.6630465802282143,
            0.8820733613426602
        ],
        [
            0.5652138838086684,
            0.5111215617899957
        ],
        [
            0.31716747360661135,
            0.9876269625500965
        ],
        [
            0.23774832460770012,
            0.9788889789600117
        ]
    ],
    "r_thresh_deg": 5,
    "t_thresh": 0.035,
    "t_thresh_prec": 0.04
}