{
    "match_ratio": 0.1,
    "recall": 0.1,
    "precision": 0.03125,
    "n_avail": 10,
    "n_pred": 32,
    "out_scores": [
        0.9048556089401245,
        0.9870867729187012,
        0.9303714036941528,
        0.8907232284545898,
        0.9976029992103577,
        0.9119265675544739,
        0.9395003318786621,
        0.9813849925994873,
        0.9859819412231445,
        0.9353055953979492,
        0.9674422144889832,
        0.9431103467941284,
        0.9888951778411865,
        0.9525880217552185,
        0.9789282083511353,
        0.9326367974281311,
        0.9736461639404297,
        0.9467083215713501,
        0.9798493385314941,
        0.9886668920516968,
        0.9227226376533508,
        0.9958382844924927,
        0.9773457050323486,
        0.9900047183036804,
        0.9800295233726501,
        0.9349603056907654,
        0.6069434285163879,
        0.9784305691719055,
        0.9445399045944214,
        0.9725039601325989,
        0.9888218641281128,
        0.9773101806640625
    ],
    "min_trans_rot_dists": [
        [
            0.06168097136449877,
            0.14699924866808856
        ],
        [
            0.05863721573911275,
            0.40247332093313726
        ],
        [
            0.007691892272704766,
            0.14699924866808856
        ],
        [
            0.010494145546389458,
            0.3173385350935678
        ],
        [
            0.01301761260320245,
            0.9998221106322953
        ],
        [
            0.012574449443033611,
            0.5048188661791198
        ],
        [
            0.011684164686865471,
            0.15522152620450913
        ],
        [
            0.01824408974137977,
            0.030275610437703326
        ],
        [
            0.1920370575745377,
            0.14699924866808856
        ],
        [
            0.09256973884487046,
            0.10884195273004271
        ]
    ],
    "min_trans_rot_dists_prec": [
        [
            0.11912659445457911,
            0.6554669152122682
        ],
        [
            0.2291090210786895,
            0.13788337766071446
        ],
        [
            0.17525016417086817,
            0.3161913008775069
        ],
        [
            0.1223635357950568,
            0.5465551159380186
        ],
        [
            0.06168097136449877,
            0.14699924866808856
        ],
        [
            0.12072537667808941,
            0.5048188661791198
        ],
        [
            0.054634965116322085,
            0.5528809447370023
        ],
        [
            0.010700643756457599,
            0.40247332093313726
        ],
        [
            0.2855539709549484,
            0.15522152620450913
        ],
        [
            0.16650929857057842,
            0.5554984475169866
        ],
        [
            0.2552281759966893,
            0.5799591610227139
        ],
        [
            0.22743798685663313,
            0.10884195273004271
        ],
        [
            0.28264733112737844,
            0.9299659487367089
        ],
        [
            0.1195242161190336,
            0.7567578440625413
        ],
        [
            0.01824408974137977,
            0.030275610437703326
        ],
        [
            0.16032524992701325,
            0.3368649074922915
        ],
        [
            0.20912198377505908,
            0.3985529125519094
        ],
        [
            0.15717309528352827,
            0.5276758234112715
        ],
        [
            0.28428719176404277,
            0.15339618709576097
        ],
        [
            0.2239552072269585,
            0.9807014224065922
        ],
        [
            0.20785903417798182,
            0.8668236738742693
        ],
        [
            0.010494145546389458,
            0.3173385350935678
        ],
        [
            0.2873118772980037,
            0.18296262617215386
        ],
        [
            0.22789043529984723,
            0.5602289087251522
        ],
        [
            0.2089301846867532,
            0.34779804074689824
        ],
        [
            0.1647740262416458,
            0.37099911803329255
        ],
        [
            0.2052719618753246,
            0.14146008357868878
        ],
        [
            0.23184558151125323,
            0.10006879623068865
        ],
        [
            0.16241558823380575,
            0.2942764634576933
        ],
        [
            0.16565114177855764,
            0.29409055921652527
        ],
        [
            0.2886540504376271,
            0.8081725211613009
        ],
        [
            0.20829545027000548,
            0.5855511319607385
        ]
    ],
    "r_thresh_deg": 5,
    "t_thresh": 0.035,
    "t_thresh_prec": 0.04
}