{
    "match_ratio": 1.0,
    "recall": 1.0,
    "precision": 0.28125,
    "n_avail": 2,
    "n_pred": 32,
    "out_scores": [
        0.15924984216690063,
        0.974518895149231,
        0.940976083278656,
        0.3270169794559479,
        0.901369035243988,
        0.6031036376953125,
        0.6721089482307434,
        0.32363539934158325,
        0.8854984045028687,
        0.9834970235824585,
        0.9943612813949585,
        0.9901807308197021,
        0.8245072960853577,
        0.7515857219696045,
        0.3449137210845947,
        0.25904542207717896,
        0.44266632199287415,
        0.7458016872406006,
        0.9907710552215576,
        0.16112174093723297,
        0.9913068413734436,
        0.9938714504241943,
        0.717905580997467,
        0.7942558526992798,
        0.28518712520599365,
        0.8697657585144043,
        0.6595585942268372,
        0.9916967153549194,
        0.9913557171821594,
        0.929206132888794,
        0.991255521774292,
        0.816663384437561
    ],
    "min_trans_rot_dists": [
        [
            0.011698325187659925,
            0.01440194409939588
        ],
        [
            0.015861413402061462,
            0.07976760342689126
        ]
    ],
    "min_trans_rot_dists_prec": [
        [
            0.013874928580651593,
            0.010273707422767342
        ],
        [
            0.02169036618690504,
            0.006678999506291805
        ],
        [
            0.019748019508908927,
            0.0049062840081292025
        ],
        [
            0.018985721139657522,
            0.9999131133410631
        ],
        [
            0.021119907447790617,
            0.05550532842048661
        ],
        [
            0.020136432758486304,
            0.9999546010481113
        ],
        [
            0.011502894748594596,
            0.6758603788291395
        ],
        [
            0.02022476616138084,
            0.014171380736722528
        ],
        [
            0.020956446801709713,
            0.07197326341961174
        ],
        [
            0.19980251917392486,
            0.9841615346171882
        ],
        [
            0.1990541691121966,
            0.5279265457034334
        ],
        [
            0.2038495582794543,
            0.5274216704947721
        ],
        [
            0.014990019262863245,
            0.6010938568721698
        ],
        [
            0.02325701210304918,
            0.9999967724901212
        ],
        [
            0.018501421221003806,
            0.9999247513952779
        ],
        [
            0.013945475694796466,
            0.02215579283086011
        ],
        [
            0.02050864446678638,
            0.9999359634877028
        ],
        [
            0.020163183090293,
            0.999958785976986
        ],
        [
            0.20001453131823457,
            0.9999993604143486
        ],
        [
            0.011698325187659925,
            0.01440194409939588
        ],
        [
            0.19740539822688363,
            0.04162195009107217
        ],
        [
            0.19986244700151906,
            0.9999989381366776
        ],
        [
            0.015826220414168535,
            0.622675566934367
        ],
        [
            0.018304635868951712,
            0.9999692828422543
        ],
        [
            0.016803493912703582,
            0.999922417943481
        ],
        [
            0.009697328966395394,
            0.5746640159763706
        ],
        [
            0.018474421920689137,
            0.9999739702081166
        ],
        [
            0.2000207680157141,
            0.9999994367425599
        ],
        [
            0.19866469045851307,
            0.9999999901145846
        ],
        [
            0.015861413402061462,
            0.07976760342689126
        ],
        [
            0.20352680264513048,
            0.9999971729917468
        ],
        [
            0.018245018655815192,
            0.5935482643207244
        ]
    ],
    "r_thresh_deg": 5,
    "t_thresh": 0.035,
    "t_thresh_prec": 0.04
}