{
    "match_ratio": 0.0,
    "recall": 0.0,
    "precision": 0.0,
    "n_avail": 8,
    "n_pred": 32,
    "out_scores": [
        0.9640297293663025,
        0.962311863899231,
        0.9741743803024292,
        0.9622935056686401,
        0.9837340116500854,
        0.9696921706199646,
        0.9712523221969604,
        0.9216245412826538,
        0.9623153805732727,
        0.9770540595054626,
        0.9603579044342041,
        0.972437858581543,
        0.9611642360687256,
        0.9689726829528809,
        0.9828438758850098,
        0.9619934558868408,
        0.9752105474472046,
        0.9803701639175415,
        0.9839348196983337,
        0.961025059223175,
        0.9645500779151917,
        0.11080462485551834,
        0.9693596959114075,
        0.9673423171043396,
        0.9573138356208801,
        0.8772011399269104,
        0.9591382741928101,
        0.9842595458030701,
        0.9599562287330627,
        0.9836912155151367,
        0.8855756521224976,
        0.840740442276001
    ],
    "min_trans_rot_dists": [
        [
            0.25787630497961256,
            0.2014687010655739
        ],
        [
            0.14879027085607197,
            0.1949114928666812
        ],
        [
            0.18879936658900498,
            0.2014687010655739
        ],
        [
            0.11097405581660777,
            0.1949114928666812
        ],
        [
            0.090786183324632,
            0.2014687010655739
        ],
        [
            0.0664527804853739,
            0.39974332030139903
        ],
        [
            0.08437705782321882,
            0.2014687010655739
        ],
        [
            0.08437705782321882,
            0.8198666074650728
        ]
    ],
    "min_trans_rot_dists_prec": [
        [
            0.25787630497961256,
            0.2014687010655739
        ],
        [
            0.11686908149676266,
            0.6845008036799858
        ],
        [
            0.17782147721333433,
            0.5230499194527478
        ],
        [
            0.04257158955268297,
            0.9878950170463658
        ],
        [
            0.1326315943001358,
            0.8210089901751022
        ],
        [
            0.06154548417477546,
            0.8756322808075903
        ],
        [
            0.10163605115329177,
            0.9799683050928667
        ],
        [
            0.16872461059607083,
            0.9028582702075302
        ],
        [
            0.21888423255990366,
            0.29952399839275823
        ],
        [
            0.2747831768104342,
            0.450451348927398
        ],
        [
            0.21604887884273022,
            0.8238138783224618
        ],
        [
            0.18735382328203154,
            0.21253452492631475
        ],
        [
            0.35709738372748717,
            0.5653506204689347
        ],
        [
            0.16973030457884197,
            0.7865449569674132
        ],
        [
            0.23168075330104013,
            0.7308552773212798
        ],
        [
            0.11097405581660777,
            0.1949114928666812
        ],
        [
            0.16875431567681193,
            0.530680749226105
        ],
        [
            0.19842537636465304,
            0.6078932251202844
        ],
        [
            0.05575805834019136,
            0.4172383822547019
        ],
        [
            0.06752227544456059,
            0.9098081565935788
        ],
        [
            0.27246588825569484,
            0.5213397410484482
        ],
        [
            0.14618245859871534,
            0.39974332030139903
        ],
        [
            0.1995712338396486,
            0.9206002349154025
        ],
        [
            0.16834460964886414,
            0.5141987839711819
        ],
        [
            0.06912376842289768,
            0.8556086390737925
        ],
        [
            0.08497454291539445,
            0.705974714072352
        ],
        [
            0.15432758516802939,
            0.25960511468929326
        ],
        [
            0.0908154371181983,
            0.9616232553521803
        ],
        [
            0.20079561251676173,
            0.829096190618452
        ],
        [
            0.14692523749265796,
            0.7107627747076986
        ],
        [
            0.16029382397459793,
            0.3846224346272821
        ],
        [
            0.22831491429078354,
            0.2428742822945208
        ]
    ],
    "r_thresh_deg": 5,
    "t_thresh": 0.035,
    "t_thresh_prec": 0.04
}