{
    "match_ratio": 0.0,
    "recall": 0.0,
    "precision": 0.0,
    "n_avail": 4,
    "n_pred": 32,
    "out_scores": [
        0.05575728043913841,
        0.8333925008773804,
        0.9553725719451904,
        0.9456803202629089,
        0.8744673728942871,
        0.9014003276824951,
        0.9895639419555664,
        0.866986095905304,
        0.7372179627418518,
        0.023074882104992867,
        0.8306129574775696,
        0.9648972153663635,
        0.6155635118484497,
        0.9888700246810913,
        0.5645590424537659,
        0.8854206204414368,
        0.9714810848236084,
        0.9890905022621155,
        0.0359526164829731,
        0.8454458117485046,
        0.9899978041648865,
        0.9803087711334229,
        2.2137867006222223e-07,
        0.8763582706451416,
        0.014574097469449043,
        0.9260022640228271,
        0.9901502132415771,
        0.9887769818305969,
        0.9894291758537292,
        0.8267475366592407,
        0.9632228016853333,
        0.9815739989280701
    ],
    "min_trans_rot_dists": [
        [
            0.018091674652755695,
            0.339431317397595
        ],
        [
            0.027367410530340204,
            0.26006052887282194
        ],
        [
            0.036221812411301256,
            0.19186373069192908
        ],
        [
            0.0399510767274143,
            0.212615239588953
        ]
    ],
    "min_trans_rot_dists_prec": [
        [
            0.029127245009803703,
            0.9999908982489369
        ],
        [
            0.020934142507328175,
            0.7748390880877796
        ],
        [
            0.021679250752290883,
            0.3340754585501008
        ],
        [
            0.15731116461445063,
            0.19186373069192908
        ],
        [
            0.14789231943170464,
            0.7790035251676686
        ],
        [
            0.15961901865847677,
            0.2486553987162099
        ],
        [
            0.04440743996333283,
            0.7105137721830128
        ],
        [
            0.018091674652755695,
            0.339431317397595
        ],
        [
            0.14702983801712388,
            0.980324543822168
        ],
        [
            0.027706603537014925,
            0.9999771313869927
        ],
        [
            0.02689036857175393,
            0.8927094772153162
        ],
        [
            0.023245165271502253,
            0.3002908257074035
        ],
        [
            0.024246801893440466,
            0.8905044844518057
        ],
        [
            0.04184502476328878,
            0.696634809023186
        ],
        [
            0.0399510767274143,
            0.212615239588953
        ],
        [
            0.02656164793371156,
            0.8995663116394494
        ],
        [
            0.01895291699691533,
            0.9997467534939567
        ],
        [
            0.04377252809974053,
            0.7091980022906823
        ],
        [
            0.029709740952144174,
            0.999946920478356
        ],
        [
            0.07230504818607145,
            0.02988430503076933
        ],
        [
            0.040243088869695375,
            0.7168304153564851
        ],
        [
            0.017703082040906728,
            0.999971811709736
        ],
        [
            0.14865516137331114,
            0.6863695465925399
        ],
        [
            0.020855234102788677,
            0.32011726672006113
        ],
        [
            0.027367410530340204,
            0.9999531694413217
        ],
        [
            0.022970757923700947,
            0.7743408155559635
        ],
        [
            0.04139983681707083,
            0.709836834074717
        ],
        [
            0.04023171487856639,
            0.7195684886853229
        ],
        [
            0.04340122514929368,
            0.7202773145677372
        ],
        [
            0.143250098868604,
            0.9827081800700385
        ],
        [
            0.023140056785390054,
            0.7588054977146016
        ],
        [
            0.01967980883985841,
            0.999832129001382
        ]
    ],
    "r_thresh_deg": 5,
    "t_thresh": 0.035,
    "t_thresh_prec": 0.04
}