{
    "match_ratio": 0.0,
    "recall": 0.0,
    "precision": 0.0,
    "n_avail": 4,
    "n_pred": 32,
    "out_scores": [
        0.9820860624313354,
        0.9769919514656067,
        0.9743093848228455,
        0.9715319275856018,
        0.9828674793243408,
        0.9721092581748962,
        0.974465548992157,
        0.3160739839076996,
        0.6942093372344971,
        0.9865792393684387,
        0.9770820736885071,
        0.9861603379249573,
        0.9726734161376953,
        0.4816889762878418,
        0.986506462097168,
        0.9832772016525269,
        0.955711305141449,
        0.7962686419487,
        0.9822148680686951,
        0.9832680821418762,
        0.9876870512962341,
        0.9874110817909241,
        0.9672752022743225,
        0.9775787591934204,
        0.9727684855461121,
        0.9811965227127075,
        0.9766132831573486,
        0.9727190136909485,
        0.9801249504089355,
        0.9624217748641968,
        0.9809632301330566,
        0.9786422252655029
    ],
    "min_trans_rot_dists": [
        [
            0.10914455414427394,
            0.5110867191779475
        ],
        [
            0.1700481081801444,
            0.3205082935911959
        ],
        [
            0.03736763062793769,
            0.6149247064706884
        ],
        [
            0.057528083721433684,
            0.6666824724372584
        ]
    ],
    "min_trans_rot_dists_prec": [
        [
            0.2271682482934383,
            0.9757057802372442
        ],
        [
            0.10629471155436919,
            0.7781607955117426
        ],
        [
            0.06562638857999428,
            0.8961981715696935
        ],
        [
            0.12458199192606775,
            0.6149247064706884
        ],
        [
            0.07205759158233416,
            0.8130229938394556
        ],
        [
            0.2995310194403527,
            0.7399155290221149
        ],
        [
            0.06417316085154197,
            0.9999429781805632
        ],
        [
            0.1284984203180825,
            0.9610497981144726
        ],
        [
            0.17114550994487204,
            0.7161881288490414
        ],
        [
            0.2583115620035357,
            0.8329850220176399
        ],
        [
            0.14436878011295529,
            0.7111357979504478
        ],
        [
            0.20610477275148337,
            0.7195590103195675
        ],
        [
            0.19353793798739213,
            0.008992024728576298
        ],
        [
            0.1660402380890939,
            0.6337014146048345
        ],
        [
            0.15535776027943715,
            0.6979734934659035
        ],
        [
            0.23648198438254645,
            0.9787034244290952
        ],
        [
            0.23676841380172364,
            0.7148355326831055
        ],
        [
            0.1735088567758438,
            0.7105099505468823
        ],
        [
            0.13279020537120437,
            0.4524554534937214
        ],
        [
            0.1700481081801444,
            0.9995141448582863
        ],
        [
            0.15032768826411091,
            0.28475970836916487
        ],
        [
            0.10914455414427394,
            0.5110867191779475
        ],
        [
            0.15321554795930933,
            0.9706025623506473
        ],
        [
            0.17172757362614088,
            0.3644475736692907
        ],
        [
            0.138411554497882,
            0.9006860576639175
        ],
        [
            0.3316696600694093,
            0.9842926644166499
        ],
        [
            0.262535006231716,
            0.9965891747325891
        ],
        [
            0.18341207073234891,
            0.7007345241652767
        ],
        [
            0.3279560045350772,
            0.6363982037597247
        ],
        [
            0.45000687834444236,
            0.4003085348706913
        ],
        [
            0.35989762713785806,
            0.4281093745125947
        ],
        [
            0.42984755444581213,
            0.7108454121375041
        ]
    ],
    "r_thresh_deg": 5,
    "t_thresh": 0.035,
    "t_thresh_prec": 0.04
}