{
    "match_ratio": 0.0,
    "recall": 0.0,
    "precision": 0.0,
    "n_avail": 4,
    "n_pred": 32,
    "out_scores": [
        0.8645873069763184,
        0.9409245848655701,
        0.9929417371749878,
        0.9950874447822571,
        0.9948647618293762,
        0.8070951700210571,
        0.9651679992675781,
        0.869245171546936,
        0.8938620090484619,
        0.9652794003486633,
        0.975024402141571,
        0.9954395890235901,
        0.9267019629478455,
        0.9934939742088318,
        0.9851644039154053,
        0.9598290920257568,
        0.9964522123336792,
        0.9819980263710022,
        0.974543035030365,
        0.9954924583435059,
        0.9724783301353455,
        0.9925256967544556,
        0.9325818419456482,
        0.954620897769928,
        0.9948168396949768,
        0.9896367192268372,
        0.9946824908256531,
        0.8497844338417053,
        0.9686429500579834,
        0.9331722259521484,
        0.9947596192359924,
        0.9033455848693848
    ],
    "min_trans_rot_dists": [
        [
            0.12901234827940816,
            0.4837820517600844
        ],
        [
            0.22587791431882237,
            0.6740425266047687
        ],
        [
            0.01293717757359455,
            0.7032381406024162
        ],
        [
            0.05437134153030742,
            0.9781366373177588
        ]
    ],
    "min_trans_rot_dists_prec": [
        [
            0.22900744727177105,
            0.7555692040207033
        ],
        [
            0.22936851956724155,
            0.9682049891280943
        ],
        [
            0.24866863543890025,
            0.5630058640112847
        ],
        [
            0.2089824852440906,
            0.7032381406024162
        ],
        [
            0.20446796052689573,
            0.8921585962580251
        ],
        [
            0.16054718523949407,
            0.6740425266047687
        ],
        [
            0.2666692739530549,
            0.412430166536509
        ],
        [
            0.169954529107711,
            0.8006273077927593
        ],
        [
            0.21302131340840105,
            0.8432941211619527
        ],
        [
            0.16217185904555614,
            0.6863568964002419
        ],
        [
            0.19173975792559786,
            0.49594376494388015
        ],
        [
            0.23870289867761793,
            0.31956772212584983
        ],
        [
            0.25544739068455075,
            0.6837453191233767
        ],
        [
            0.3211857399156157,
            0.7801970878828176
        ],
        [
            0.33926218662715124,
            0.6738274035964922
        ],
        [
            0.1563525576466575,
            0.7376127153409993
        ],
        [
            0.35827526707091933,
            0.5466514483847705
        ],
        [
            0.24363874261403404,
            0.034077621317513906
        ],
        [
            0.12901234827940816,
            0.4837820517600844
        ],
        [
            0.23085197672290825,
            0.489851356100808
        ],
        [
            0.3323700965555339,
            0.9811318974305517
        ],
        [
            0.2586581717296738,
            0.5576662084261346
        ],
        [
            0.3441334367602358,
            0.4444876486032845
        ],
        [
            0.2065096995690558,
            0.10076851085116645
        ],
        [
            0.19994888372401226,
            0.26809955246131156
        ],
        [
            0.21927888249905708,
            0.7291959607076348
        ],
        [
            0.3514333421282286,
            0.1955496947467047
        ],
        [
            0.17547334415629343,
            0.31189412380076187
        ],
        [
            0.3102613941450819,
            0.14462766538456262
        ],
        [
            0.31296073532530794,
            0.4513151189078398
        ],
        [
            0.19103119963096354,
            0.5436678990656929
        ],
        [
            0.03644463755202427,
            0.9985905622359348
        ]
    ],
    "r_thresh_deg": 5,
    "t_thresh": 0.035,
    "t_thresh_prec": 0.04
}