{
    "match_ratio": 0.0,
    "recall": 0.0,
    "precision": 0.0,
    "n_avail": 10,
    "n_pred": 32,
    "out_scores": [
        0.0023917993530631065,
        0.5454816818237305,
        0.034687865525484085,
        0.9499402642250061,
        0.4827347993850708,
        0.9514220356941223,
        0.957401692867279,
        0.3642328083515167,
        0.9259449243545532,
        0.5651048421859741,
        0.9119536876678467,
        0.9784101843833923,
        0.9778988361358643,
        0.9566124081611633,
        0.9493199586868286,
        0.912224531173706,
        0.9591628313064575,
        0.8916643857955933,
        0.8996878862380981,
        0.7132622599601746,
        0.9484387636184692,
        0.6258568167686462,
        0.9767534732818604,
        0.926575243473053,
        0.984944760799408,
        0.9258439540863037,
        0.9022942781448364,
        0.9287428855895996,
        0.5406976938247681,
        0.926159679889679,
        0.3965287208557129,
        0.40961992740631104
    ],
    "min_trans_rot_dists": [
        [
            0.19531169016563757,
            0.8423966552520236
        ],
        [
            0.19531169016563757,
            0.25327109539212467
        ],
        [
            0.26393771008261246,
            0.8423966552520236
        ],
        [
            0.26393771008261246,
            0.25327109539212467
        ],
        [
            0.3205666552901097,
            0.20522364498100387
        ],
        [
            0.39028955182215413,
            0.11678297000519833
        ],
        [
            0.22172875650509627,
            0.5394321486161398
        ],
        [
            0.31095660873266323,
            0.19279757220318616
        ],
        [
            0.1796964666607405,
            0.20522364498100387
        ],
        [
            0.33535697681705057,
            0.11678297000519833
        ]
    ],
    "min_trans_rot_dists_prec": [
        [
            0.5826988032737849,
            0.7629137310179688
        ],
        [
            0.19531169016563757,
            0.8423966552520236
        ],
        [
            0.2660065517444902,
            0.996073554469118
        ],
        [
            0.5123117239554636,
            0.5394321486161398
        ],
        [
            0.617753855225468,
            0.5873195944042006
        ],
        [
            0.5303932784379544,
            0.9998154778484318
        ],
        [
            0.8324221085504586,
            0.8870416074256713
        ],
        [
            0.607430756263148,
            0.4608172768688933
        ],
        [
            0.5512640607704083,
            0.7472171461504843
        ],
        [
            0.653296502629484,
            0.5727828548476036
        ],
        [
            0.521884722253123,
            0.20522364498100387
        ],
        [
            0.33214130018965254,
            0.9101664634128941
        ],
        [
            0.6209135861112897,
            0.7121454869410737
        ],
        [
            0.5448138409608104,
            0.4174461508313405
        ],
        [
            0.26655355170000766,
            0.5524903018007317
        ],
        [
            0.08057508562952312,
            0.9104909892701522
        ],
        [
            0.3042055339683294,
            0.9289293141629734
        ],
        [
            0.4005254133713152,
            0.8734051389801175
        ],
        [
            0.23786472939040076,
            0.9666719037715316
        ],
        [
            0.21401776106542428,
            0.33589531224023017
        ],
        [
            0.350273440789122,
            0.8979228910304287
        ],
        [
            0.5513298292372423,
            0.11678297000519833
        ],
        [
            0.42365061003170323,
            0.19279757220318616
        ],
        [
            0.4978002691268266,
            0.8295601056133689
        ],
        [
            0.7257582730792844,
            0.49966653292318486
        ],
        [
            0.7895956001407544,
            0.6222830620855107
        ],
        [
            0.5737719962916058,
            0.7018970228953745
        ],
        [
            0.8124565558945112,
            0.9237976640690602
        ],
        [
            0.9191343606389428,
            0.4494490567900544
        ],
        [
            0.49365098079130143,
            0.7318646887224103
        ],
        [
            0.638484261058288,
            0.7438572224065259
        ],
        [
            0.85145320287265,
            0.713266956568839
        ]
    ],
    "r_thresh_deg": 5,
    "t_thresh": 0.035,
    "t_thresh_prec": 0.04
}