{
    "match_ratio": 0.25,
    "recall": 0.25,
    "precision": 0.125,
    "n_avail": 8,
    "n_pred": 32,
    "out_scores": [
        0.6946122646331787,
        0.9760135412216187,
        0.8724322319030762,
        0.8897174000740051,
        0.9883894920349121,
        0.9662398099899292,
        0.886223316192627,
        0.7870480418205261,
        0.9682254195213318,
        0.9933472871780396,
        0.9021281003952026,
        0.4403368830680847,
        0.8807308077812195,
        0.9659128189086914,
        0.870407223701477,
        0.8819912075996399,
        0.6371886730194092,
        0.5657000541687012,
        0.8631464838981628,
        0.8149460554122925,
        0.9927965998649597,
        0.976827085018158,
        0.7860473990440369,
        0.9073265790939331,
        0.5786570906639099,
        0.9697051644325256,
        0.7606849670410156,
        0.9726629257202148,
        0.5445089340209961,
        0.9695995450019836,
        0.7538930773735046,
        0.9929929971694946
    ],
    "min_trans_rot_dists": [
        [
            0.08202945631740008,
            0.9996390507980665
        ],
        [
            0.08202945631740008,
            0.1661578602498558
        ],
        [
            0.00898004691893964,
            0.9999245875638684
        ],
        [
            0.017304928607628108,
            0.0009616493424611239
        ],
        [
            0.08055077655323381,
            0.999797196053449
        ],
        [
            0.08055077655323381,
            0.9621921299385052
        ],
        [
            0.028388378299194248,
            0.90257281653715
        ],
        [
            0.01859142521710317,
            0.0011688649108713145
        ]
    ],
    "min_trans_rot_dists_prec": [
        [
            0.012388367133687654,
            0.996661498355201
        ],
        [
            0.013550676020622567,
            0.1661578602498558
        ],
        [
            0.3037491480236984,
            0.90257281653715
        ],
        [
            0.3049604456002308,
            0.9197981198553034
        ],
        [
            0.017304928607628108,
            0.0009616493424611239
        ],
        [
            0.30421344864163624,
            0.910678550506184
        ],
        [
            0.00898004691893964,
            0.4433511552857652
        ],
        [
            0.09272131606404475,
            0.8967935687329203
        ],
        [
            0.1061607150312367,
            0.37464282146645644
        ],
        [
            0.01453165988279762,
            0.001581352040992412
        ],
        [
            0.015896349215316713,
            0.9621921299385052
        ],
        [
            0.09219522103890376,
            0.8979103546562307
        ],
        [
            0.0925935502376636,
            0.8938838397439066
        ],
        [
            0.21348735151020107,
            0.20422685833239873
        ],
        [
            0.21798121985340435,
            0.4900639042007815
        ],
        [
            0.3045388151196891,
            0.912861174399655
        ],
        [
            0.2313833824712131,
            0.8880496492417282
        ],
        [
            0.09263347629656717,
            0.8909019515787854
        ],
        [
            0.012576816994819086,
            0.9998177457926991
        ],
        [
            0.23195147977147887,
            0.8840145362247557
        ],
        [
            0.0172670001527075,
            0.000553344222091412
        ],
        [
            0.10560050343634017,
            0.3756924631580669
        ],
        [
            0.0920517243882859,
            0.8925502286101685
        ],
        [
            0.016935404860655513,
            0.9342591499027385
        ],
        [
            0.0945629670509244,
            0.8966253261499739
        ],
        [
            0.013754030220694225,
            0.2978122623821531
        ],
        [
            0.012958228928196267,
            0.9975148110059211
        ],
        [
            0.2978051837929378,
            0.9923532559124801
        ],
        [
            0.22778650183774768,
            0.9012428927412328
        ],
        [
            0.10549697251234018,
            0.37013739840502247
        ],
        [
            0.09313181839325045,
            0.8954291563518515
        ],
        [
            0.01859142521710317,
            0.0011688649108713145
        ]
    ],
    "r_thresh_deg": 5,
    "t_thresh": 0.035,
    "t_thresh_prec": 0.04
}