{
    "match_ratio": 0.1,
    "recall": 0.1,
    "precision": 0.03125,
    "n_avail": 10,
    "n_pred": 32,
    "out_scores": [
        0.17084865272045135,
        0.9959542751312256,
        0.9951595664024353,
        0.953821063041687,
        0.42787274718284607,
        0.12930427491664886,
        0.5671852231025696,
        0.06559940427541733,
        0.1257166713476181,
        0.07591252028942108,
        0.0925002172589302,
        0.5543424487113953,
        0.4488859474658966,
        0.48879683017730713,
        0.9753932356834412,
        0.13917826116085052,
        0.6920952200889587,
        0.24888774752616882,
        0.881837785243988,
        0.1536860466003418,
        0.9932910203933716,
        0.0004171644395682961,
        0.043566957116127014,
        0.9963369369506836,
        0.9639366865158081,
        0.5405367612838745,
        0.06598111242055893,
        0.9967533946037292,
        0.9965265393257141,
        0.9837205410003662,
        0.9946210384368896,
        0.996556282043457
    ],
    "min_trans_rot_dists": [
        [
            0.21094340667320652,
            0.050422767299051596
        ],
        [
            0.23918352655887373,
            0.03130062781292242
        ],
        [
            0.06703094641519927,
            0.04956792254508835
        ],
        [
            0.08103348318665028,
            0.9955237641970576
        ],
        [
            0.15327287702780842,
            0.13835947943759141
        ],
        [
            0.023491945182748768,
            0.073747152056719
        ],
        [
            0.03160529373017615,
            0.13835947943759141
        ],
        [
            0.02011269842337597,
            0.9866085589965277
        ],
        [
            0.0346184239124924,
            0.16333861432612262
        ],
        [
            0.0346184239124924,
            0.9997556390492489
        ]
    ],
    "min_trans_rot_dists_prec": [
        [
            0.4070159104114822,
            0.5373016765336673
        ],
        [
            0.3126757414778138,
            0.9981390833883961
        ],
        [
            0.3183285226797004,
            0.6739428046840986
        ],
        [
            0.41981223434174236,
            0.13835947943759141
        ],
        [
            0.08103348318665028,
            0.9955237641970576
        ],
        [
            0.23830113831266547,
            0.9971722655674579
        ],
        [
            0.023491945182748768,
            0.073747152056719
        ],
        [
            0.08774294389236298,
            0.99782906285562
        ],
        [
            0.09449133801906012,
            0.32236057348900393
        ],
        [
            0.10198447960810297,
            0.03130062781292242
        ],
        [
            0.24437144301188565,
            0.998382574824698
        ],
        [
            0.08152265363933894,
            0.9943553995514689
        ],
        [
            0.08064521582414966,
            0.9961208943289649
        ],
        [
            0.21598065729507315,
            0.4815785264400366
        ],
        [
            0.4131678980065998,
            0.170666202286063
        ],
        [
            0.1009348980449255,
            0.03663539160452578
        ],
        [
            0.21094340667320652,
            0.050422767299051596
        ],
        [
            0.21232681539133788,
            0.4644899841445119
        ],
        [
            0.30586100838543573,
            0.5654214019683381
        ],
        [
            0.10287974888631056,
            0.035347303349433035
        ],
        [
            0.30723690599361153,
            0.9866085589965277
        ],
        [
            0.01973654164408542,
            0.9972135464073063
        ],
        [
            0.0924240984187491,
            0.9976540592254788
        ],
        [
            0.3160054267821266,
            0.9928785924510565
        ],
        [
            0.4003938278045812,
            0.16333861432612262
        ],
        [
            0.2120288383155551,
            0.04956792254508835
        ],
        [
            0.4030633712087127,
            0.5213897305357709
        ],
        [
            0.3152840392812591,
            0.9904672302502882
        ],
        [
            0.31115364399069645,
            0.9925465630571763
        ],
        [
            0.3826955951690975,
            0.9988597600207446
        ],
        [
            0.307982200607583,
            0.9907788285028651
        ],
        [
            0.31553673198041815,
            0.9981971221597448
        ]
    ],
    "r_thresh_deg": 5,
    "t_thresh": 0.035,
    "t_thresh_prec": 0.04
}