{
    "match_ratio": 0.16666666666666666,
    "recall": 0.16666666666666666,
    "precision": 0.0625,
    "n_avail": 6,
    "n_pred": 32,
    "out_scores": [
        0.9304804801940918,
        0.5433299541473389,
        0.7679470777511597,
        0.927664577960968,
        0.9194404482841492,
        0.9312987923622131,
        0.9901248216629028,
        0.7888695001602173,
        0.9708361625671387,
        0.2970806062221527,
        0.7924672961235046,
        0.9258506894111633,
        0.6967923045158386,
        0.9668123126029968,
        0.8887583613395691,
        0.5437712073326111,
        0.8974288105964661,
        0.8182585835456848,
        0.9661077260971069,
        0.6335091590881348,
        0.5917059183120728,
        0.9910887479782104,
        0.9203590750694275,
        0.7613018751144409,
        0.8788937330245972,
        0.6589784026145935,
        0.9159665107727051,
        0.981571614742279,
        0.904420018196106,
        0.878318727016449,
        0.9527202844619751,
        0.949449896812439
    ],
    "min_trans_rot_dists": [
        [
            0.0807172582560795,
            0.4035493949256017
        ],
        [
            0.06636468056970034,
            0.008089756078959787
        ],
        [
            0.024012925293295337,
            0.0017860321224253406
        ],
        [
            0.027558108780057558,
            0.9999584744099369
        ],
        [
            0.14737884793306097,
            0.0017860321224253406
        ],
        [
            0.13453100814086455,
            0.36097590496276366
        ]
    ],
    "min_trans_rot_dists_prec": [
        [
            0.08581510962186416,
            0.8128469601341092
        ],
        [
            0.050528184592891046,
            0.008089756078959787
        ],
        [
            0.08196260034844474,
            0.44216037384509665
        ],
        [
            0.025148472127429773,
            0.01865593931021825
        ],
        [
            0.08738952972436825,
            0.4368835618114556
        ],
        [
            0.04524339914154191,
            0.9107851792965915
        ],
        [
            0.03705296527725791,
            0.36097590496276366
        ],
        [
            0.04848085197580726,
            0.012877014057200209
        ],
        [
            0.04479924393043072,
            0.8204396465759204
        ],
        [
            0.05211927326186721,
            0.01813977989428106
        ],
        [
            0.04927401713745476,
            0.9094389021779138
        ],
        [
            0.09033581284208757,
            0.1155575972133297
        ],
        [
            0.08339516008202855,
            0.43585559031455434
        ],
        [
            0.04569786754063649,
            0.593062773019708
        ],
        [
            0.04745276046262641,
            0.9143662521702469
        ],
        [
            0.0807172582560795,
            0.4035493949256017
        ],
        [
            0.04466936505310299,
            0.017436455312763166
        ],
        [
            0.08345544189478897,
            0.43432829450063126
        ],
        [
            0.04191665111512741,
            0.8130628528619005
        ],
        [
            0.08023601132825584,
            0.43093331927654577
        ],
        [
            0.051853363120907645,
            0.6241827764027548
        ],
        [
            0.03754088735075028,
            0.8353469759460571
        ],
        [
            0.024012925293295337,
            0.0017860321224253406
        ],
        [
            0.08225751267302257,
            0.4260556225174007
        ],
        [
            0.08470075065153206,
            0.495464012182703
        ],
        [
            0.08026850992170827,
            0.45712025067511564
        ],
        [
            0.0885598532481051,
            0.15959495359835618
        ],
        [
            0.04306664672715686,
            0.8290146520062192
        ],
        [
            0.08596174807460477,
            0.43326090168665266
        ],
        [
            0.04749427388918049,
            0.9128944151655194
        ],
        [
            0.09175235386350086,
            0.15895931891013737
        ],
        [
            0.04378264638606542,
            0.9040577859238094
        ]
    ],
    "r_thresh_deg": 5,
    "t_thresh": 0.035,
    "t_thresh_prec": 0.04
}