{
    "match_ratio": 0.0,
    "recall": 0.0,
    "precision": 0.0,
    "n_avail": 12,
    "n_pred": 32,
    "out_scores": [
        0.0008007940487004817,
        0.0009301348472945392,
        1.8063025208903127e-07,
        0.001535241142846644,
        0.0345117412507534,
        0.00017725398356560618,
        0.01779506914317608,
        0.044671155512332916,
        0.2734646797180176,
        0.0013952160952612758,
        0.0016659066313877702,
        0.005951856262981892,
        0.0019877892918884754,
        7.23662378732115e-06,
        0.005657622590661049,
        0.030376305803656578,
        0.26790979504585266,
        0.026685597375035286,
        0.2721640169620514,
        0.020059362053871155,
        0.020486654713749886,
        0.004892218858003616,
        4.653632458939683e-06,
        0.03117828257381916,
        2.5072071707654686e-07,
        0.003081898670643568,
        1.5579977343804785e-06,
        1.0040505458164262e-06,
        0.11862634867429733,
        0.0005601237062364817,
        0.0021664979867637157,
        9.255563213628193e-07
    ],
    "min_trans_rot_dists": [
        [
            0.07763822132707017,
            0.07423541236975895
        ],
        [
            0.031201581727338543,
            0.2750508008031618
        ],
        [
            0.04012150952965465,
            0.07423541236975895
        ],
        [
            0.1223500405399016,
            0.2750508008031618
        ],
        [
            0.09593405635606016,
            0.23026093256184188
        ],
        [
            0.13626501512918832,
            0.5981484037412832
        ],
        [
            0.05120830698566505,
            0.015605436657474159
        ],
        [
            0.06628728654778836,
            0.5981484037412832
        ],
        [
            0.2378833113652699,
            0.015605436657474159
        ],
        [
            0.23972253639855362,
            0.5981484037412832
        ],
        [
            0.23478452372079003,
            0.9490239311176372
        ],
        [
            0.2436533159383391,
            0.5981484037412832
        ]
    ],
    "min_trans_rot_dists_prec": [
        [
            0.24251971614568685,
            0.5981484037412832
        ],
        [
            0.054974922703611775,
            0.9875016529402872
        ],
        [
            0.10052392524991886,
            0.23026093256184188
        ],
        [
            0.05457142431199629,
            0.9893246380142713
        ],
        [
            0.36237194889787344,
            0.7178619428322297
        ],
        [
            0.06376362304084784,
            0.6999096775409136
        ],
        [
            0.04133476412103703,
            0.9474997278290125
        ],
        [
            0.036266535793552684,
            0.9324307661141926
        ],
        [
            0.3259198985384288,
            0.015605436657474159
        ],
        [
            0.056746039311199516,
            0.987376049093063
        ],
        [
            0.05732385844001384,
            0.9875439057234983
        ],
        [
            0.04979791257374205,
            0.8246919788975724
        ],
        [
            0.05647124495185279,
            0.9875439579023748
        ],
        [
            0.08462366566359812,
            0.2680645913245706
        ],
        [
            0.031201581727338543,
            0.9993112880017171
        ],
        [
            0.0372074593058626,
            0.9427716625352535
        ],
        [
            0.3317587947780255,
            0.01895829488044465
        ],
        [
            0.02550333287231842,
            0.9941056600336129
        ],
        [
            0.3273031992062638,
            0.016539171660784002
        ],
        [
            0.041286701957033385,
            0.9189558217542787
        ],
        [
            0.03987369566259131,
            0.9347942579542207
        ],
        [
            0.027875461945130273,
            0.9988737968609767
        ],
        [
            0.07956524303654407,
            0.23670041878069292
        ],
        [
            0.03792215975845018,
            0.9289357339969136
        ],
        [
            0.09936219797098006,
            0.25331403559901033
        ],
        [
            0.05560193345160017,
            0.9981538662145796
        ],
        [
            0.10128900110081447,
            0.3679434795869694
        ],
        [
            0.09313887022978226,
            0.3048466363331277
        ],
        [
            0.3471357954262065,
            0.9490239311176372
        ],
        [
            0.049166735455825616,
            0.969798024564778
        ],
        [
            0.07763822132707017,
            0.07423541236975895
        ],
        [
            0.09088935757028205,
            0.15288102468909237
        ]
    ],
    "r_thresh_deg": 5,
    "t_thresh": 0.035,
    "t_thresh_prec": 0.04
}