{
    "match_ratio": 0.0,
    "recall": 0.0,
    "precision": 0.0,
    "n_avail": 2,
    "n_pred": 32,
    "out_scores": [
        0.01786554791033268,
        0.04825315251946449,
        0.004991402383893728,
        0.1894962191581726,
        0.4294300973415375,
        0.47444483637809753,
        0.00010000648762797937,
        2.1297648800100433e-06,
        0.023137792944908142,
        0.02469709888100624,
        0.014062965288758278,
        0.21885918080806732,
        0.6869702935218811,
        0.5657265186309814,
        0.46364519000053406,
        0.44020509719848633,
        0.06465468555688858,
        0.1360490620136261,
        2.2276722120295744e-06,
        0.34940505027770996,
        0.5597335696220398,
        0.05079818516969681,
        0.5533791184425354,
        0.17424222826957703,
        0.1488281637430191,
        0.3546624481678009,
        0.5263776779174805,
        0.5809941291809082,
        0.5837108492851257,
        0.0003761705302167684,
        0.42538926005363464,
        0.2707805633544922
    ],
    "min_trans_rot_dists": [
        [
            0.19903574861040926,
            0.3797823194435366
        ],
        [
            0.18684583494858317,
            0.2550006586364042
        ]
    ],
    "min_trans_rot_dists_prec": [
        [
            0.19903574861040926,
            0.3797823194435366
        ],
        [
            0.20086670893669092,
            0.4084433730292538
        ],
        [
            0.21553856642534505,
            0.999754132832703
        ],
        [
            0.22644683695881454,
            0.12275615807227958
        ],
        [
            0.16721138222033508,
            0.9994933942501433
        ],
        [
            0.18684583494858317,
            0.9999935471051828
        ],
        [
            0.20423855330610563,
            0.7916627387938999
        ],
        [
            0.18292886810738013,
            0.9445927932813964
        ],
        [
            0.20004735971986526,
            0.3933931841042718
        ],
        [
            0.20167107091563355,
            0.3876015494253716
        ],
        [
            0.2008439944669957,
            0.3729740661305706
        ],
        [
            0.2229943124050575,
            0.11144575967090664
        ],
        [
            0.18619792361419304,
            0.9999973892433922
        ],
        [
            0.16531016002616733,
            0.9992903595636299
        ],
        [
            0.1664742203820453,
            0.9997156220597518
        ],
        [
            0.340060780330948,
            0.999995000914515
        ],
        [
            0.19312838731682191,
            0.9999891996539998
        ],
        [
            0.18787146013590791,
            0.9999981776297987
        ],
        [
            0.1817288572542375,
            0.9579512693008329
        ],
        [
            0.33733221463022334,
            0.9999840291812332
        ],
        [
            0.16563077368651202,
            0.9996773568018598
        ],
        [
            0.18685655801912462,
            0.9999944968584477
        ],
        [
            0.1876821570262637,
            0.9999460569274482
        ],
        [
            0.18545237383781982,
            0.9999989791770318
        ],
        [
            0.22255803981266345,
            0.12105407013225666
        ],
        [
            0.22569618127119281,
            0.09950612635424738
        ],
        [
            0.16639334889027432,
            0.9996496950911617
        ],
        [
            0.18653721924773592,
            0.9999788225152233
        ],
        [
            0.16405286325584584,
            0.9997634975178886
        ],
        [
            0.21374652357408452,
            0.9992539891909397
        ],
        [
            0.18765022757797611,
            0.9999232874060388
        ],
        [
            0.22579454036573102,
            0.11042100163516588
        ]
    ],
    "r_thresh_deg": 5,
    "t_thresh": 0.035,
    "t_thresh_prec": 0.04
}