{
    "match_ratio": 0.75,
    "recall": 0.75,
    "precision": 0.28125,
    "n_avail": 4,
    "n_pred": 32,
    "out_scores": [
        0.5380847454071045,
        0.9588813781738281,
        0.49410438537597656,
        0.9495341181755066,
        0.9497343301773071,
        0.9713629484176636,
        0.9653308391571045,
        0.9506715536117554,
        0.9528355598449707,
        0.9765846133232117,
        0.9584792852401733,
        0.939617395401001,
        0.9470176100730896,
        0.9723685383796692,
        0.6574992537498474,
        0.6168105006217957,
        0.9539129137992859,
        0.9508020281791687,
        0.9376140832901001,
        0.9423655271530151,
        0.3303346633911133,
        0.19285616278648376,
        0.9461914896965027,
        0.9556438326835632,
        0.9654747247695923,
        0.971015989780426,
        0.35291144251823425,
        0.9502638578414917,
        0.9461211562156677,
        0.9711624383926392,
        0.5716156959533691,
        1.248369699169416e-06
    ],
    "min_trans_rot_dists": [
        [
            0.02272274875128685,
            0.9999894901088778
        ],
        [
            0.02574057468505804,
            0.034036762214886496
        ],
        [
            0.03414249993441646,
            0.03344210786195789
        ],
        [
            0.021311833906883067,
            0.04048461532947001
        ]
    ],
    "min_trans_rot_dists_prec": [
        [
            0.02272274875128685,
            0.04122947688248668
        ],
        [
            0.023467548424279255,
            0.16691197678281078
        ],
        [
            0.022681363837138414,
            0.04686687838711501
        ],
        [
            0.19128216188045233,
            0.04572147570188545
        ],
        [
            0.01880677572267539,
            0.07910739599823369
        ],
        [
            0.009505939433523389,
            0.35962479777107925
        ],
        [
            0.007815601818356879,
            0.3724248966055723
        ],
        [
            0.2018351035786464,
            0.7979701877286722
        ],
        [
            0.19386222681675214,
            0.8012381213956961
        ],
        [
            0.016770210384453477,
            0.1719594641230352
        ],
        [
            0.01316263124710185,
            0.3953099483692025
        ],
        [
            0.21395813957223545,
            0.8923273292540274
        ],
        [
            0.04715445311614082,
            0.8343255362400143
        ],
        [
            0.019245135055351772,
            0.1840343941206931
        ],
        [
            0.030672215890748544,
            0.08723488615752728
        ],
        [
            0.02574057468505804,
            0.034036762214886496
        ],
        [
            0.19748004218641962,
            0.760811894426512
        ],
        [
            0.195536653387192,
            0.7864315372917817
        ],
        [
            0.04931661739962482,
            0.8374950974646072
        ],
        [
            0.038115044148348445,
            0.016586804316890524
        ],
        [
            0.026850526000009773,
            0.9998938651795384
        ],
        [
            0.021311833906883067,
            0.04048461532947001
        ],
        [
            0.0356338122666126,
            0.03206780794893538
        ],
        [
            0.0073322410434726315,
            0.39694909184474536
        ],
        [
            0.020149194810526266,
            0.18795639941870212
        ],
        [
            0.0348574859822947,
            0.2653318206576084
        ],
        [
            0.01741449026077765,
            0.17662282004857688
        ],
        [
            0.19143709315937926,
            0.034832012533646206
        ],
        [
            0.03414249993441646,
            0.03344210786195789
        ],
        [
            0.03424452383010991,
            0.2622886283471557
        ],
        [
            0.03433642556396666,
            0.9994768873557052
        ],
        [
            0.2215079434926264,
            0.3710159719540902
        ]
    ],
    "r_thresh_deg": 5,
    "t_thresh": 0.035,
    "t_thresh_prec": 0.04
}