{
    "match_ratio": 0.0,
    "recall": 0.0,
    "precision": 0.0,
    "n_avail": 4,
    "n_pred": 32,
    "out_scores": [
        0.4491540193557739,
        0.7445686459541321,
        0.6665136814117432,
        0.6851029992103577,
        0.650789201259613,
        0.4474916160106659,
        0.7023541927337646,
        0.5647019743919373,
        0.6669501066207886,
        0.02405276894569397,
        0.8634319305419922,
        0.630680501461029,
        0.007105381228029728,
        0.7149693965911865,
        0.5424074530601501,
        0.6603078842163086,
        0.6822377443313599,
        0.0774419754743576,
        0.6984010934829712,
        0.6621745228767395,
        0.6836796402931213,
        0.6374844312667847,
        0.6407225728034973,
        0.8539701104164124,
        0.8919153809547424,
        0.8881863355636597,
        0.1291368007659912,
        0.8122398853302002,
        0.6087070107460022,
        0.898934543132782,
        0.5735706090927124,
        0.8303924798965454
    ],
    "min_trans_rot_dists": [
        [
            0.2293124714397971,
            0.9495698721483476
        ],
        [
            0.2293124714397971,
            0.8258183100224646
        ],
        [
            0.25371852538543904,
            0.16338075114682848
        ],
        [
            0.30432531473132424,
            0.39964108267733633
        ]
    ],
    "min_trans_rot_dists_prec": [
        [
            0.2293124714397971,
            0.9495698721483476
        ],
        [
            0.6185194991958671,
            0.7711026326408674
        ],
        [
            0.6119475400486015,
            0.9261956498634456
        ],
        [
            0.45145214094762953,
            0.7816904731065089
        ],
        [
            0.4386046334399625,
            0.16338075114682848
        ],
        [
            1.054060103708015,
            0.9897281456876196
        ],
        [
            0.5661370012319331,
            0.7568101561525399
        ],
        [
            0.7969297153379954,
            0.9383435283443243
        ],
        [
            0.5387847966635361,
            0.9080900119678638
        ],
        [
            0.9305912249863644,
            0.9983552166673534
        ],
        [
            0.780332330816781,
            0.5266631041742459
        ],
        [
            0.3750129059766197,
            0.41756317855477776
        ],
        [
            0.9236409335603565,
            0.8093567838548755
        ],
        [
            0.7016863678762544,
            0.5006577722121708
        ],
        [
            1.1200371694587703,
            0.3389935086780679
        ],
        [
            0.27441074003647364,
            0.9548466248159094
        ],
        [
            0.3908619923732112,
            0.9766275500000381
        ],
        [
            0.9777049412753857,
            0.45248630937336687
        ],
        [
            0.5665517644807514,
            0.30895415637745693
        ],
        [
            0.30432531473132424,
            0.39964108267733633
        ],
        [
            0.769464159304505,
            0.9380818204689874
        ],
        [
            0.20793439655706358,
            0.5469598626132017
        ],
        [
            0.7100743121285954,
            0.6600308835395539
        ],
        [
            0.46858319549960675,
            0.8480647833945991
        ],
        [
            0.2713577193492512,
            0.5777890803959222
        ],
        [
            0.9196665165251111,
            0.40471407331778675
        ],
        [
            0.5204371578765231,
            0.5395256000716893
        ],
        [
            0.8005809522597368,
            0.44392726526245996
        ],
        [
            0.6973952719325828,
            0.8947010195227497
        ],
        [
            0.489665592324746,
            0.4019971811332058
        ],
        [
            0.7012434669368736,
            0.8928042445215709
        ],
        [
            0.8021517583791733,
            0.7605098325924974
        ]
    ],
    "r_thresh_deg": 5,
    "t_thresh": 0.035,
    "t_thresh_prec": 0.04
}