{
    "match_ratio": 0.0,
    "recall": 0.0,
    "precision": 0.0,
    "n_avail": 14,
    "n_pred": 32,
    "out_scores": [
        0.8436979055404663,
        0.9042404890060425,
        0.9374693632125854,
        0.3091345727443695,
        0.7674673795700073,
        0.8415695428848267,
        0.3070370554924011,
        0.9626063704490662,
        0.8709147572517395,
        0.1786181479692459,
        0.5828932523727417,
        0.9684406518936157,
        0.8255850076675415,
        0.7694193124771118,
        0.8056474328041077,
        0.9560043215751648,
        0.9709814786911011,
        0.9759665131568909,
        0.9587825536727905,
        0.1907486468553543,
        0.6648116707801819,
        0.6819832921028137,
        0.9684915542602539,
        0.28760409355163574,
        0.5963095426559448,
        0.9938344955444336,
        0.18450836837291718,
        0.6342422366142273,
        0.17682740092277527,
        0.49143195152282715,
        0.982587993144989,
        0.9688753485679626
    ],
    "min_trans_rot_dists": [
        [
            0.3571619423793147,
            0.055068478586430936
        ],
        [
            0.5115655332477198,
            0.4456689948376261
        ],
        [
            0.2923560758878503,
            0.055068478586430936
        ],
        [
            0.49338286168203543,
            0.4456689948376261
        ],
        [
            0.17569431366160912,
            0.055068478586430936
        ],
        [
            0.5491773880072918,
            0.4456689948376261
        ],
        [
            0.1429899003534066,
            0.055068478586430936
        ],
        [
            0.5531739975290096,
            0.4456689948376261
        ],
        [
            0.5493972664381706,
            0.055068478586430936
        ],
        [
            0.4433303191280232,
            0.4456689948376261
        ],
        [
            0.5007295303123572,
            0.055068478586430936
        ],
        [
            0.4346774729337141,
            0.4456689948376261
        ],
        [
            0.47540098931462366,
            0.055068478586430936
        ],
        [
            0.41467816580808264,
            0.4456689948376261
        ]
    ],
    "min_trans_rot_dists_prec": [
        [
            1.1019299435694712,
            0.5745916633059176
        ],
        [
            0.7074009702459875,
            0.4879215523122734
        ],
        [
            0.9907953240089351,
            0.9130349267872684
        ],
        [
            0.7819450563745495,
            0.7694015287448368
        ],
        [
            0.49338286168203543,
            0.4456689948376261
        ],
        [
            0.7478540507920098,
            0.26818240219525613
        ],
        [
            1.113540707909493,
            0.14949905632853178
        ],
        [
            0.02118525583840946,
            0.6244203540987252
        ],
        [
            0.34877023399727936,
            0.7489358131630028
        ],
        [
            0.7306723935126731,
            0.8823704778199649
        ],
        [
            0.3571619423793147,
            0.055068478586430936
        ],
        [
            0.7393265300358624,
            0.2219462386828306
        ],
        [
            0.6074850229199789,
            0.5572589404522956
        ],
        [
            0.3121349652002049,
            0.9175858993873693
        ],
        [
            1.0236713701220455,
            0.8640833852219241
        ],
        [
            0.38575680912749744,
            0.9829547970066809
        ],
        [
            0.672713900296177,
            0.36684416744361337
        ],
        [
            0.1865479815900653,
            0.5475996198484622
        ],
        [
            0.8333541188438853,
            0.865257058716759
        ],
        [
            0.5802823626867033,
            0.8611730165737752
        ],
        [
            0.3412082225580213,
            0.12470990530462411
        ],
        [
            0.4570959302750508,
            0.9384649705160674
        ],
        [
            0.4973507303403189,
            0.6806018413892712
        ],
        [
            0.8046829026302875,
            0.709477468156344
        ],
        [
            0.7922032093369875,
            0.9250080024672329
        ],
        [
            0.6987054192561805,
            0.9968045847945218
        ],
        [
            0.19875179871945073,
            0.860623761398863
        ],
        [
            0.6145750526477369,
            0.9878330849444424
        ],
        [
            0.4252432549759238,
            0.5615845606908025
        ],
        [
            0.7493617280533982,
            0.8525116263096312
        ],
        [
            0.6381114230723652,
            0.9901641070481154
        ],
        [
            0.7289253004263883,
            0.9329195364904486
        ]
    ],
    "r_thresh_deg": 5,
    "t_thresh": 0.035,
    "t_thresh_prec": 0.04
}