{
    "match_ratio": 0.0,
    "recall": 0.0,
    "precision": 0.0,
    "n_avail": 8,
    "n_pred": 32,
    "out_scores": [
        0.9934661984443665,
        0.9755010008811951,
        0.974704384803772,
        0.9756491780281067,
        0.9731647372245789,
        0.9765833616256714,
        0.8793525099754333,
        0.9639342427253723,
        0.9080498218536377,
        0.9968544840812683,
        0.9118680357933044,
        0.9916485548019409,
        0.9617459774017334,
        0.9707504510879517,
        0.977343738079071,
        0.9737412929534912,
        0.9920502305030823,
        0.988792359828949,
        0.9403790235519409,
        0.9429399967193604,
        0.9812147617340088,
        0.9756389260292053,
        0.9677568078041077,
        0.9787765145301819,
        0.9737837910652161,
        0.9595379829406738,
        0.9866516590118408,
        0.9594576358795166,
        0.9965853691101074,
        0.9583978056907654,
        0.9560556411743164,
        0.9574549794197083
    ],
    "min_trans_rot_dists": [
        [
            0.050195108881736984,
            0.018040992287187363
        ],
        [
            0.11226938187862745,
            0.9212925343027765
        ],
        [
            0.06974275847692228,
            0.1419330310615614
        ],
        [
            0.06974275847692228,
            0.9212925343027765
        ],
        [
            0.06887323395246837,
            0.1419330310615614
        ],
        [
            0.014296780188058168,
            0.44927566402437524
        ],
        [
            0.08852492670488815,
            0.10232444128900131
        ],
        [
            0.07643064380796709,
            0.1359217543476342
        ]
    ],
    "min_trans_rot_dists_prec": [
        [
            0.17973976875364514,
            0.7067308657906537
        ],
        [
            0.11226938187862745,
            0.1419330310615614
        ],
        [
            0.2903346001826415,
            0.3949618165467156
        ],
        [
            0.05954046725931501,
            0.722477113698426
        ],
        [
            0.08483128157903282,
            0.44927566402437524
        ],
        [
            0.2044299923804189,
            0.09684334277430628
        ],
        [
            0.10072182038177584,
            0.35298099395020954
        ],
        [
            0.13015627177677228,
            0.5103952597482055
        ],
        [
            0.15762227202319154,
            0.6819846209225318
        ],
        [
            0.3819039600418694,
            0.6259312854252026
        ],
        [
            0.31483827544090337,
            0.10232444128900131
        ],
        [
            0.23336067333277075,
            0.08186143342412933
        ],
        [
            0.1996573291036265,
            0.1359217543476342
        ],
        [
            0.28036814488032047,
            0.7082149851079318
        ],
        [
            0.3583249618498208,
            0.6334924345529771
        ],
        [
            0.16594766800759778,
            0.5665180186255896
        ],
        [
            0.14976076422162063,
            0.3764926057623186
        ],
        [
            0.23634258319869195,
            0.05736185934606508
        ],
        [
            0.24939083951093488,
            0.7270219696516835
        ],
        [
            0.3201801462706915,
            0.4138824840201546
        ],
        [
            0.3493932428999583,
            0.5226276094240009
        ],
        [
            0.19245422501914508,
            0.27302007554587515
        ],
        [
            0.26388457839914586,
            0.537246219760778
        ],
        [
            0.39521628046088597,
            0.45212517429680965
        ],
        [
            0.3167681554776936,
            0.2934037120218421
        ],
        [
            0.2239244207331261,
            0.3011948157523765
        ],
        [
            0.3409854272755276,
            0.5643823265075619
        ],
        [
            0.050195108881736984,
            0.018040992287187363
        ],
        [
            0.2481057529741428,
            0.9986914477670163
        ],
        [
            0.2402791538806485,
            0.2887370271058217
        ],
        [
            0.18853957111478054,
            0.6756144290714376
        ],
        [
            0.2610984461977309,
            0.15420012218417967
        ]
    ],
    "r_thresh_deg": 5,
    "t_thresh": 0.035,
    "t_thresh_prec": 0.04
}