{
    "match_ratio": 0.0,
    "recall": 0.0,
    "precision": 0.0,
    "n_avail": 4,
    "n_pred": 32,
    "out_scores": [
        0.9928493499755859,
        0.9954932928085327,
        0.9915174841880798,
        0.9930850267410278,
        0.9938900470733643,
        0.9941712021827698,
        0.7759538888931274,
        0.9896079897880554,
        0.9936975836753845,
        0.9934825301170349,
        0.9923880100250244,
        0.9893877506256104,
        0.9950357675552368,
        0.9927321076393127,
        0.9938727617263794,
        0.992617666721344,
        0.9924128651618958,
        0.9297541975975037,
        0.9582580327987671,
        0.998427152633667,
        0.9890708923339844,
        0.9937741756439209,
        0.9927543997764587,
        0.9939603805541992,
        0.9923500418663025,
        0.9963578581809998,
        0.9975913763046265,
        0.9688326120376587,
        0.9982548356056213,
        0.9909865260124207,
        0.9951209425926208,
        0.9983795881271362
    ],
    "min_trans_rot_dists": [
        [
            0.21243365506742565,
            0.2617441172782803
        ],
        [
            0.16593033501177396,
            0.5846816328507852
        ],
        [
            0.15553838099432196,
            0.2589879020086828
        ],
        [
            0.081533576355299,
            0.2804012533242898
        ]
    ],
    "min_trans_rot_dists_prec": [
        [
            0.3030352149836275,
            0.8718023459055892
        ],
        [
            0.3478278041314791,
            0.6849098720127051
        ],
        [
            0.13280860167747385,
            0.633468991747289
        ],
        [
            0.1484126523150113,
            0.26966966464227116
        ],
        [
            0.04759203268265694,
            0.6949458401668427
        ],
        [
            0.1588634341815202,
            0.06336046045738541
        ],
        [
            0.05763598368707341,
            0.7983574499068353
        ],
        [
            0.16593033501177396,
            0.9497191864446868
        ],
        [
            0.34769057245107077,
            0.545012196463919
        ],
        [
            0.34914730020148166,
            0.5045648351938015
        ],
        [
            0.3353416314213715,
            0.6404747454812357
        ],
        [
            0.42976644792409996,
            0.6623738308615579
        ],
        [
            0.081533576355299,
            0.2804012533242898
        ],
        [
            0.3044624986662735,
            0.6367357479981421
        ],
        [
            0.35883684716176417,
            0.2589879020086828
        ],
        [
            0.22455488295942094,
            0.18963675287385562
        ],
        [
            0.3624003466359069,
            0.5219799555971687
        ],
        [
            0.24377083652930584,
            0.6693120428433955
        ],
        [
            0.36192695406271475,
            0.13199945847950234
        ],
        [
            0.30650345080485936,
            0.5697227572061128
        ],
        [
            0.25996617198567407,
            0.33709397850232925
        ],
        [
            0.36569567137244957,
            0.9402104312519365
        ],
        [
            0.40207027532755435,
            0.15224690573348998
        ],
        [
            0.08551991998830608,
            0.9819237504356545
        ],
        [
            0.09674904576984165,
            0.805355822583362
        ],
        [
            0.31126581946738346,
            0.4473071123020018
        ],
        [
            0.2539668370773079,
            0.2895657924943872
        ],
        [
            0.4250555953874656,
            0.12421729171127427
        ],
        [
            0.21243365506742565,
            0.2617441172782803
        ],
        [
            0.24884749704529194,
            0.5194341130200372
        ],
        [
            0.12560896465914378,
            0.6014078836861239
        ],
        [
            0.28138689327982097,
            0.2534946192945101
        ]
    ],
    "r_thresh_deg": 5,
    "t_thresh": 0.035,
    "t_thresh_prec": 0.04
}