{
    "match_ratio": 0.0,
    "recall": 0.0,
    "precision": 0.0,
    "n_avail": 4,
    "n_pred": 32,
    "out_scores": [
        0.986315131187439,
        0.981446385383606,
        0.9827379584312439,
        0.9836058616638184,
        0.9905936121940613,
        0.9883637428283691,
        0.9865342378616333,
        0.9928168058395386,
        0.9858493804931641,
        0.9870467185974121,
        0.9943060278892517,
        0.9948981404304504,
        0.9886694550514221,
        0.9906557202339172,
        0.9832860231399536,
        0.963801383972168,
        0.9940338730812073,
        0.959761917591095,
        0.9932283759117126,
        0.9847167730331421,
        0.9853416681289673,
        0.9741644263267517,
        0.9927086234092712,
        0.9469298124313354,
        0.9921144247055054,
        0.9577434062957764,
        0.9666273593902588,
        0.9813211560249329,
        0.9900668859481812,
        0.9707626104354858,
        0.9913437366485596,
        0.9339247941970825
    ],
    "min_trans_rot_dists": [
        [
            0.05258968665444592,
            0.8200878427226552
        ],
        [
            0.05258968665444592,
            0.9949314853630324
        ],
        [
            0.008907585485991855,
            0.1932825156561382
        ],
        [
            0.015400920192170419,
            0.4197742265551395
        ]
    ],
    "min_trans_rot_dists_prec": [
        [
            0.05258968665444592,
            0.8200878427226552
        ],
        [
            0.16028496263611625,
            0.46407104342771754
        ],
        [
            0.41113107774570207,
            0.7313264694320584
        ],
        [
            0.14516442951060232,
            0.8090970568277386
        ],
        [
            0.325861825316469,
            0.9199003825241748
        ],
        [
            0.16450373654396674,
            0.17395856818118438
        ],
        [
            0.23781929563031876,
            0.11486792250158462
        ],
        [
            0.16463379988980067,
            0.4131763397048642
        ],
        [
            0.34105359051386497,
            0.5340237179929748
        ],
        [
            0.3620011431932366,
            0.3574612994331767
        ],
        [
            0.26222195739099646,
            0.930693189625279
        ],
        [
            0.21945767107141415,
            0.21804326045738975
        ],
        [
            0.25202772505608245,
            0.05179047721649077
        ],
        [
            0.16174851811752297,
            0.39700241342074527
        ],
        [
            0.19556302515429716,
            0.2921179268369567
        ],
        [
            0.10489198343715676,
            0.4784028079591819
        ],
        [
            0.26915852713306593,
            0.7042068736408371
        ],
        [
            0.2878647261766038,
            0.009030903530082401
        ],
        [
            0.20789760241602112,
            0.25542702530297523
        ],
        [
            0.14929347305068263,
            0.733066706803256
        ],
        [
            0.26861182383014937,
            0.5017057968715818
        ],
        [
            0.3596968916780064,
            0.7886932432577409
        ],
        [
            0.07990719325260524,
            0.6763471966087125
        ],
        [
            0.2721335339086036,
            0.448867997573396
        ],
        [
            0.36334273687311264,
            0.7077883616085436
        ],
        [
            0.37371185171834237,
            0.8211893303208233
        ],
        [
            0.11102778449252428,
            0.1932825156561382
        ],
        [
            0.2936544859915588,
            0.4112562074938
        ],
        [
            0.24972975439251258,
            0.7309635323444255
        ],
        [
            0.30245127833785107,
            0.7314536448130959
        ],
        [
            0.0875221589900908,
            0.9753356653610425
        ],
        [
            0.015400920192170419,
            0.4197742265551395
        ]
    ],
    "r_thresh_deg": 5,
    "t_thresh": 0.035,
    "t_thresh_prec": 0.04
}