{
    "match_ratio": 0.25,
    "recall": 0.25,
    "precision": 0.25,
    "n_avail": 8,
    "n_pred": 32,
    "out_scores": [
        0.7500317096710205,
        0.8294554948806763,
        0.6168435215950012,
        1.5316915096263983e-06,
        0.5023767352104187,
        0.6571436524391174,
        4.403388447826728e-05,
        1.107536490962957e-06,
        0.504807710647583,
        0.8091254234313965,
        0.8042935729026794,
        8.99842125363648e-05,
        0.5709421634674072,
        0.0006749519961886108,
        9.933944966178387e-05,
        0.14865732192993164,
        0.8657868504524231,
        0.1676451414823532,
        6.186857353895903e-05,
        0.5978624224662781,
        0.812688946723938,
        0.7464805245399475,
        9.824646986089647e-05,
        6.015166945871897e-05,
        0.0001628584141144529,
        0.6585690975189209,
        0.6192143559455872,
        0.6437842845916748,
        0.0009359875693917274,
        0.7640377283096313,
        0.0008692626724950969,
        0.00046009666402824223
    ],
    "min_trans_rot_dists": [
        [
            0.07014090275258612,
            0.9970839430275638
        ],
        [
            0.07173578778096483,
            0.005718974512487929
        ],
        [
            0.019558413779354324,
            0.9970839430275638
        ],
        [
            0.019558413779354324,
            0.007113057897552899
        ],
        [
            0.011426735345556008,
            0.9976525542264711
        ],
        [
            0.019764657716296378,
            0.04323741912309487
        ],
        [
            0.06643286598734169,
            0.09907161494653793
        ],
        [
            0.12144246365333476,
            0.0534845808539095
        ]
    ],
    "min_trans_rot_dists_prec": [
        [
            0.10821736127333195,
            0.6308124708457568
        ],
        [
            0.10847409005784107,
            0.6443028793628642
        ],
        [
            0.020534618692271942,
            0.005718974512487929
        ],
        [
            0.10163070677965146,
            0.015564145496543391
        ],
        [
            0.02006204557176712,
            0.0534845808539095
        ],
        [
            0.019923517722847464,
            0.007506005440991781
        ],
        [
            0.18836724141010935,
            0.07908093416674933
        ],
        [
            0.10002521181208607,
            0.017222142030632215
        ],
        [
            0.012765238083087776,
            0.7759367506300687
        ],
        [
            0.11020143849937157,
            0.6222219893664177
        ],
        [
            0.10821998366055405,
            0.6402305671139334
        ],
        [
            0.19297719501558566,
            0.08468956824114315
        ],
        [
            0.11003741261244541,
            0.6302213148295845
        ],
        [
            0.3001505959774396,
            0.09907161494653793
        ],
        [
            0.18979825358999908,
            0.08273579082816951
        ],
        [
            0.18579649619299668,
            0.8644890270726882
        ],
        [
            0.11426935146405487,
            0.6224688938764902
        ],
        [
            0.18747394379583207,
            0.8695825405061106
        ],
        [
            0.1895666258359781,
            0.07245530062303207
        ],
        [
            0.01889315156532233,
            0.062115798436628955
        ],
        [
            0.10783386126285416,
            0.6322958245700185
        ],
        [
            0.019558413779354324,
            0.007113057897552899
        ],
        [
            0.19163048819059697,
            0.08397927275102746
        ],
        [
            0.188405706397869,
            0.08044986639514529
        ],
        [
            0.19001858276645614,
            0.08420816204888537
        ],
        [
            0.019461926684512125,
            0.05860093886751083
        ],
        [
            0.020075925697387455,
            0.056601502886144295
        ],
        [
            0.019764657716296378,
            0.04323741912309487
        ],
        [
            0.2999988955868874,
            0.11555480039538968
        ],
        [
            0.11032570270125573,
            0.6425935318386563
        ],
        [
            0.2990803951906195,
            0.11349713982470488
        ],
        [
            0.29857791146424606,
            0.10378940207319542
        ]
    ],
    "r_thresh_deg": 5,
    "t_thresh": 0.035,
    "t_thresh_prec": 0.04
}