{
    "match_ratio": 0.0,
    "recall": 0.0,
    "precision": 0.0,
    "n_avail": 6,
    "n_pred": 32,
    "out_scores": [
        0.9892899394035339,
        0.9880132675170898,
        0.9079713225364685,
        0.9882226586341858,
        0.9884821176528931,
        0.9818506836891174,
        0.988490104675293,
        0.9880125522613525,
        0.8877758979797363,
        0.9882929921150208,
        0.9858677983283997,
        0.9913153648376465,
        0.9880222082138062,
        0.9891017079353333,
        0.987983226776123,
        0.9899691939353943,
        0.9874157309532166,
        0.9886559247970581,
        0.8464490175247192,
        0.9880237579345703,
        0.8997876644134521,
        0.988365650177002,
        0.9873290061950684,
        0.9861587882041931,
        0.9887818694114685,
        0.8758626580238342,
        0.988267719745636,
        0.9930068254470825,
        0.9866602420806885,
        0.987136721611023,
        0.9869807362556458,
        0.9801227450370789
    ],
    "min_trans_rot_dists": [
        [
            0.19744133745964987,
            0.13016749920366644
        ],
        [
            0.27956342593751066,
            0.0777698532698029
        ],
        [
            0.1695634343503348,
            0.13016749920366644
        ],
        [
            0.10264706605645217,
            0.1346221196361741
        ],
        [
            0.0184720533783311,
            0.2113955374317834
        ],
        [
            0.021278615680916005,
            0.1346221196361741
        ]
    ],
    "min_trans_rot_dists_prec": [
        [
            0.3603168493697746,
            0.5109031060936418
        ],
        [
            0.2250622871561096,
            0.502269355305209
        ],
        [
            0.34411771730657836,
            0.1839705395635155
        ],
        [
            0.19744133745964987,
            0.13016749920366644
        ],
        [
            0.4022198847304937,
            0.7614951491260851
        ],
        [
            0.2453803841826196,
            0.5669972680011804
        ],
        [
            0.15872918697879615,
            0.2113955374317834
        ],
        [
            0.13652283764265796,
            0.23560929180617285
        ],
        [
            0.22697187257830323,
            0.7289691127207931
        ],
        [
            0.2818413135240157,
            0.751988790809812
        ],
        [
            0.24553093348727742,
            0.7047283984285451
        ],
        [
            0.12893040255393753,
            0.3604968479808368
        ],
        [
            0.23841136898939072,
            0.1152645987270795
        ],
        [
            0.17845712797161556,
            0.25184581811615503
        ],
        [
            0.12866057919478338,
            0.2731359116862805
        ],
        [
            0.2594205891369272,
            0.20856898786475786
        ],
        [
            0.16144551523423975,
            0.23612177757520048
        ],
        [
            0.2575674942826305,
            0.3922766784468421
        ],
        [
            0.2970597895510259,
            0.7882380276032195
        ],
        [
            0.2694888086160535,
            0.1342957317474488
        ],
        [
            0.2431731549846956,
            0.0777698532698029
        ],
        [
            0.2401032407929824,
            0.670911657180612
        ],
        [
            0.27674775804588214,
            0.9055398975498257
        ],
        [
            0.12048959710866101,
            0.9088098168371277
        ],
        [
            0.10178979673494197,
            0.8136525366655571
        ],
        [
            0.11574520486853959,
            0.6827082328702121
        ],
        [
            0.15147478329058303,
            0.8200650362368747
        ],
        [
            0.10264706605645217,
            0.1346221196361741
        ],
        [
            0.2562433367886897,
            0.20301522793237936
        ],
        [
            0.36734006335867336,
            0.37449348305138985
        ],
        [
            0.39992853353752233,
            0.6197164826023017
        ],
        [
            0.2419282338572867,
            0.8313702893891182
        ]
    ],
    "r_thresh_deg": 5,
    "t_thresh": 0.035,
    "t_thresh_prec": 0.04
}