{
    "match_ratio": 0.5,
    "recall": 0.5,
    "precision": 0.15625,
    "n_avail": 2,
    "n_pred": 32,
    "out_scores": [
        0.9796733856201172,
        0.9823862314224243,
        0.9779525399208069,
        0.9867181181907654,
        0.9826465845108032,
        0.987321138381958,
        0.9926488995552063,
        0.991473913192749,
        0.9806731939315796,
        0.9863798022270203,
        0.9711230993270874,
        0.9888620972633362,
        0.9815735220909119,
        0.9652577042579651,
        0.990872323513031,
        0.9890084862709045,
        0.972249448299408,
        0.6199026107788086,
        0.232438325881958,
        0.9766244292259216,
        0.99321448802948,
        0.9854072332382202,
        0.9926942586898804,
        0.9864022135734558,
        0.9556824564933777,
        0.984464704990387,
        0.982607901096344,
        0.9896631836891174,
        0.9872079491615295,
        0.9834399223327637,
        0.5315818786621094,
        0.9902116656303406
    ],
    "min_trans_rot_dists": [
        [
            0.0048315570579047585,
            0.040295507446950096
        ],
        [
            0.005453859150261922,
            0.9999199121727165
        ]
    ],
    "min_trans_rot_dists_prec": [
        [
            0.005453859150261922,
            0.16409083803194158
        ],
        [
            0.042028939941033024,
            0.9999421083816339
        ],
        [
            0.04244831887503653,
            0.9999472712976474
        ],
        [
            0.04212738526832825,
            0.9999993494446736
        ],
        [
            0.04181969891906642,
            0.9999475397890152
        ],
        [
            0.006896359099623479,
            0.037308295060661356
        ],
        [
            0.004031539919049528,
            0.9621564144644336
        ],
        [
            0.004939011497149999,
            0.5783793858825632
        ],
        [
            0.04194916565125329,
            0.9999274351202603
        ],
        [
            0.04189926751265122,
            0.9999542108058826
        ],
        [
            0.04238946507495987,
            0.9999795916935692
        ],
        [
            0.004282693462923703,
            0.5204104345164915
        ],
        [
            0.04257734533396479,
            0.9999995975875651
        ],
        [
            0.005301561062316322,
            0.1732944506549151
        ],
        [
            0.008919496663981896,
            0.1965253806413486
        ],
        [
            0.04188132643562221,
            0.9999947498845906
        ],
        [
            0.04242313716132524,
            0.9999860908813035
        ],
        [
            0.1904411528841138,
            0.4772194012257689
        ],
        [
            0.1867702890677025,
            0.15631928974204734
        ],
        [
            0.005678685740540629,
            0.06301303433308847
        ],
        [
            0.004047686996511603,
            0.8658213763010629
        ],
        [
            0.00640914012610015,
            0.06514327558522104
        ],
        [
            0.004438542177414184,
            0.9640350282272843
        ],
        [
            0.042404917812775535,
            0.9999991043886532
        ],
        [
            0.005373800058940533,
            0.01934753479708673
        ],
        [
            0.0048315570579047585,
            0.040295507446950096
        ],
        [
            0.005032506977633099,
            0.26352429547991907
        ],
        [
            0.04162192698324357,
            0.9999263412232299
        ],
        [
            0.042427940244724155,
            0.9999659969342536
        ],
        [
            0.0426241979521599,
            0.9999978133318803
        ],
        [
            0.1921281421565551,
            0.9581855312597615
        ],
        [
            0.04218213036768933,
            0.9999404169280566
        ]
    ],
    "r_thresh_deg": 5,
    "t_thresh": 0.035,
    "t_thresh_prec": 0.04
}