{
    "match_ratio": 0.0,
    "recall": 0.0,
    "precision": 0.0,
    "n_avail": 8,
    "n_pred": 32,
    "out_scores": [
        0.014391632750630379,
        0.8626189827919006,
        0.9545638561248779,
        0.9322779178619385,
        0.03292206674814224,
        0.9557400941848755,
        0.9540379047393799,
        0.5904439091682434,
        0.9490900039672852,
        0.8553382754325867,
        0.9126030802726746,
        0.5032342076301575,
        0.9412806034088135,
        0.9553148150444031,
        0.05965450033545494,
        0.9751335978507996,
        0.2319387048482895,
        0.8763485550880432,
        0.2745201289653778,
        0.029185498133301735,
        0.30914121866226196,
        0.06629100441932678,
        0.7425791621208191,
        0.9087538719177246,
        0.9681797027587891,
        0.7237927317619324,
        0.9330021142959595,
        0.8670796751976013,
        0.06948401033878326,
        0.7934025526046753,
        0.06664524227380753,
        0.9005656838417053
    ],
    "min_trans_rot_dists": [
        [
            0.3316078337548193,
            0.003327624208725677
        ],
        [
            0.599620206281526,
            0.44437140449188295
        ],
        [
            0.1619993652734088,
            0.003327624208725677
        ],
        [
            0.4582270425155328,
            0.44437140449188295
        ],
        [
            0.28558801591292454,
            0.003327624208725677
        ],
        [
            0.31277916354807683,
            0.4604038679786304
        ],
        [
            0.060026250173088325,
            0.003327624208725677
        ],
        [
            0.5563564639547374,
            0.44437140449188295
        ]
    ],
    "min_trans_rot_dists_prec": [
        [
            0.739246840638176,
            0.7059877567296124
        ],
        [
            1.306723037766506,
            0.2724422564400901
        ],
        [
            0.7968695724176524,
            0.8560351257497714
        ],
        [
            0.4582270425155328,
            0.44437140449188295
        ],
        [
            0.6330384322596111,
            0.7510677453085002
        ],
        [
            0.37321545232801595,
            0.5535206544405809
        ],
        [
            0.6028064114154575,
            0.5888639080453086
        ],
        [
            0.673237764316219,
            0.4915694700399683
        ],
        [
            0.883400970022635,
            0.957726894325476
        ],
        [
            0.39706578887534794,
            0.8693115464267104
        ],
        [
            0.3316078337548193,
            0.003327624208725677
        ],
        [
            0.7122395376047211,
            0.45495088319337385
        ],
        [
            1.0335197387603428,
            0.5047183381772188
        ],
        [
            0.7863607198587416,
            0.9045209814618679
        ],
        [
            0.9337352562876262,
            0.024444218210405877
        ],
        [
            0.6133171623028814,
            0.6485844334312707
        ],
        [
            0.9691608741049377,
            0.6799775199482965
        ],
        [
            0.6702676237980882,
            0.15391180758352963
        ],
        [
            0.8970717961010923,
            0.9455943851288238
        ],
        [
            0.5053615186319073,
            0.9679422857648721
        ],
        [
            0.8970244987562126,
            0.8683411575337442
        ],
        [
            0.5195417037821563,
            0.9999996899580672
        ],
        [
            0.725913042332467,
            0.510390831477362
        ],
        [
            0.3923482521228611,
            0.8204380635889945
        ],
        [
            0.5837545608252644,
            0.4879895574635348
        ],
        [
            0.15169560061590356,
            0.4604038679786304
        ],
        [
            0.6371389555859885,
            0.9291396259821292
        ],
        [
            0.9689196671684068,
            0.9923335715730704
        ],
        [
            0.8149641436863799,
            0.9452867567377586
        ],
        [
            0.6439471054782838,
            0.9130011577175474
        ],
        [
            0.37121028936284245,
            0.2406050882202131
        ],
        [
            0.7621302702922832,
            0.8150570491622675
        ]
    ],
    "r_thresh_deg": 5,
    "t_thresh": 0.035,
    "t_thresh_prec": 0.04
}