{
    "match_ratio": 0.0,
    "recall": 0.0,
    "precision": 0.0,
    "n_avail": 6,
    "n_pred": 32,
    "out_scores": [
        0.5926505327224731,
        0.4360351860523224,
        0.18140384554862976,
        0.9652422666549683,
        0.9770542979240417,
        0.9404484033584595,
        0.42669644951820374,
        0.9625808596611023,
        0.9368388652801514,
        0.41748183965682983,
        0.37130850553512573,
        0.20946826040744781,
        0.5060325860977173,
        0.22214405238628387,
        0.39320555329322815,
        0.4047362804412842,
        0.23355749249458313,
        0.9636828899383545,
        0.2098797857761383,
        0.9572471976280212,
        0.4683177173137665,
        0.4510611593723297,
        0.3556998074054718,
        0.7734976410865784,
        0.9637553095817566,
        0.5058594346046448,
        0.2696221172809601,
        0.9429046511650085,
        0.9359936118125916,
        0.6866397857666016,
        0.9651128053665161,
        0.46175622940063477
    ],
    "min_trans_rot_dists": [
        [
            0.27979105405418186,
            0.14058736227950208
        ],
        [
            0.5854490856270291,
            0.31339505679803537
        ],
        [
            0.2026325406641016,
            0.14058736227950208
        ],
        [
            0.6292733920741446,
            0.31339505679803537
        ],
        [
            0.11566205205404302,
            0.14058736227950208
        ],
        [
            0.716829666454037,
            0.31339505679803537
        ]
    ],
    "min_trans_rot_dists_prec": [
        [
            1.3511779852694288,
            0.7096306265115797
        ],
        [
            1.1840904468152074,
            0.6445445013720719
        ],
        [
            0.5513392202191894,
            0.23390744012350828
        ],
        [
            1.2131235261922027,
            0.8031562500506046
        ],
        [
            0.6156977257997186,
            0.8575450168630177
        ],
        [
            0.5876555783950593,
            0.9906383877391378
        ],
        [
            0.27979105405418186,
            0.14058736227950208
        ],
        [
            0.5854490856270291,
            0.9931458227584395
        ],
        [
            1.0390422945675417,
            0.742409391262427
        ],
        [
            1.2269632402209563,
            0.8263942599986895
        ],
        [
            1.2935015401782741,
            0.5375841275020159
        ],
        [
            0.8589219577218286,
            0.22833069201585854
        ],
        [
            0.9090608010900851,
            0.8006110735281937
        ],
        [
            0.6628093020558627,
            0.3589951549291007
        ],
        [
            0.8428293898086312,
            0.27706758818201016
        ],
        [
            0.5277548089745996,
            0.6593388356912401
        ],
        [
            0.8656183886020371,
            0.6592189500233335
        ],
        [
            1.3512172011200485,
            0.4623323619584344
        ],
        [
            0.5588729888490586,
            0.915409452755926
        ],
        [
            0.4678354047106227,
            0.6907865533474733
        ],
        [
            0.0839857922140144,
            0.7678696784090027
        ],
        [
            0.4869653065458542,
            0.5883112084459138
        ],
        [
            0.9294390707557981,
            0.7960664164738109
        ],
        [
            0.9464759141697954,
            0.6394805852898106
        ],
        [
            0.40132614313953296,
            0.7510616915537767
        ],
        [
            0.9699597383219889,
            0.5687766517011538
        ],
        [
            0.3600434609930426,
            0.2182453238842752
        ],
        [
            1.0771906163989171,
            0.7104511915932801
        ],
        [
            1.2023649527154994,
            0.3933377684364108
        ],
        [
            0.35642448004092026,
            0.3521042383088391
        ],
        [
            0.9431895409495432,
            0.6713523357082629
        ],
        [
            1.226675315863556,
            0.6115993255066687
        ]
    ],
    "r_thresh_deg": 5,
    "t_thresh": 0.035,
    "t_thresh_prec": 0.04
}