{
    "match_ratio": 0.25,
    "recall": 0.25,
    "precision": 0.34375,
    "n_avail": 4,
    "n_pred": 32,
    "out_scores": [
        0.9827324151992798,
        0.977351725101471,
        0.9447423219680786,
        0.9769964814186096,
        0.9462667107582092,
        0.9826605916023254,
        0.9648875594139099,
        0.9527859091758728,
        0.0569264180958271,
        0.981899619102478,
        0.9076189398765564,
        0.9451075196266174,
        0.9738786816596985,
        0.9113433957099915,
        0.09588507562875748,
        0.869054913520813,
        0.9822764992713928,
        0.9286723136901855,
        0.9816900491714478,
        0.9812612533569336,
        0.0552980974316597,
        0.9665965437889099,
        0.9746189713478088,
        0.9577186703681946,
        0.9214494824409485,
        0.9808177947998047,
        0.03820115700364113,
        0.20117586851119995,
        0.9790306687355042,
        0.9746008515357971,
        0.9356393814086914,
        0.9826152324676514
    ],
    "min_trans_rot_dists": [
        [
            0.028629027873635055,
            0.22444222194343322
        ],
        [
            0.03028064451884453,
            0.06895546429921984
        ],
        [
            0.09527198861414818,
            0.22444222194343322
        ],
        [
            0.09421232224991859,
            0.9734058979254193
        ]
    ],
    "min_trans_rot_dists_prec": [
        [
            0.03292869783509628,
            0.23116320384847755
        ],
        [
            0.02804985680103963,
            0.06616742705143419
        ],
        [
            0.031124160498169108,
            0.2603546825018105
        ],
        [
            0.03711975921589129,
            0.27439079839665936
        ],
        [
            0.025105413478167332,
            0.06892883191664201
        ],
        [
            0.030814950479603635,
            0.958677185555978
        ],
        [
            0.02651104089898949,
            0.06804102786641764
        ],
        [
            0.028629027873635055,
            0.22444222194343322
        ],
        [
            0.020296233826905766,
            0.9993512150723773
        ],
        [
            0.03495392273350977,
            0.2559010682884464
        ],
        [
            0.019306296759431855,
            0.9996643989244086
        ],
        [
            0.028572242545707158,
            0.26955704653473533
        ],
        [
            0.029316643768932032,
            0.07154822207171185
        ],
        [
            0.02823333404738307,
            0.2853988012905265
        ],
        [
            0.021412117476162083,
            0.9993797950289015
        ],
        [
            0.020307952244817275,
            0.06592878875740238
        ],
        [
            0.03293648980241653,
            0.2328900740765093
        ],
        [
            0.024707526866935354,
            0.061849963252446516
        ],
        [
            0.028148223405678064,
            0.9380212419166882
        ],
        [
            0.032550626939915665,
            0.24937558862845444
        ],
        [
            0.022614570651046727,
            0.9991268148816813
        ],
        [
            0.02522147049387288,
            0.06058236880892498
        ],
        [
            0.02914141551040788,
            0.06505150744040344
        ],
        [
            0.028552052828078413,
            0.25512760078792973
        ],
        [
            0.022765836894201134,
            0.05600466336149301
        ],
        [
            0.028076508206987684,
            0.9419839073369785
        ],
        [
            0.02216950978531913,
            0.9991677751984724
        ],
        [
            0.02462497713096427,
            0.9993237217835365
        ],
        [
            0.027763674991673246,
            0.06625834954093235
        ],
        [
            0.03028064451884453,
            0.06895546429921984
        ],
        [
            0.02919439224021836,
            0.2643800678393725
        ],
        [
            0.03594508283373813,
            0.23517773964254018
        ]
    ],
    "r_thresh_deg": 5,
    "t_thresh": 0.035,
    "t_thresh_prec": 0.04
}