{
    "match_ratio": 0.0,
    "recall": 0.0,
    "precision": 0.0,
    "n_avail": 4,
    "n_pred": 32,
    "out_scores": [
        0.6789933443069458,
        0.971043050289154,
        0.9714915752410889,
        0.7767211198806763,
        0.7196682095527649,
        0.9722788333892822,
        0.9702905416488647,
        0.9678218960762024,
        0.9765940308570862,
        0.9754869341850281,
        0.9792463183403015,
        0.6513282656669617,
        0.968991756439209,
        0.9769123792648315,
        0.9708437919616699,
        0.968120813369751,
        0.7165186405181885,
        0.8317718505859375,
        0.7366119623184204,
        0.661932110786438,
        0.9805651307106018,
        0.9791130423545837,
        0.7378906011581421,
        0.9697965383529663,
        0.9734704494476318,
        0.9804319143295288,
        0.9704129099845886,
        0.9686504602432251,
        0.8231639862060547,
        0.9695394039154053,
        0.9730846881866455,
        0.8226131200790405
    ],
    "min_trans_rot_dists": [
        [
            0.1999486150096701,
            0.08356594965584829
        ],
        [
            0.22066700413062734,
            0.1380954969409891
        ],
        [
            0.04073093271185298,
            0.10001411795939041
        ],
        [
            0.04692963237396842,
            0.1380954969409891
        ]
    ],
    "min_trans_rot_dists_prec": [
        [
            0.04777648054142524,
            0.7225219121383022
        ],
        [
            0.2024816756864219,
            0.10001411795939041
        ],
        [
            0.20361359766014075,
            0.1670996584229234
        ],
        [
            0.05835749389112334,
            0.6257845406937912
        ],
        [
            0.04692963237396842,
            0.1380954969409891
        ],
        [
            0.1999486150096701,
            0.08356594965584829
        ],
        [
            0.2073933252062753,
            0.14693638470077586
        ],
        [
            0.2118857001659567,
            0.09213925145067137
        ],
        [
            0.20957006755601443,
            0.41791151650812963
        ],
        [
            0.2093702984281924,
            0.8141559776932296
        ],
        [
            0.20871984295124688,
            0.5801014247895182
        ],
        [
            0.04666864349370325,
            0.2045056740891611
        ],
        [
            0.2045686319937746,
            0.08508086440125429
        ],
        [
            0.2147448425326876,
            0.9586107605826292
        ],
        [
            0.20759384731558284,
            0.04752604277635719
        ],
        [
            0.20687466205953978,
            0.07177885281606933
        ],
        [
            0.045733597617771196,
            0.18174283164097038
        ],
        [
            0.054449469574973645,
            0.09926900055927601
        ],
        [
            0.04997902500467698,
            0.19021906345210193
        ],
        [
            0.04212264200824999,
            0.19265523181359845
        ],
        [
            0.2129534390552156,
            0.9944261261449536
        ],
        [
            0.21239206265285637,
            0.8246652882879182
        ],
        [
            0.04975464816531572,
            0.6936460737365187
        ],
        [
            0.20397209096380067,
            0.07207686237333932
        ],
        [
            0.21150390570221084,
            0.776053850743781
        ],
        [
            0.20531949710850567,
            0.9140454940348481
        ],
        [
            0.20418727596344816,
            0.08238471297633265
        ],
        [
            0.20229803104959573,
            0.08258670435448756
        ],
        [
            0.05038681604322963,
            0.007932621559984976
        ],
        [
            0.20386501698072085,
            0.08822666882331343
        ],
        [
            0.2084714333599888,
            0.2923681742068689
        ],
        [
            0.050483271738569195,
            0.046000571869459383
        ]
    ],
    "r_thresh_deg": 5,
    "t_thresh": 0.035,
    "t_thresh_prec": 0.04
}