{
    "match_ratio": 0.0,
    "recall": 0.0,
    "precision": 0.0,
    "n_avail": 2,
    "n_pred": 32,
    "out_scores": [
        0.7552116513252258,
        0.6680797934532166,
        0.645466685295105,
        0.9366282820701599,
        0.011101248674094677,
        0.8775944709777832,
        0.7642315030097961,
        0.8440377116203308,
        0.029914822429418564,
        0.004912808071821928,
        0.7901828289031982,
        0.8885865211486816,
        0.7562440037727356,
        0.6782969236373901,
        0.8534653186798096,
        0.8276640772819519,
        0.304096519947052,
        0.8128223419189453,
        0.7707917094230652,
        0.8156381845474243,
        0.18501342833042145,
        2.697284799069166e-06,
        0.7383920550346375,
        0.8350390791893005,
        0.2931145429611206,
        0.052593015134334564,
        0.0036254420410841703,
        0.8075292110443115,
        0.6139549016952515,
        0.3185674846172333,
        0.9350102543830872,
        0.8812318444252014
    ],
    "min_trans_rot_dists": [
        [
            0.2326992792107932,
            0.24008615537058065
        ],
        [
            0.3730692285561997,
            0.03160257981108738
        ]
    ],
    "min_trans_rot_dists_prec": [
        [
            1.0967044680190017,
            0.9482517565500711
        ],
        [
            0.25936959208172206,
            0.4810599691523494
        ],
        [
            0.5102839894784517,
            0.9994568239637843
        ],
        [
            0.7037835588734203,
            0.13390317456112588
        ],
        [
            0.5240530224855431,
            0.775723438634024
        ],
        [
            0.8021583606238162,
            0.9731595375924459
        ],
        [
            0.4980160803117241,
            0.9940189384179178
        ],
        [
            0.6030700638589408,
            0.7292571374508723
        ],
        [
            0.5125270526454212,
            0.9969799754052392
        ],
        [
            0.3463632565163264,
            0.05845771162923896
        ],
        [
            0.3730692285561997,
            0.9948780620930884
        ],
        [
            0.459969695507165,
            0.6140109951338844
        ],
        [
            0.3797425769440192,
            0.8908849305939838
        ],
        [
            0.2326992792107932,
            0.24008615537058065
        ],
        [
            0.7130889286787556,
            0.9684841778665276
        ],
        [
            0.3373143290490206,
            0.7017327180212051
        ],
        [
            0.7671640121773908,
            0.49904618458673433
        ],
        [
            0.7176943340261377,
            0.924446086264965
        ],
        [
            0.3773949782192123,
            0.7689501911783319
        ],
        [
            0.7266790853319803,
            0.9871630590045222
        ],
        [
            0.9530996881110473,
            0.6475244298349929
        ],
        [
            0.7238926341959723,
            0.7039841891614443
        ],
        [
            0.651361387614086,
            0.6354990528642245
        ],
        [
            0.6541209925538729,
            0.758427049833347
        ],
        [
            0.039910271198321634,
            0.5379865036524718
        ],
        [
            0.7634544385638286,
            0.9497914553076025
        ],
        [
            0.20711478001047112,
            0.9930179306256232
        ],
        [
            0.8610962509460593,
            0.017805669253609158
        ],
        [
            0.45895760395800766,
            0.8763306162725037
        ],
        [
            0.6402972403246773,
            0.6797721418001343
        ],
        [
            0.5355362503949334,
            0.6490885315125692
        ],
        [
            0.6442439990241536,
            0.7699618900278027
        ]
    ],
    "r_thresh_deg": 5,
    "t_thresh": 0.035,
    "t_thresh_prec": 0.04
}