{
    "match_ratio": 0.16666666666666666,
    "recall": 0.16666666666666666,
    "precision": 0.125,
    "n_avail": 12,
    "n_pred": 32,
    "out_scores": [
        0.8409003019332886,
        0.9528217315673828,
        0.8907667398452759,
        0.9725958108901978,
        0.9798977971076965,
        0.9723148941993713,
        0.9853146076202393,
        0.9189011454582214,
        0.915895402431488,
        0.9181321263313293,
        0.9859185218811035,
        0.8852289915084839,
        0.8088037371635437,
        0.9733285903930664,
        0.8686246871948242,
        0.9853813052177429,
        0.967538058757782,
        0.9512851238250732,
        0.9543039202690125,
        0.9346385598182678,
        0.9819450378417969,
        0.9378969073295593,
        0.960680365562439,
        0.9290829300880432,
        0.98395836353302,
        0.9250674843788147,
        0.9706906080245972,
        0.9830983281135559,
        0.9731549024581909,
        0.9842027425765991,
        0.982187807559967,
        0.9484382271766663
    ],
    "min_trans_rot_dists": [
        [
            0.023056337084103058,
            0.003910093681010696
        ],
        [
            0.1282547486299042,
            0.2589470326699632
        ],
        [
            0.02865633750707888,
            0.00011133462474188782
        ],
        [
            0.02669240198737899,
            0.2589470326699632
        ],
        [
            0.033907592843640394,
            0.9999287917713976
        ],
        [
            0.033907592843640394,
            0.9497569680299319
        ],
        [
            0.21069686822868686,
            0.00011133462474188782
        ],
        [
            0.03017039855575953,
            0.5838573509437199
        ],
        [
            0.064229279478985,
            0.012023552149660777
        ],
        [
            0.05352796760415828,
            0.020568029287603484
        ],
        [
            0.04400040758996762,
            0.00026755550674961714
        ],
        [
            0.16571440978825555,
            0.020568029287603484
        ]
    ],
    "min_trans_rot_dists_prec": [
        [
            0.16697573419542572,
            0.9497569680299319
        ],
        [
            0.24083044745317433,
            0.9938063497842393
        ],
        [
            0.028669416220935925,
            0.0004627095965222816
        ],
        [
            0.03026714025043647,
            0.9539546495259252
        ],
        [
            0.20580430430961644,
            0.596288829027255
        ],
        [
            0.2359216621239944,
            0.9971355042135601
        ],
        [
            0.2071848771953648,
            0.5890796003245589
        ],
        [
            0.34594907782916046,
            0.012023552149660777
        ],
        [
            0.20325665895403158,
            0.020568029287603484
        ],
        [
            0.022375706628613854,
            0.003909608880488968
        ],
        [
            0.20647801565004595,
            0.6494071211532162
        ],
        [
            0.20544556727061467,
            0.022109948991142825
        ],
        [
            0.02669240198737899,
            0.2589470326699632
        ],
        [
            0.2036087447430217,
            0.018481828790354204
        ],
        [
            0.02865633750707888,
            0.00011133462474188782
        ],
        [
            0.20454597518961343,
            0.5765635145961436
        ],
        [
            0.2203290173778532,
            0.38031284719549696
        ],
        [
            0.3386053163742048,
            0.9403394305828793
        ],
        [
            0.33912634278266907,
            0.9409487024283222
        ],
        [
            0.023056337084103058,
            0.003910093681010696
        ],
        [
            0.2137114152090452,
            0.38118579206252134
        ],
        [
            0.20550688047525922,
            0.018581006872225525
        ],
        [
            0.3373806169242582,
            0.9527166851703509
        ],
        [
            0.3007427552864256,
            0.00026755550674961714
        ],
        [
            0.20548313545777389,
            0.5736052057311621
        ],
        [
            0.3510067712757998,
            0.00711398255024287
        ],
        [
            0.027944331102378407,
            0.963906415732277
        ],
        [
            0.20497011677852542,
            0.5708365760554008
        ],
        [
            0.029797276309438393,
            0.961275273616768
        ],
        [
            0.20819680507311097,
            0.5838573509437199
        ],
        [
            0.20409391949103148,
            0.5915740594149406
        ],
        [
            0.20640171182627168,
            0.02765462615292602
        ]
    ],
    "r_thresh_deg": 5,
    "t_thresh": 0.035,
    "t_thresh_prec": 0.04
}