{
    "match_ratio": 0.07142857142857142,
    "recall": 0.07142857142857142,
    "precision": 0.03125,
    "n_avail": 14,
    "n_pred": 32,
    "out_scores": [
        0.825178325176239,
        0.9929428100585938,
        0.9137206673622131,
        0.9931880235671997,
        0.316529780626297,
        0.656581461429596,
        0.9391351938247681,
        0.7616072297096252,
        0.4640319347381592,
        0.9808211326599121,
        0.9745619297027588,
        3.7271598557708785e-05,
        0.8179445862770081,
        0.7918520569801331,
        0.9271209239959717,
        0.7997313141822815,
        0.7999235391616821,
        0.9882389307022095,
        0.7873318791389465,
        0.9761608242988586,
        0.9206958413124084,
        0.6915642023086548,
        0.9847636818885803,
        0.8950783610343933,
        0.9844632148742676,
        0.9716799259185791,
        0.8826962113380432,
        0.23030464351177216,
        0.6760206818580627,
        0.7299995422363281,
        0.9540550112724304,
        0.7528294920921326
    ],
    "min_trans_rot_dists": [
        [
            0.14677760419713626,
            0.17388428597376437
        ],
        [
            0.010530654100809589,
            0.5904662217622347
        ],
        [
            0.19783937068561233,
            0.17388428597376437
        ],
        [
            0.08836454060614168,
            0.5904662217622347
        ],
        [
            0.11226403779992233,
            0.39799802966318676
        ],
        [
            0.21470388874816407,
            0.5904662217622347
        ],
        [
            0.28826514693080507,
            0.03005379394982377
        ],
        [
            0.3251547882811118,
            0.5904662217622347
        ],
        [
            0.023017675035997737,
            0.03005379394982377
        ],
        [
            0.3507438100063615,
            0.46150065318871536
        ],
        [
            0.14781396060218682,
            0.03005379394982377
        ],
        [
            0.2771104800452922,
            0.5904662217622347
        ],
        [
            0.06420911477599807,
            0.6192503714442912
        ],
        [
            0.17713014118386644,
            0.46150065318871536
        ]
    ],
    "min_trans_rot_dists_prec": [
        [
            0.35014670107889523,
            0.8854568896412787
        ],
        [
            0.010530654100809589,
            0.9999939990056865
        ],
        [
            0.09821010827323091,
            0.7974625494728175
        ],
        [
            0.3507438100063615,
            0.46150065318871536
        ],
        [
            0.16324106376137518,
            0.6854372457521891
        ],
        [
            0.3039627393935535,
            0.6133754367114213
        ],
        [
            0.22216581967784974,
            0.19361332683390053
        ],
        [
            0.2688978443111673,
            0.6192503714442912
        ],
        [
            0.14677760419713626,
            0.17388428597376437
        ],
        [
            0.3128291308964252,
            0.9302978093036529
        ],
        [
            0.179052344533363,
            0.999903092568717
        ],
        [
            0.3230132030964446,
            0.8842679675915227
        ],
        [
            0.30740024712654335,
            0.5347145393348579
        ],
        [
            0.13128524626577384,
            0.9878757921107646
        ],
        [
            0.38905744711859036,
            0.9966994306310646
        ],
        [
            0.22572999095041824,
            0.8736126367315442
        ],
        [
            0.3841604663912406,
            0.9824294266382407
        ],
        [
            0.7447921346208887,
            0.7489101790317378
        ],
        [
            0.023017675035997737,
            0.03005379394982377
        ],
        [
            0.4200466491604993,
            0.23214294553129045
        ],
        [
            0.3241290952389005,
            0.1145241018803228
        ],
        [
            0.32296752821973784,
            0.4542672998521756
        ],
        [
            0.14450947033838418,
            0.8052452756767673
        ],
        [
            0.3012372913455588,
            0.6649419338595346
        ],
        [
            0.18488141208958644,
            0.39799802966318676
        ],
        [
            0.3777908016639354,
            0.4441982276847706
        ],
        [
            0.5962683755564114,
            0.833604622398147
        ],
        [
            0.400663473205985,
            0.29561667024590865
        ],
        [
            0.6821615615396791,
            0.7950646988850818
        ],
        [
            0.32238483732012124,
            0.6874520825993768
        ],
        [
            0.5884088576397468,
            0.7002968945415494
        ],
        [
            0.4897915287491244,
            0.9911812423334517
        ]
    ],
    "r_thresh_deg": 5,
    "t_thresh": 0.035,
    "t_thresh_prec": 0.04
}