{
    "match_ratio": 0.0,
    "recall": 0.0,
    "precision": 0.0,
    "n_avail": 10,
    "n_pred": 32,
    "out_scores": [
        0.594626247882843,
        0.9522059559822083,
        0.012415737845003605,
        0.026279956102371216,
        0.4715535640716553,
        0.8742615580558777,
        0.07433882355690002,
        0.003470553318038583,
        0.49415603280067444,
        0.45337405800819397,
        0.9104530811309814,
        0.8279603123664856,
        0.0034535368904471397,
        0.02627735026180744,
        0.7989721894264221,
        0.9340713620185852,
        0.13122715055942535,
        0.1038743257522583,
        0.6370724439620972,
        0.9174149036407471,
        0.45529863238334656,
        0.4564834237098694,
        0.9047113060951233,
        0.023594489321112633,
        0.003857999574393034,
        0.10249722003936768,
        0.804131269454956,
        0.23109301924705505,
        0.23383823037147522,
        0.18635129928588867,
        0.7841551303863525,
        0.417616605758667
    ],
    "min_trans_rot_dists": [
        [
            0.4176548181586957,
            0.2442769179835762
        ],
        [
            0.34285024610659476,
            0.6674990135725918
        ],
        [
            0.21957818194020295,
            0.2442769179835762
        ],
        [
            0.6679355636295268,
            0.3596053297995395
        ],
        [
            0.17029084267959518,
            0.2442769179835762
        ],
        [
            0.6553890282131168,
            0.3596053297995395
        ],
        [
            0.11199004889482389,
            0.2442769179835762
        ],
        [
            0.6036888694625031,
            0.3596053297995395
        ],
        [
            0.11145916727648263,
            0.2442769179835762
        ],
        [
            0.5330305652284881,
            0.3596053297995395
        ]
    ],
    "min_trans_rot_dists_prec": [
        [
            0.6114964643413159,
            0.8729290210262899
        ],
        [
            0.6679355636295268,
            0.3596053297995395
        ],
        [
            0.8261233621129987,
            0.9730636415734926
        ],
        [
            0.3366407982043584,
            0.9049470598395466
        ],
        [
            0.699019012313496,
            0.9810499291351945
        ],
        [
            0.11657031742127676,
            0.7258822159850207
        ],
        [
            1.2031871537719219,
            0.6059410862927024
        ],
        [
            0.5955927418046166,
            0.6409154895048641
        ],
        [
            0.5680165810135616,
            0.6326825278768567
        ],
        [
            1.1800277197762008,
            0.5066552668431987
        ],
        [
            0.7884274270002706,
            0.9404589816880545
        ],
        [
            0.4176548181586957,
            0.2442769179835762
        ],
        [
            0.7884769688687032,
            0.7528705583737776
        ],
        [
            1.265525699183716,
            0.9573393619042642
        ],
        [
            0.8613206358560848,
            0.9964783071143929
        ],
        [
            0.49570286444117956,
            0.6839327225311691
        ],
        [
            0.41242626316701425,
            0.8030384338015613
        ],
        [
            0.34285024610659476,
            0.867704957753727
        ],
        [
            0.6902636888252044,
            0.865379553956638
        ],
        [
            0.6836907452236319,
            0.7144028111726348
        ],
        [
            0.3236524414868298,
            0.6483525445664824
        ],
        [
            0.534890722803124,
            0.5964783987209726
        ],
        [
            0.47138546620042454,
            0.5489482290293776
        ],
        [
            0.5957942412465504,
            0.9858009585717306
        ],
        [
            0.1854303199234865,
            0.9475939126918892
        ],
        [
            0.7425650210971891,
            0.7289491125562493
        ],
        [
            0.7690582191166205,
            0.9658471174377775
        ],
        [
            0.7903369824435857,
            0.9980395818199094
        ],
        [
            0.7850499392373309,
            0.6695066995103311
        ],
        [
            0.5149543205292726,
            0.978906041721919
        ],
        [
            0.4049317950927431,
            0.9674068398205827
        ],
        [
            0.6977653785936784,
            0.939564274045793
        ]
    ],
    "r_thresh_deg": 5,
    "t_thresh": 0.035,
    "t_thresh_prec": 0.04
}