{
    "match_ratio": 0.0,
    "recall": 0.0,
    "precision": 0.0,
    "n_avail": 4,
    "n_pred": 32,
    "out_scores": [
        0.9749592542648315,
        0.9807546138763428,
        0.9314467906951904,
        0.9335510730743408,
        0.968134880065918,
        0.937462568283081,
        0.9694273471832275,
        0.9726877808570862,
        0.9221802353858948,
        0.9511023759841919,
        0.986312210559845,
        0.9350906014442444,
        0.9726116061210632,
        0.9283304810523987,
        0.9811883568763733,
        0.9264229536056519,
        0.9310844540596008,
        0.9453431367874146,
        0.9566188454627991,
        0.9193128943443298,
        0.9654117822647095,
        0.9530236124992371,
        0.9613296985626221,
        0.9634531140327454,
        0.9248268604278564,
        0.9390031099319458,
        0.9359934329986572,
        0.9704890251159668,
        0.9511761665344238,
        0.9271141886711121,
        0.9267325401306152,
        0.9696030616760254
    ],
    "min_trans_rot_dists": [
        [
            0.10015246111825639,
            0.3164854278662179
        ],
        [
            0.06820275590602959,
            0.6145820096782715
        ],
        [
            0.041931305723743366,
            0.0068499751960542365
        ],
        [
            0.22424220266754552,
            0.3292567932601306
        ]
    ],
    "min_trans_rot_dists_prec": [
        [
            0.28579498839226536,
            0.32618604366834214
        ],
        [
            0.06820275590602959,
            0.9728621266807247
        ],
        [
            0.26994758083515663,
            0.5781864654026143
        ],
        [
            0.1423923944875123,
            0.7711672403719162
        ],
        [
            0.10015246111825639,
            0.3164854278662179
        ],
        [
            0.17389909879152304,
            0.17532150535759983
        ],
        [
            0.2486897034045907,
            0.3481306689183409
        ],
        [
            0.09850180369702442,
            0.9838075112318624
        ],
        [
            0.24963061107275603,
            0.9805923471790896
        ],
        [
            0.21365126820735417,
            0.9316923040541419
        ],
        [
            0.12040631159724893,
            0.3767770335772972
        ],
        [
            0.22424220266754552,
            0.3292567932601306
        ],
        [
            0.21261584408253525,
            0.5725628999325234
        ],
        [
            0.243453611222027,
            0.8191587278193122
        ],
        [
            0.29683978505680997,
            0.9728794204780373
        ],
        [
            0.0626319242994702,
            0.9015469159696742
        ],
        [
            0.07112959349472645,
            0.6783614045977174
        ],
        [
            0.25977204532115056,
            0.0068499751960542365
        ],
        [
            0.16112688171645712,
            0.8337851549565094
        ],
        [
            0.21234486406105607,
            0.19888933112540086
        ],
        [
            0.12713194295841948,
            0.2868775601715158
        ],
        [
            0.18596410305797953,
            0.845540160402426
        ],
        [
            0.17111611459473497,
            0.5612640377307943
        ],
        [
            0.1533429033263269,
            0.2371478061459108
        ],
        [
            0.25330379581438756,
            0.4144993737924987
        ],
        [
            0.2006254933853145,
            0.24423412125971933
        ],
        [
            0.3140147273905623,
            0.732325403319421
        ],
        [
            0.22678980095026427,
            0.2964126545062452
        ],
        [
            0.0815486011814049,
            0.39081262202144973
        ],
        [
            0.2516365334323059,
            0.6788459921026201
        ],
        [
            0.17676699489966158,
            0.5852132348967582
        ],
        [
            0.09647589991127321,
            0.7437480700370702
        ]
    ],
    "r_thresh_deg": 5,
    "t_thresh": 0.035,
    "t_thresh_prec": 0.04
}