{
    "match_ratio": 0.0,
    "recall": 0.0,
    "precision": 0.0,
    "n_avail": 8,
    "n_pred": 32,
    "out_scores": [
        0.007266450207680464,
        0.9703274369239807,
        0.8796870708465576,
        0.7036720514297485,
        0.036946851760149,
        0.8828999400138855,
        0.9760813117027283,
        0.012829702347517014,
        0.19653289020061493,
        0.974787175655365,
        0.009371313266456127,
        0.5104386210441589,
        0.9464332461357117,
        0.8316336274147034,
        0.9782506823539734,
        0.975169837474823,
        0.8727056384086609,
        0.4594789445400238,
        0.9616212844848633,
        0.0063929776661098,
        0.9849337935447693,
        0.982948362827301,
        0.0073781185783445835,
        0.010168515145778656,
        0.012882531620562077,
        0.013505249284207821,
        0.9712467789649963,
        0.9753229022026062,
        0.021051743999123573,
        0.9725924730300903,
        0.004332842770963907,
        0.7574600577354431
    ],
    "min_trans_rot_dists": [
        [
            0.10251249308525504,
            0.4381812481777829
        ],
        [
            0.24350036742030473,
            0.6002602024264332
        ],
        [
            0.08146514284917702,
            0.47082561850836424
        ],
        [
            0.19096483379311813,
            0.6002602024264332
        ],
        [
            0.05415477068467419,
            0.9336695978313458
        ],
        [
            0.05415477068467419,
            0.8050053660442257
        ],
        [
            0.1237644876277453,
            0.9336695978313458
        ],
        [
            0.1237644876277453,
            0.8050053660442257
        ]
    ],
    "min_trans_rot_dists_prec": [
        [
            0.3561242773413801,
            0.8050053660442257
        ],
        [
            0.26075056238975924,
            0.8171612955579569
        ],
        [
            0.19096483379311813,
            0.6002602024264332
        ],
        [
            0.24284418164632468,
            0.47082561850836424
        ],
        [
            0.22008795023059005,
            0.5893262613744399
        ],
        [
            0.07197741288157324,
            0.9922868062081189
        ],
        [
            0.10251249308525504,
            0.4381812481777829
        ],
        [
            0.3469376666879209,
            0.7652729988097982
        ],
        [
            0.47341049571931687,
            0.6795228926657302
        ],
        [
            0.6317864853512257,
            0.9904575963664471
        ],
        [
            0.059000959380356474,
            0.92407832447329
        ],
        [
            0.3357253978624558,
            0.627524685455314
        ],
        [
            0.08191093545650638,
            0.836128009684311
        ],
        [
            0.11283272826939887,
            0.6119525203932574
        ],
        [
            0.17280571890694618,
            0.926752449627231
        ],
        [
            0.20713945120925656,
            0.3435769419869068
        ],
        [
            0.38825244233800915,
            0.9402862882283852
        ],
        [
            0.25384089883152067,
            0.5348565707599744
        ],
        [
            0.07767412284403775,
            0.9444315333770594
        ],
        [
            0.1851026246696555,
            0.745144359081005
        ],
        [
            0.20619064335340284,
            0.9983623052326875
        ],
        [
            0.3070377093382669,
            0.9611531616270528
        ],
        [
            0.07330512133251732,
            0.8500022754196086
        ],
        [
            0.28683433960244564,
            0.9063312753006201
        ],
        [
            0.1767244336967592,
            0.9797741590534575
        ],
        [
            0.13573046170316666,
            0.9963206244564117
        ],
        [
            0.30622577633059783,
            0.9863580854469713
        ],
        [
            0.21663322282232927,
            0.982185889354485
        ],
        [
            0.10606228791805412,
            0.8845402813082559
        ],
        [
            0.10871507308864382,
            0.9883693453438352
        ],
        [
            0.16779579401571948,
            0.926115750844513
        ],
        [
            0.06392765188525562,
            0.8472812348197444
        ]
    ],
    "r_thresh_deg": 5,
    "t_thresh": 0.035,
    "t_thresh_prec": 0.04
}