{
    "match_ratio": 0.0,
    "recall": 0.0,
    "precision": 0.0,
    "n_avail": 6,
    "n_pred": 32,
    "out_scores": [
        0.9872506856918335,
        0.9910492897033691,
        0.9848798513412476,
        0.9860522747039795,
        0.9887816309928894,
        0.9850249886512756,
        0.9858819246292114,
        0.9859749674797058,
        0.9881900548934937,
        0.9871863126754761,
        0.9881464242935181,
        0.9895628094673157,
        0.9778289794921875,
        0.9871195554733276,
        0.9910936951637268,
        0.9871610999107361,
        0.9885064363479614,
        0.986151397228241,
        0.9880861043930054,
        0.9879035353660583,
        0.9878117442131042,
        0.9888578653335571,
        0.9832682013511658,
        0.9875110387802124,
        0.9801058173179626,
        0.9895961880683899,
        0.9855868816375732,
        0.9876340627670288,
        0.9904773235321045,
        0.989401638507843,
        0.9889302849769592,
        0.9883763194084167
    ],
    "min_trans_rot_dists": [
        [
            0.09772642631917003,
            0.5004112696359923
        ],
        [
            0.17079952258322084,
            0.35530377295583215
        ],
        [
            0.12313012777125458,
            0.4222394808294584
        ],
        [
            0.16162119293803703,
            0.7170136320909689
        ],
        [
            0.130671032341299,
            0.23651074606109757
        ],
        [
            0.05288824332218228,
            0.35530377295583215
        ]
    ],
    "min_trans_rot_dists_prec": [
        [
            0.16162119293803703,
            0.7170136320909689
        ],
        [
            0.05288824332218228,
            0.35530377295583215
        ],
        [
            0.18987039895996696,
            0.9983798456066945
        ],
        [
            0.20215992830105584,
            0.598889337033135
        ],
        [
            0.21629535602424793,
            0.7524909924572488
        ],
        [
            0.25260034620592114,
            0.23651074606109757
        ],
        [
            0.06365294332216108,
            0.4647756646094564
        ],
        [
            0.14905930851392224,
            0.9331774773825672
        ],
        [
            0.31925814437335137,
            0.7222992683877283
        ],
        [
            0.18443269987322072,
            0.9516075208469634
        ],
        [
            0.22976793671633206,
            0.4222394808294584
        ],
        [
            0.1856926362100117,
            0.9207511222731644
        ],
        [
            0.19584747991844118,
            0.848666951967276
        ],
        [
            0.2675877190392578,
            0.2768605419562451
        ],
        [
            0.2040060041291744,
            0.7284696215398009
        ],
        [
            0.33573099254939015,
            0.6234548638881605
        ],
        [
            0.3515073977873477,
            0.7294546727462029
        ],
        [
            0.341663671671432,
            0.6726346024050951
        ],
        [
            0.0860435433683793,
            0.9440879320972158
        ],
        [
            0.09772642631917003,
            0.5004112696359923
        ],
        [
            0.20461164848915658,
            0.8492179136011002
        ],
        [
            0.24598072208533867,
            0.482480792848878
        ],
        [
            0.2377796087682887,
            0.2769317674446321
        ],
        [
            0.22031721348225886,
            0.6962709292064164
        ],
        [
            0.2812506497342909,
            0.29618065982887254
        ],
        [
            0.10479634675415735,
            0.9235933614734703
        ],
        [
            0.1320253355404012,
            0.9067383557709268
        ],
        [
            0.20571632618899857,
            0.4548509943708704
        ],
        [
            0.09275041880092327,
            0.8126176853383436
        ],
        [
            0.0788265223214223,
            0.9099464237576924
        ],
        [
            0.1352834071615523,
            0.1858757978219392
        ],
        [
            0.2546402647338055,
            0.28347314370047016
        ]
    ],
    "r_thresh_deg": 5,
    "t_thresh": 0.035,
    "t_thresh_prec": 0.04
}