{
    "match_ratio": 0.0,
    "recall": 0.0,
    "precision": 0.0,
    "n_avail": 4,
    "n_pred": 32,
    "out_scores": [
        0.9342547655105591,
        0.9424054026603699,
        0.9591846466064453,
        0.9357232451438904,
        0.9583990573883057,
        0.9850065112113953,
        0.9585465788841248,
        0.9835754632949829,
        0.9803940057754517,
        0.9488649964332581,
        0.9398338198661804,
        0.9799720644950867,
        0.8733624815940857,
        0.933204174041748,
        0.9339978098869324,
        0.9260416030883789,
        0.8797635436058044,
        0.9374105930328369,
        0.9563190340995789,
        0.9433596730232239,
        0.9847502708435059,
        0.9467874765396118,
        0.8825435042381287,
        0.8711255192756653,
        0.947807252407074,
        0.9279041290283203,
        0.9480976462364197,
        0.939290463924408,
        0.9382134675979614,
        0.8910448551177979,
        0.9555171132087708,
        0.9256442785263062
    ],
    "min_trans_rot_dists": [
        [
            0.0807993639321,
            0.24546503266062536
        ],
        [
            0.11806472428952967,
            0.26460065536513433
        ],
        [
            0.028093964563398965,
            0.24546503266062536
        ],
        [
            0.10481924777078785,
            0.26460065536513433
        ]
    ],
    "min_trans_rot_dists_prec": [
        [
            0.21686840090171355,
            0.9011078498241042
        ],
        [
            0.1241583251853073,
            0.8287907544568534
        ],
        [
            0.10481924777078785,
            0.26460065536513433
        ],
        [
            0.12280681256134232,
            0.8320515574150227
        ],
        [
            0.26953038740728874,
            0.3894913214712442
        ],
        [
            0.0935393967970227,
            0.25797849804936046
        ],
        [
            0.0807993639321,
            0.24546503266062536
        ],
        [
            0.24219341275707812,
            0.9231360766949087
        ],
        [
            0.30226756020231804,
            0.83756484340584
        ],
        [
            0.04818625018594677,
            0.6687984680489076
        ],
        [
            0.17530197812336754,
            0.8370930048663106
        ],
        [
            0.08213528918939376,
            0.8931763027912751
        ],
        [
            0.11380700808909994,
            0.5966345607100757
        ],
        [
            0.2865607033731784,
            0.520177949428001
        ],
        [
            0.17400069548925562,
            0.6221100040348055
        ],
        [
            0.08781860695125934,
            0.5196074446505838
        ],
        [
            0.2031507236958,
            0.28164587216199344
        ],
        [
            0.15124267588143098,
            0.669638052251349
        ],
        [
            0.05335268504704979,
            0.39318832106979573
        ],
        [
            0.10993033868985948,
            0.7493703552700117
        ],
        [
            0.11814419299196367,
            0.27671553479509015
        ],
        [
            0.28094869304159986,
            0.7399879608111171
        ],
        [
            0.11332317610199245,
            0.18412229635616462
        ],
        [
            0.1766948993959254,
            0.6870632011691704
        ],
        [
            0.0973964697401801,
            0.2640810125859877
        ],
        [
            0.11875251956005219,
            0.7017772355391515
        ],
        [
            0.1322916601939835,
            0.13211537024280828
        ],
        [
            0.24573799829381904,
            0.15028183575275467
        ],
        [
            0.0653025191688994,
            0.9790999843242508
        ],
        [
            0.14255253024621126,
            0.8893629986745841
        ],
        [
            0.1127513507631037,
            0.11973196811655296
        ],
        [
            0.15383620107793583,
            0.507675714985978
        ]
    ],
    "r_thresh_deg": 5,
    "t_thresh": 0.035,
    "t_thresh_prec": 0.04
}