{
    "match_ratio": 0.0,
    "recall": 0.0,
    "precision": 0.0,
    "n_avail": 4,
    "n_pred": 32,
    "out_scores": [
        0.9205030798912048,
        0.9381658434867859,
        0.5741578340530396,
        0.9354407787322998,
        0.9469603896141052,
        0.9811906218528748,
        0.049866773188114166,
        0.937471866607666,
        0.9358859658241272,
        0.9857299327850342,
        0.16342534124851227,
        0.9586816430091858,
        0.1520165652036667,
        0.9135366678237915,
        0.9297080636024475,
        0.9817297458648682,
        0.9813898205757141,
        0.9577327966690063,
        0.9477629065513611,
        0.9749603867530823,
        0.977042555809021,
        0.9361143708229065,
        0.917635977268219,
        0.08697230368852615,
        0.961239218711853,
        0.921811580657959,
        0.8871264457702637,
        0.9775854349136353,
        0.9864870309829712,
        0.9454050064086914,
        0.9043223261833191,
        0.16046303510665894
    ],
    "min_trans_rot_dists": [
        [
            0.04767539729765053,
            0.17375227684519
        ],
        [
            0.043461034419456576,
            0.2962535407194937
        ],
        [
            0.1661948343024279,
            0.2295324662517847
        ],
        [
            0.18294856831364795,
            0.5248569486757386
        ]
    ],
    "min_trans_rot_dists_prec": [
        [
            0.4375884725981205,
            0.6829495335054445
        ],
        [
            0.6048769435518714,
            0.8627859249758236
        ],
        [
            0.18294856831364795,
            0.5248569486757386
        ],
        [
            0.4412330243665995,
            0.7234047531001571
        ],
        [
            0.45048852370426384,
            0.5948649227436064
        ],
        [
            0.2828254992337228,
            0.8145317325431337
        ],
        [
            0.2253329718250767,
            0.7881816735693881
        ],
        [
            0.38818486147370607,
            0.2295324662517847
        ],
        [
            0.013766113655878863,
            0.7858148916607917
        ],
        [
            0.04767539729765053,
            0.17375227684519
        ],
        [
            0.25162822487112946,
            0.5552919604742425
        ],
        [
            0.14585040438451993,
            0.999975590227523
        ],
        [
            0.0915563697200567,
            0.6147738293753242
        ],
        [
            0.11153316270996955,
            0.9253912196543032
        ],
        [
            0.11632034090556814,
            0.9455410876028559
        ],
        [
            0.09293418906703778,
            0.7541715306468404
        ],
        [
            0.22978434006379403,
            0.9396689578642243
        ],
        [
            0.1977526041042539,
            0.9583344857763624
        ],
        [
            0.024623732263544196,
            0.7674045588786674
        ],
        [
            0.07196142323253668,
            0.7307845261646857
        ],
        [
            0.20133086600194824,
            0.5544264787394043
        ],
        [
            0.08370996400821729,
            0.7246656912276627
        ],
        [
            0.011840707053269017,
            0.7659210631290955
        ],
        [
            0.2313278535232646,
            0.8291473184446844
        ],
        [
            0.033382103724888666,
            0.8104004324953119
        ],
        [
            0.33524033298275224,
            0.9787253537762091
        ],
        [
            0.2942579898005111,
            0.964342312796693
        ],
        [
            0.11377299659881697,
            0.21192510217471483
        ],
        [
            0.3624317849181067,
            0.8470379432895923
        ],
        [
            0.07815774989976489,
            0.002937240952679998
        ],
        [
            0.15616014853579227,
            0.3477500815517387
        ],
        [
            0.043461034419456576,
            0.990903934598273
        ]
    ],
    "r_thresh_deg": 5,
    "t_thresh": 0.035,
    "t_thresh_prec": 0.04
}