{
    "match_ratio": 0.16666666666666666,
    "recall": 0.16666666666666666,
    "precision": 0.25,
    "n_avail": 12,
    "n_pred": 32,
    "out_scores": [
        0.9365887641906738,
        0.08299398422241211,
        0.9057360887527466,
        0.9212929606437683,
        0.14236705005168915,
        0.060300562530756,
        0.9556604623794556,
        0.05477767810225487,
        0.17523132264614105,
        0.09077247977256775,
        0.9552541375160217,
        0.6698780655860901,
        0.05415693297982216,
        0.15762004256248474,
        0.7126361131668091,
        0.568313479423523,
        0.1454990655183792,
        0.9597057104110718,
        0.9485772252082825,
        0.9521454572677612,
        0.9528793692588806,
        0.07682783156633377,
        0.07455354183912277,
        0.9359992742538452,
        0.8997737765312195,
        0.17013195157051086,
        0.9235771894454956,
        0.6413531303405762,
        0.9573423266410828,
        7.346896836679662e-06,
        0.08702172338962555,
        0.07087921351194382
    ],
    "min_trans_rot_dists": [
        [
            0.2602762946869656,
            0.2294792717346691
        ],
        [
            0.24388110298247592,
            0.010731536336598069
        ],
        [
            0.30954015464564894,
            0.2416955328903012
        ],
        [
            0.01680793838083678,
            0.042919952163659514
        ],
        [
            0.31146836162487046,
            0.2416955328903012
        ],
        [
            0.28031206431931527,
            0.010731536336598069
        ],
        [
            0.22500800501664137,
            0.2341733879806156
        ],
        [
            0.2042883557908285,
            0.010731536336598069
        ],
        [
            0.048015447033896,
            0.2341733879806156
        ],
        [
            0.03337580564532885,
            0.015020863161995579
        ],
        [
            0.03396723134608622,
            0.9745562806381916
        ],
        [
            0.01918970988988925,
            0.9130728616565522
        ]
    ],
    "min_trans_rot_dists_prec": [
        [
            0.2645023686202232,
            0.9800803487961588
        ],
        [
            0.031235287325775855,
            0.017842695682996235
        ],
        [
            0.11357607259429055,
            0.9977710601826981
        ],
        [
            0.2623786427274611,
            0.9258424601030174
        ],
        [
            0.2610809567858616,
            0.2416955328903012
        ],
        [
            0.20743587898881893,
            0.012946061218874094
        ],
        [
            0.09924040897112468,
            0.9130728616565522
        ],
        [
            0.02618550475544298,
            0.010731536336598069
        ],
        [
            0.26302814944063774,
            0.2341733879806156
        ],
        [
            0.03952444970368077,
            0.010856397737265322
        ],
        [
            0.09051917552751589,
            0.862152087548586
        ],
        [
            0.0195370864739752,
            0.9852386252517119
        ],
        [
            0.037491251753062865,
            0.4381596961098715
        ],
        [
            0.26320502301025167,
            0.24217083899980085
        ],
        [
            0.019484726940263472,
            0.989846201302601
        ],
        [
            0.020303304739363065,
            0.9833623492705066
        ],
        [
            0.039604222856059045,
            0.017243600326586672
        ],
        [
            0.09946696801180605,
            0.9149737762052719
        ],
        [
            0.09047764199819255,
            0.9008722079654642
        ],
        [
            0.09384742345480128,
            0.9209894243585188
        ],
        [
            0.10034311298344722,
            0.9058803912727328
        ],
        [
            0.01680793838083678,
            0.042919952163659514
        ],
        [
            0.03708151009451237,
            0.013826440056985079
        ],
        [
            0.2631672526331734,
            0.9745562806381916
        ],
        [
            0.26470413263305115,
            0.9330203814205774
        ],
        [
            0.2602762946869656,
            0.2294792717346691
        ],
        [
            0.2654072167602524,
            0.9774390825779009
        ],
        [
            0.1509985652410945,
            0.3417406451997489
        ],
        [
            0.09920422648303759,
            0.8964818094759649
        ],
        [
            0.23404439558348322,
            0.6596201854954835
        ],
        [
            0.030482597855217102,
            0.014290630054112574
        ],
        [
            0.03337580564532885,
            0.015020863161995579
        ]
    ],
    "r_thresh_deg": 5,
    "t_thresh": 0.035,
    "t_thresh_prec": 0.04
}