{
    "match_ratio": 0.0,
    "recall": 0.0,
    "precision": 0.0,
    "n_avail": 2,
    "n_pred": 32,
    "out_scores": [
        0.9740203619003296,
        0.989861011505127,
        0.8480066657066345,
        0.9009907841682434,
        0.9032244086265564,
        0.9945112466812134,
        0.07906775176525116,
        0.9875761270523071,
        0.9084950089454651,
        0.980197548866272,
        0.95695561170578,
        0.9882639646530151,
        0.9820452332496643,
        0.9819998741149902,
        0.40560948848724365,
        0.9946531057357788,
        0.994797945022583,
        0.9871609210968018,
        0.9722168445587158,
        0.9105536937713623,
        0.9712663292884827,
        0.8640516996383667,
        0.9363529086112976,
        0.9826452732086182,
        0.6203895211219788,
        0.9780345559120178,
        0.31995704770088196,
        0.3638736605644226,
        0.9492877125740051,
        0.9516254663467407,
        0.9560068249702454,
        0.9092437028884888
    ],
    "min_trans_rot_dists": [
        [
            0.038906455590840466,
            0.12261566232184329
        ],
        [
            0.027281090225971513,
            0.3128173270697643
        ]
    ],
    "min_trans_rot_dists_prec": [
        [
            0.2909474293820874,
            0.8632998956245187
        ],
        [
            0.28895458376660127,
            0.8509792870040065
        ],
        [
            0.2909524812935363,
            0.9999780584704794
        ],
        [
            0.29208389591063466,
            0.8617966062827613
        ],
        [
            0.29153425466456023,
            0.9999766715180752
        ],
        [
            0.2891721583141812,
            0.38309121756340103
        ],
        [
            0.01821595093014646,
            0.9167072486393071
        ],
        [
            0.28717551387575946,
            0.859704868872435
        ],
        [
            0.027281090225971513,
            0.9999668142563781
        ],
        [
            0.2896353994314795,
            0.8427890587427186
        ],
        [
            0.2881431934240185,
            0.8383937987804484
        ],
        [
            0.28865120624921903,
            0.8430399413517424
        ],
        [
            0.28980560155039775,
            0.9999076484002356
        ],
        [
            0.28990661676831964,
            0.9999464204800218
        ],
        [
            0.01658490188481044,
            0.9125556061594546
        ],
        [
            0.28685103435132914,
            0.9998793391640705
        ],
        [
            0.28655809049532677,
            0.9999530757990408
        ],
        [
            0.287696339580608,
            0.8568349988717947
        ],
        [
            0.28791094104453213,
            0.873903366893022
        ],
        [
            0.291384118354384,
            0.36666434394079195
        ],
        [
            0.28598288046411907,
            0.8518499017685057
        ],
        [
            0.29056220024043444,
            0.999919807089489
        ],
        [
            0.2894486604965802,
            0.8379149068913574
        ],
        [
            0.29075609078540526,
            0.9999800861584137
        ],
        [
            0.28827677943495794,
            0.9999010952785325
        ],
        [
            0.2883207587045559,
            0.8459524592073677
        ],
        [
            0.02147637757811399,
            0.9446288398907301
        ],
        [
            0.29084841966733505,
            0.9999244709460369
        ],
        [
            0.2894143177795614,
            0.999971080203839
        ],
        [
            0.038906455590840466,
            0.12261566232184329
        ],
        [
            0.29371588027777823,
            0.8457550712983515
        ],
        [
            0.0416861222513491,
            0.11251629565268206
        ]
    ],
    "r_thresh_deg": 5,
    "t_thresh": 0.035,
    "t_thresh_prec": 0.04
}