{
    "match_ratio": 0.0,
    "recall": 0.0,
    "precision": 0.0,
    "n_avail": 2,
    "n_pred": 32,
    "out_scores": [
        0.9560239315032959,
        0.95875483751297,
        0.9244094491004944,
        0.885404646396637,
        0.9051533341407776,
        0.9294171929359436,
        0.8646645545959473,
        0.9503719210624695,
        0.3469833433628082,
        0.6028617024421692,
        0.9194932579994202,
        0.9633638262748718,
        0.9379755258560181,
        0.9618769884109497,
        0.3772576153278351,
        0.959564208984375,
        0.8260530829429626,
        0.9742513298988342,
        0.9486433863639832,
        0.5100208520889282,
        0.9597100019454956,
        0.9814174771308899,
        0.4222930073738098,
        0.9735547304153442,
        0.7958939671516418,
        0.7049071192741394,
        0.9601851105690002,
        0.9315419793128967,
        0.9618831276893616,
        0.3175516724586487,
        0.7454683780670166,
        0.9582482576370239
    ],
    "min_trans_rot_dists": [
        [
            0.21979459592125686,
            0.02221065166578906
        ],
        [
            0.3085609336643676,
            0.1759883027280814
        ]
    ],
    "min_trans_rot_dists_prec": [
        [
            0.6854358874786949,
            0.45062294218110344
        ],
        [
            0.21979459592125686,
            0.02221065166578906
        ],
        [
            0.3085609336643676,
            0.9113401628579368
        ],
        [
            0.3983811140754841,
            0.9351443042538847
        ],
        [
            0.6258293700146064,
            0.3763602685747752
        ],
        [
            0.99442299230626,
            0.9434986343402332
        ],
        [
            0.6106504049466259,
            0.9609000358023583
        ],
        [
            0.7284848744009239,
            0.9113876348541092
        ],
        [
            0.6322200487479273,
            0.7498950206017347
        ],
        [
            0.3758400378548483,
            0.7628094889413403
        ],
        [
            0.33772529782680544,
            0.9216564091326758
        ],
        [
            0.5996580667595197,
            0.9819093671296305
        ],
        [
            0.870084988047018,
            0.8396345642907403
        ],
        [
            0.9366131721225213,
            0.8753974186602578
        ],
        [
            0.8525607820921199,
            0.6275269380476157
        ],
        [
            0.7012841238880622,
            0.8252037767710829
        ],
        [
            0.5212367604917778,
            0.943431395237277
        ],
        [
            0.6069329144392774,
            0.8547399530954689
        ],
        [
            0.8963468010463546,
            0.9449461782104517
        ],
        [
            0.43579216544580346,
            0.9934378836861042
        ],
        [
            0.6755187430934473,
            0.906381670548652
        ],
        [
            1.002074557980655,
            0.9994294267713233
        ],
        [
            0.883917039761321,
            0.7733854327554788
        ],
        [
            0.7035384281620015,
            0.7936367912266158
        ],
        [
            0.5761462127812736,
            0.9937047530505942
        ],
        [
            0.2919910713602403,
            0.7912046476645602
        ],
        [
            0.8320290512303072,
            0.9957340834782425
        ],
        [
            1.0274994951574161,
            0.9841190142311564
        ],
        [
            0.8843307170486301,
            0.6120803289722886
        ],
        [
            0.47970188760770655,
            0.7110460672750425
        ],
        [
            0.7840154296417037,
            0.9943667399741132
        ],
        [
            0.524631069227282,
            0.6927098188285541
        ]
    ],
    "r_thresh_deg": 5,
    "t_thresh": 0.035,
    "t_thresh_prec": 0.04
}