{
    "match_ratio": 0.75,
    "recall": 0.75,
    "precision": 0.46875,
    "n_avail": 4,
    "n_pred": 32,
    "out_scores": [
        0.9638992547988892,
        0.9773044586181641,
        0.9908902049064636,
        0.9205811619758606,
        0.9761350750923157,
        0.8944761157035828,
        0.7910054922103882,
        0.9402717351913452,
        0.7767618298530579,
        0.9627457857131958,
        0.25062987208366394,
        0.8691901564598083,
        0.994465172290802,
        0.9475551247596741,
        0.8193320035934448,
        0.7662038207054138,
        0.882280170917511,
        0.9040786027908325,
        0.9942652583122253,
        0.9865923523902893,
        0.9950436353683472,
        0.9576637744903564,
        0.7343779802322388,
        0.8989731669425964,
        0.9974414110183716,
        0.9881024956703186,
        0.99481600522995,
        0.9283057451248169,
        0.9922223687171936,
        0.9263187050819397,
        0.9174655675888062,
        0.9933626651763916
    ],
    "min_trans_rot_dists": [
        [
            0.013656096952322748,
            0.0032403488109650214
        ],
        [
            0.015807436920057732,
            0.04254721256210836
        ],
        [
            0.01370656474267781,
            0.04432464912154599
        ],
        [
            0.016012939128932445,
            0.20922696263783225
        ]
    ],
    "min_trans_rot_dists_prec": [
        [
            0.012202795096182623,
            0.053420008972194455
        ],
        [
            0.2149113782312119,
            0.12818150767242775
        ],
        [
            0.01734441846734414,
            0.8571407548945799
        ],
        [
            0.01566315635001136,
            0.05457556015491771
        ],
        [
            0.015285505594649912,
            0.012568863095984262
        ],
        [
            0.015674448472113647,
            0.9999756115517872
        ],
        [
            0.01658715402181754,
            0.08644118738002193
        ],
        [
            0.014733844376627806,
            0.05442862267033777
        ],
        [
            0.017070631370748653,
            0.04811674554522194
        ],
        [
            0.00891422346897575,
            0.8511271764659498
        ],
        [
            0.017747145451844696,
            0.5599110126080237
        ],
        [
            0.015440766186106597,
            0.9999644795638727
        ],
        [
            0.015143466341770636,
            0.04286328807241169
        ],
        [
            0.015527379178733059,
            0.058196104992630615
        ],
        [
            0.015756289897738873,
            0.9999961233339469
        ],
        [
            0.01665361406410823,
            0.9999719339055055
        ],
        [
            0.01608741201772519,
            0.9999715875813324
        ],
        [
            0.014300064465412422,
            0.005192214032345377
        ],
        [
            0.013484589026792566,
            0.046589332031759634
        ],
        [
            0.3119547531765409,
            0.7461673274725913
        ],
        [
            0.016012939128932445,
            0.20922696263783225
        ],
        [
            0.012281063574438814,
            0.019920181556639216
        ],
        [
            0.01349956287397061,
            0.8499241884743243
        ],
        [
            0.015807436920057732,
            0.04254721256210836
        ],
        [
            0.017153953192205782,
            0.2621227351386013
        ],
        [
            0.30896520296323404,
            0.8471578977369008
        ],
        [
            0.015336036276155412,
            0.05604897427975919
        ],
        [
            0.013656096952322748,
            0.0032403488109650214
        ],
        [
            0.01370656474267781,
            0.04432464912154599
        ],
        [
            0.012372712967164563,
            0.7567897214291266
        ],
        [
            0.015197109837845724,
            0.9999605644203035
        ],
        [
            0.01861691158805596,
            0.22314468142851596
        ]
    ],
    "r_thresh_deg": 5,
    "t_thresh": 0.035,
    "t_thresh_prec": 0.04
}