{
    "match_ratio": 0.16666666666666666,
    "recall": 0.16666666666666666,
    "precision": 0.125,
    "n_avail": 12,
    "n_pred": 32,
    "out_scores": [
        0.7561681866645813,
        0.952025830745697,
        0.9430386424064636,
        0.952034056186676,
        0.5383349657058716,
        0.9769808650016785,
        0.9760337471961975,
        0.5447375178337097,
        0.43078646063804626,
        0.8986356258392334,
        0.8773746490478516,
        0.5439130067825317,
        0.8473091721534729,
        0.9537754654884338,
        0.9295644164085388,
        0.2225707471370697,
        0.8568795323371887,
        0.9617431163787842,
        0.9341194033622742,
        0.8226778507232666,
        0.9322497844696045,
        0.570659875869751,
        0.9218769073486328,
        0.9729493856430054,
        0.9600414633750916,
        0.9264726042747498,
        0.20855587720870972,
        0.9285529851913452,
        0.47920694947242737,
        0.9545943737030029,
        0.9515537619590759,
        0.9388439059257507
    ],
    "min_trans_rot_dists": [
        [
            0.3220008025542075,
            0.03352836319107211
        ],
        [
            0.21852019935545816,
            0.6171219936911684
        ],
        [
            0.23866886471910193,
            0.03352836319107211
        ],
        [
            0.12905875735940536,
            0.6171219936911684
        ],
        [
            0.1908701025719638,
            0.14557494962559392
        ],
        [
            0.028217011231235708,
            0.6171219936911684
        ],
        [
            0.22985364832308242,
            0.14557494962559392
        ],
        [
            0.1313073546249972,
            0.22442624425307856
        ],
        [
            0.1223217428446241,
            0.14557494962559392
        ],
        [
            0.017505400511249027,
            0.22442624425307856
        ],
        [
            0.033471385434880846,
            0.009419385144240233
        ],
        [
            0.030116264893745404,
            0.018063146774639494
        ]
    ],
    "min_trans_rot_dists_prec": [
        [
            0.3247089028915873,
            0.14557494962559392
        ],
        [
            0.2967162151808496,
            0.22442624425307856
        ],
        [
            0.3180332868712207,
            0.1524060457290597
        ],
        [
            0.3180300763834279,
            0.1632611967918931
        ],
        [
            0.13769841297364938,
            0.41862409853296056
        ],
        [
            0.12905875735940536,
            0.6171219936911684
        ],
        [
            0.13010764205773512,
            0.6126610763563204
        ],
        [
            0.24389932500426256,
            0.5738980537001412
        ],
        [
            0.30487785138740553,
            0.598165436710891
        ],
        [
            0.3192407616474104,
            0.18376216513901067
        ],
        [
            0.03708740702765269,
            0.03352836319107211
        ],
        [
            0.33933334835812956,
            0.54710930314624
        ],
        [
            0.21063174591986566,
            0.9987049861236142
        ],
        [
            0.317833913748564,
            0.12623562892802387
        ],
        [
            0.3091369440248617,
            0.9922824674538089
        ],
        [
            0.10572841309359993,
            0.43951778457356394
        ],
        [
            0.21698828346943358,
            0.6418511203241406
        ],
        [
            0.026430021282919294,
            0.02528088658072125
        ],
        [
            0.20898614232672347,
            0.6377716872617312
        ],
        [
            0.32505943071093935,
            0.23346738356110808
        ],
        [
            0.20734655410441516,
            0.6400802103580403
        ],
        [
            0.13616464146964644,
            0.432676312460996
        ],
        [
            0.20474341908608865,
            0.41193470280756217
        ],
        [
            0.28898537338281605,
            0.46488927728489227
        ],
        [
            0.030116264893745404,
            0.018063146774639494
        ],
        [
            0.21069728061414425,
            0.6326358227975498
        ],
        [
            0.3016460648920111,
            0.6014017391800527
        ],
        [
            0.033471385434880846,
            0.009419385144240233
        ],
        [
            0.19333210344369275,
            0.34337698144483486
        ],
        [
            0.3187290522732724,
            0.1624131837123941
        ],
        [
            0.3206955876813249,
            0.16889657049863804
        ],
        [
            0.2079147911497048,
            0.6282918082212563
        ]
    ],
    "r_thresh_deg": 5,
    "t_thresh": 0.035,
    "t_thresh_prec": 0.04
}