{
    "match_ratio": 0.0,
    "recall": 0.0,
    "precision": 0.0,
    "n_avail": 6,
    "n_pred": 32,
    "out_scores": [
        1.0,
        1.0,
        1.0,
        1.0,
        1.0,
        1.0,
        1.0,
        1.0,
        1.0,
        1.0,
        1.0,
        1.0,
        1.0,
        1.0,
        1.0,
        1.0,
        1.0,
        1.0,
        1.0,
        1.0,
        1.0,
        1.0,
        1.0,
        1.0,
        1.0,
        1.0,
        1.0,
        1.0,
        1.0,
        1.0,
        1.0,
        1.0
    ],
    "min_trans_rot_dists": [
        [
            0.03713155952818434,
            0.9634446779461032
        ],
        [
            0.03713155952818434,
            0.9841111292409167
        ],
        [
            0.2652225922110971,
            0.18890953711274183
        ],
        [
            0.08062775134903181,
            0.9165687544870905
        ],
        [
            0.22416879820182048,
            0.18890953711274183
        ],
        [
            0.08399691188558711,
            0.9165687544870905
        ]
    ],
    "min_trans_rot_dists_prec": [
        [
            0.03713155952818434,
            0.9634446779461032
        ],
        [
            0.11841535800827821,
            0.8247938888570329
        ],
        [
            0.3459528501571475,
            0.9803773966605793
        ],
        [
            0.38464878515901163,
            0.6073142968208204
        ],
        [
            0.332332340903051,
            0.9493865089642848
        ],
        [
            0.336114755656292,
            0.9453129746482289
        ],
        [
            0.38449810389289585,
            0.9063663315270569
        ],
        [
            0.21306388108564406,
            0.9714200907471516
        ],
        [
            0.5347364978341794,
            0.8582171629296317
        ],
        [
            0.13459153418293657,
            0.8510517831633663
        ],
        [
            0.2068475437215705,
            0.5314100503678842
        ],
        [
            0.17655244051876362,
            0.9638587232365097
        ],
        [
            0.19504879863137417,
            0.9159640119269044
        ],
        [
            0.21131442361409938,
            0.8960127038381889
        ],
        [
            0.1042527409409777,
            0.8780965241827119
        ],
        [
            0.19985074826142246,
            0.977843298468267
        ],
        [
            0.14475786574893237,
            0.19047378747118981
        ],
        [
            0.3326691618091042,
            0.18203796897736102
        ],
        [
            0.37627691705623717,
            0.18890953711274183
        ],
        [
            0.36264382537959805,
            0.7087998934207262
        ],
        [
            0.27949754594400394,
            0.9317768160502472
        ],
        [
            0.22136355935447907,
            0.47593543844409203
        ],
        [
            0.2100804701886126,
            0.9738146268642491
        ],
        [
            0.1409232710165191,
            0.995884606025266
        ],
        [
            0.39701568903970175,
            0.45978111838278934
        ],
        [
            0.2133501871938746,
            0.8564450112667635
        ],
        [
            0.04374125574773953,
            0.11954523908979109
        ],
        [
            0.5143011564671501,
            0.9002878230713868
        ],
        [
            0.2430378489777847,
            0.9131793506755713
        ],
        [
            0.32342519954106064,
            0.6730615641087079
        ],
        [
            0.31550522708900924,
            0.9786736058817642
        ],
        [
            0.3734494050310759,
            0.23981614128817896
        ]
    ],
    "r_thresh_deg": 5,
    "t_thresh": 0.035,
    "t_thresh_prec": 0.04
}