{
    "match_ratio": 0.25,
    "recall": 0.25,
    "precision": 0.03125,
    "n_avail": 4,
    "n_pred": 32,
    "out_scores": [
        0.6881574988365173,
        0.03264721482992172,
        0.917334258556366,
        0.6950501799583435,
        0.10484334081411362,
        0.9331477284431458,
        2.4641580239403993e-05,
        0.1255360245704651,
        0.6481149792671204,
        0.9030495882034302,
        0.1354552060365677,
        0.8423503041267395,
        0.9199411869049072,
        0.665912926197052,
        0.7329358458518982,
        0.9218088388442993,
        0.6495835781097412,
        0.9164183139801025,
        0.7868766784667969,
        0.37398239970207214,
        0.21564118564128876,
        0.6320998072624207,
        0.9177243113517761,
        0.627967119216919,
        0.07867567986249924,
        0.11812765896320343,
        0.08919095993041992,
        0.12893283367156982,
        0.7374735474586487,
        2.6552937924861908e-05,
        0.7061745524406433,
        0.9146773219108582
    ],
    "min_trans_rot_dists": [
        [
            0.11657066576889513,
            0.9404528903861996
        ],
        [
            0.02572709431397715,
            0.0034747499971068407
        ],
        [
            0.04169546072739441,
            0.35312655928391423
        ],
        [
            0.2345584031422404,
            0.0034747499971068407
        ]
    ],
    "min_trans_rot_dists_prec": [
        [
            0.9223065538921226,
            0.22112691713620847
        ],
        [
            0.9855626032359928,
            0.9547750404883032
        ],
        [
            0.6598883755622841,
            0.9712396746119171
        ],
        [
            0.9125533754672299,
            0.16962263508904363
        ],
        [
            0.8836324769144611,
            0.8416107318093163
        ],
        [
            0.8050884849986389,
            0.9811275217733721
        ],
        [
            0.7119062580208679,
            0.9790607887257682
        ],
        [
            0.9477963692673994,
            0.18462580771650106
        ],
        [
            0.9536153918072585,
            0.3610553251922124
        ],
        [
            0.8105524832036477,
            0.9405823285177952
        ],
        [
            0.9133794834074807,
            0.6912089931631635
        ],
        [
            0.7084446783968192,
            0.8707755677279074
        ],
        [
            0.964646074345782,
            0.8098576393042921
        ],
        [
            0.11657066576889513,
            0.9404528903861996
        ],
        [
            0.23846156996824414,
            0.08369433824028205
        ],
        [
            1.1001140745255602,
            0.8417711227296306
        ],
        [
            0.02572709431397715,
            0.0034747499971068407
        ],
        [
            0.5170799314585842,
            0.9928084057171066
        ],
        [
            0.18928594076369948,
            0.7945452787452152
        ],
        [
            1.1045151743556707,
            0.9441973767141192
        ],
        [
            1.0730541214239007,
            0.8622477275329
        ],
        [
            0.4348375610110338,
            0.9965325277644225
        ],
        [
            0.9873148256477791,
            0.8946499243111345
        ],
        [
            0.9819765684094389,
            0.8763183351243993
        ],
        [
            0.7629163328854941,
            0.7365398606780341
        ],
        [
            0.25737113562711883,
            0.35312655928391423
        ],
        [
            0.3019889809451922,
            0.197985109079288
        ],
        [
            0.5155840054025297,
            0.6333496238096631
        ],
        [
            0.241233801782465,
            0.41553714861776403
        ],
        [
            0.8265169645779971,
            0.5103365495891847
        ],
        [
            1.0716512757558507,
            0.6801726823497709
        ],
        [
            0.5749588484093491,
            0.9902838117614768
        ]
    ],
    "r_thresh_deg": 5,
    "t_thresh": 0.035,
    "t_thresh_prec": 0.04
}