{
    "match_ratio": 0.5,
    "recall": 0.5,
    "precision": 0.0625,
    "n_avail": 4,
    "n_pred": 32,
    "out_scores": [
        0.81337571144104,
        0.9699222445487976,
        0.9931703805923462,
        0.9827516674995422,
        0.9447625279426575,
        0.9838187098503113,
        0.41721639037132263,
        0.7205204963684082,
        0.9910554885864258,
        0.9822307229042053,
        0.9892388582229614,
        0.9708475470542908,
        0.9814584851264954,
        0.0007400950416922569,
        0.9963148236274719,
        0.9746889472007751,
        0.9674745202064514,
        0.9764863848686218,
        0.9905456304550171,
        0.982900083065033,
        0.9874691963195801,
        0.9760973453521729,
        0.990770161151886,
        0.9825876355171204,
        0.9708959460258484,
        0.9915884137153625,
        0.9799730181694031,
        0.9924991726875305,
        0.989211916923523,
        0.9873260259628296,
        0.9883556365966797,
        0.9862635135650635
    ],
    "min_trans_rot_dists": [
        [
            0.013268441292927181,
            0.3911717954052384
        ],
        [
            0.032846805612561945,
            0.006550123833059307
        ],
        [
            0.009918452066170246,
            0.03626959556553411
        ],
        [
            0.015068626161162425,
            0.23242571892346453
        ]
    ],
    "min_trans_rot_dists_prec": [
        [
            0.015068626161162425,
            0.23242571892346453
        ],
        [
            0.11535565074237143,
            0.8261103430894656
        ],
        [
            0.029425005988280753,
            0.5275697028745548
        ],
        [
            0.1141417682303006,
            0.3065824593297287
        ],
        [
            0.022466693113645617,
            0.9999986060303074
        ],
        [
            0.0173261091748248,
            0.3404086229751818
        ],
        [
            0.11571196476963463,
            0.32849983276782513
        ],
        [
            0.1184777794894049,
            0.9989200835915818
        ],
        [
            0.024719850998481768,
            0.5760354768230902
        ],
        [
            0.017919834568276033,
            0.9019025331680426
        ],
        [
            0.028356082674499468,
            0.9999346208391724
        ],
        [
            0.024034524347925752,
            0.9999996948672876
        ],
        [
            0.01611324985268022,
            0.98215853186136
        ],
        [
            0.07466410100171891,
            0.5552106839484499
        ],
        [
            0.009918452066170246,
            0.03626959556553411
        ],
        [
            0.02083342491531328,
            0.97482219725325
        ],
        [
            0.015277880533246982,
            0.7762077484482176
        ],
        [
            0.02193028266084378,
            0.999993660598169
        ],
        [
            0.02627467483709015,
            0.5408808692018066
        ],
        [
            0.15077922930477633,
            0.05742532399353695
        ],
        [
            0.032846805612561945,
            0.006550123833059307
        ],
        [
            0.021352994590143205,
            0.9999998225554223
        ],
        [
            0.21581072776601795,
            0.27239851760800293
        ],
        [
            0.025601347191725594,
            0.8229799583356513
        ],
        [
            0.024804233077015937,
            0.999989872903914
        ],
        [
            0.21708293515535376,
            0.9194529145427961
        ],
        [
            0.11497105142593854,
            0.002173788105797936
        ],
        [
            0.21392890807040388,
            0.7172899886709166
        ],
        [
            0.030561161212911695,
            0.652898036151875
        ],
        [
            0.025501901934232206,
            0.9999731632222688
        ],
        [
            0.02388510439807798,
            0.9999806013843918
        ],
        [
            0.013268441292927181,
            0.3911717954052384
        ]
    ],
    "r_thresh_deg": 5,
    "t_thresh": 0.035,
    "t_thresh_prec": 0.04
}