{
    "match_ratio": 0.0,
    "recall": 0.0,
    "precision": 0.0,
    "n_avail": 10,
    "n_pred": 32,
    "out_scores": [
        0.9750059247016907,
        0.9657173156738281,
        0.9692258238792419,
        0.9803095459938049,
        0.7743731737136841,
        0.9708821177482605,
        0.9484534859657288,
        0.9677485227584839,
        0.870869517326355,
        0.9732438921928406,
        0.9453097581863403,
        0.965470016002655,
        0.8805915117263794,
        0.9872112274169922,
        0.9644297361373901,
        0.9826471209526062,
        0.963897705078125,
        0.9705755710601807,
        0.7750526070594788,
        0.8785618543624878,
        0.7265501022338867,
        0.940436601638794,
        0.8390405178070068,
        0.7468267679214478,
        0.8444865345954895,
        0.9622330069541931,
        0.6741981506347656,
        0.9116113185882568,
        0.9181386828422546,
        0.9810565114021301,
        0.9883642196655273,
        0.9549816250801086
    ],
    "min_trans_rot_dists": [
        [
            0.48569495955496045,
            0.16368158744287253
        ],
        [
            0.3267112982624282,
            0.4583101211821464
        ],
        [
            0.40077287060479744,
            0.16368158744287253
        ],
        [
            0.24464156414644536,
            0.4583101211821464
        ],
        [
            0.4400929675851208,
            0.16368158744287253
        ],
        [
            0.2663764249249131,
            0.21390904187244042
        ],
        [
            0.38702727068635095,
            0.16368158744287253
        ],
        [
            0.2901192831881642,
            0.21390904187244042
        ],
        [
            0.15076368734407555,
            0.16368158744287253
        ],
        [
            0.11850114686319457,
            0.4583101211821464
        ]
    ],
    "min_trans_rot_dists_prec": [
        [
            0.5779401705101349,
            0.6261588990926215
        ],
        [
            0.48569495955496045,
            0.16368158744287253
        ],
        [
            0.24464156414644536,
            0.4583101211821464
        ],
        [
            0.24726672929765767,
            0.9932799880607249
        ],
        [
            0.5917895692685092,
            0.5922268241315466
        ],
        [
            0.5811407099847172,
            0.9391426904380432
        ],
        [
            0.23395157053295296,
            0.6994253674267612
        ],
        [
            0.3077745507796659,
            0.3152145383799916
        ],
        [
            0.5044345120128205,
            0.17165495967612499
        ],
        [
            0.658904063446526,
            0.8464277878603338
        ],
        [
            0.46608890955788196,
            0.6651410881934104
        ],
        [
            0.29329326559666075,
            0.5925114100686671
        ],
        [
            0.2658290786923322,
            0.9518264610792986
        ],
        [
            0.14031900224989455,
            0.9224407828772988
        ],
        [
            0.05086815975385951,
            0.9383996542501177
        ],
        [
            0.6921258799546927,
            0.7948652544155459
        ],
        [
            0.5655011920738795,
            0.5847876725001918
        ],
        [
            0.3128957289086972,
            0.99304756127093
        ],
        [
            0.25779551563140496,
            0.9868332830920685
        ],
        [
            0.21860936876383605,
            0.8284958570950616
        ],
        [
            0.3479186225465075,
            0.8892094086811868
        ],
        [
            0.360684294417195,
            0.2874079719757374
        ],
        [
            0.07618406770665898,
            0.30390581296379826
        ],
        [
            0.22214517329154584,
            0.6054162464836665
        ],
        [
            0.25390249754973376,
            0.21390904187244042
        ],
        [
            0.18448489980451932,
            0.9099468898430575
        ],
        [
            0.36773547999373923,
            0.26919978310018844
        ],
        [
            0.27474194794413226,
            0.45082163348364024
        ],
        [
            0.34975377599977114,
            0.986100854858103
        ],
        [
            0.24805469485581602,
            0.43065501318940225
        ],
        [
            0.2819699053761105,
            0.8470742658923182
        ],
        [
            0.549637408194574,
            0.9050431186551413
        ]
    ],
    "r_thresh_deg": 5,
    "t_thresh": 0.035,
    "t_thresh_prec": 0.04
}