{
    "match_ratio": 0.0,
    "recall": 0.0,
    "precision": 0.0,
    "n_avail": 2,
    "n_pred": 32,
    "out_scores": [
        0.0005548967747017741,
        0.8591261506080627,
        0.041246477514505386,
        0.8723733425140381,
        0.6873608827590942,
        0.7557705640792847,
        0.8449959754943848,
        0.9391139149665833,
        0.881314218044281,
        0.00040168280247598886,
        0.8936953544616699,
        0.807773232460022,
        0.9428463578224182,
        0.9459208846092224,
        0.7889324426651001,
        0.8913826942443848,
        0.9137505888938904,
        0.9551454782485962,
        0.9420651793479919,
        0.9031658172607422,
        0.8983687162399292,
        0.8430811166763306,
        0.0004681327845901251,
        0.8559723496437073,
        0.939941942691803,
        0.9173790216445923,
        0.8412095308303833,
        0.9451231956481934,
        0.82051682472229,
        0.003459413070231676,
        0.7107300758361816,
        0.0004618105012923479
    ],
    "min_trans_rot_dists": [
        [
            0.09098595350668597,
            0.13925714290118474
        ],
        [
            0.5110710413731537,
            0.37224211243382366
        ]
    ],
    "min_trans_rot_dists_prec": [
        [
            0.8425946864632001,
            0.9964823882157814
        ],
        [
            0.7253056514627496,
            0.749618723810746
        ],
        [
            0.8681314439245794,
            0.5164016246094393
        ],
        [
            0.4697401281164763,
            0.7928840486272808
        ],
        [
            0.7270942088041865,
            0.9624707546709287
        ],
        [
            0.9800799525573517,
            0.5720319267342616
        ],
        [
            0.6849576969569786,
            0.8829466099250398
        ],
        [
            0.5858631757006023,
            0.4942645586612334
        ],
        [
            0.6875788918480661,
            0.9993204084107077
        ],
        [
            0.6838140193773193,
            0.7246381052837436
        ],
        [
            0.23180995008843894,
            0.1730416339899602
        ],
        [
            0.16312947163953231,
            0.3757720500107914
        ],
        [
            0.9161919471989427,
            0.4656910104787335
        ],
        [
            0.5822777642252571,
            0.9365768069573509
        ],
        [
            0.850796097753809,
            0.9934199124372157
        ],
        [
            0.5567042200932772,
            0.9715067105706409
        ],
        [
            0.09098595350668597,
            0.13925714290118474
        ],
        [
            0.6827450211551072,
            0.7449487723103057
        ],
        [
            0.4356575920043772,
            0.22452339307383928
        ],
        [
            0.8497403528962287,
            0.6326867353489565
        ],
        [
            0.6056998303722454,
            0.45315813758474155
        ],
        [
            0.18872253110139658,
            0.17871252927146897
        ],
        [
            0.7386895390770457,
            0.9886793075811762
        ],
        [
            0.6739120499791882,
            0.4809972280433622
        ],
        [
            0.64076019905343,
            0.8100590235954553
        ],
        [
            0.4210479162224735,
            0.995902341069548
        ],
        [
            0.8556860226169314,
            0.9007461022142607
        ],
        [
            0.7829363214884554,
            0.7696940967239061
        ],
        [
            0.6087557716961574,
            0.5813947623884863
        ],
        [
            0.5110710413731537,
            0.8239883869785529
        ],
        [
            0.7343967908856472,
            0.20245929410826158
        ],
        [
            0.9201383960530273,
            0.5439852561187339
        ]
    ],
    "r_thresh_deg": 5,
    "t_thresh": 0.035,
    "t_thresh_prec": 0.04
}