{
    "match_ratio": 0.0,
    "recall": 0.0,
    "precision": 0.0,
    "n_avail": 14,
    "n_pred": 32,
    "out_scores": [
        0.9921725988388062,
        0.991289496421814,
        0.9984377026557922,
        0.9969032406806946,
        0.9607589244842529,
        0.9975904226303101,
        0.9983634352684021,
        0.9986181259155273,
        0.9944425225257874,
        0.9963448643684387,
        0.9977036118507385,
        0.9935491681098938,
        0.9244692325592041,
        0.9986308217048645,
        0.9770030975341797,
        0.9972885847091675,
        0.9978772401809692,
        0.9789059162139893,
        0.8273348808288574,
        0.9980485439300537,
        0.9965435862541199,
        0.9847621917724609,
        0.9981961846351624,
        0.9956056475639343,
        0.9982162117958069,
        0.8146708011627197,
        0.9940010905265808,
        0.9972733855247498,
        3.650550070233294e-06,
        0.9845393300056458,
        0.9830732345581055,
        0.9956939220428467
    ],
    "min_trans_rot_dists": [
        [
            0.05462389867782141,
            0.2373539835658166
        ],
        [
            0.06735555147998167,
            0.6155018668411509
        ],
        [
            0.01139886765528878,
            0.3133604171225397
        ],
        [
            0.06880765993129569,
            0.6155018668411509
        ],
        [
            0.1111393798620522,
            0.3133604171225397
        ],
        [
            0.082592795114188,
            0.2692757469373346
        ],
        [
            0.23629334514823105,
            0.3133604171225397
        ],
        [
            0.164604166412153,
            0.2692757469373346
        ],
        [
            0.04997474267064117,
            0.967958742753608
        ],
        [
            0.04997474267064117,
            0.035818069760376936
        ],
        [
            0.08035577733452479,
            0.5456750141682899
        ],
        [
            0.11501482288615096,
            0.035818069760376936
        ],
        [
            0.09856771517894027,
            0.5456750141682899
        ],
        [
            0.15316456042741886,
            0.035818069760376936
        ]
    ],
    "min_trans_rot_dists_prec": [
        [
            0.1702319892756736,
            0.832868314255475
        ],
        [
            0.30305365544187457,
            0.6558520221780915
        ],
        [
            0.07851328446478419,
            0.3133604171225397
        ],
        [
            0.233787072464647,
            0.035818069760376936
        ],
        [
            0.22727947652882843,
            0.35202029717545347
        ],
        [
            0.05462389867782141,
            0.2373539835658166
        ],
        [
            0.1633168809271263,
            0.3752196235115528
        ],
        [
            0.3587930565909827,
            0.5456750141682899
        ],
        [
            0.2976300731943791,
            0.6229988135228695
        ],
        [
            0.2911363965207422,
            0.5335310256511976
        ],
        [
            0.14776193371260787,
            0.40018420045477265
        ],
        [
            0.22872330990155787,
            0.3678037067352192
        ],
        [
            0.1925754693106759,
            0.963953237682801
        ],
        [
            0.10509864403051503,
            0.4943338056765252
        ],
        [
            0.2930284208084201,
            0.4718739817363461
        ],
        [
            0.22988197231935512,
            0.981514398607372
        ],
        [
            0.07829391594307941,
            0.8465921969602821
        ],
        [
            0.06735555147998167,
            0.756166058742055
        ],
        [
            0.14117928777029268,
            0.9286360745616168
        ],
        [
            0.5269431950810072,
            0.6115540982668854
        ],
        [
            0.1773497789298481,
            0.2692757469373346
        ],
        [
            0.2972876942771462,
            0.37215890296725096
        ],
        [
            0.4131359843005427,
            0.9827423068267518
        ],
        [
            0.47239965694862446,
            0.9772797691381111
        ],
        [
            0.14822664191922671,
            0.9824756510910885
        ],
        [
            0.34300900868212875,
            0.7211639950254431
        ],
        [
            0.5067384112203253,
            0.6452362877956387
        ],
        [
            0.11915269177818799,
            0.8125043563285166
        ],
        [
            0.23535580840956008,
            0.8674225050476113
        ],
        [
            0.20866770900027493,
            0.3184888714115599
        ],
        [
            0.4438418959872829,
            0.5107877417646074
        ],
        [
            0.4805670245656453,
            0.14370692119868378
        ]
    ],
    "r_thresh_deg": 5,
    "t_thresh": 0.035,
    "t_thresh_prec": 0.04
}