{
    "match_ratio": 0.125,
    "recall": 0.125,
    "precision": 0.09375,
    "n_avail": 16,
    "n_pred": 32,
    "out_scores": [
        0.8926801085472107,
        0.9160885214805603,
        0.979580819606781,
        0.9967357516288757,
        0.9853277206420898,
        0.9785899519920349,
        0.8644480109214783,
        0.9903297424316406,
        0.9942771792411804,
        0.9853905439376831,
        0.9971189498901367,
        0.9879613518714905,
        0.9839774966239929,
        0.9960636496543884,
        0.9827706813812256,
        0.9866704344749451,
        0.98451828956604,
        0.9815343618392944,
        0.9788143038749695,
        0.979550838470459,
        0.9830229878425598,
        0.9784663319587708,
        0.983606219291687,
        0.9843271374702454,
        0.9807253479957581,
        0.9765729308128357,
        0.9839300513267517,
        0.843271791934967,
        0.8215681314468384,
        0.9853695034980774,
        0.964436411857605,
        0.974240243434906
    ],
    "min_trans_rot_dists": [
        [
            0.42763219943811015,
            0.023144723951281088
        ],
        [
            0.1297896647811049,
            0.5436777651825576
        ],
        [
            0.31146309340519024,
            0.023144723951281088
        ],
        [
            0.01408702055768213,
            0.006302821024470329
        ],
        [
            0.27625534016537073,
            0.023144723951281088
        ],
        [
            0.1189747274087467,
            0.045710381794689114
        ],
        [
            0.13363014800611117,
            0.023144723951281088
        ],
        [
            0.13209845887224048,
            0.99972571436115
        ],
        [
            0.31638896251263204,
            0.023144723951281088
        ],
        [
            0.17996975373489005,
            0.045710381794689114
        ],
        [
            0.24010586473022164,
            0.023144723951281088
        ],
        [
            0.14355470523023003,
            0.4003768830235511
        ],
        [
            0.14681324691631623,
            0.023144723951281088
        ],
        [
            0.010936750464051638,
            0.9998986158522253
        ],
        [
            0.013424618221179645,
            0.023144723951281088
        ],
        [
            0.013424618221179645,
            0.9999305078323497
        ]
    ],
    "min_trans_rot_dists_prec": [
        [
            0.013424618221179645,
            0.023144723951281088
        ],
        [
            0.4138618039501678,
            0.7096491900820606
        ],
        [
            0.4237941377545484,
            0.3416376759847678
        ],
        [
            0.01466009367362293,
            0.5436777651825576
        ],
        [
            0.30942581745497183,
            0.7606442821423107
        ],
        [
            0.3060180550990184,
            0.730269009421527
        ],
        [
            0.01152239792888224,
            0.21904543003339016
        ],
        [
            0.01436939730912232,
            0.31208928454393714
        ],
        [
            0.1248480677393752,
            0.2969514137749091
        ],
        [
            0.3077147603149438,
            0.8081071598912419
        ],
        [
            0.013572017225138098,
            0.9853413688666869
        ],
        [
            0.296641674907327,
            0.11157454946788536
        ],
        [
            0.30880505663256,
            0.6788803785657265
        ],
        [
            0.013833048544198763,
            0.9070380185480187
        ],
        [
            0.2919088527104188,
            0.5948833380146813
        ],
        [
            0.3095578601568448,
            0.2730101554336536
        ],
        [
            0.014905234428768033,
            0.045710381794689114
        ],
        [
            0.014743529415588858,
            0.8537655887968219
        ],
        [
            0.41859129784407095,
            0.35226364368675533
        ],
        [
            0.42325831761083116,
            0.32050666215499635
        ],
        [
            0.3087342457898359,
            0.3230757557885424
        ],
        [
            0.2918521519230689,
            0.6493717985877572
        ],
        [
            0.31081107194070656,
            0.9185625206681215
        ],
        [
            0.42383727050031417,
            0.7701731109001143
        ],
        [
            0.4190728534455803,
            0.7653260439478105
        ],
        [
            0.4203833264553,
            0.4004506146791622
        ],
        [
            0.3089338360572093,
            0.7825643929253814
        ],
        [
            0.298011196043982,
            0.4003768830235511
        ],
        [
            0.2986937831603725,
            0.5204055078019392
        ],
        [
            0.4206241400739687,
            0.780385442329197
        ],
        [
            0.01408702055768213,
            0.006302821024470329
        ],
        [
            0.42145892508810806,
            0.33459246881973814
        ]
    ],
    "r_thresh_deg": 5,
    "t_thresh": 0.035,
    "t_thresh_prec": 0.04
}