{
    "match_ratio": 0.2857142857142857,
    "recall": 0.2857142857142857,
    "precision": 1.0,
    "n_avail": 28,
    "n_pred": 32,
    "out_scores": [
        0.8312779068946838,
        0.8479194641113281,
        0.5605566501617432,
        0.14801572263240814,
        0.9000622630119324,
        0.9176757335662842,
        0.7778605222702026,
        0.9354171752929688,
        0.3471829891204834,
        0.9359425902366638,
        0.47598373889923096,
        0.5104013681411743,
        0.9726871848106384,
        0.9684727787971497,
        0.4689108729362488,
        0.3789265751838684,
        0.9074382781982422,
        0.6640809178352356,
        0.9021169543266296,
        0.9255930185317993,
        0.8525697588920593,
        0.23197731375694275,
        0.9074783325195312,
        0.6529465317726135,
        0.9378742575645447,
        0.616752564907074,
        0.6069841384887695,
        0.9109311103820801,
        0.963773787021637,
        0.9623451828956604,
        0.36807605624198914,
        0.6572861671447754
    ],
    "min_trans_rot_dists": [
        [
            0.09201438829290902,
            0.0005687060161514434
        ],
        [
            0.0902856041326691,
            0.9977661076593948
        ],
        [
            0.09806460427384463,
            0.0002470707252655302
        ],
        [
            0.0902856041326691,
            0.00310204193905228
        ],
        [
            0.022861288373767594,
            0.0005411066867625491
        ],
        [
            0.023910237819549734,
            0.002308775607382074
        ],
        [
            0.012538368266393925,
            0.0002551445900170757
        ],
        [
            0.011584331552252428,
            0.00310204193905228
        ],
        [
            0.038184628121902174,
            0.9999999979666557
        ],
        [
            0.038184628121902174,
            0.9999813112995639
        ],
        [
            0.038184628121902174,
            0.0002470707252655302
        ],
        [
            0.038184628121902174,
            0.9997716200085152
        ],
        [
            0.12582692598452563,
            0.9999999979666557
        ],
        [
            0.12582692598452563,
            0.9999813112995639
        ],
        [
            0.12582692598452563,
            0.0002470707252655302
        ],
        [
            0.12582692598452563,
            0.9997716200085152
        ],
        [
            0.08842353647395175,
            0.000886836258835455
        ],
        [
            0.08804610399298449,
            0.9986584596086802
        ],
        [
            0.30353470026346585,
            0.0002470707252655302
        ],
        [
            0.08778738426457278,
            0.0016273654858812714
        ],
        [
            0.023159855793556148,
            0.0009339765011761036
        ],
        [
            0.022504126236083725,
            0.0010540171077731975
        ],
        [
            0.010621680342245175,
            0.0006333599131086443
        ],
        [
            0.015232895391974663,
            0.001090966130023352
        ],
        [
            0.09478951339255647,
            0.0008385097405630981
        ],
        [
            0.08337851897227311,
            0.0008361937602098246
        ],
        [
            0.48149470045475906,
            0.0002470707252655302
        ],
        [
            0.09103071513051547,
            0.001090966130023352
        ]
    ],
    "min_trans_rot_dists_prec": [
        [
            0.038184628121902174,
            0.0002470707252655302
        ],
        [
            0.02495999036160359,
            0.0005687060161514434
        ],
        [
            0.025168288772870077,
            0.000886836258835455
        ],
        [
            0.016593617272202973,
            0.0021757482072964907
        ],
        [
            0.020451675477398033,
            0.0022737263289820397
        ],
        [
            0.023025108250046986,
            0.0008361937602098246
        ],
        [
            0.023910237819549734,
            0.002308775607382074
        ],
        [
            0.023343482195925816,
            0.0010320476585570226
        ],
        [
            0.015792496910630466,
            0.0018914266879151986
        ],
        [
            0.010211532764301574,
            0.0006433896124279359
        ],
        [
            0.015323275264397647,
            0.0017121035403164786
        ],
        [
            0.015128903806091144,
            0.0016273654858812714
        ],
        [
            0.022279436565240646,
            0.0005688825768211947
        ],
        [
            0.02267064478814008,
            0.0006651599124147811
        ],
        [
            0.02432845147801611,
            0.0008385097405630981
        ],
        [
            0.015564393176950277,
            0.0016412648080863512
        ],
        [
            0.011024127498273226,
            0.0005479053907918585
        ],
        [
            0.015210669054427294,
            0.0014173676053939044
        ],
        [
            0.01122296894849102,
            0.0005126845844126704
        ],
        [
            0.010738314714699944,
            0.0006557775832305435
        ],
        [
            0.011584331552252428,
            0.00310204193905228
        ],
        [
            0.01638625491306772,
            0.001851235087806713
        ],
        [
            0.012538368266393925,
            0.0002551445900170757
        ],
        [
            0.01435750112988036,
            0.0017397582654979926
        ],
        [
            0.010191774773639292,
            0.0007290073607333358
        ],
        [
            0.014748269157423288,
            0.0016257760409948974
        ],
        [
            0.023159855793556148,
            0.0009339765011761036
        ],
        [
            0.010621680342245175,
            0.0006333599131086443
        ],
        [
            0.022504126236083725,
            0.0010540171077731975
        ],
        [
            0.022861288373767594,
            0.0005411066867625491
        ],
        [
            0.015439221968198642,
            0.0017484398217235686
        ],
        [
            0.015232895391974663,
            0.001090966130023352
        ]
    ],
    "r_thresh_deg": 5,
    "t_thresh": 0.035,
    "t_thresh_prec": 0.04
}