{
    "match_ratio": 0.75,
    "recall": 0.75,
    "precision": 1.0,
    "n_avail": 16,
    "n_pred": 32,
    "out_scores": [
        0.9761684536933899,
        0.9614542722702026,
        0.9947435855865479,
        0.9941535592079163,
        0.9755100607872009,
        0.9952545166015625,
        0.9735170006752014,
        0.9953619837760925,
        0.9945327043533325,
        0.9813235402107239,
        0.9945840239524841,
        0.9952351450920105,
        0.9951174259185791,
        0.9913545250892639,
        0.996295154094696,
        0.9641739130020142,
        0.9736346006393433,
        0.9929397106170654,
        0.9941120743751526,
        0.9944736361503601,
        0.9763195514678955,
        0.9963757395744324,
        0.9947510361671448,
        0.9949775338172913,
        0.9940675497055054,
        0.9945132732391357,
        0.9948787689208984,
        0.9914270639419556,
        0.9899090528488159,
        0.9955723285675049,
        0.9945196509361267,
        0.9932274222373962
    ],
    "min_trans_rot_dists": [
        [
            0.025255608343674865,
            0.00012988148936277089
        ],
        [
            0.12908021826167126,
            0.0004197903152165505
        ],
        [
            0.13476017824592038,
            3.8185346490249295e-05
        ],
        [
            0.12286287343165742,
            4.140452082079804e-05
        ],
        [
            0.02384420762690829,
            3.7334504227715115e-05
        ],
        [
            0.018391795098812395,
            0.00039471111002054027
        ],
        [
            0.02965730875667141,
            3.8185346490249295e-05
        ],
        [
            0.013277427170995008,
            4.288045932010487e-05
        ],
        [
            0.040213982967007275,
            7.889338606625884e-06
        ],
        [
            0.026696789846327784,
            0.00039471111002054027
        ],
        [
            0.03444771065617662,
            3.8185346490249295e-05
        ],
        [
            0.034408225100279105,
            4.288045932010487e-05
        ],
        [
            0.026983458269293263,
            0.00024240197744529457
        ],
        [
            0.012859515873164631,
            0.00047390749867759485
        ],
        [
            0.026054545498381827,
            6.08791401212061e-05
        ],
        [
            0.012691311942665477,
            3.645800774476626e-05
        ]
    ],
    "min_trans_rot_dists_prec": [
        [
            0.026508257565310504,
            4.3969889841566356e-05
        ],
        [
            0.029713567894011413,
            0.00020208554804546086
        ],
        [
            0.02964543913803603,
            0.0004197903152165505
        ],
        [
            0.024731386730324365,
            1.1976105292910155e-05
        ],
        [
            0.012115296155822615,
            0.00043152358020093207
        ],
        [
            0.035649234268736944,
            8.626590057103645e-05
        ],
        [
            0.012639925616835647,
            0.0004136086180077658
        ],
        [
            0.036065464938718456,
            4.140452082079804e-05
        ],
        [
            0.027027268645688524,
            0.0005206165675488705
        ],
        [
            0.01260840199129794,
            0.00039598267406804055
        ],
        [
            0.026033286463550086,
            0.00027616785075967876
        ],
        [
            0.02858142136190736,
            0.00037363084590680273
        ],
        [
            0.02866864721488388,
            0.0003460957141167009
        ],
        [
            0.03444771065617662,
            3.8185346490249295e-05
        ],
        [
            0.02763919069153568,
            0.0005116803882464493
        ],
        [
            0.025464932769929078,
            7.214658609233648e-05
        ],
        [
            0.025758461211082193,
            7.007901317757081e-05
        ],
        [
            0.03914554413484559,
            1.256804560656466e-05
        ],
        [
            0.026843112686138842,
            0.00014237654419846368
        ],
        [
            0.02417091365012282,
            3.34445533054506e-05
        ],
        [
            0.026054545498381827,
            6.08791401212061e-05
        ],
        [
            0.02783401899727819,
            0.0005366239827507835
        ],
        [
            0.012691311942665477,
            3.645800774476626e-05
        ],
        [
            0.03522646699612024,
            2.451329821429038e-05
        ],
        [
            0.026761641673108995,
            0.00020047056120653384
        ],
        [
            0.024319853321006203,
            7.889338606625884e-06
        ],
        [
            0.034408225100279105,
            4.288045932010487e-05
        ],
        [
            0.012859515873164631,
            0.00047390749867759485
        ],
        [
            0.025255608343674865,
            0.00012988148936277089
        ],
        [
            0.026696789846327784,
            0.00039471111002054027
        ],
        [
            0.02384420762690829,
            3.7334504227715115e-05
        ],
        [
            0.026983458269293263,
            0.00024240197744529457
        ]
    ],
    "r_thresh_deg": 5,
    "t_thresh": 0.035,
    "t_thresh_prec": 0.04
}