{
    "match_ratio": 0.8,
    "recall": 0.8,
    "precision": 1.0,
    "n_avail": 20,
    "n_pred": 32,
    "out_scores": [
        0.9573526382446289,
        0.9676682949066162,
        0.9730299711227417,
        0.9258854389190674,
        0.9203896522521973,
        0.9914536476135254,
        0.433178186416626,
        0.9464091062545776,
        0.5840304493904114,
        0.21454258263111115,
        0.8504171371459961,
        0.8041772246360779,
        0.9911001324653625,
        0.9304969906806946,
        0.9348345398902893,
        0.9154238104820251,
        0.8601173758506775,
        0.9908846020698547,
        0.911896288394928,
        0.9606970548629761,
        0.9902177453041077,
        0.9828633666038513,
        0.9449985027313232,
        0.9815955758094788,
        0.8776010274887085,
        0.9538800120353699,
        0.9008687734603882,
        0.9672247767448425,
        0.9786068201065063,
        0.9893923997879028,
        0.9894809722900391,
        0.9867868423461914
    ],
    "min_trans_rot_dists": [
        [
            0.03394553182631664,
            4.356676655736802e-05
        ],
        [
            0.05036221145742276,
            0.00011379030759894881
        ],
        [
            0.15767879847108396,
            8.302654581848756e-06
        ],
        [
            0.04360373492226331,
            0.00018830417101689534
        ],
        [
            0.011841701895894292,
            4.356676655736802e-05
        ],
        [
            0.02970927114787485,
            0.0003798987464553871
        ],
        [
            0.010540992485564948,
            9.432282580335016e-05
        ],
        [
            0.03423243773972828,
            0.00018830417101689534
        ],
        [
            0.010942887599208641,
            0.0002633641935190223
        ],
        [
            0.022173275804639306,
            0.0004922669060143381
        ],
        [
            0.012956407623730714,
            8.738458976198515e-06
        ],
        [
            0.03081098635344089,
            0.0005948493266455523
        ],
        [
            0.007604327620865825,
            0.0004043832377833567
        ],
        [
            0.02140499536523609,
            2.5950373332084276e-05
        ],
        [
            0.010529169698282104,
            0.0005056518275222688
        ],
        [
            0.027178806428384945,
            8.394229806940601e-05
        ],
        [
            0.010562031340862673,
            0.00011258174192474435
        ],
        [
            0.02587579540749511,
            7.603876500916762e-05
        ],
        [
            0.11240656446004552,
            0.0005056518275222688
        ],
        [
            0.02876484947516701,
            0.00022962278025351335
        ]
    ],
    "min_trans_rot_dists_prec": [
        [
            0.011702957061786787,
            0.0007057879684572166
        ],
        [
            0.028444972177631884,
            0.00018418476672499295
        ],
        [
            0.010942887599208641,
            0.0002633641935190223
        ],
        [
            0.02876484947516701,
            0.00022962278025351335
        ],
        [
            0.01317954824243584,
            8.302654581848756e-06
        ],
        [
            0.021769052964158972,
            1.2280847792811578e-05
        ],
        [
            0.011841701895894292,
            4.356676655736802e-05
        ],
        [
            0.012604378933173555,
            2.8646682128874446e-05
        ],
        [
            0.03191984460471317,
            0.00011379030759894881
        ],
        [
            0.033881669297644496,
            0.0003880342043677265
        ],
        [
            0.01106402214754699,
            0.0005408778787063806
        ],
        [
            0.03280671808427198,
            0.00021993247016016682
        ],
        [
            0.010529169698282104,
            0.0005056518275222688
        ],
        [
            0.011062460586905054,
            0.0002286359535356164
        ],
        [
            0.022173275804639306,
            0.0004922669060143381
        ],
        [
            0.01006483521558557,
            0.00045362684187622015
        ],
        [
            0.02970927114787485,
            0.0003798987464553871
        ],
        [
            0.02212586208743702,
            1.9541281699675395e-05
        ],
        [
            0.012956407623730714,
            8.738458976198515e-06
        ],
        [
            0.03081098635344089,
            0.0005948493266455523
        ],
        [
            0.02120042042818812,
            3.0337949101788553e-05
        ],
        [
            0.027002293046659756,
            0.00010960554632344355
        ],
        [
            0.010562031340862673,
            0.00011258174192474435
        ],
        [
            0.027178806428384945,
            8.394229806940601e-05
        ],
        [
            0.03423243773972828,
            0.00018830417101689534
        ],
        [
            0.011272975599717648,
            4.864411339222663e-05
        ],
        [
            0.01176730748128139,
            0.0002524069330980261
        ],
        [
            0.007604327620865825,
            0.0004043832377833567
        ],
        [
            0.02587579540749511,
            7.603876500916762e-05
        ],
        [
            0.02142689326843583,
            9.90882338691712e-06
        ],
        [
            0.02140499536523609,
            2.5950373332084276e-05
        ],
        [
            0.010540992485564948,
            9.432282580335016e-05
        ]
    ],
    "r_thresh_deg": 5,
    "t_thresh": 0.035,
    "t_thresh_prec": 0.04
}