{
    "match_ratio": 1.0,
    "recall": 1.0,
    "precision": 1.0,
    "n_avail": 8,
    "n_pred": 32,
    "out_scores": [
        0.9942662119865417,
        0.9770998954772949,
        0.9908550977706909,
        0.9753316640853882,
        0.9941776990890503,
        0.9941645264625549,
        0.9724279642105103,
        0.9931239485740662,
        0.9743924736976624,
        0.9677560329437256,
        0.9791472554206848,
        0.9937350153923035,
        0.993529736995697,
        0.9913273453712463,
        0.991778552532196,
        0.9757149815559387,
        0.9882988929748535,
        0.9941300749778748,
        0.9791079163551331,
        0.9741554260253906,
        0.979408323764801,
        0.9562620520591736,
        0.993948221206665,
        0.9588343501091003,
        0.9778793454170227,
        0.9925745725631714,
        0.9592494964599609,
        0.9816308617591858,
        0.9724841117858887,
        0.991701066493988,
        0.9755417108535767,
        0.9943779110908508
    ],
    "min_trans_rot_dists": [
        [
            0.027517805000538242,
            3.355008224903422e-05
        ],
        [
            0.021407560591308467,
            1.5330156955650764e-05
        ],
        [
            0.01772827369584389,
            2.1419894151719632e-05
        ],
        [
            0.0075606540294458425,
            7.486942312850964e-05
        ],
        [
            0.027301353454627662,
            9.488723252648601e-05
        ],
        [
            0.022271442945816827,
            7.527727729417233e-05
        ],
        [
            0.017092331157658333,
            5.938828910556637e-05
        ],
        [
            0.003691622776423165,
            3.4025161229078726e-05
        ]
    ],
    "min_trans_rot_dists_prec": [
        [
            0.028385135326888165,
            0.00022883853740240934
        ],
        [
            0.02816095075752752,
            0.00010151056726426244
        ],
        [
            0.02221117048220299,
            8.42457345001657e-05
        ],
        [
            0.01746866968657844,
            2.5524999706982854e-05
        ],
        [
            0.02732309795088657,
            0.00022726153896068801
        ],
        [
            0.017426245563535375,
            9.303696845797127e-05
        ],
        [
            0.01716229541516887,
            6.059511558187403e-06
        ],
        [
            0.02865261662765328,
            6.880940429510041e-05
        ],
        [
            0.016948721007817594,
            9.696342052945006e-06
        ],
        [
            0.021911705572847065,
            1.7660565980848197e-05
        ],
        [
            0.030781425643392233,
            7.989200689018094e-05
        ],
        [
            0.018255704852879542,
            0.00011383931058817076
        ],
        [
            0.028051203426985978,
            0.00030784321937926684
        ],
        [
            0.02235965143719365,
            6.34176794200858e-05
        ],
        [
            0.022271442945816827,
            7.527727729417233e-05
        ],
        [
            0.017428731624884335,
            9.75852826179402e-06
        ],
        [
            0.003691622776423165,
            3.4025161229078726e-05
        ],
        [
            0.017092331157658333,
            5.938828910556637e-05
        ],
        [
            0.017584734929640668,
            3.983618438041514e-05
        ],
        [
            0.02245063474968789,
            1.852926254208853e-05
        ],
        [
            0.02890947900306786,
            9.077475925189926e-05
        ],
        [
            0.02350665704571242,
            1.820774856509111e-05
        ],
        [
            0.026918969006404087,
            0.00016339755577510218
        ],
        [
            0.029014817245199675,
            0.00015137467025050366
        ],
        [
            0.017706555770622374,
            1.5648115792910033e-05
        ],
        [
            0.006937724164592158,
            6.868926991177027e-05
        ],
        [
            0.028694920145749613,
            7.55970424928254e-05
        ],
        [
            0.021407560591308467,
            1.5330156955650764e-05
        ],
        [
            0.027301353454627662,
            9.488723252648601e-05
        ],
        [
            0.0075606540294458425,
            7.486942312850964e-05
        ],
        [
            0.01772827369584389,
            2.1419894151719632e-05
        ],
        [
            0.027517805000538242,
            3.355008224903422e-05
        ]
    ],
    "r_thresh_deg": 5,
    "t_thresh": 0.035,
    "t_thresh_prec": 0.04
}