{
    "match_ratio": 0.275,
    "recall": 0.275,
    "precision": 0.96875,
    "n_avail": 40,
    "n_pred": 32,
    "out_scores": [
        0.36141636967658997,
        0.9757525324821472,
        0.9748845100402832,
        0.9908655285835266,
        0.9901596903800964,
        0.9764384627342224,
        0.9875955581665039,
        0.9125044941902161,
        0.9864515066146851,
        0.9912093877792358,
        0.9565498232841492,
        0.9913768768310547,
        0.9828382730484009,
        0.9892805218696594,
        0.993084192276001,
        0.992225170135498,
        0.9777669906616211,
        0.9907668828964233,
        0.963822603225708,
        0.9903979301452637,
        0.799407958984375,
        0.982265830039978,
        0.9621428847312927,
        0.5218595862388611,
        0.9839292764663696,
        0.264064759016037,
        0.9615766406059265,
        0.975138247013092,
        0.5577995777130127,
        0.14659690856933594,
        0.689618706703186,
        0.9924291968345642
    ],
    "min_trans_rot_dists": [
        [
            0.3591195554352417,
            0.9999951664858877
        ],
        [
            0.3591195554352417,
            0.9998471530244896
        ],
        [
            0.3357532332653184,
            6.853538300499729e-05
        ],
        [
            0.35955500158413034,
            0.00010539736724723969
        ],
        [
            0.22706468393091675,
            0.9999951664858877
        ],
        [
            0.22706468393091675,
            0.9998471530244896
        ],
        [
            0.22801785491155996,
            0.9999633809397426
        ],
        [
            0.22746906917890972,
            0.00010539736724723969
        ],
        [
            0.02432578567475663,
            0.00011260029006798788
        ],
        [
            0.030485524911036992,
            6.814406507238413e-05
        ],
        [
            0.01901766877476474,
            0.9999633809397426
        ],
        [
            0.01917856284904833,
            0.00010539736724723969
        ],
        [
            0.04122715127131926,
            5.709827568478598e-05
        ],
        [
            0.03377990871098351,
            6.814406507238413e-05
        ],
        [
            0.01900263914410929,
            7.63693169090196e-05
        ],
        [
            0.04139841842141458,
            0.00012390652562122018
        ],
        [
            0.1688504332956634,
            5.709827568478598e-05
        ],
        [
            0.1630313049128263,
            5.487167109985425e-05
        ],
        [
            0.14356263119579646,
            7.63693169090196e-05
        ],
        [
            0.1706657664318501,
            0.00012390652562122018
        ],
        [
            0.44154425906178796,
            6.151992180669641e-05
        ],
        [
            0.44682947712872334,
            5.425431614214382e-05
        ],
        [
            0.26967303422685657,
            6.853538300499729e-05
        ],
        [
            0.5237809070285608,
            0.00010539736724723969
        ],
        [
            0.1773082924406835,
            6.151992180669641e-05
        ],
        [
            0.18381978363008214,
            5.425431614214382e-05
        ],
        [
            0.013054886053208276,
            6.853538300499729e-05
        ],
        [
            0.3280136334008648,
            0.00010539736724723969
        ],
        [
            0.018166635979507857,
            0.00011364888055176436
        ],
        [
            0.033333838542083195,
            6.606554784172047e-05
        ],
        [
            0.010809821550073694,
            0.0001317647719275561
        ],
        [
            0.03236483861351807,
            0.00026504731221599354
        ],
        [
            0.0342639019852492,
            0.9999373516077266
        ],
        [
            0.048519710513817225,
            8.888123160954997e-05
        ],
        [
            0.0342639019852492,
            9.727892232247459e-05
        ],
        [
            0.2751042273113341,
            0.00010539736724723969
        ],
        [
            0.16544138556830515,
            0.9999373516077266
        ],
        [
            0.1718974235890006,
            2.915039010153997e-05
        ],
        [
            0.16767138749657745,
            6.621862595768135e-05
        ],
        [
            0.3213237881516854,
            0.00010539736724723969
        ]
    ],
    "min_trans_rot_dists_prec": [
        [
            0.01901766877476474,
            0.00012390652562122018
        ],
        [
            0.023414710483884736,
            5.709827568478598e-05
        ],
        [
            0.039613430328925045,
            9.857403577573365e-05
        ],
        [
            0.036954567121299596,
            6.621862595768135e-05
        ],
        [
            0.0319648862239254,
            8.888123160954997e-05
        ],
        [
            0.3975974831328465,
            0.00016903872630558148
        ],
        [
            0.013054886053208276,
            6.853538300499729e-05
        ],
        [
            0.016668489184041544,
            6.151992180669641e-05
        ],
        [
            0.038631861613921306,
            0.00017819839157962036
        ],
        [
            0.029770178847268566,
            0.00023311354888255753
        ],
        [
            0.01900263914410929,
            7.63693169090196e-05
        ],
        [
            0.03839019370069959,
            2.915039010153997e-05
        ],
        [
            0.034926453427504424,
            0.0003982497913115335
        ],
        [
            0.03671793610975613,
            7.82206098836058e-05
        ],
        [
            0.03579006311560158,
            0.00011749928486437522
        ],
        [
            0.03266205332146155,
            5.425431614214382e-05
        ],
        [
            0.03351996344957309,
            0.0002494839028915896
        ],
        [
            0.038332672636257815,
            0.00011260029006798788
        ],
        [
            0.0342639019852492,
            9.727892232247459e-05
        ],
        [
            0.02931601195399216,
            0.00043405864213652556
        ],
        [
            0.01998097598447283,
            0.00019051615252052567
        ],
        [
            0.017161222663609206,
            8.765153858281138e-05
        ],
        [
            0.03236483861351807,
            0.00026504731221599354
        ],
        [
            0.03757717740240634,
            5.487167109985425e-05
        ],
        [
            0.01744161573240386,
            0.00018375676595372425
        ],
        [
            0.017873747224131174,
            6.335628640719015e-05
        ],
        [
            0.018166635979507857,
            0.00011364888055176436
        ],
        [
            0.03945044954915045,
            0.0001317647719275561
        ],
        [
            0.037657073801846526,
            7.909797680039077e-05
        ],
        [
            0.03377990871098351,
            6.814406507238413e-05
        ],
        [
            0.01917856284904833,
            0.00010539736724723969
        ],
        [
            0.033333838542083195,
            6.606554784172047e-05
        ]
    ],
    "r_thresh_deg": 5,
    "t_thresh": 0.035,
    "t_thresh_prec": 0.04
}