{
    "match_ratio": 0.25,
    "recall": 0.25,
    "precision": 1.0,
    "n_avail": 16,
    "n_pred": 32,
    "out_scores": [
        0.9296678900718689,
        0.9811043739318848,
        0.7813706994056702,
        0.9756296277046204,
        0.9474291801452637,
        0.9679264426231384,
        0.9660853743553162,
        0.9455057978630066,
        0.9631661772727966,
        0.866176426410675,
        0.9580008387565613,
        0.9574314951896667,
        0.9551228284835815,
        0.8130882382392883,
        0.7692153453826904,
        0.8042818307876587,
        0.9760417342185974,
        0.9507533311843872,
        0.8204222321510315,
        0.9691089391708374,
        0.9176060557365417,
        0.8009164333343506,
        0.804591715335846,
        0.9595732092857361,
        0.9818096160888672,
        0.984413743019104,
        0.983130931854248,
        0.9780174493789673,
        0.8285102248191833,
        0.8529488444328308,
        0.9303261637687683,
        0.9669410586357117
    ],
    "min_trans_rot_dists": [
        [
            0.04506529026199451,
            3.8864983626041294e-05
        ],
        [
            0.04361447648741554,
            0.00021137735417020576
        ],
        [
            0.0431751386531307,
            0.00011499655672975173
        ],
        [
            0.045461426773984175,
            0.9997642487212246
        ],
        [
            0.0159735646083171,
            1.4314853944763506e-05
        ],
        [
            0.010540087519337198,
            0.00029148301562975654
        ],
        [
            0.01591892207787333,
            0.00010357018056461609
        ],
        [
            0.014446630121423965,
            0.00024119175402004256
        ],
        [
            0.07886275247701555,
            2.3041661772471578e-05
        ],
        [
            0.07579977265828158,
            0.00017284503498271597
        ],
        [
            0.08235852367801923,
            0.9998607286990056
        ],
        [
            0.07909657750737988,
            0.00020215682164337334
        ],
        [
            0.4126756676991394,
            2.3041661772471578e-05
        ],
        [
            0.409821472322582,
            0.00017284503498271597
        ],
        [
            0.4166207804299233,
            0.9998708451459358
        ],
        [
            0.4127978316900338,
            0.00020215682164337334
        ]
    ],
    "min_trans_rot_dists_prec": [
        [
            0.012082056646742846,
            0.00044133326666817574
        ],
        [
            0.014944205703103864,
            2.3041661772471578e-05
        ],
        [
            0.016875323969931053,
            0.0001563968642903646
        ],
        [
            0.015103419845925461,
            4.805421162179524e-05
        ],
        [
            0.01238135659821406,
            0.0002926644767012876
        ],
        [
            0.014766886136294441,
            0.00017284503498271597
        ],
        [
            0.011656560891057675,
            0.00021137735417020576
        ],
        [
            0.01222544206496938,
            0.00030894225352418037
        ],
        [
            0.011076479318495031,
            0.00037908371907768856
        ],
        [
            0.015934045600088983,
            0.0003049537297801219
        ],
        [
            0.011101235978705866,
            0.0004485845072054184
        ],
        [
            0.015626564696616572,
            1.894118510548104e-05
        ],
        [
            0.01210577982158585,
            0.00030836841482839716
        ],
        [
            0.01690699510654327,
            0.00010015064716717426
        ],
        [
            0.01657515715849122,
            0.0005577734090734809
        ],
        [
            0.016867766474750925,
            0.00011499655672975173
        ],
        [
            0.010819343217855458,
            0.00025168696237509725
        ],
        [
            0.012212992677190481,
            0.0003294506321499524
        ],
        [
            0.016926938435790878,
            0.00013850594722164544
        ],
        [
            0.01614453102345632,
            2.824494097020125e-05
        ],
        [
            0.015629685097382707,
            0.00020215682164337334
        ],
        [
            0.017525868200495454,
            0.0002994014320325533
        ],
        [
            0.01591892207787333,
            0.00010357018056461609
        ],
        [
            0.01493345822549359,
            3.8864983626041294e-05
        ],
        [
            0.009700255463713255,
            0.00035229690839955197
        ],
        [
            0.014317200581331806,
            1.4300598252692254e-05
        ],
        [
            0.014094234752188975,
            9.91302817687778e-06
        ],
        [
            0.010540087519337198,
            0.00029148301562975654
        ],
        [
            0.01742267607168339,
            0.000305284235180614
        ],
        [
            0.016287181449641225,
            0.0002750402831370735
        ],
        [
            0.014446630121423965,
            0.00024119175402004256
        ],
        [
            0.0159735646083171,
            1.4314853944763506e-05
        ]
    ],
    "r_thresh_deg": 5,
    "t_thresh": 0.035,
    "t_thresh_prec": 0.04
}