{
    "match_ratio": 0.65,
    "recall": 0.65,
    "precision": 0.78125,
    "n_avail": 20,
    "n_pred": 32,
    "out_scores": [
        0.5578775405883789,
        0.9807985424995422,
        0.9885674715042114,
        0.9077844023704529,
        0.9839205145835876,
        0.9678348898887634,
        0.9854766726493835,
        0.9936648607254028,
        0.9936056137084961,
        0.9893325567245483,
        0.9871921539306641,
        0.991043210029602,
        0.9803996086120605,
        0.9545474648475647,
        0.9399200677871704,
        0.9909800887107849,
        0.9900588393211365,
        0.9944360256195068,
        0.804555356502533,
        0.992763102054596,
        0.30212774872779846,
        0.9031432867050171,
        0.9909577369689941,
        0.9386476874351501,
        0.9333209991455078,
        0.914803683757782,
        0.9711278080940247,
        0.9879239201545715,
        0.9066643118858337,
        0.9858567714691162,
        0.7307103872299194,
        0.9753606915473938
    ],
    "min_trans_rot_dists": [
        [
            0.01713040293630853,
            0.00017330539207249807
        ],
        [
            0.40341475108871566,
            0.00010128768348105499
        ],
        [
            0.028325232093793305,
            7.557739918484518e-05
        ],
        [
            0.38941403027420946,
            2.4592656899025123e-05
        ],
        [
            0.11326882756385045,
            6.425351120664669e-05
        ],
        [
            0.12956990341684757,
            8.410087025456647e-05
        ],
        [
            0.12675770170804634,
            7.296676060863927e-05
        ],
        [
            0.11511681364610436,
            2.4592656899025123e-05
        ],
        [
            0.007448126495513295,
            6.425351120664669e-05
        ],
        [
            0.03425400678895387,
            8.410087025456647e-05
        ],
        [
            0.023489275597119275,
            8.032769822130525e-05
        ],
        [
            0.032207435265103314,
            2.4592656899025123e-05
        ],
        [
            0.005693017454687819,
            5.3230298732942494e-05
        ],
        [
            0.03383198776470874,
            0.00018206319750180278
        ],
        [
            0.024405835516403254,
            0.0002803621126017397
        ],
        [
            0.035432284030567716,
            0.9998594147798899
        ],
        [
            0.0038267008046802223,
            0.00018118961589963511
        ],
        [
            0.028889584439114883,
            7.694924610479603e-05
        ],
        [
            0.024497251070827265,
            9.205614096341463e-05
        ],
        [
            0.03431484908639542,
            0.00010166355760421464
        ]
    ],
    "min_trans_rot_dists_prec": [
        [
            0.03738851307537347,
            0.00020221367448913785
        ],
        [
            0.036368333900057316,
            0.00012075124579880026
        ],
        [
            0.43709169704116296,
            0.001027012994680221
        ],
        [
            0.028426533383512927,
            0.00014679621509494645
        ],
        [
            0.43914846953560294,
            0.0006628339892691404
        ],
        [
            0.034753424013394055,
            3.922834832259525e-05
        ],
        [
            0.040172165507270846,
            0.0002589407576509828
        ],
        [
            0.007448126495513295,
            6.425351120664669e-05
        ],
        [
            0.5620828586674416,
            0.00011135912348503307
        ],
        [
            0.024497251070827265,
            9.205614096341463e-05
        ],
        [
            0.03431484908639542,
            0.00010166355760421464
        ],
        [
            0.029350116679943642,
            0.00010367222843643553
        ],
        [
            0.02549884086387386,
            7.296676060863927e-05
        ],
        [
            0.003944938876831368,
            8.066413393925664e-05
        ],
        [
            0.03623504050171612,
            5.41815217188768e-05
        ],
        [
            0.028889584439114883,
            7.694924610479603e-05
        ],
        [
            0.032207435265103314,
            2.4592656899025123e-05
        ],
        [
            0.5398096513293382,
            0.00019911497747870932
        ],
        [
            0.0038267008046802223,
            0.00018118961589963511
        ],
        [
            0.5477320275005734,
            0.00011057942919745489
        ],
        [
            0.039442249743194505,
            0.00018365862302505143
        ],
        [
            0.03383198776470874,
            0.00018206319750180278
        ],
        [
            0.5502688412762273,
            0.00018425443120051455
        ],
        [
            0.023489275597119275,
            8.032769822130525e-05
        ],
        [
            0.024405835516403254,
            0.0002803621126017397
        ],
        [
            0.028325232093793305,
            7.557739918484518e-05
        ],
        [
            0.03386516802282094,
            0.00010128768348105499
        ],
        [
            0.005693017454687819,
            5.3230298732942494e-05
        ],
        [
            0.01713040293630853,
            0.00017330539207249807
        ],
        [
            0.035527661289634686,
            0.00011500891873461594
        ],
        [
            0.035432284030567716,
            0.00022826339140280538
        ],
        [
            0.03425400678895387,
            8.410087025456647e-05
        ]
    ],
    "r_thresh_deg": 5,
    "t_thresh": 0.035,
    "t_thresh_prec": 0.04
}