{
    "match_ratio": 0.325,
    "recall": 0.325,
    "precision": 0.9375,
    "n_avail": 40,
    "n_pred": 32,
    "out_scores": [
        0.9595263004302979,
        0.9890903830528259,
        0.9934841990470886,
        0.988228440284729,
        0.9881383776664734,
        0.9878361821174622,
        0.9847286343574524,
        0.9861369132995605,
        0.34476473927497864,
        0.7276739478111267,
        0.9935616254806519,
        0.9887323379516602,
        0.9216021299362183,
        0.9560678601264954,
        0.8406418561935425,
        0.9827500581741333,
        0.9854950904846191,
        0.8185432553291321,
        0.9741592407226562,
        0.9909037947654724,
        0.9882082343101501,
        0.8798958659172058,
        0.9775723814964294,
        0.9885149598121643,
        0.9883989095687866,
        0.9749528169631958,
        0.9359898567199707,
        0.9929795861244202,
        0.9883964657783508,
        0.9899975657463074,
        0.9921684861183167,
        0.9948983788490295
    ],
    "min_trans_rot_dists": [
        [
            0.3618389446984742,
            4.574817136526743e-05
        ],
        [
            0.3391639021223399,
            0.00021670451209077068
        ],
        [
            0.012226115293626584,
            0.0003089997294858371
        ],
        [
            0.3391639021223399,
            0.9998522474149208
        ],
        [
            0.22978193368870733,
            4.574817136526743e-05
        ],
        [
            0.39494574104478697,
            5.258097768567893e-05
        ],
        [
            0.1277126934188423,
            0.0003089997294858371
        ],
        [
            0.23413859756261302,
            0.0002972477370514204
        ],
        [
            0.02181512411952814,
            6.044706148966572e-05
        ],
        [
            0.2935961588522377,
            5.1832259102768674e-05
        ],
        [
            0.03869570150120933,
            0.00038086492980748954
        ],
        [
            0.01670214648135773,
            0.000537018751987195
        ],
        [
            0.040603325316786364,
            4.574817136526743e-05
        ],
        [
            0.008635529155753587,
            0.00015963100111782147
        ],
        [
            0.014521540282293858,
            0.00025260820948369567
        ],
        [
            0.02886477748378495,
            0.000537018751987195
        ],
        [
            0.16918985742243556,
            4.574817136526743e-05
        ],
        [
            0.31492795590901684,
            2.366877330217676e-05
        ],
        [
            0.13481393409250966,
            0.9998726249683875
        ],
        [
            0.16187500890313045,
            0.000131600736686166
        ],
        [
            0.4631146400408032,
            8.466861268818793e-05
        ],
        [
            0.2643816360537146,
            0.00021670451209077068
        ],
        [
            0.27021027853318247,
            0.00011806418006732322
        ],
        [
            0.2643816360537146,
            0.9998522474149208
        ],
        [
            0.19991781073920978,
            8.465878209784616e-05
        ],
        [
            0.013488783486998657,
            0.00021670451209077068
        ],
        [
            0.027862886092241926,
            0.00011806418006732322
        ],
        [
            0.013488783486998657,
            0.9998522474149208
        ],
        [
            0.03706078600923695,
            8.465878209784616e-05
        ],
        [
            0.0221878230838891,
            0.9999732500425212
        ],
        [
            0.039413347108851304,
            0.9998382205089922
        ],
        [
            0.0221878230838891,
            5.593712710605381e-05
        ],
        [
            0.03441302303449702,
            0.00020393531527596043
        ],
        [
            0.021095480570568356,
            2.366877330217676e-05
        ],
        [
            0.030186708684903783,
            0.0020154101915493827
        ],
        [
            0.023758172355678127,
            5.593712710605381e-05
        ],
        [
            0.15831576100233044,
            8.465878209784616e-05
        ],
        [
            0.12599650932805778,
            2.366877330217676e-05
        ],
        [
            0.12568022485800473,
            0.0012327410138893713
        ],
        [
            0.12894533918778756,
            0.9999228755509468
        ]
    ],
    "min_trans_rot_dists_prec": [
        [
            0.03985843778438922,
            8.466861268818793e-05
        ],
        [
            0.020580783043036965,
            5.258097768567893e-05
        ],
        [
            0.013488783486998657,
            0.00021670451209077068
        ],
        [
            0.008635529155753587,
            0.00015963100111782147
        ],
        [
            0.027862886092241926,
            0.00011806418006732322
        ],
        [
            0.02520633796905449,
            0.0012327410138893713
        ],
        [
            0.022248704097524243,
            0.00014372169681109437
        ],
        [
            0.026408912522554284,
            3.1358777840884144e-05
        ],
        [
            0.012226115293626584,
            0.0003089997294858371
        ],
        [
            0.4943447770878829,
            0.00013285331566692538
        ],
        [
            0.03441302303449702,
            0.00020393531527596043
        ],
        [
            0.020711762008977827,
            5.1832259102768674e-05
        ],
        [
            0.021022329953106076,
            4.574817136526743e-05
        ],
        [
            0.0372164510415867,
            0.00011573550138888056
        ],
        [
            0.014612525546659037,
            0.00038086492980748954
        ],
        [
            0.03137919516554597,
            0.001682918904434727
        ],
        [
            0.02449083510861719,
            3.960684562709371e-05
        ],
        [
            0.4949267411507516,
            0.00013727218899328708
        ],
        [
            0.031336494545833704,
            0.0002972477370514204
        ],
        [
            0.038170286032271426,
            8.465878209784616e-05
        ],
        [
            0.02180108877561054,
            8.49001527783999e-05
        ],
        [
            0.014521540282293858,
            0.00025260820948369567
        ],
        [
            0.030171192768809346,
            0.000131600736686166
        ],
        [
            0.020408147347205568,
            8.720890217261967e-05
        ],
        [
            0.021882668101301087,
            3.580800961344721e-05
        ],
        [
            0.02886477748378495,
            0.000537018751987195
        ],
        [
            0.02181512411952814,
            6.044706148966572e-05
        ],
        [
            0.023758172355678127,
            5.593712710605381e-05
        ],
        [
            0.02706057749754613,
            0.0015147800233455966
        ],
        [
            0.021095480570568356,
            2.366877330217676e-05
        ],
        [
            0.02687905468447463,
            0.0019807121718838916
        ],
        [
            0.030186708684903783,
            0.0020154101915493827
        ]
    ],
    "r_thresh_deg": 5,
    "t_thresh": 0.035,
    "t_thresh_prec": 0.04
}