{
    "match_ratio": 0.5833333333333334,
    "recall": 0.5833333333333334,
    "precision": 0.84375,
    "n_avail": 12,
    "n_pred": 32,
    "out_scores": [
        0.9008121490478516,
        0.26714417338371277,
        0.01956624910235405,
        0.8855025172233582,
        0.9456189274787903,
        0.9902522563934326,
        0.5267234444618225,
        0.9923065304756165,
        0.5131332278251648,
        0.8351500630378723,
        0.8281857371330261,
        0.9600061774253845,
        0.9725440740585327,
        0.9932548999786377,
        0.9827766418457031,
        0.9884892106056213,
        0.7777751088142395,
        0.9903357028961182,
        0.9877005815505981,
        0.744218647480011,
        0.9456346035003662,
        0.991665780544281,
        0.9003866314888,
        0.26636478304862976,
        0.9587826728820801,
        0.8173173069953918,
        0.9897409677505493,
        0.7301193475723267,
        0.9684052467346191,
        0.9924724102020264,
        0.8234214782714844,
        0.9126190543174744
    ],
    "min_trans_rot_dists": [
        [
            0.011162422476920564,
            0.000244822909481357
        ],
        [
            0.019598472333609045,
            0.0004228779391993731
        ],
        [
            0.1683448530467593,
            6.690790231278498e-05
        ],
        [
            0.028606702000800715,
            5.49163786605078e-05
        ],
        [
            0.012360924592054224,
            0.00028976618011278266
        ],
        [
            0.017405824488312488,
            8.994641933146585e-05
        ],
        [
            0.01864052794414048,
            5.276849455548849e-05
        ],
        [
            0.02421235367191262,
            0.0004311088448204492
        ],
        [
            0.0888092062418139,
            1.8504818869446993e-06
        ],
        [
            0.08754637996413296,
            0.9998979888424564
        ],
        [
            0.33315067400244575,
            5.276849455548849e-05
        ],
        [
            0.08754637996413296,
            0.0001266940854336429
        ]
    ],
    "min_trans_rot_dists_prec": [
        [
            0.010727751233773257,
            0.00018998726196750582
        ],
        [
            0.013787876298739222,
            9.962796571016952e-05
        ],
        [
            0.016606971908233497,
            0.0001119575714156884
        ],
        [
            0.011800301866540795,
            6.036146590993052e-05
        ],
        [
            0.010715904393842126,
            0.00011394454923618902
        ],
        [
            0.02240333918039304,
            0.0003993890035122183
        ],
        [
            0.028606702000800715,
            5.49163786605078e-05
        ],
        [
            0.08754637996413296,
            0.0001266940854336429
        ],
        [
            0.01220099638002127,
            0.00012634028307201284
        ],
        [
            0.011754525770837044,
            0.00012725566107607555
        ],
        [
            0.019819251397862617,
            0.0002597982365281082
        ],
        [
            0.014220404430129216,
            0.00014133756441236933
        ],
        [
            0.024743162693713065,
            0.000413119700882314
        ],
        [
            0.08604394634035888,
            0.00013329383056759347
        ],
        [
            0.023710777223816596,
            0.0006035643112464184
        ],
        [
            0.01908670907094396,
            0.0001042354093538922
        ],
        [
            0.5904365979861563,
            0.0001001881697499929
        ],
        [
            0.022838809678362933,
            0.0003231999706423405
        ],
        [
            0.01704222003822468,
            9.065700409915944e-05
        ],
        [
            0.012429485198295554,
            0.00023739045142978643
        ],
        [
            0.5908892403480386,
            1.8504818869446993e-06
        ],
        [
            0.019898525903199602,
            6.690790231278498e-05
        ],
        [
            0.020088484719784482,
            0.00012350108541370197
        ],
        [
            0.5893480304276885,
            4.643622332434205e-05
        ],
        [
            0.009440678480698276,
            0.00012170588877913335
        ],
        [
            0.011162422476920564,
            0.000244822909481357
        ],
        [
            0.017405824488312488,
            8.994641933146585e-05
        ],
        [
            0.012360924592054224,
            0.00028976618011278266
        ],
        [
            0.02421235367191262,
            0.0004311088448204492
        ],
        [
            0.01864052794414048,
            5.276849455548849e-05
        ],
        [
            0.02002430251036295,
            0.00023592474469447122
        ],
        [
            0.019598472333609045,
            0.0004228779391993731
        ]
    ],
    "r_thresh_deg": 5,
    "t_thresh": 0.035,
    "t_thresh_prec": 0.04
}