{
    "match_ratio": 0.3333333333333333,
    "recall": 0.3333333333333333,
    "precision": 1.0,
    "n_avail": 24,
    "n_pred": 32,
    "out_scores": [
        0.921458899974823,
        0.9037852883338928,
        0.969878613948822,
        0.959114134311676,
        0.9808169007301331,
        0.9331653714179993,
        0.11559811979532242,
        0.9790652990341187,
        0.9819860458374023,
        0.9134184718132019,
        0.98117995262146,
        0.9833453893661499,
        0.9826164245605469,
        0.9964861869812012,
        0.9296249151229858,
        0.996371865272522,
        0.8419279456138611,
        0.9731104373931885,
        0.994387686252594,
        0.9921420812606812,
        0.9952155351638794,
        0.987489640712738,
        0.9277573823928833,
        0.9895071387290955,
        0.9466347098350525,
        0.9402726888656616,
        0.9608941674232483,
        0.9843920469284058,
        0.9953723549842834,
        0.8958272337913513,
        0.950789213180542,
        0.9731805324554443
    ],
    "min_trans_rot_dists": [
        [
            0.23072777159012187,
            2.2521895961524763e-06
        ],
        [
            0.15650769418999216,
            8.638203697119984e-05
        ],
        [
            0.239005586702525,
            0.0001412265945205382
        ],
        [
            0.15650769418999216,
            0.9999224457082369
        ],
        [
            0.07761351550159193,
            2.2521895961524763e-06
        ],
        [
            0.01546914811861193,
            8.638203697119984e-05
        ],
        [
            0.08450341347046614,
            0.00014748522245922047
        ],
        [
            0.01546914811861193,
            0.9999224457082369
        ],
        [
            0.018015221563966094,
            4.904930738569568e-06
        ],
        [
            0.01925424416184366,
            0.00015132354526281588
        ],
        [
            0.017323475878008955,
            0.00014748522245922047
        ],
        [
            0.006095623029223275,
            4.048992154337405e-06
        ],
        [
            0.019663820856467843,
            1.1693650758370921e-05
        ],
        [
            0.06823665392996785,
            6.619429230825258e-05
        ],
        [
            0.07099216433797013,
            0.00018104399099005963
        ],
        [
            0.005140619855455945,
            2.453955798209506e-05
        ],
        [
            0.08383801955339604,
            1.1693650758370921e-05
        ],
        [
            0.14427051832948146,
            6.619429230825258e-05
        ],
        [
            0.1471909468612904,
            0.00018104399099005963
        ],
        [
            0.010922593381744089,
            4.1316590453588375e-05
        ],
        [
            0.12175764750848003,
            1.1693650758370921e-05
        ],
        [
            0.18266880025606522,
            6.619429230825258e-05
        ],
        [
            0.18561480524563126,
            0.00018104399099005963
        ],
        [
            0.04726003669282487,
            4.1316590453588375e-05
        ]
    ],
    "min_trans_rot_dists_prec": [
        [
            0.01626514099381517,
            0.00028692447882039396
        ],
        [
            0.016208665854338382,
            0.00021965443906368787
        ],
        [
            0.018068647502179364,
            5.902297802728995e-06
        ],
        [
            0.017016370285845066,
            0.000151638615861871
        ],
        [
            0.017586929550863547,
            1.3965591051712245e-05
        ],
        [
            0.017355709320076615,
            1.3340088372615355e-05
        ],
        [
            0.01546914811861193,
            8.638203697119984e-05
        ],
        [
            0.01865564093452986,
            0.00018104399099005963
        ],
        [
            0.01753507654226196,
            0.0001277760479037049
        ],
        [
            0.018908232532933493,
            0.0001923316152891985
        ],
        [
            0.020782983469217035,
            6.619429230825258e-05
        ],
        [
            0.018123451388594284,
            0.0001412265945205382
        ],
        [
            0.019471254147747388,
            8.658179697307311e-06
        ],
        [
            0.020308787552361957,
            1.2381335011357741e-05
        ],
        [
            0.017840511877071953,
            2.2521895961524763e-06
        ],
        [
            0.019663820856467843,
            1.1693650758370921e-05
        ],
        [
            0.01885868581388093,
            8.091106299856765e-05
        ],
        [
            0.005188182182891235,
            1.8603086545665448e-06
        ],
        [
            0.010922593381744089,
            4.1316590453588375e-05
        ],
        [
            0.0035059347929356052,
            3.2853087174600226e-05
        ],
        [
            0.006625672045188274,
            1.297633080277194e-05
        ],
        [
            0.01953210672235154,
            0.00025978029997208996
        ],
        [
            0.018508673984449196,
            0.00020979308343582748
        ],
        [
            0.004311584990979986,
            1.6324441078352514e-05
        ],
        [
            0.01925424416184366,
            0.00015132354526281588
        ],
        [
            0.018033367830050755,
            0.0002603176228251902
        ],
        [
            0.017323475878008955,
            0.00014748522245922047
        ],
        [
            0.004212346586676943,
            3.6822571691796924e-07
        ],
        [
            0.005140619855455945,
            2.453955798209506e-05
        ],
        [
            0.006095623029223275,
            4.048992154337405e-06
        ],
        [
            0.018595010877259333,
            8.460432902479553e-06
        ],
        [
            0.018015221563966094,
            4.904930738569568e-06
        ]
    ],
    "r_thresh_deg": 5,
    "t_thresh": 0.035,
    "t_thresh_prec": 0.04
}