{
    "match_ratio": 0.9,
    "recall": 0.9,
    "precision": 1.0,
    "n_avail": 20,
    "n_pred": 32,
    "out_scores": [
        0.9159113168716431,
        0.07570604979991913,
        0.9475614428520203,
        0.9491241574287415,
        0.983328104019165,
        0.9874756932258606,
        0.9651151299476624,
        0.9915099143981934,
        0.9756100177764893,
        0.9277347326278687,
        0.889294445514679,
        0.991441011428833,
        0.8786754012107849,
        0.9849172234535217,
        0.9828703999519348,
        0.8743752241134644,
        0.5349924564361572,
        0.9478292465209961,
        0.9855549335479736,
        0.8694735765457153,
        0.9284089803695679,
        0.9700959920883179,
        0.9746323227882385,
        0.6992446780204773,
        0.939418375492096,
        0.9916914701461792,
        0.8577332496643066,
        0.9099264144897461,
        0.8744498491287231,
        0.9798132181167603,
        0.9000198245048523,
        0.9869928359985352
    ],
    "min_trans_rot_dists": [
        [
            0.017056259569049992,
            0.00023033533854588395
        ],
        [
            0.01975216018783904,
            0.0012331625250908695
        ],
        [
            0.01562867655946922,
            0.0006769714981613717
        ],
        [
            0.010222017375235842,
            3.5173621850348447e-05
        ],
        [
            0.022138830409376985,
            7.181862098759595e-05
        ],
        [
            0.01725085264438488,
            0.9998683635437218
        ],
        [
            0.022447816397494505,
            4.334924633220272e-05
        ],
        [
            0.01725085264438488,
            0.0001406121525361348
        ],
        [
            0.019928037337446133,
            0.00015803499590738568
        ],
        [
            0.020510201409513363,
            0.0002876300874510296
        ],
        [
            0.015175717092245609,
            1.0235535401914575e-05
        ],
        [
            0.013364890653173884,
            0.00014686539709563018
        ],
        [
            0.019800054289445104,
            0.9999484520923942
        ],
        [
            0.019800054289445104,
            0.0002210670129751957
        ],
        [
            0.014007519698554615,
            2.0794229640408446e-05
        ],
        [
            0.019188244016992765,
            0.0002113120275054614
        ],
        [
            0.020745150590699153,
            4.796421729003075e-05
        ],
        [
            0.02193758875861116,
            0.00024253651235495166
        ],
        [
            0.010843707811176625,
            2.3735500720767355e-05
        ],
        [
            0.01729846457963787,
            0.00018281774886219626
        ]
    ],
    "min_trans_rot_dists_prec": [
        [
            0.010992603546179931,
            2.7654754188866093e-05
        ],
        [
            0.022447816397494505,
            4.334924633220272e-05
        ],
        [
            0.013364890653173884,
            0.00014686539709563018
        ],
        [
            0.0202688730022084,
            4.1037618231709594e-05
        ],
        [
            0.026096425855536065,
            0.00015383084971032357
        ],
        [
            0.019800054289445104,
            0.0002210670129751957
        ],
        [
            0.01725085264438488,
            0.0001406121525361348
        ],
        [
            0.011506593575874366,
            1.6193759649674178e-05
        ],
        [
            0.018238839720584262,
            9.492218555595677e-05
        ],
        [
            0.01474144021096757,
            0.0005549865824182598
        ],
        [
            0.009663708855606303,
            9.237154914920609e-05
        ],
        [
            0.011063834754584095,
            1.172621684353281e-05
        ],
        [
            0.010167515232159745,
            5.1221059039985306e-05
        ],
        [
            0.015491718834404457,
            0.00010681266910717024
        ],
        [
            0.016782764112822184,
            0.000187472190315785
        ],
        [
            0.02126886429154731,
            0.0015286517887994622
        ],
        [
            0.019928037337446133,
            0.00015803499590738568
        ],
        [
            0.015175717092245609,
            1.0235535401914575e-05
        ],
        [
            0.020510201409513363,
            0.0002876300874510296
        ],
        [
            0.011087522036023117,
            0.00012030004011132078
        ],
        [
            0.014529192055817533,
            0.000698550108299778
        ],
        [
            0.019188244016992765,
            0.0002113120275054614
        ],
        [
            0.02193758875861116,
            0.00024253651235495166
        ],
        [
            0.022138830409376985,
            7.181862098759595e-05
        ],
        [
            0.01975216018783904,
            0.0012331625250908695
        ],
        [
            0.010843707811176625,
            2.3735500720767355e-05
        ],
        [
            0.010222017375235842,
            3.5173621850348447e-05
        ],
        [
            0.020745150590699153,
            4.796421729003075e-05
        ],
        [
            0.01562867655946922,
            0.0006769714981613717
        ],
        [
            0.01729846457963787,
            0.00018281774886219626
        ],
        [
            0.017056259569049992,
            0.00023033533854588395
        ],
        [
            0.014007519698554615,
            2.0794229640408446e-05
        ]
    ],
    "r_thresh_deg": 5,
    "t_thresh": 0.035,
    "t_thresh_prec": 0.04
}