{
    "match_ratio": 0.34615384615384615,
    "recall": 0.34615384615384615,
    "precision": 1.0,
    "n_avail": 52,
    "n_pred": 32,
    "out_scores": [
        0.5565823912620544,
        0.005152921192348003,
        0.04987296462059021,
        0.008837253786623478,
        0.2314630001783371,
        0.001827287022024393,
        0.0120683703571558,
        0.45194748044013977,
        0.8838675022125244,
        0.7981332540512085,
        0.0022365988697856665,
        0.8561633229255676,
        0.009829712100327015,
        0.0022296474780887365,
        0.8482239842414856,
        0.9081050753593445,
        0.6760267615318298,
        0.007346246857196093,
        0.0022154871840029955,
        0.006578443571925163,
        0.0915411114692688,
        0.019408859312534332,
        0.008499777875840664,
        0.003525502048432827,
        0.0025275947991758585,
        0.7795740365982056,
        0.3157450258731842,
        0.00031327278702519834,
        0.08570876717567444,
        0.009559263475239277,
        0.0055143763311207294,
        0.002750648185610771
    ],
    "min_trans_rot_dists": [
        [
            0.026683529359266645,
            5.098376051781983e-06
        ],
        [
            0.027928422091227968,
            0.00019662619662130787
        ],
        [
            0.02197977879353604,
            2.9825191688037656e-05
        ],
        [
            0.019715924014858194,
            2.807932582526984e-05
        ],
        [
            0.02130432014061658,
            5.098376051781983e-06
        ],
        [
            0.024746093384815704,
            0.00019662619662130787
        ],
        [
            0.019527750581578514,
            2.9825191688037656e-05
        ],
        [
            0.02010920617409037,
            2.807932582526984e-05
        ],
        [
            0.08478444780363098,
            2.3175297081512447e-05
        ],
        [
            0.08523894270745468,
            0.9999877638155699
        ],
        [
            0.08523894270745468,
            0.9999716601821522
        ],
        [
            0.08523894270745468,
            0.9999879395240859
        ],
        [
            0.02180267527528035,
            2.3175297081512447e-05
        ],
        [
            0.027422797452205876,
            0.00028021152668566973
        ],
        [
            0.01895229127071235,
            3.2465314456775474e-05
        ],
        [
            0.022029105338202664,
            0.9999855225526391
        ],
        [
            0.043164256509478624,
            5.263647819164774e-05
        ],
        [
            0.027168328127486773,
            0.00028021152668566973
        ],
        [
            0.0232359822403619,
            3.2465314456775474e-05
        ],
        [
            0.02093878216459922,
            0.9999855225526391
        ],
        [
            0.15800568449018287,
            5.263647819164774e-05
        ],
        [
            0.13819648627009598,
            0.00018486977132192717
        ],
        [
            0.13892923025117432,
            0.0001534525997390901
        ],
        [
            0.13819648627009598,
            0.9998177143717158
        ],
        [
            0.2370733277920076,
            5.263647819164774e-05
        ],
        [
            0.2173688852001314,
            0.00018486977132192717
        ],
        [
            0.21843260025993688,
            0.0001534525997390901
        ],
        [
            0.2173688852001314,
            0.9998177143717158
        ],
        [
            0.3296433342690317,
            5.098376051781983e-06
        ],
        [
            0.3021371151761868,
            0.00023927968093495622
        ],
        [
            0.3286173934244002,
            6.624105581498618e-06
        ],
        [
            0.32401771357920267,
            2.807932582526984e-05
        ],
        [
            0.30382931102535715,
            5.098376051781983e-06
        ],
        [
            0.22297716702967244,
            0.00023927968093495622
        ],
        [
            0.3029411925232391,
            6.624105581498618e-06
        ],
        [
            0.29863455847313386,
            2.807932582526984e-05
        ],
        [
            0.3049399221197617,
            2.3175297081512447e-05
        ],
        [
            0.06774709186262975,
            0.00023927968093495622
        ],
        [
            0.06437123023358962,
            2.395171534841367e-05
        ],
        [
            0.06702917536218884,
            0.9996103010254218
        ],
        [
            0.030186332651485678,
            0.00010255930087132992
        ],
        [
            0.030024593102802352,
            0.00041185300522583734
        ],
        [
            0.02381225869116254,
            5.827557665682992e-05
        ],
        [
            0.01842387406150748,
            0.00041133708378338074
        ],
        [
            0.303695945975609,
            2.3175297081512447e-05
        ],
        [
            0.03213811956240307,
            0.002149535630468158
        ],
        [
            0.09316350434578766,
            0.9997424882489503
        ],
        [
            0.09075689411447915,
            0.00041133708378338074
        ],
        [
            0.3770277875989344,
            2.3175297081512447e-05
        ],
        [
            0.3641583166482137,
            0.00018486977132192717
        ],
        [
            0.2501366996763667,
            0.9997424882489503
        ],
        [
            0.15811456000468724,
            0.997761724709289
        ]
    ],