{
    "match_ratio": 0.8333333333333334,
    "recall": 0.8333333333333334,
    "precision": 0.96875,
    "n_avail": 12,
    "n_pred": 32,
    "out_scores": [
        0.9829657673835754,
        0.9902400970458984,
        0.9614123106002808,
        0.9828639030456543,
        0.9855116605758667,
        0.8289555907249451,
        0.9885743856430054,
        0.9888356328010559,
        0.986879289150238,
        0.9882148504257202,
        0.995530903339386,
        0.9888467192649841,
        0.9913483262062073,
        0.9848565459251404,
        0.9903771281242371,
        0.676964282989502,
        0.97911536693573,
        0.9938661456108093,
        0.981094479560852,
        0.10580094158649445,
        0.9860214591026306,
        0.9755562543869019,
        0.9797735810279846,
        0.9819221496582031,
        0.9678325057029724,
        0.9764202237129211,
        0.9878629446029663,
        0.9907267093658447,
        0.9858620166778564,
        0.9843990802764893,
        0.9795545339584351,
        0.9832379817962646
    ],
    "min_trans_rot_dists": [
        [
            0.023416910919108795,
            9.16370566461655e-05
        ],
        [
            0.019721940633503205,
            6.676926495052804e-05
        ],
        [
            0.01861583589186566,
            0.00014444523208623217
        ],
        [
            0.010166621953077515,
            5.80589931811204e-05
        ],
        [
            0.02545719783464047,
            0.001105356276358438
        ],
        [
            0.19867389271037414,
            4.3657679478226186e-05
        ],
        [
            0.0330087053348173,
            0.0003378610384227043
        ],
        [
            0.016916393358450695,
            0.00048268828753683657
        ],
        [
            0.03428201405440952,
            0.001105356276358438
        ],
        [
            0.24932831586299056,
            4.3657679478226186e-05
        ],
        [
            0.0231436964263243,
            0.0003378610384227043
        ],
        [
            0.03425131649510187,
            0.00048268828753683657
        ]
    ],
    "min_trans_rot_dists_prec": [
        [
            0.018490014087558453,
            4.972805835501415e-05
        ],
        [
            0.008546057735076587,
            5.603400439813111e-05
        ],
        [
            0.03459081461521664,
            0.0014593319219120549
        ],
        [
            0.017603880071271612,
            7.481260916841759e-05
        ],
        [
            0.009102508418992471,
            5.6600722067923215e-05
        ],
        [
            0.03428201405440952,
            0.001105356276358438
        ],
        [
            0.008262980236290107,
            4.9931740487174636e-05
        ],
        [
            0.01901855851473325,
            4.3657679478226186e-05
        ],
        [
            0.019126333170674845,
            9.092519136066901e-05
        ],
        [
            0.02413217619285953,
            0.00011941901184608916
        ],
        [
            0.03425131649510187,
            0.00048268828753683657
        ],
        [
            0.018607576455998254,
            8.905006443882257e-05
        ],
        [
            0.023868911099567375,
            8.329664998230069e-05
        ],
        [
            0.018468504608559085,
            0.00013481588692998425
        ],
        [
            0.019984530419726476,
            0.00012719356976576002
        ],
        [
            0.3230917173747013,
            0.9999991681612438
        ],
        [
            0.019214354074864465,
            4.959060982123731e-05
        ],
        [
            0.018247270083778078,
            5.0854646060471964e-05
        ],
        [
            0.008940103578059883,
            3.173081025353852e-05
        ],
        [
            0.0231436964263243,
            0.0003378610384227043
        ],
        [
            0.02333096528329321,
            0.00010296762361294842
        ],
        [
            0.009853069859215581,
            9.121783628185387e-05
        ],
        [
            0.018174863013769048,
            5.561479445514994e-05
        ],
        [
            0.01841688437989168,
            8.613389011280503e-05
        ],
        [
            0.010166621953077515,
            5.80589931811204e-05
        ],
        [
            0.018887003894569505,
            8.759710651384811e-05
        ],
        [
            0.019369059090704504,
            8.952177480148205e-05
        ],
        [
            0.02397423059624112,
            7.130844009195503e-05
        ],
        [
            0.01882032439855683,
            0.00012577140287339805
        ],
        [
            0.023416910919108795,
            9.16370566461655e-05
        ],
        [
            0.019721940633503205,
            6.676926495052804e-05
        ],
        [
            0.01861583589186566,
            0.00014444523208623217
        ]
    ],
    "r_thresh_deg": 5,
    "t_thresh": 0.035,
    "t_thresh_prec": 0.04
}