{
    "match_ratio": 0.4375,
    "recall": 0.4375,
    "precision": 0.875,
    "n_avail": 16,
    "n_pred": 32,
    "out_scores": [
        0.6756550669670105,
        0.8525296449661255,
        0.954563558101654,
        0.8602579832077026,
        0.07726243138313293,
        0.025462863966822624,
        0.0626305341720581,
        0.024480417370796204,
        0.9780638217926025,
        0.9939946532249451,
        0.9769018292427063,
        0.9343225955963135,
        0.9491607546806335,
        0.010782807134091854,
        0.8982812166213989,
        0.8649182915687561,
        0.9765224456787109,
        0.020038379356265068,
        0.9955241680145264,
        0.012879929505288601,
        0.9653444886207581,
        0.9914239048957825,
        0.9306102991104126,
        0.014882080256938934,
        0.5585783123970032,
        0.7169071435928345,
        0.9066837430000305,
        0.9431381225585938,
        0.019395895302295685,
        0.9940114617347717,
        0.984492301940918,
        0.9011530876159668
    ],
    "min_trans_rot_dists": [
        [
            0.02537690986638521,
            0.003586769841344317
        ],
        [
            0.02537690986638521,
            0.9998587353361778
        ],
        [
            0.02537690986638521,
            0.9965776034966222
        ],
        [
            0.02537690986638521,
            0.9999768913258559
        ],
        [
            0.008662616352487038,
            0.005985148720294209
        ],
        [
            0.015790962713752216,
            0.0029827020196093734
        ],
        [
            0.024797884095343326,
            0.005374854063525003
        ],
        [
            0.028991285812670093,
            0.005024098329437066
        ],
        [
            0.07771348568586316,
            0.00348063891525896
        ],
        [
            0.08964290621672165,
            0.002637676484308793
        ],
        [
            0.09156886980281162,
            0.003544554385774834
        ],
        [
            0.08369434097393916,
            0.006045010288500907
        ],
        [
            0.02445491547702415,
            0.0005686190858871232
        ],
        [
            0.04036161098535549,
            0.0004964675278531505
        ],
        [
            0.044143489974897,
            0.0006603611114653907
        ],
        [
            0.03461818076449818,
            0.0004322574874198182
        ]
    ],
    "min_trans_rot_dists_prec": [
        [
            0.02537690986638521,
            0.003586769841344317
        ],
        [
            0.02535139015181151,
            0.004687493672689169
        ],
        [
            0.018008801225283522,
            0.003714921270553395
        ],
        [
            0.017082952940970095,
            0.0028386992319388016
        ],
        [
            0.007917786088651775,
            0.00348063891525896
        ],
        [
            0.00939114319626604,
            0.006589641166695026
        ],
        [
            0.0114227027288131,
            0.005113056293827745
        ],
        [
            0.01083876376284554,
            0.004720661274678184
        ],
        [
            0.019948822352503146,
            0.004735370045174436
        ],
        [
            0.34045271565935387,
            0.0004964675278531505
        ],
        [
            0.018908447351060974,
            0.002910776114271152
        ],
        [
            0.01729846105078049,
            0.0038261180302906483
        ],
        [
            0.03346381044385707,
            0.00031763006224172496
        ],
        [
            0.012331611960296765,
            0.006028968906942378
        ],
        [
            0.023500477262957214,
            0.003902703059129098
        ],
        [
            0.023698741767877205,
            0.003544554385774834
        ],
        [
            0.022551920629591403,
            0.00044863045066168006
        ],
        [
            0.02941324571689627,
            0.006045010288500907
        ],
        [
            0.3379799432715,
            0.0006603611114653907
        ],
        [
            0.031056549786311345,
            0.004332508565085491
        ],
        [
            0.02157721401027292,
            0.003591907240820591
        ],
        [
            0.333544310689906,
            0.0006138938136094341
        ],
        [
            0.015946935916533612,
            0.002637676484308793
        ],
        [
            0.008662616352487038,
            0.005985148720294209
        ],
        [
            0.013617124658848971,
            0.0032593197146160158
        ],
        [
            0.024797884095343326,
            0.005374854063525003
        ],
        [
            0.03918913131719054,
            0.0003788506702206984
        ],
        [
            0.03461818076449818,
            0.0004322574874198182
        ],
        [
            0.028991285812670093,
            0.005024098329437066
        ],
        [
            0.33915825185033455,
            0.0005257235438180796
        ],
        [
            0.02445491547702415,
            0.0005686190858871232
        ],
        [
            0.015790962713752216,
            0.0029827020196093734
        ]
    ],
    "r_thresh_deg": 5,
    "t_thresh": 0.035,
    "t_thresh_prec": 0.04
}