{
    "match_ratio": 0.5,
    "recall": 0.5,
    "precision": 1.0,
    "n_avail": 8,
    "n_pred": 32,
    "out_scores": [
        0.9948998093605042,
        0.9913449287414551,
        0.9895115494728088,
        0.9644961953163147,
        0.9707983136177063,
        0.993829071521759,
        0.9892125129699707,
        0.9897889494895935,
        0.9526459574699402,
        0.9716535806655884,
        0.9898359179496765,
        0.9828066825866699,
        0.9388684034347534,
        0.9926121830940247,
        0.9894204139709473,
        0.9898620843887329,
        0.9489971399307251,
        0.9391742944717407,
        0.9811652898788452,
        0.9752257466316223,
        0.9776139259338379,
        0.9941303133964539,
        0.9395111203193665,
        0.9552794694900513,
        0.9494249224662781,
        0.9463369250297546,
        0.9677863121032715,
        0.993114173412323,
        0.9642353057861328,
        0.9561265707015991,
        0.9838320016860962,
        0.9483936429023743
    ],
    "min_trans_rot_dists": [
        [
            0.10581466454467288,
            0.00034241210017493806
        ],
        [
            0.10612652223403572,
            0.0003446563892528509
        ],
        [
            0.10581466454467288,
            0.9998062062688607
        ],
        [
            0.10612652223403572,
            0.9996884169040996
        ],
        [
            0.012141887259509097,
            0.00034241210017493806
        ],
        [
            0.014825247978220905,
            0.0002968766478587126
        ],
        [
            0.02950728707003198,
            0.00025135446499424674
        ],
        [
            0.030305465704531423,
            0.00012005375460055756
        ]
    ],
    "min_trans_rot_dists_prec": [
        [
            0.01647029198710773,
            0.0003446563892528509
        ],
        [
            0.029372020287348092,
            0.00023812246293763994
        ],
        [
            0.03008568850338953,
            0.00011218281053215762
        ],
        [
            0.030105710396069414,
            4.395963655101642e-05
        ],
        [
            0.010760002195075908,
            0.0003500917693015637
        ],
        [
            0.013992687711256271,
            0.00021371758671340224
        ],
        [
            0.028963921071353066,
            0.00011094661217947444
        ],
        [
            0.01546619845267392,
            0.00037052816131677435
        ],
        [
            0.029958815856450764,
            5.229491356917304e-05
        ],
        [
            0.01256243952757014,
            0.00034454881473244825
        ],
        [
            0.029672431972858713,
            0.00014066019651792772
        ],
        [
            0.028421228816963958,
            0.0001402550194837815
        ],
        [
            0.03041695021182911,
            7.404196907190297e-05
        ],
        [
            0.029008408684342204,
            0.00020717231280142911
        ],
        [
            0.029112853616921307,
            0.00018040508846628445
        ],
        [
            0.014976803142811482,
            0.00037447262648337976
        ],
        [
            0.030024499796342217,
            5.3871236826208424e-05
        ],
        [
            0.00952879411917402,
            0.00029748288144459956
        ],
        [
            0.02890339718382104,
            0.00023873494758730462
        ],
        [
            0.011542247354686078,
            0.0003421518798744083
        ],
        [
            0.011237847230669288,
            0.00025277099163467653
        ],
        [
            0.015119841635707324,
            0.0004496764061721059
        ],
        [
            0.030093072701542864,
            5.5255434276091364e-05
        ],
        [
            0.029679577592136554,
            6.380135730110759e-05
        ],
        [
            0.030043545303131473,
            7.51288464680977e-05
        ],
        [
            0.030284109654636005,
            6.287266439974903e-05
        ],
        [
            0.029293628555385365,
            4.487681714482328e-05
        ],
        [
            0.014825247978220905,
            0.0002968766478587126
        ],
        [
            0.012141887259509097,
            0.00034241210017493806
        ],
        [
            0.029759472412979954,
            5.122702038762306e-05
        ],
        [
            0.02950728707003198,
            0.00025135446499424674
        ],
        [
            0.030305465704531423,
            0.00012005375460055756
        ]
    ],
    "r_thresh_deg": 5,
    "t_thresh": 0.035,
    "t_thresh_prec": 0.04
}