{
    "match_ratio": 0.42857142857142855,
    "recall": 0.42857142857142855,
    "precision": 0.96875,
    "n_avail": 28,
    "n_pred": 32,
    "out_scores": [
        0.9668332934379578,
        0.984321117401123,
        0.98439621925354,
        0.9762192368507385,
        0.869870126247406,
        0.9389438629150391,
        0.9652137756347656,
        0.9140129685401917,
        0.9783172607421875,
        0.926987886428833,
        0.9932273030281067,
        0.9772387742996216,
        0.9912774562835693,
        0.9754222631454468,
        0.9715844988822937,
        0.983897864818573,
        0.9861978888511658,
        0.6605799794197083,
        0.8005975484848022,
        0.8593014478683472,
        0.39252662658691406,
        0.038881510496139526,
        0.9821749329566956,
        0.920735776424408,
        0.9875308871269226,
        0.9815266728401184,
        0.9803697466850281,
        0.9721250534057617,
        0.9760081171989441,
        0.9785236120223999,
        0.9732069373130798,
        0.9691615700721741
    ],
    "min_trans_rot_dists": [
        [
            0.2541305945651497,
            2.7310685121517686e-05
        ],
        [
            0.22479019995507601,
            9.070869174898633e-06
        ],
        [
            0.21814278044851673,
            2.050712639001251e-05
        ],
        [
            0.22795165523196353,
            5.630479474527661e-05
        ],
        [
            0.16902573096617035,
            2.7310685121517686e-05
        ],
        [
            0.13997302772423809,
            9.070869174898633e-06
        ],
        [
            0.13268529821504138,
            2.050712639001251e-05
        ],
        [
            0.14274508572966918,
            5.630479474527661e-05
        ],
        [
            0.023802406562577427,
            0.00015283988423941963
        ],
        [
            0.023294085956263654,
            1.3199883794112743e-05
        ],
        [
            0.011040784859380088,
            7.747670322633127e-06
        ],
        [
            0.025471063826934884,
            5.518218568234534e-05
        ],
        [
            0.021685908748278433,
            2.7310685121517686e-05
        ],
        [
            0.03856262339947231,
            1.3004341096078953e-05
        ],
        [
            0.03961721095674045,
            2.050712639001251e-05
        ],
        [
            0.02866720268594286,
            5.518218568234534e-05
        ],
        [
            0.13269393983516795,
            0.9998905548594069
        ],
        [
            0.09415189334546276,
            1.5201894580596509e-05
        ],
        [
            0.09481040485606743,
            0.00011252898544056311
        ],
        [
            0.0938939648881864,
            8.711201385480649e-05
        ],
        [
            0.047482948666212964,
            0.9998905548594069
        ],
        [
            0.024398348529715896,
            1.1036833557187542e-05
        ],
        [
            0.012039557683697664,
            0.00011252898544056311
        ],
        [
            0.017312946263852054,
            8.711201385480649e-05
        ],
        [
            0.020755313730773182,
            0.0006200866560664986
        ],
        [
            0.03928800121181538,
            0.9999115660736394
        ],
        [
            0.029838552286294992,
            0.00015752997511808697
        ],
        [
            0.015909274673902685,
            5.1288074806032924e-05
        ]
    ],
    "min_trans_rot_dists_prec": [
        [
            0.03928800121181538,
            0.0002515033562080493
        ],
        [
            0.0226102359094436,
            4.465124664010389e-05
        ],
        [
            0.022719823845125286,
            5.922770891519935e-05
        ],
        [
            0.30268741965188983,
            0.00022599445892901304
        ],
        [
            0.03856262339947231,
            1.3004341096078953e-05
        ],
        [
            0.035818122341403906,
            1.8576613086462856e-05
        ],
        [
            0.016788696216215638,
            4.714444791820149e-05
        ],
        [
            0.0237467805391459,
            4.438661802141919e-05
        ],
        [
            0.019317768405247283,
            5.885701589725123e-05
        ],
        [
            0.02527568015287861,
            9.070869174898633e-06
        ],
        [
            0.017312946263852054,
            8.711201385480649e-05
        ],
        [
            0.01577988343728028,
            0.00011876392448895157
        ],
        [
            0.02264711125140113,
            1.5201894580596509e-05
        ],
        [
            0.017152352905711116,
            4.213331708813328e-05
        ],
        [
            0.033622431415573265,
            5.630479474527661e-05
        ],
        [
            0.021445561778645355,
            2.782985115146186e-05
        ],
        [
            0.014327058126862188,
            0.00014729633214349835
        ],
        [
            0.021685908748278433,
            2.7310685121517686e-05
        ],
        [
            0.02359874197531904,
            1.2734450127283026e-05
        ],
        [
            0.023294085956263654,
            1.3199883794112743e-05
        ],
        [
            0.020755313730773182,
            0.0006200866560664986
        ],
        [
            0.023802406562577427,
            0.00015283988423941963
        ],
        [
            0.03961721095674045,
            2.050712639001251e-05
        ],
        [
            0.029838552286294992,
            0.00015752997511808697
        ],
        [
            0.024398348529715896,
            1.1036833557187542e-05
        ],
        [
            0.015806187532719403,
            3.062724534430572e-05
        ],
        [
            0.012039557683697664,
            0.00011252898544056311
        ],
        [
            0.016528023077666473,
            3.0136251692680638e-05
        ],
        [
            0.015909274673902685,
            5.1288074806032924e-05
        ],
        [
            0.01869217490262932,
            6.569318131799395e-05
        ],
        [
            0.03992488349864004,
            7.747670322633127e-06
        ],
        [
            0.02866720268594286,
            5.518218568234534e-05
        ]
    ],
    "r_thresh_deg": 5,
    "t_thresh": 0.035,
    "t_thresh_prec": 0.04
}