{
    "match_ratio": 1.0,
    "recall": 1.0,
    "precision": 1.0,
    "n_avail": 8,
    "n_pred": 32,
    "out_scores": [
        0.9507023692131042,
        0.9913623929023743,
        0.9911413192749023,
        0.9899200201034546,
        0.9917076230049133,
        0.9904435276985168,
        0.9926950931549072,
        0.9858163595199585,
        0.9559294581413269,
        0.9623711109161377,
        0.9919390082359314,
        0.9883744716644287,
        0.9901853799819946,
        0.9913005232810974,
        0.9564411044120789,
        0.9836433529853821,
        0.9942213892936707,
        0.9815220832824707,
        0.971814751625061,
        0.9861083626747131,
        0.9926376342773438,
        0.9842936396598816,
        0.9926274418830872,
        0.9851188063621521,
        0.9621357917785645,
        0.9770928621292114,
        0.9923491477966309,
        0.9779019355773926,
        0.9930088520050049,
        0.991100013256073,
        0.9654380083084106,
        0.9909161925315857
    ],
    "min_trans_rot_dists": [
        [
            0.03031181304932627,
            5.773402415554241e-05
        ],
        [
            0.016893363699159895,
            0.00017649877851166895
        ],
        [
            0.021287593671655107,
            3.729188887913182e-06
        ],
        [
            0.007119972091782796,
            2.6007241864411945e-05
        ],
        [
            0.026701454973557557,
            7.020716473071786e-05
        ],
        [
            0.019038183292659234,
            9.588821297590311e-05
        ],
        [
            0.02120241395549025,
            0.00015167749629985128
        ],
        [
            0.007267550560104659,
            6.968351145109075e-05
        ]
    ],
    "min_trans_rot_dists_prec": [
        [
            0.01729946182938168,
            0.00010449618550401052
        ],
        [
            0.0279311155296801,
            6.456709928392979e-05
        ],
        [
            0.020826447000447893,
            7.824308443071804e-05
        ],
        [
            0.020677836950756062,
            0.00015408145853146316
        ],
        [
            0.00922165493634195,
            3.606769484509886e-05
        ],
        [
            0.02079527179622732,
            7.372755696732902e-05
        ],
        [
            0.00747572473975179,
            2.3794534439347537e-05
        ],
        [
            0.02686458603241973,
            7.275611572532537e-05
        ],
        [
            0.02060907451501797,
            1.4548481417797632e-05
        ],
        [
            0.02122198610391225,
            1.9934272476929138e-05
        ],
        [
            0.022770043221062422,
            0.0002543501067857612
        ],
        [
            0.027632057286489948,
            4.164507722514976e-05
        ],
        [
            0.02117842598844294,
            0.00014115639465273055
        ],
        [
            0.007940767513198829,
            1.736969772370145e-05
        ],
        [
            0.01813159594296973,
            0.00013358260299067837
        ],
        [
            0.006904767992947828,
            7.928361773079651e-05
        ],
        [
            0.03121146727047859,
            9.31412407390031e-05
        ],
        [
            0.00820641101910346,
            7.478095606638924e-05
        ],
        [
            0.017220347280174075,
            0.00013379498310339688
        ],
        [
            0.026843081691797093,
            7.250499243682818e-05
        ],
        [
            0.0299888477324602,
            6.828067481945421e-05
        ],
        [
            0.026701454973557557,
            7.020716473071786e-05
        ],
        [
            0.03031181304932627,
            5.773402415554241e-05
        ],
        [
            0.020394458239003654,
            0.00017738831164215707
        ],
        [
            0.021287593671655107,
            3.729188887913182e-06
        ],
        [
            0.00782129530193374,
            5.120902558897189e-05
        ],
        [
            0.019038183292659234,
            9.588821297590311e-05
        ],
        [
            0.007267550560104659,
            6.968351145109075e-05
        ],
        [
            0.007119972091782796,
            2.6007241864411945e-05
        ],
        [
            0.02110211194122256,
            7.862952486648034e-05
        ],
        [
            0.016893363699159895,
            0.00017649877851166895
        ],
        [
            0.02120241395549025,
            0.00015167749629985128
        ]
    ],
    "r_thresh_deg": 5,
    "t_thresh": 0.035,
    "t_thresh_prec": 0.04
}