{
    "match_ratio": 0.4375,
    "recall": 0.4375,
    "precision": 0.9375,
    "n_avail": 16,
    "n_pred": 32,
    "out_scores": [
        0.9839286804199219,
        0.7345740795135498,
        0.984991729259491,
        0.9669321179389954,
        0.9626325368881226,
        0.9771006107330322,
        0.9824924468994141,
        0.0006864556926302612,
        0.982486367225647,
        0.6363708972930908,
        0.9838602542877197,
        0.9867044687271118,
        0.7860330939292908,
        0.9820597171783447,
        0.976334810256958,
        0.9583576321601868,
        0.9824547171592712,
        0.9856863617897034,
        0.899724543094635,
        0.9781081080436707,
        0.9689086675643921,
        0.7335324287414551,
        0.9749668836593628,
        0.9701263904571533,
        0.9859165549278259,
        0.9778422117233276,
        0.9824454188346863,
        0.9757685661315918,
        0.970702052116394,
        0.965569019317627,
        0.9608166813850403,
        0.716183066368103
    ],
    "min_trans_rot_dists": [
        [
            0.3570838858159408,
            6.935632024673843e-05
        ],
        [
            0.01043965975555954,
            8.236659259563961e-05
        ],
        [
            0.026474109718215167,
            2.5680951240669714e-05
        ],
        [
            0.01646557048771937,
            5.665796170462034e-05
        ],
        [
            0.2667818253956713,
            6.935632024673843e-05
        ],
        [
            0.08746006964728546,
            0.00014187240143981317
        ],
        [
            0.024754065706270256,
            0.9999569060785624
        ],
        [
            0.09486030010409292,
            5.665796170462034e-05
        ],
        [
            0.02127020617307717,
            4.703076720491417e-05
        ],
        [
            0.008108751308532136,
            0.00034369596248751133
        ],
        [
            0.02568104614375864,
            0.0001145965662525672
        ],
        [
            0.017104952519041233,
            7.374010599481284e-05
        ],
        [
            0.044771160929193816,
            0.9999951388631214
        ],
        [
            0.044771160929193816,
            0.0002666695066291247
        ],
        [
            0.04566379125808727,
            0.9999991709865592
        ],
        [
            0.04579204160741647,
            0.999609612685827
        ]
    ],
    "min_trans_rot_dists_prec": [
        [
            0.00897229440197796,
            0.00039324277849461797
        ],
        [
            0.01587637213895569,
            7.34246275740924e-05
        ],
        [
            0.007683466605116347,
            0.00030896557565907035
        ],
        [
            0.02468547366346475,
            8.560150765568597e-05
        ],
        [
            0.010697275280200933,
            0.00014187240143981317
        ],
        [
            0.021502150405775432,
            6.935632024673843e-05
        ],
        [
            0.008605291199508966,
            0.0002666695066291247
        ],
        [
            0.3603427304342083,
            0.49986923900468083
        ],
        [
            0.026196657727742698,
            0.0001253822934766946
        ],
        [
            0.016883726526650177,
            0.0002046658494982978
        ],
        [
            0.026067963785713605,
            8.213135883428091e-05
        ],
        [
            0.007820224192707092,
            0.0003618840210625196
        ],
        [
            0.024754065706270256,
            0.4995159716857408
        ],
        [
            0.02620337829072093,
            0.00014232398608327035
        ],
        [
            0.026766802544018337,
            9.37048409266339e-06
        ],
        [
            0.024254831054893063,
            0.00016848317486861664
        ],
        [
            0.0261780294489217,
            7.89787169943601e-05
        ],
        [
            0.007474527785598435,
            0.0003399331024692698
        ],
        [
            0.01593961492491341,
            5.2689521507054415e-05
        ],
        [
            0.02649466820957082,
            0.00013115865531587723
        ],
        [
            0.026652153842504814,
            3.3721112472462345e-05
        ],
        [
            0.0167420702022407,
            7.763424082019021e-05
        ],
        [
            0.021734148244567323,
            4.79073016427245e-05
        ],
        [
            0.026047934758492302,
            4.0821530147283625e-06
        ],
        [
            0.008108751308532136,
            0.00034369596248751133
        ],
        [
            0.02127020617307717,
            4.703076720491417e-05
        ],
        [
            0.02568104614375864,
            0.0001145965662525672
        ],
        [
            0.026937573583132066,
            5.75442416217431e-06
        ],
        [
            0.026474109718215167,
            2.5680951240669714e-05
        ],
        [
            0.01043965975555954,
            8.236659259563961e-05
        ],
        [
            0.01646557048771937,
            5.665796170462034e-05
        ],
        [
            0.017104952519041233,
            7.374010599481284e-05
        ]
    ],
    "r_thresh_deg": 5,
    "t_thresh": 0.035,
    "t_thresh_prec": 0.04
}