{
    "match_ratio": 0.625,
    "recall": 0.625,
    "precision": 1.0,
    "n_avail": 16,
    "n_pred": 32,
    "out_scores": [
        0.9000998139381409,
        0.022036369889974594,
        0.8175772428512573,
        0.3926858901977539,
        0.987324595451355,
        0.9724739789962769,
        0.9669342637062073,
        0.01042459812015295,
        0.981904923915863,
        0.9258521795272827,
        0.48656076192855835,
        0.9011099338531494,
        0.9583964943885803,
        0.8986154198646545,
        0.8707401752471924,
        0.9480410218238831,
        0.9635710716247559,
        0.9407767653465271,
        0.6491641402244568,
        0.9838391542434692,
        0.9042330384254456,
        0.3982337713241577,
        0.959053099155426,
        0.9854151010513306,
        0.1602095663547516,
        0.783770740032196,
        0.9771206378936768,
        0.9742043614387512,
        0.9303903579711914,
        0.94047611951828,
        0.970885157585144,
        0.9569635987281799
    ],
    "min_trans_rot_dists": [
        [
            0.01799123651580221,
            0.0009984409959861162
        ],
        [
            0.02718150874572294,
            0.0010738590529537628
        ],
        [
            0.032001961618972265,
            0.0010219214727380521
        ],
        [
            0.03465842174137504,
            0.0007944856743304918
        ],
        [
            0.03059474490163957,
            0.9996486032477125
        ],
        [
            0.034295658346076695,
            0.0003692033209965473
        ],
        [
            0.03059474490163957,
            0.0004510648041268217
        ],
        [
            0.03418383733813464,
            0.999794888253561
        ],
        [
            0.034815976732063096,
            6.594807114290724e-05
        ],
        [
            0.02843656988151703,
            0.00010504896878371639
        ],
        [
            0.025914273549357218,
            7.187493405669265e-06
        ],
        [
            0.03749820707852799,
            3.834240597633265e-05
        ],
        [
            0.018064761925333073,
            6.594807114290724e-05
        ],
        [
            0.05151837675818478,
            2.159388599842771e-05
        ],
        [
            0.018064761925333073,
            0.9999575338799976
        ],
        [
            0.04730111978948431,
            0.00011932695289007533
        ]
    ],
    "min_trans_rot_dists_prec": [
        [
            0.03580509911892747,
            0.0003132504878491371
        ],
        [
            0.03772679365921912,
            0.00011932695289007533
        ],
        [
            0.03296620822896089,
            0.0004297762785971937
        ],
        [
            0.03845882204092537,
            4.183855813721937e-05
        ],
        [
            0.01706648666023078,
            0.001264551604608477
        ],
        [
            0.03503034266906339,
            0.0008041579807143151
        ],
        [
            0.03418383733813464,
            0.00031581299947502917
        ],
        [
            0.03749820707852799,
            3.834240597633265e-05
        ],
        [
            0.03509208979158323,
            0.00037371730463897634
        ],
        [
            0.03326653163029241,
            0.0012755466606599875
        ],
        [
            0.02718150874572294,
            0.0010738590529537628
        ],
        [
            0.033021075563484235,
            0.0013726243192557774
        ],
        [
            0.026258213456623044,
            5.329235914075525e-05
        ],
        [
            0.02556584435625135,
            2.159388599842771e-05
        ],
        [
            0.028758306319155342,
            0.0004185455584272413
        ],
        [
            0.02629458349341677,
            8.280587772868664e-05
        ],
        [
            0.034295658346076695,
            0.0003692033209965473
        ],
        [
            0.0326478782374425,
            0.0005883474296901614
        ],
        [
            0.03059474490163957,
            0.0004510648041268217
        ],
        [
            0.018516597177422236,
            0.0007177128270309252
        ],
        [
            0.03260895130002717,
            0.0011439151037523354
        ],
        [
            0.035827243067022216,
            2.8694414365482146e-05
        ],
        [
            0.03465842174137504,
            0.0007944856743304918
        ],
        [
            0.016303088896835564,
            0.0012196014804313204
        ],
        [
            0.018064761925333073,
            6.594807114290724e-05
        ],
        [
            0.02843656988151703,
            0.00010504896878371639
        ],
        [
            0.025914273549357218,
            7.187493405669265e-06
        ],
        [
            0.01799123651580221,
            0.0009984409959861162
        ],
        [
            0.032001961618972265,
            0.0010219214727380521
        ],
        [
            0.03554315282067005,
            0.0007613717658701002
        ],
        [
            0.03566216076650166,
            0.0013012828909623186
        ],
        [
            0.035026463709011454,
            0.0003304121979494923
        ]
    ],
    "r_thresh_deg": 5,
    "t_thresh": 0.035,
    "t_thresh_prec": 0.04
}