{
    "match_ratio": 0.375,
    "recall": 0.375,
    "precision": 1.0,
    "n_avail": 16,
    "n_pred": 32,
    "out_scores": [
        0.8524283766746521,
        0.9919723272323608,
        0.9569594264030457,
        0.9932903051376343,
        0.9947770833969116,
        0.825934112071991,
        0.9895784258842468,
        0.9938141107559204,
        0.952483057975769,
        0.8171603679656982,
        0.9481177926063538,
        0.9938238859176636,
        0.9903351068496704,
        0.9490907788276672,
        0.9862744212150574,
        0.9066866040229797,
        0.9297072291374207,
        0.9934083223342896,
        0.9531930685043335,
        0.9762672781944275,
        0.9364832639694214,
        0.8851028084754944,
        0.8551238179206848,
        0.930638313293457,
        0.951697051525116,
        0.9451077580451965,
        0.907915472984314,
        0.9470561146736145,
        0.9944642186164856,
        0.990714430809021,
        0.9926294088363647,
        0.6328234672546387
    ],
    "min_trans_rot_dists": [
        [
            0.168947472871194,
            0.0001378271792663588
        ],
        [
            0.02518055435356235,
            0.0003860519815839236
        ],
        [
            0.16026731124748247,
            0.00016941399599279539
        ],
        [
            0.029830277826670953,
            0.0014043280686799609
        ],
        [
            0.08542349471822136,
            0.0001378271792663588
        ],
        [
            0.07868828137705333,
            0.0011456065039407992
        ],
        [
            0.07710375390264039,
            0.00016941399599279539
        ],
        [
            0.07710375390264039,
            0.999835340299793
        ],
        [
            0.01127046399942407,
            0.0005226486299495514
        ],
        [
            0.028119544092765746,
            0.0008654935695519006
        ],
        [
            0.016665162026473366,
            0.00020663898964634608
        ],
        [
            0.02997542305722596,
            0.0005241401927462697
        ],
        [
            0.2902843786525985,
            0.00037187604851551814
        ],
        [
            0.2891970928145974,
            0.9998540774871438
        ],
        [
            0.2891970928145974,
            0.9997728751876498
        ],
        [
            0.29001788550033847,
            0.000368641793622726
        ]
    ],
    "min_trans_rot_dists_prec": [
        [
            0.011619372194262071,
            0.00037187604851551814
        ],
        [
            0.017588768506389078,
            0.00022633403181637757
        ],
        [
            0.010656211641972424,
            0.0003170830962170301
        ],
        [
            0.014834394236288946,
            0.00019968494312960772
        ],
        [
            0.016634383095259678,
            0.00016941399599279539
        ],
        [
            0.012029717878842227,
            0.00040517968100872714
        ],
        [
            0.01573323191466986,
            0.00019713189167669398
        ],
        [
            0.02961240838456154,
            0.0012695271150289233
        ],
        [
            0.01120094273121095,
            0.0002557423527176361
        ],
        [
            0.02518055435356235,
            0.0003860519815839236
        ],
        [
            0.030357101710032423,
            0.0004454277157857067
        ],
        [
            0.029370925837051514,
            0.0011456065039407992
        ],
        [
            0.02815934224650269,
            0.0007665800362768316
        ],
        [
            0.030052396109057588,
            0.0004419125884812525
        ],
        [
            0.015415110906097651,
            0.00013080451588376452
        ],
        [
            0.011466796339571827,
            0.00041527688092779513
        ],
        [
            0.011418724486916238,
            0.00029351421296863744
        ],
        [
            0.028154400229503204,
            0.0006964053520305269
        ],
        [
            0.02995714971132443,
            0.0004994334467572914
        ],
        [
            0.011110100534404406,
            0.0001378271792663588
        ],
        [
            0.03007011477856053,
            0.000368641793622726
        ],
        [
            0.029830277826670953,
            0.0014043280686799609
        ],
        [
            0.01107774803538653,
            0.00034706901514214294
        ],
        [
            0.030631353105498634,
            0.00042526344418147843
        ],
        [
            0.030116430212520064,
            0.0004616102989918325
        ],
        [
            0.030618148734493797,
            0.0004526916529651315
        ],
        [
            0.031052329754155176,
            0.00025049571629809364
        ],
        [
            0.02997542305722596,
            0.0005241401927462697
        ],
        [
            0.029464377395270223,
            0.0008588843974342009
        ],
        [
            0.028119544092765746,
            0.0008654935695519006
        ],
        [
            0.016665162026473366,
            0.00020663898964634608
        ],
        [
            0.01127046399942407,
            0.0005226486299495514
        ]
    ],
    "r_thresh_deg": 5,
    "t_thresh": 0.035,
    "t_thresh_prec": 0.04
}