{
    "match_ratio": 0.11538461538461539,
    "recall": 0.11538461538461539,
    "precision": 0.40625,
    "n_avail": 52,
    "n_pred": 32,
    "out_scores": [
        0.28958436846733093,
        0.28991490602493286,
        0.005433066748082638,
        0.009411646053195,
        0.2842806577682495,
        0.29003146290779114,
        6.106979981268523e-06,
        0.01013003010302782,
        0.0023221061564981937,
        0.2846856415271759,
        0.0021494536194950342,
        0.006849753204733133,
        0.2856080234050751,
        0.2892550528049469,
        0.02046622708439827,
        0.0017452335450798273,
        0.2789343595504761,
        0.28854602575302124,
        0.29010266065597534,
        0.009374226443469524,
        0.2841520309448242,
        0.01630507782101631,
        0.021286381408572197,
        0.2893938422203064,
        0.024716803804039955,
        0.2895674407482147,
        0.003398951841518283,
        0.2896876931190491,
        0.29486459493637085,
        0.2891017496585846,
        0.27335530519485474,
        0.022415131330490112
    ],
    "min_trans_rot_dists": [
        [
            0.03629814115622029,
            0.9998810757093272
        ],
        [
            0.03673724857828836,
            0.9999919948726341
        ],
        [
            0.03652780451504589,
            5.7199061257007244e-05
        ],
        [
            0.03629814115622029,
            0.9999711427388865
        ],
        [
            0.01290462951237008,
            0.9998992737456833
        ],
        [
            0.01290462951237008,
            0.9999919948726341
        ],
        [
            0.014794038214657938,
            5.7199061257007244e-05
        ],
        [
            0.01633329245917735,
            5.644695413031808e-05
        ],
        [
            0.08545209217666916,
            0.9998992737456833
        ],
        [
            0.07967734949349341,
            0.9999648114655875
        ],
        [
            0.08545209217666916,
            0.00013161892703195122
        ],
        [
            0.07674657771997496,
            5.644695413031808e-05
        ],
        [
            0.04646634670521122,
            4.2435293425624465e-05
        ],
        [
            0.15830052332135836,
            0.9999648114655875
        ],
        [
            0.16464068158239853,
            0.00013161892703195122
        ],
        [
            0.043613624470785116,
            9.524934574101085e-05
        ],
        [
            0.02662560440951111,
            4.2435293425624465e-05
        ],
        [
            0.19790200802942945,
            0.9999648114655875
        ],
        [
            0.20435181008912243,
            0.00013161892703195122
        ],
        [
            0.02007936190428374,
            9.524934574101085e-05
        ],
        [
            0.12394261648982145,
            4.2435293425624465e-05
        ],
        [
            0.28255104524668534,
            0.043441744914756275
        ],
        [
            0.3236084549592228,
            0.00013161892703195122
        ],
        [
            0.12210537846278241,
            9.524934574101085e-05
        ],
        [
            0.20240193342824694,
            4.2435293425624465e-05
        ],
        [
            0.32789455822147634,
            0.043441744914756275
        ],
        [
            0.4031548291112574,
            0.00013161892703195122
        ],
        [
            0.20103968793403,
            9.524934574101085e-05
        ],
        [
            0.3417566291633244,
            0.9998992737456833
        ],
        [
            0.3094260279094419,
            2.5911411393519934e-05
        ],
        [
            0.3417566291633244,
            0.00013161892703195122
        ],
        [
            0.32039808583687357,
            9.59763574661654e-05
        ],
        [
            0.31399872199029694,
            0.9998992737456833
        ],
        [
            0.23057761227488363,
            2.5911411393519934e-05
        ],
        [
            0.31399872199029694,
            0.00013161892703195122
        ],
        [
            0.03496875939985956,
            0.00012373152435385393
        ],
        [
            0.3125035643469457,
            4.631631932072722e-05
        ],
        [
            0.07756328056248797,
            2.5911411393519934e-05
        ],
        [
            0.31653956343646567,
            0.00013161892703195122
        ],
        [
            0.28150314975731816,
            8.18804912381399e-05
        ],
        [
            0.2920135559333938,
            4.631631932072722e-05
        ],
        [
            0.03669078371755429,
            2.4195078600186548e-05
        ],
        [
            0.009677740766323011,
            0.00015604688641190911
        ],
        [
            0.2586262550624063,
            8.18804912381399e-05
        ],
        [
            0.292496699721917,
            4.631631932072722e-05
        ],
        [
            0.09398914999036904,
            2.4195078600186548e-05
        ],
        [
            0.39048078896364435,
            0.00013161892703195122
        ],
        [
            0.259229665879403,
            8.18804912381399e-05
        ],
        [
            0.3523152203453525,
            4.631631932072722e-05
        ],
        [
            0.24862892805987927,
            2.4195078600186548e-05
        ],
        [
            0.505399892559254,
            0.00013161892703195122
        ],
        [
            0.3253181051535805,
            8.18804912381399e-05
        ]
    ],