{
    "match_ratio": 0.5,
    "recall": 0.5,
    "precision": 1.0,
    "n_avail": 28,
    "n_pred": 32,
    "out_scores": [
        0.9741688370704651,
        0.9870162606239319,
        0.9936532974243164,
        0.9303914308547974,
        0.9933027029037476,
        0.9699897170066833,
        0.9306135177612305,
        0.9640181064605713,
        0.9948638081550598,
        0.9892473816871643,
        0.9712570309638977,
        0.9934974908828735,
        0.9484858512878418,
        0.9782938957214355,
        0.9709008932113647,
        0.01914522424340248,
        0.957874596118927,
        0.9893625378608704,
        0.9454110860824585,
        0.9632851481437683,
        0.9432209134101868,
        0.9934828877449036,
        0.9355157613754272,
        0.9133361577987671,
        0.9861072301864624,
        0.9531571269035339,
        0.9450200200080872,
        0.8705359697341919,
        0.9920802712440491,
        0.9866750836372375,
        0.9502884745597839,
        0.9895972609519958
    ],
    "min_trans_rot_dists": [
        [
            0.11819240963281405,
            0.0003115181663884137
        ],
        [
            0.1223897577485608,
            0.00018650296909139552
        ],
        [
            0.40982357297001065,
            0.00012224159341722718
        ],
        [
            0.13084591846952248,
            6.821085462427323e-05
        ],
        [
            0.031092607640338284,
            0.0003115181663884137
        ],
        [
            0.03387930432353552,
            0.00018650296909139552
        ],
        [
            0.028787826584194213,
            0.0011724546355652565
        ],
        [
            0.044269361539372075,
            6.821085462427323e-05
        ],
        [
            0.013823155196262055,
            0.00020974269950213564
        ],
        [
            0.013270625154157431,
            0.00018650296909139552
        ],
        [
            0.017835439517266634,
            0.0010396862033570375
        ],
        [
            0.017116078890992096,
            2.5668292385483404e-05
        ],
        [
            0.09472384074307345,
            0.00020974269950213564
        ],
        [
            0.09097011630098982,
            0.00020079392816774178
        ],
        [
            0.18769426285245805,
            0.00012224159341722718
        ],
        [
            0.0906125516608556,
            2.5668292385483404e-05
        ],
        [
            0.011916290477136878,
            0.0002259940975691821
        ],
        [
            0.00923404972893482,
            0.0001236831204989297
        ],
        [
            0.01771518388782254,
            0.0001860606467569692
        ],
        [
            0.015348478491554305,
            7.017288394661758e-05
        ],
        [
            0.022032414970044607,
            0.9995691889699584
        ],
        [
            0.023163414362546722,
            0.9999426711915305
        ],
        [
            0.022032414970044607,
            0.0005171497805533942
        ],
        [
            0.022032414970044607,
            0.9999650846866803
        ],
        [
            0.016886900855327704,
            0.00037935403167477233
        ],
        [
            0.008478637797375876,
            3.888157688092253e-05
        ],
        [
            0.08598231596998938,
            0.0004454121458443705
        ],
        [
            0.08598231596998938,
            0.9999732018838364
        ]
    ],
    "min_trans_rot_dists_prec": [
        [
            0.023163414362546722,
            0.0004454121458443705
        ],
        [
            0.015151563928398963,
            0.00017130108518770282
        ],
        [
            0.022989992339511205,
            0.00020525486456623998
        ],
        [
            0.01921587984878896,
            0.00010881530100959047
        ],
        [
            0.00950433956879688,
            0.0002769131629550836
        ],
        [
            0.005519592799935237,
            0.00020079392816774178
        ],
        [
            0.01628847243606318,
            0.00032497183187008005
        ],
        [
            0.012095158482696806,
            7.593865882116191e-05
        ],
        [
            0.01002343348168121,
            7.890234225671477e-05
        ],
        [
            0.017721467789313654,
            0.00021574236361354693
        ],
        [
            0.02023431560731258,
            0.0003115181663884137
        ],
        [
            0.009972291250407543,
            0.0002031649361760035
        ],
        [
            0.01832243035573775,
            2.798417663496533e-05
        ],
        [
            0.022032414970044607,
            0.0005171497805533942
        ],
        [
            0.016749306971230116,
            0.00020516445649321202
        ],
        [
            0.016886900855327704,
            0.00037935403167477233
        ],
        [
            0.01819796440254658,
            0.00015829529537159104
        ],
        [
            0.019402489341273425,
            0.00012224159341722718
        ],
        [
            0.013823155196262055,
            0.00020974269950213564
        ],
        [
            0.013270625154157431,
            0.00018650296909139552
        ],
        [
            0.018646533482894995,
            7.380501704934428e-05
        ],
        [
            0.00923404972893482,
            0.0001236831204989297
        ],
        [
            0.017982279257000425,
            6.821085462427323e-05
        ],
        [
            0.026548278820849234,
            0.0011724546355652565
        ],
        [
            0.016101579798258246,
            0.0001963306408490073
        ],
        [
            0.011916290477136878,
            0.0002259940975691821
        ],
        [
            0.017835439517266634,
            0.0010396862033570375
        ],
        [
            0.017116078890992096,
            2.5668292385483404e-05
        ],
        [
            0.013903166375469338,
            0.00019009818505488774
        ],
        [
            0.015348478491554305,
            7.017288394661758e-05
        ],
        [
            0.008478637797375876,
            3.888157688092253e-05
        ],
        [
            0.01771518388782254,
            0.0001860606467569692
        ]
    ],
    "r_thresh_deg": 5,
    "t_thresh": 0.035,
    "t_thresh_prec": 0.04
}