{
    "match_ratio": 0.5,
    "recall": 0.5,
    "precision": 1.0,
    "n_avail": 16,
    "n_pred": 32,
    "out_scores": [
        0.9861361980438232,
        0.9867677092552185,
        0.9878190755844116,
        0.9900493621826172,
        0.9582029581069946,
        0.9758211970329285,
        0.9655314683914185,
        0.9791975021362305,
        0.9892694354057312,
        0.9766548871994019,
        0.9739612936973572,
        0.9566487669944763,
        0.9897291660308838,
        0.9836978316307068,
        0.9889963865280151,
        0.9873871207237244,
        0.9886972904205322,
        0.9729970097541809,
        0.9730486869812012,
        0.9845219254493713,
        0.9863206744194031,
        0.9840272665023804,
        0.9593328833580017,
        0.9638845324516296,
        0.9736824035644531,
        0.9797970652580261,
        0.9817278385162354,
        0.9794433116912842,
        0.9869701862335205,
        0.9864493012428284,
        0.987797200679779,
        0.9735532402992249
    ],
    "min_trans_rot_dists": [
        [
            0.08603635348915005,
            0.00010641053864290928
        ],
        [
            0.09500110047182932,
            1.7174095476080176e-05
        ],
        [
            0.09296727776427044,
            0.0002448022611334366
        ],
        [
            0.08888909301003223,
            8.156566536876575e-05
        ],
        [
            0.02331669793191814,
            0.00010848881887770556
        ],
        [
            0.007859574660506784,
            1.872087174525916e-05
        ],
        [
            0.02839300074562418,
            0.0002448022611334366
        ],
        [
            0.02003837348587884,
            9.36886678529758e-05
        ],
        [
            0.02187689423673771,
            0.00011152392023638935
        ],
        [
            0.008587893141507777,
            0.0001432822769803499
        ],
        [
            0.02840771654414835,
            9.655795421992242e-05
        ],
        [
            0.02030102487607097,
            1.219599930868398e-05
        ],
        [
            0.05312147454996805,
            0.00011799682129753908
        ],
        [
            0.03915655008592957,
            0.0001698494492849978
        ],
        [
            0.04821527460451532,
            7.67823578213811e-05
        ],
        [
            0.04039261853777646,
            0.9998289829955717
        ]
    ],
    "min_trans_rot_dists_prec": [
        [
            0.022617136868005868,
            0.00011799682129753908
        ],
        [
            0.006900981845736902,
            1.7174095476080176e-05
        ],
        [
            0.008712103444840757,
            0.0002653475428359142
        ],
        [
            0.006817729477316431,
            0.00025017288202200394
        ],
        [
            0.02003709340779258,
            8.156566536876575e-05
        ],
        [
            0.028014201907357657,
            9.720584273598121e-05
        ],
        [
            0.01954112432222494,
            0.00011199612464762865
        ],
        [
            0.028711265160085507,
            9.757316256342463e-05
        ],
        [
            0.006771141627410921,
            0.0002459086234448682
        ],
        [
            0.02944012055016105,
            0.00011908552335060385
        ],
        [
            0.02080863782414758,
            2.0825345259267714e-05
        ],
        [
            0.02003837348587884,
            9.36886678529758e-05
        ],
        [
            0.024555245045438667,
            0.00010641053864290928
        ],
        [
            0.028122335738616364,
            7.67823578213811e-05
        ],
        [
            0.023697496109298697,
            8.71617024991167e-05
        ],
        [
            0.022338723089417076,
            0.0001387864599945443
        ],
        [
            0.03915655008592957,
            0.0001698494492849978
        ],
        [
            0.02057361323716156,
            2.1586561485209543e-05
        ],
        [
            0.027709766174057123,
            0.00010006413941876513
        ],
        [
            0.029227005094250722,
            0.00010543968692799943
        ],
        [
            0.007859574660506784,
            1.872087174525916e-05
        ],
        [
            0.023147235516835545,
            0.0001363762722722539
        ],
        [
            0.021085820962661463,
            2.1145644410247577e-05
        ],
        [
            0.020894715535510863,
            4.278494728615634e-05
        ],
        [
            0.020853736488119962,
            1.660306722728322e-05
        ],
        [
            0.02030102487607097,
            1.219599930868398e-05
        ],
        [
            0.023346789721397233,
            6.407293378352108e-05
        ],
        [
            0.02839300074562418,
            0.0002448022611334366
        ],
        [
            0.02331669793191814,
            0.00010848881887770556
        ],
        [
            0.02187689423673771,
            0.00011152392023638935
        ],
        [
            0.008587893141507777,
            0.0001432822769803499
        ],
        [
            0.02840771654414835,
            9.655795421992242e-05
        ]
    ],
    "r_thresh_deg": 5,
    "t_thresh": 0.035,
    "t_thresh_prec": 0.04
}