{
    "match_ratio": 1.0,
    "recall": 1.0,
    "precision": 1.0,
    "n_avail": 8,
    "n_pred": 32,
    "out_scores": [
        0.9666359424591064,
        0.9853376746177673,
        0.9807251691818237,
        0.9562147259712219,
        0.9708927869796753,
        0.9569103121757507,
        0.9858452081680298,
        0.9809362888336182,
        0.9612199664115906,
        0.9370396137237549,
        0.9878716468811035,
        0.9840313196182251,
        0.9146921634674072,
        0.9708847999572754,
        0.9866828918457031,
        0.967242419719696,
        0.90212482213974,
        0.9815752506256104,
        0.9724363088607788,
        0.9272052645683289,
        0.9636862277984619,
        0.9791475534439087,
        0.9129329919815063,
        0.9815888404846191,
        0.9823203086853027,
        0.947519838809967,
        0.9525815844535828,
        0.8787235021591187,
        0.9628995060920715,
        0.9753367304801941,
        0.9596916437149048,
        0.9687911868095398
    ],
    "min_trans_rot_dists": [
        [
            0.02340549567016639,
            0.00014063123178520431
        ],
        [
            0.007420763802103516,
            4.6412268980056126e-05
        ],
        [
            0.024863942877466585,
            0.0001457065066513552
        ],
        [
            0.020648278094782625,
            9.226568632669796e-06
        ],
        [
            0.018673535750119007,
            1.3767652893292848e-05
        ],
        [
            0.008415383452332753,
            0.00010645313832136072
        ],
        [
            0.025644296303818457,
            2.9360319325766326e-05
        ],
        [
            0.0181325089362522,
            8.19886140472903e-05
        ]
    ],
    "min_trans_rot_dists_prec": [
        [
            0.023158559494796675,
            5.873221293906106e-05
        ],
        [
            0.0259186884554886,
            9.104280500993323e-05
        ],
        [
            0.022878294135593287,
            0.00020210583693980322
        ],
        [
            0.025166653210039285,
            0.00019684738431546833
        ],
        [
            0.022004246504194656,
            3.6604178889620975e-05
        ],
        [
            0.008415383452332753,
            0.00010645313832136072
        ],
        [
            0.01919976915109042,
            6.308360970752602e-05
        ],
        [
            0.026031475915070365,
            1.018625606086232e-05
        ],
        [
            0.01988177725739831,
            6.147093976593965e-05
        ],
        [
            0.023840674695386775,
            7.517943042067987e-05
        ],
        [
            0.018871611241555168,
            5.3782340519670235e-05
        ],
        [
            0.021602347662929195,
            9.098966367082628e-05
        ],
        [
            0.01803314367874575,
            1.2465495999869347e-05
        ],
        [
            0.021655486937640935,
            1.8005897003625648e-05
        ],
        [
            0.0181325089362522,
            8.19886140472903e-05
        ],
        [
            0.02454289503242575,
            0.0001763600000233012
        ],
        [
            0.018566551981507414,
            2.3267119566572347e-06
        ],
        [
            0.02612190221487369,
            8.642107952350209e-05
        ],
        [
            0.022571606270727088,
            0.00018887082380703024
        ],
        [
            0.006499008831183063,
            3.074708936268156e-05
        ],
        [
            0.022740760475371873,
            6.41970483526988e-05
        ],
        [
            0.022782769537355627,
            6.099512380808303e-05
        ],
        [
            0.018656077535569797,
            8.30573134968926e-06
        ],
        [
            0.027194534426164083,
            0.0001489001317840355
        ],
        [
            0.025644296303818457,
            2.9360319325766326e-05
        ],
        [
            0.007420763802103516,
            4.6412268980056126e-05
        ],
        [
            0.025359670973742518,
            0.00010385327202466765
        ],
        [
            0.018673535750119007,
            1.3767652893292848e-05
        ],
        [
            0.020648278094782625,
            9.226568632669796e-06
        ],
        [
            0.02340549567016639,
            0.00014063123178520431
        ],
        [
            0.02433769594888763,
            6.890368690293247e-05
        ],
        [
            0.024863942877466585,
            0.0001457065066513552
        ]
    ],
    "r_thresh_deg": 5,
    "t_thresh": 0.035,
    "t_thresh_prec": 0.04
}