{
    "match_ratio": 1.0,
    "recall": 1.0,
    "precision": 1.0,
    "n_avail": 8,
    "n_pred": 32,
    "out_scores": [
        0.977571427822113,
        0.993922770023346,
        0.9943684935569763,
        0.9830890893936157,
        0.9912460446357727,
        0.9890244603157043,
        0.9943988919258118,
        0.9882116913795471,
        0.9923546314239502,
        0.9928586483001709,
        0.99289870262146,
        0.9941562414169312,
        0.9887810945510864,
        0.9870868921279907,
        0.9940937161445618,
        0.9921414852142334,
        0.9852801561355591,
        0.9878997206687927,
        0.9935110211372375,
        0.9930563569068909,
        0.9929521679878235,
        0.9925385117530823,
        0.9858182072639465,
        0.9930029511451721,
        0.9938899278640747,
        0.990139365196228,
        0.9935480952262878,
        0.9935486912727356,
        0.9892220497131348,
        0.9908588528633118,
        0.9901667833328247,
        0.9941473007202148
    ],
    "min_trans_rot_dists": [
        [
            0.019519480722749883,
            0.0001662880837068892
        ],
        [
            0.016691551682537296,
            0.00047430114768687304
        ],
        [
            0.013137778133427118,
            0.00015035076691904958
        ],
        [
            0.006537890028600837,
            0.00011038051013045891
        ],
        [
            0.022148241284952554,
            4.8634902055533225e-05
        ],
        [
            0.019473187376860407,
            0.0005317585575860262
        ],
        [
            0.016701023705799654,
            2.285796187395661e-05
        ],
        [
            0.011172990376109717,
            0.00023619987530165698
        ]
    ],
    "min_trans_rot_dists_prec": [
        [
            0.014243054098166704,
            3.621346388615887e-05
        ],
        [
            0.01755981132570246,
            0.0003098426740200111
        ],
        [
            0.008311221645543265,
            0.0001303170560121858
        ],
        [
            0.0193791106087933,
            0.0002689029308594604
        ],
        [
            0.009634088293446738,
            0.00019335014967059028
        ],
        [
            0.010070691031589448,
            0.0003507616316420492
        ],
        [
            0.016609767759283408,
            0.0005739027214805015
        ],
        [
            0.013027114549835586,
            0.0001318299959784941
        ],
        [
            0.015850653552413545,
            0.00042728314192819195
        ],
        [
            0.01572804840382149,
            0.0003396068686624121
        ],
        [
            0.019233895544134922,
            0.0001501900742756357
        ],
        [
            0.007018656054589523,
            0.00015057741791890678
        ],
        [
            0.013863326809058227,
            0.0001373046989459059
        ],
        [
            0.013019994095397457,
            0.00021450417451063242
        ],
        [
            0.006852810291903322,
            0.00015971316327489937
        ],
        [
            0.01949464734151118,
            0.00017761406920069334
        ],
        [
            0.016701023705799654,
            2.285796187395661e-05
        ],
        [
            0.013137778133427118,
            0.00015035076691904958
        ],
        [
            0.016076621660808674,
            0.0004818387540719282
        ],
        [
            0.020592157733366014,
            0.00019658983502479632
        ],
        [
            0.019882251105099155,
            0.00011206547667730327
        ],
        [
            0.019616227752096725,
            0.0001426466254120795
        ],
        [
            0.019473187376860407,
            0.0005317585575860262
        ],
        [
            0.019519480722749883,
            0.0001662880837068892
        ],
        [
            0.015851633122069678,
            0.0005330234386513588
        ],
        [
            0.011172990376109717,
            0.00023619987530165698
        ],
        [
            0.006136712069910388,
            0.00010958894749335535
        ],
        [
            0.006537890028600837,
            0.00011038051013045891
        ],
        [
            0.02239836883999193,
            6.597923161744124e-05
        ],
        [
            0.022594210869422374,
            1.7534560708520885e-05
        ],
        [
            0.022148241284952554,
            4.8634902055533225e-05
        ],
        [
            0.016691551682537296,
            0.00047430114768687304
        ]
    ],
    "r_thresh_deg": 5,
    "t_thresh": 0.035,
    "t_thresh_prec": 0.04
}