{
    "match_ratio": 0.375,
    "recall": 0.375,
    "precision": 0.96875,
    "n_avail": 32,
    "n_pred": 32,
    "out_scores": [
        0.9365163445472717,
        0.9465798735618591,
        0.984970211982727,
        0.9861099720001221,
        0.971898078918457,
        0.9575026631355286,
        0.9712910056114197,
        0.9654821157455444,
        0.9902997016906738,
        0.9261193871498108,
        0.9699766039848328,
        0.7552691102027893,
        0.9228125810623169,
        0.9306840300559998,
        0.9758350849151611,
        0.9107130765914917,
        0.20894157886505127,
        0.9832969903945923,
        0.9723079204559326,
        0.9676300883293152,
        0.9694310426712036,
        0.9677547216415405,
        0.7692878842353821,
        0.7855667471885681,
        0.9720855355262756,
        0.8979501128196716,
        0.9361599087715149,
        0.9839127659797668,
        0.3243216872215271,
        0.805677592754364,
        0.9688660502433777,
        0.9827542901039124
    ],
    "min_trans_rot_dists": [
        [
            0.21947200003513115,
            0.9996236574997581
        ],
        [
            0.11058615882779259,
            0.0002817444914339218
        ],
        [
            0.22199984336667092,
            0.00021574217055031486
        ],
        [
            0.11058615882779259,
            0.9997432052321831
        ],
        [
            0.13389669613079208,
            0.9996236574997581
        ],
        [
            0.03621124202022246,
            0.0002817444914339218
        ],
        [
            0.1364197521903947,
            0.00021574217055031486
        ],
        [
            0.03621124202022246,
            0.9997432052321831
        ],
        [
            0.09114120808368535,
            0.9996236574997581
        ],
        [
            0.030391385347154146,
            0.0002728557186623126
        ],
        [
            0.004013050470302807,
            0.0004030857361807527
        ],
        [
            0.029241802583617037,
            0.9994888342391842
        ],
        [
            0.02741118034777228,
            0.0007138664739305689
        ],
        [
            0.033223792724596926,
            0.00022204959875782304
        ],
        [
            0.008490073577962482,
            0.00028921644475898844
        ],
        [
            0.02211578161992557,
            0.000167323446300216
        ],
        [
            0.035339444277248375,
            0.9997953079180648
        ],
        [
            0.026713789453941515,
            0.9999110351206827
        ],
        [
            0.033473907100353334,
            0.00010689080311609978
        ],
        [
            0.029947939985851966,
            0.000167323446300216
        ],
        [
            0.09364549538043401,
            0.00037256272435315374
        ],
        [
            0.05401089177633875,
            0.9998262241140823
        ],
        [
            0.16149519270690704,
            0.00010689080311609978
        ],
        [
            0.08610204548651006,
            4.852817957767819e-05
        ],
        [
            0.02747837960089926,
            0.00037256272435315374
        ],
        [
            0.032481515224412345,
            3.7191744847842045e-05
        ],
        [
            0.007495921663816632,
            0.00011597784826611335
        ],
        [
            0.012908761622892307,
            7.259780835078278e-05
        ],
        [
            0.08603801974750766,
            0.00037256272435315374
        ],
        [
            0.04716399319635292,
            0.0001610965103538975
        ],
        [
            0.3326824256881605,
            0.00010689080311609978
        ],
        [
            0.0869765258334254,
            4.852817957767819e-05
        ]
    ],
    "min_trans_rot_dists_prec": [
        [
            0.035339444277248375,
            0.00021574217055031486
        ],
        [
            0.03415605290043373,
            0.0002043016388835195
        ],
        [
            0.036748376418275136,
            0.0002817444914339218
        ],
        [
            0.004281209040599665,
            0.00021944328467815577
        ],
        [
            0.03075967963806835,
            7.254466937811621e-05
        ],
        [
            0.0125813617481652,
            4.852817957767819e-05
        ],
        [
            0.026713789453941515,
            9.182308651178861e-05
        ],
        [
            0.03603480240031674,
            0.00017692630305687906
        ],
        [
            0.4333448750363041,
            0.0001610965103538975
        ],
        [
            0.03787808038688441,
            0.0003984169683721728
        ],
        [
            0.03392208258006861,
            3.922126058819586e-05
        ],
        [
            0.027953247359618225,
            0.0005195713385608425
        ],
        [
            0.03622663639135347,
            0.000296306614480657
        ],
        [
            0.033473907100353334,
            0.00010689080311609978
        ],
        [
            0.029821896094160503,
            0.00018252575739763355
        ],
        [
            0.03576134640224541,
            0.00029713755144844534
        ],
        [
            0.02747837960089926,
            0.00037256272435315374
        ],
        [
            0.029241802583617037,
            0.000534559327155737
        ],
        [
            0.029694378359438955,
            8.561280358099221e-05
        ],
        [
            0.032345600017167686,
            0.00010943955745545964
        ],
        [
            0.03144560428243037,
            0.0002884483103650082
        ],
        [
            0.032481515224412345,
            3.7191744847842045e-05
        ],
        [
            0.027434007361436,
            0.0005823322209036474
        ],
        [
            0.039837791200063116,
            0.0006410449405368501
        ],
        [
            0.030391385347154146,
            0.0002728557186623126
        ],
        [
            0.012908761622892307,
            7.259780835078278e-05
        ],
        [
            0.03663453662872713,
            0.00028921644475898844
        ],
        [
            0.004013050470302807,
            0.0004030857361807527
        ],
        [
            0.007495921663816632,
            0.00011597784826611335
        ],
        [
            0.03989931288700131,
            0.0007138664739305689
        ],
        [
            0.029947939985851966,
            0.000167323446300216
        ],
        [
            0.033223792724596926,
            0.00022204959875782304
        ]
    ],
    "r_thresh_deg": 5,
    "t_thresh": 0.035,
    "t_thresh_prec": 0.04
}