{
    "match_ratio": 0.6875,
    "recall": 0.6875,
    "precision": 1.0,
    "n_avail": 16,
    "n_pred": 32,
    "out_scores": [
        0.9928985834121704,
        0.9937682151794434,
        0.9947782754898071,
        0.9938327074050903,
        0.9937281608581543,
        0.9879549741744995,
        0.994053304195404,
        0.9230707883834839,
        0.9907774925231934,
        0.9275867938995361,
        0.9803500175476074,
        0.9531711935997009,
        0.9812794923782349,
        0.9134427905082703,
        0.9231120347976685,
        0.8783010840415955,
        0.9931610822677612,
        0.9465987682342529,
        0.9920240640640259,
        0.9757220149040222,
        0.9857485890388489,
        0.9945401549339294,
        0.976952075958252,
        0.991668701171875,
        0.9917096495628357,
        0.982895016670227,
        0.8487092852592468,
        0.9898217916488647,
        0.8729392290115356,
        0.9432664513587952,
        0.9467671513557434,
        0.9889393448829651
    ],
    "min_trans_rot_dists": [
        [
            0.13146776659142728,
            0.0005745812716981824
        ],
        [
            0.12091337851821858,
            0.9993201829582811
        ],
        [
            0.13146776659142728,
            0.9994366678967213
        ],
        [
            0.3868615786558773,
            0.0001021157658128713
        ],
        [
            0.02979127636113348,
            0.0010510695896636113
        ],
        [
            0.013875229865254949,
            0.9993201829582811
        ],
        [
            0.03459833160643788,
            0.0005319859336856414
        ],
        [
            0.021000160328196887,
            0.00046283733915064573
        ],
        [
            0.025548960760730727,
            0.0010510695896636113
        ],
        [
            0.019159392565518754,
            0.0001032172538077969
        ],
        [
            0.0054874246497747465,
            0.0005319859336856414
        ],
        [
            0.02797025718090561,
            0.00046283733915064573
        ],
        [
            0.01620677857252068,
            0.00016508025809247595
        ],
        [
            0.020428413656742153,
            5.888026028288973e-05
        ],
        [
            0.005767508720022098,
            0.00011676256567283438
        ],
        [
            0.013427628765300566,
            0.0001021157658128713
        ]
    ],
    "min_trans_rot_dists_prec": [
        [
            0.013603453740551906,
            0.0001147147634412704
        ],
        [
            0.016657082279948734,
            0.00018167693713766475
        ],
        [
            0.016294169825830183,
            0.0001464961274819654
        ],
        [
            0.016042204375602248,
            0.00012031420727875997
        ],
        [
            0.006668599369121648,
            9.894728242143547e-05
        ],
        [
            0.03808787650087488,
            0.0007020207339443196
        ],
        [
            0.030508419007385865,
            0.0005745812716981824
        ],
        [
            0.00495539686291881,
            0.00034109902748857834
        ],
        [
            0.03249455770510565,
            0.00037477364531646185
        ],
        [
            0.005082659644164814,
            0.0004005872313455061
        ],
        [
            0.035832513197357016,
            0.0005445953054012964
        ],
        [
            0.0051544130190707815,
            6.260973613114729e-05
        ],
        [
            0.020277791101738253,
            9.853463790276962e-05
        ],
        [
            0.004981166506668369,
            0.00013749118235495406
        ],
        [
            0.004665427692662934,
            0.00018626360454920832
        ],
        [
            0.01932373001765569,
            0.00021772231802086317
        ],
        [
            0.006570363775627737,
            0.00011815202060183605
        ],
        [
            0.0045560168979559106,
            0.00028960400582778156
        ],
        [
            0.03888851742028353,
            0.00046054177099286164
        ],
        [
            0.006142656955329357,
            0.0001592343038604449
        ],
        [
            0.027932138531333237,
            0.0007957171268958563
        ],
        [
            0.01620677857252068,
            0.00016508025809247595
        ],
        [
            0.020428413656742153,
            5.888026028288973e-05
        ],
        [
            0.013427628765300566,
            0.0001021157658128713
        ],
        [
            0.005767508720022098,
            0.00011676256567283438
        ],
        [
            0.03597578126501011,
            0.0007829312896739937
        ],
        [
            0.019572951912061955,
            0.00024399178183776016
        ],
        [
            0.025548960760730727,
            0.0010510695896636113
        ],
        [
            0.019159392565518754,
            0.0001032172538077969
        ],
        [
            0.0031154367349296914,
            0.00020107234502408922
        ],
        [
            0.0054874246497747465,
            0.0005319859336856414
        ],
        [
            0.02797025718090561,
            0.00046283733915064573
        ]
    ],
    "r_thresh_deg": 5,
    "t_thresh": 0.035,
    "t_thresh_prec": 0.04
}