{
    "match_ratio": 0.4375,
    "recall": 0.4375,
    "precision": 0.875,
    "n_avail": 16,
    "n_pred": 32,
    "out_scores": [
        0.28698891401290894,
        0.003891412867233157,
        0.9551283717155457,
        0.8144277930259705,
        0.9850104451179504,
        0.011371161788702011,
        0.4650392234325409,
        0.6739364862442017,
        0.6742151379585266,
        0.7649461030960083,
        0.014251120388507843,
        0.22544673085212708,
        0.007040045224130154,
        0.0043785059824585915,
        0.8176743388175964,
        0.12070216238498688,
        0.002432676963508129,
        0.0009206210379488766,
        0.7272266149520874,
        0.5377219915390015,
        0.4648034870624542,
        0.21004031598567963,
        0.005922326818108559,
        0.989486813545227,
        0.8286161422729492,
        0.011865883134305477,
        0.7385575771331787,
        0.18646737933158875,
        0.006890045944601297,
        0.6750458478927612,
        0.02834797278046608,
        0.9520596265792847
    ],
    "min_trans_rot_dists": [
        [
            0.05730578679310933,
            0.9965660903322183
        ],
        [
            0.03980410026658564,
            0.0006631935788018462
        ],
        [
            0.0747838542509028,
            0.0024941585078731565
        ],
        [
            0.022671778321953932,
            0.00329323910626822
        ],
        [
            0.007874808417457928,
            0.0032891994277536307
        ],
        [
            0.018592303978815564,
            0.0005798452036536172
        ],
        [
            0.014322029555315209,
            0.002528761517722411
        ],
        [
            0.022987074484806132,
            0.0012374755581403551
        ],
        [
            0.0929341440037399,
            0.0026139428927416386
        ],
        [
            0.09376107095190934,
            0.0012763722112100195
        ],
        [
            0.09396034716145275,
            0.0024941585078731565
        ],
        [
            0.08422232407678536,
            0.0008046833606498716
        ],
        [
            0.02254450915646981,
            0.0008315028754097842
        ],
        [
            0.02945205509236506,
            0.9989822450907039
        ],
        [
            0.38721782569433516,
            0.0024941585078731565
        ],
        [
            0.030728181745608624,
            0.0007977827839387164
        ]
    ],
    "min_trans_rot_dists_prec": [
        [
            0.013206734487025223,
            0.0024941585078731565
        ],
        [
            0.02945205509236506,
            0.0010932237482644824
        ],
        [
            0.33479716070403265,
            0.0032482504923307953
        ],
        [
            0.01749668541946403,
            0.0006146047219274253
        ],
        [
            0.33688056631282187,
            0.0021288358824137488
        ],
        [
            0.02883352791565478,
            0.0036286337375048827
        ],
        [
            0.016805218341083207,
            0.0012763722112100195
        ],
        [
            0.026570161536740543,
            0.0008034760835096133
        ],
        [
            0.017070322263071265,
            0.0008046833606498716
        ],
        [
            0.017921841878963462,
            0.0011286627330359122
        ],
        [
            0.022671778321953932,
            0.00329323910626822
        ],
        [
            0.03980410026658564,
            0.0006631935788018462
        ],
        [
            0.0116043777691904,
            0.0026139428927416386
        ],
        [
            0.012134448867136384,
            0.003295984012021247
        ],
        [
            0.022066767640399915,
            0.0008478349911122951
        ],
        [
            0.0188629384193726,
            0.0026787252907841674
        ],
        [
            0.02449578097840701,
            0.0009708055941601845
        ],
        [
            0.011280106865404576,
            0.003812013221835775
        ],
        [
            0.016310876314167267,
            0.0008414218782498706
        ],
        [
            0.017787368887762476,
            0.0006194418381830769
        ],
        [
            0.017170543035586874,
            0.0014443714182802436
        ],
        [
            0.022987074484806132,
            0.0012374755581403551
        ],
        [
            0.009881126981939091,
            0.002759983091911611
        ],
        [
            0.3366797201716242,
            0.0021663963954284826
        ],
        [
            0.018468042534112005,
            0.0009082453508647559
        ],
        [
            0.030728181745608624,
            0.0007977827839387164
        ],
        [
            0.0172396797694885,
            0.0008560039930981533
        ],
        [
            0.014322029555315209,
            0.002528761517722411
        ],
        [
            0.007874808417457928,
            0.0032891994277536307
        ],
        [
            0.018592303978815564,
            0.0005798452036536172
        ],
        [
            0.02254450915646981,
            0.0008315028754097842
        ],
        [
            0.3346774492876033,
            0.003287250536840536
        ]
    ],
    "r_thresh_deg": 5,
    "t_thresh": 0.035,
    "t_thresh_prec": 0.04
}