{
    "match_ratio": 0.4166666666666667,
    "recall": 0.4166666666666667,
    "precision": 1.0,
    "n_avail": 24,
    "n_pred": 32,
    "out_scores": [
        0.9902014136314392,
        0.9798005223274231,
        0.9885491728782654,
        0.9815399050712585,
        0.9940861463546753,
        0.9692916870117188,
        0.9635803699493408,
        0.9865466356277466,
        0.992267906665802,
        0.9905717372894287,
        0.990675151348114,
        0.977593183517456,
        0.9864653944969177,
        0.9749243855476379,
        0.9832895994186401,
        0.9859909415245056,
        0.9917373061180115,
        0.9904122948646545,
        0.9933692812919617,
        0.9957574009895325,
        0.974469780921936,
        0.9933863282203674,
        0.9593116641044617,
        0.9789063930511475,
        0.9933624267578125,
        0.9514049887657166,
        0.9917449355125427,
        0.9932631850242615,
        0.9815607666969299,
        0.9765564203262329,
        0.9672574400901794,
        0.9803072810173035
    ],
    "min_trans_rot_dists": [
        [
            0.026468403031611507,
            6.468236494860946e-05
        ],
        [
            0.034839461365619086,
            5.605634410255078e-05
        ],
        [
            0.03410586925137263,
            8.051368136818837e-05
        ],
        [
            0.019418501817402286,
            4.042995735253907e-05
        ],
        [
            0.12398631332825824,
            0.9998903626676345
        ],
        [
            0.12059511245989306,
            4.8626562241693705e-05
        ],
        [
            0.18077803805314321,
            2.438931896309171e-05
        ],
        [
            0.12255340201576675,
            0.9999079212719016
        ],
        [
            0.0915613478796173,
            0.999997933376918
        ],
        [
            0.09940447064333115,
            2.578979119927105e-06
        ],
        [
            0.10362199423704331,
            2.438931896309171e-05
        ],
        [
            0.09859661011579755,
            5.355012889129984e-05
        ],
        [
            0.021734471927755832,
            0.999997933376918
        ],
        [
            0.021734471927755832,
            0.0001114456651024609
        ],
        [
            0.027466577977423755,
            4.194111460775751e-05
        ],
        [
            0.023773096875493276,
            5.355012889129984e-05
        ],
        [
            0.011133394923878742,
            0.00010846195925018343
        ],
        [
            0.02277693461319238,
            0.00012591958432328632
        ],
        [
            0.011669052113280662,
            4.762432271443462e-05
        ],
        [
            0.02277693461319238,
            0.9998787762248554
        ],
        [
            0.039357274138879295,
            0.00010846195925018343
        ],
        [
            0.038926638108508375,
            0.00012591958432328632
        ],
        [
            0.07805965321801132,
            1.0931560365246007e-05
        ],
        [
            0.038926638108508375,
            0.9998787762248554
        ]
    ],
    "min_trans_rot_dists_prec": [
        [
            0.026977199980771773,
            2.438931896309171e-05
        ],
        [
            0.03815372433381071,
            0.00012713581751899738
        ],
        [
            0.03912236135675093,
            0.0001879152763709646
        ],
        [
            0.03447408819896063,
            0.00013576128222847483
        ],
        [
            0.0111571138867252,
            0.00018135173455535725
        ],
        [
            0.03321486344166191,
            9.697094398286588e-05
        ],
        [
            0.030461829010085345,
            0.00013484384969864038
        ],
        [
            0.039971248179998836,
            1.0931560365246007e-05
        ],
        [
            0.03857002480454126,
            0.00021918082054472876
        ],
        [
            0.012426280601546215,
            7.818244306823097e-05
        ],
        [
            0.012081964386572993,
            7.993306545772683e-05
        ],
        [
            0.03096004206281025,
            0.00015201108738915892
        ],
        [
            0.038926638108508375,
            0.00012591958432328632
        ],
        [
            0.029874453495160713,
            4.877956688364993e-05
        ],
        [
            0.011669052113280662,
            4.762432271443462e-05
        ],
        [
            0.02420757404573207,
            3.515190857039663e-05
        ],
        [
            0.027466577977423755,
            4.194111460775751e-05
        ],
        [
            0.012581609194850608,
            6.528784999004777e-05
        ],
        [
            0.023773096875493276,
            5.355012889129984e-05
        ],
        [
            0.02595342875210266,
            2.578979119927105e-06
        ],
        [
            0.03930627629771482,
            4.8626562241693705e-05
        ],
        [
            0.010673053654971476,
            5.15126718875214e-05
        ],
        [
            0.032861268773204146,
            9.814767693672177e-05
        ],
        [
            0.02501622458661917,
            7.565250342622676e-06
        ],
        [
            0.021734471927755832,
            0.0001114456651024609
        ],
        [
            0.02582698729911639,
            8.476357920739197e-05
        ],
        [
            0.039357274138879295,
            0.00010846195925018343
        ],
        [
            0.019418501817402286,
            4.042995735253907e-05
        ],
        [
            0.03410586925137263,
            8.051368136818837e-05
        ],
        [
            0.03591150211753604,
            4.1003834027164565e-05
        ],
        [
            0.026468403031611507,
            6.468236494860946e-05
        ],
        [
            0.034839461365619086,
            5.605634410255078e-05
        ]
    ],
    "r_thresh_deg": 5,
    "t_thresh": 0.035,
    "t_thresh_prec": 0.04
}