{
    "match_ratio": 0.8333333333333334,
    "recall": 0.8333333333333334,
    "precision": 1.0,
    "n_avail": 12,
    "n_pred": 32,
    "out_scores": [
        0.9277758598327637,
        0.9852141737937927,
        0.8765825033187866,
        0.993924081325531,
        0.9812656044960022,
        0.8886837959289551,
        0.8840888142585754,
        0.9748338460922241,
        0.9226611256599426,
        0.9896740913391113,
        0.9304317235946655,
        0.9855887293815613,
        0.9930484294891357,
        0.9191060066223145,
        0.9948037266731262,
        0.9871301054954529,
        0.9037774205207825,
        0.9885724782943726,
        0.9345133900642395,
        0.8330140113830566,
        0.9933441877365112,
        0.9917588829994202,
        0.9730542302131653,
        0.7956185340881348,
        0.9947953820228577,
        0.9743135571479797,
        0.9488319158554077,
        0.9866657853126526,
        0.9900563955307007,
        0.4875335097312927,
        0.9090371131896973,
        0.981289267539978
    ],
    "min_trans_rot_dists": [
        [
            0.025245895454025027,
            8.271204729037862e-05
        ],
        [
            0.16821243251079576,
            1.9501119120635124e-06
        ],
        [
            0.16792897468002885,
            3.513233720264797e-05
        ],
        [
            0.008409350171752128,
            5.75109383467165e-05
        ],
        [
            0.022727681620551155,
            2.939544455282661e-05
        ],
        [
            0.018188279198618658,
            1.9176459490011233e-05
        ],
        [
            0.02068140208856099,
            3.3491918324246583e-06
        ],
        [
            0.01057147983192823,
            6.271866767582068e-05
        ],
        [
            0.03026716318731901,
            7.574478291072495e-05
        ],
        [
            0.018585072596364882,
            1.5994029544441624e-05
        ],
        [
            0.020720239226320485,
            1.744526410341063e-05
        ],
        [
            0.008926884563251549,
            5.390343315780921e-05
        ]
    ],
    "min_trans_rot_dists_prec": [
        [
            0.010559053630346985,
            3.638570983743872e-05
        ],
        [
            0.018990563232013927,
            8.056394489863727e-06
        ],
        [
            0.01042956675086414,
            5.2020728455004495e-05
        ],
        [
            0.02027913220589258,
            3.513233720264797e-05
        ],
        [
            0.01765605875496476,
            1.9501119120635124e-06
        ],
        [
            0.022419924628244343,
            2.7357903728875144e-05
        ],
        [
            0.022727681620551155,
            2.939544455282661e-05
        ],
        [
            0.01837396588607414,
            5.87810875229966e-06
        ],
        [
            0.03036034994555708,
            9.982245557327296e-05
        ],
        [
            0.018918282242841655,
            3.828382848369838e-05
        ],
        [
            0.010617719206395707,
            2.630283905702413e-05
        ],
        [
            0.018356994468083285,
            6.184342114523567e-06
        ],
        [
            0.019943315230160574,
            4.3125872617455485e-07
        ],
        [
            0.03026716318731901,
            7.574478291072495e-05
        ],
        [
            0.017595247777266305,
            4.663913971358902e-06
        ],
        [
            0.02011909067397606,
            1.6707990049824595e-05
        ],
        [
            0.01091332184020085,
            0.00011786753881193324
        ],
        [
            0.01663569604863235,
            3.013630931059108e-05
        ],
        [
            0.025245895454025027,
            8.271204729037862e-05
        ],
        [
            0.0118257918693266,
            2.156821598064962e-05
        ],
        [
            0.020713844175222592,
            1.9340578385484974e-05
        ],
        [
            0.018188279198618658,
            1.9176459490011233e-05
        ],
        [
            0.017472357329382432,
            1.6576689794156607e-06
        ],
        [
            0.030805890951097377,
            4.301555384556011e-06
        ],
        [
            0.02068140208856099,
            3.3491918324246583e-06
        ],
        [
            0.021133965480126835,
            7.619184185569949e-06
        ],
        [
            0.008926884563251549,
            5.390343315780921e-05
        ],
        [
            0.018520025914619764,
            2.9105353435587844e-05
        ],
        [
            0.018585072596364882,
            1.5994029544441624e-05
        ],
        [
            0.008409350171752128,
            5.75109383467165e-05
        ],
        [
            0.01057147983192823,
            6.271866767582068e-05
        ],
        [
            0.020720239226320485,
            1.744526410341063e-05
        ]
    ],
    "r_thresh_deg": 5,
    "t_thresh": 0.035,
    "t_thresh_prec": 0.04
}