{
    "match_ratio": 0.25,
    "recall": 0.25,
    "precision": 0.96875,
    "n_avail": 52,
    "n_pred": 32,
    "out_scores": [
        0.9509688019752502,
        0.6052011847496033,
        0.08036068826913834,
        0.4649268388748169,
        0.018341220915317535,
        0.15029022097587585,
        0.41886836290359497,
        0.9800691604614258,
        0.40288054943084717,
        0.0359848216176033,
        0.21744588017463684,
        0.9801836609840393,
        0.98117995262146,
        0.9197778105735779,
        0.0004774520348291844,
        0.7929784059524536,
        0.9713774919509888,
        0.3161655366420746,
        0.9773783683776855,
        0.012152686715126038,
        0.1887739896774292,
        0.9632992148399353,
        0.9278874397277832,
        0.014036016538739204,
        0.0915389209985733,
        0.02417817898094654,
        0.9703797698020935,
        0.024427663534879684,
        0.6481871008872986,
        0.007641840726137161,
        0.012364262714982033,
        0.5159307718276978
    ],
    "min_trans_rot_dists": [
        [
            0.21156160667508603,
            0.00011500262072483558
        ],
        [
            0.20310654173990686,
            4.821404205812563e-05
        ],
        [
            0.12089409210972318,
            0.9999481767795585
        ],
        [
            0.12089409210972318,
            5.416079451014966e-05
        ],
        [
            0.17182752256698539,
            0.00011500262072483558
        ],
        [
            0.16337038221984912,
            4.821404205812563e-05
        ],
        [
            0.0816917039469147,
            0.9999481767795585
        ],
        [
            0.0816917039469147,
            5.416079451014966e-05
        ],
        [
            0.09251588097001136,
            0.00011500262072483558
        ],
        [
            0.0840644591959706,
            4.821404205812563e-05
        ],
        [
            0.01707521602217362,
            0.9999481767795585
        ],
        [
            0.016869013636778264,
            6.81797047035193e-05
        ],
        [
            0.02397915527353731,
            8.462609621151529e-05
        ],
        [
            0.011109983968554699,
            0.00010781984852159532
        ],
        [
            0.013928263069157171,
            5.721946976233738e-05
        ],
        [
            0.02746635625843239,
            6.128548543982149e-05
        ],
        [
            0.020233892768909308,
            8.462609621151529e-05
        ],
        [
            0.03411916136287483,
            0.00010781984852159532
        ],
        [
            0.0349646908877345,
            5.721946976233738e-05
        ],
        [
            0.0164471351678898,
            6.128548543982149e-05
        ],
        [
            0.13753576652449423,
            8.462609621151529e-05
        ],
        [
            0.14884718225681562,
            9.44398737345864e-06
        ],
        [
            0.1526812823144045,
            5.721946976233738e-05
        ],
        [
            0.015337651599981591,
            0.00028192643938396156
        ],
        [
            0.21700247864125097,
            8.462609621151529e-05
        ],
        [
            0.22835425281888724,
            9.44398737345864e-06
        ],
        [
            0.23210731950487262,
            5.721946976233738e-05
        ],
        [
            0.2177996190955614,
            5.585843218236519e-05
        ],
        [
            0.05842812490803836,
            0.9997100701208285
        ],
        [
            0.4401738494049258,
            4.821404205812563e-05
        ],
        [
            0.255714837695932,
            0.9995795594733415
        ],
        [
            0.2537083812938186,
            5.308687118987798e-05
        ],
        [
            0.04617393654379102,
            0.9997100701208285
        ],
        [
            0.38573571581219307,
            4.821404205812563e-05
        ],
        [
            0.17710851201890332,
            0.9995795594733415
        ],
        [
            0.17434633997756954,
            5.308687118987798e-05
        ],
        [
            0.03523004808600979,
            0.9998133598583211
        ],
        [
            0.015663222357197814,
            0.00013440331713776565
        ],
        [
            0.28080788742534807,
            0.0008068259085862728
        ],
        [
            0.021469593693141407,
            5.308687118987798e-05
        ],
        [
            0.05068053037706324,
            0.9998133598583211
        ],
        [
            0.08010273930250202,
            0.00013440331713776565
        ],
        [
            0.20131344309027246,
            0.0008068259085862728
        ],
        [
            0.05068053037706324,
            0.9997050011512454
        ],
        [
            0.12194301323758629,
            0.9992514604404099
        ],
        [
            0.12507726872025607,
            0.00032183439220567767
        ],
        [
            0.12194301323758629,
            0.0008068259085862728
        ],
        [
            0.12507726872025607,
            0.999774886799444
        ],
        [
            0.029811917753692338,
            0.9999022563480656
        ],
        [
            0.029811917753692338,
            0.0001574753363194903
        ],
        [
            0.029811917753692338,
            0.9999712281093475
        ],
        [
            0.035589013217116966,
            0.9997575479121543
        ]
    ],