{
    "match_ratio": 0.475,
    "recall": 0.475,
    "precision": 1.0,
    "n_avail": 40,
    "n_pred": 32,
    "out_scores": [
        0.452700674533844,
        0.9900777339935303,
        0.19307956099510193,
        0.6646720767021179,
        0.9894192218780518,
        0.631653904914856,
        0.29836127161979675,
        0.9185187816619873,
        0.9895246624946594,
        0.46689531207084656,
        0.9242444634437561,
        0.4563390016555786,
        0.7870117425918579,
        0.014223628677427769,
        0.9572271108627319,
        0.9141117334365845,
        0.9945437908172607,
        0.9128711223602295,
        0.9915721416473389,
        0.7956389784812927,
        0.1431381106376648,
        0.004854366183280945,
        0.9377384781837463,
        0.9887737035751343,
        0.9812456369400024,
        0.9908720850944519,
        0.9951292276382446,
        0.9939513206481934,
        0.9885786771774292,
        0.9777026772499084,
        0.9233776330947876,
        0.34701821208000183
    ],
    "min_trans_rot_dists": [
        [
            0.36278037879424285,
            0.0001561057240438979
        ],
        [
            0.14080816437367077,
            0.0010491650222260729
        ],
        [
            0.008752802339841072,
            0.0023204410629260597
        ],
        [
            0.010811010186126412,
            0.00016974141734693582
        ],
        [
            0.021930381403416733,
            0.0004136744892755395
        ],
        [
            0.02546312451967404,
            0.0010491650222260729
        ],
        [
            0.24503859397446767,
            0.0013668702434216362
        ],
        [
            0.1345387816928019,
            0.00021607162131387359
        ],
        [
            0.021465822968501375,
            0.00020190096313588146
        ],
        [
            0.028511353079497273,
            0.0017709687252231987
        ],
        [
            0.026845196992754516,
            0.0013783259439573703
        ],
        [
            0.027479778453566056,
            0.0008911667170304893
        ],
        [
            0.021608401580086634,
            0.9987878146570748
        ],
        [
            0.027744760524709807,
            0.0017709687252231987
        ],
        [
            0.0245503468616766,
            0.0013783259439573703
        ],
        [
            0.01721600166236356,
            0.0008911667170304893
        ],
        [
            0.15015051737178764,
            0.9987878146570748
        ],
        [
            0.1524002349547943,
            0.0016120035855792247
        ],
        [
            0.15015051737178764,
            0.0014185766770798969
        ],
        [
            0.3399187949164915,
            0.0005942824783852219
        ],
        [
            0.3541339597743112,
            0.0004136744892755395
        ],
        [
            0.2710440219895299,
            0.0014736898634217788
        ],
        [
            0.02455352438135305,
            0.001963348580852897
        ],
        [
            0.3109860657630815,
            0.00021607162131387359
        ],
        [
            0.030647262112856014,
            0.0006305062659490712
        ],
        [
            0.01742785938986566,
            0.0014736898634217788
        ],
        [
            0.030647262112856014,
            0.9994033643234081
        ],
        [
            0.19210526783868606,
            0.0005942824783852219
        ],
        [
            0.034284933313671356,
            0.0005121790114359648
        ],
        [
            0.025790922428152247,
            0.0019221474474853117
        ],
        [
            0.01845020463401448,
            0.9998426052285122
        ],
        [
            0.01344456557256864,
            0.0006323446044512737
        ],
        [
            0.027075608920167932,
            0.9995827194011944
        ],
        [
            0.029184538148292173,
            0.0019221474474853117
        ],
        [
            0.030516884750903233,
            0.9998426052285122
        ],
        [
            0.030516884750903233,
            0.0005942824783852219
        ],
        [
            0.15425237174209194,
            0.9995827194011944
        ],
        [
            0.13747575703086273,
            0.001624339630690086
        ],
        [
            0.1566763099969628,
            0.0018832743930252693
        ],
        [
            0.16143231920517445,
            0.0005942824783852219
        ]
    ],
    "min_trans_rot_dists_prec": [
        [
            0.030516884750903233,
            0.0005942824783852219
        ],
        [
            0.027075608920167932,
            0.002139117391250722
        ],
        [
            0.021608401580086634,
            0.0014185766770798969
        ],
        [
            0.024144080803138065,
            0.0001561057240438979
        ],
        [
            0.02757871834734843,
            0.002241648817554731
        ],
        [
            0.03533154843722821,
            0.0006323446044512737
        ],
        [
            0.021930381403416733,
            0.0004136744892755395
        ],
        [
            0.026142614788807583,
            0.0016120035855792247
        ],
        [
            0.02455352438135305,
            0.001963348580852897
        ],
        [
            0.02524316999733648,
            0.0013668702434216362
        ],
        [
            0.022681764910936448,
            0.001624339630690086
        ],
        [
            0.026022595775770655,
            0.0015216494225355204
        ],
        [
            0.024527124990436182,
            8.032142096314754e-05
        ],
        [
            0.008902467283050226,
            0.0025788820282538483
        ],
        [
            0.009798581736205608,
            0.00021607162131387359
        ],
        [
            0.010811010186126412,
            0.00016974141734693582
        ],
        [
            0.03465831782219884,
            0.00038189965374413326
        ],
        [
            0.026738167632881223,
            0.001689148331229795
        ],
        [
            0.01742785938986566,
            0.0014736898634217788
        ],
        [
            0.038128083688197305,
            9.654343905929341e-05
        ],
        [
            0.0245503468616766,
            0.0013783259439573703
        ],
        [
            0.008752802339841072,
            0.0023204410629260597
        ],
        [
            0.03910317861139015,
            0.00033127258241127944
        ],
        [
            0.029184538148292173,
            0.0019221474474853117
        ],
        [
            0.02546312451967404,
            0.0010491650222260729
        ],
        [
            0.03591811579672013,
            0.000347993487528786
        ],
        [
            0.034284933313671356,
            0.0005121790114359648
        ],
        [
            0.03665876856696002,
            0.0018832743930252693
        ],
        [
            0.01721600166236356,
            0.0008911667170304893
        ],
        [
            0.030647262112856014,
            0.0006305062659490712
        ],
        [
            0.027744760524709807,
            0.0017709687252231987
        ],
        [
            0.021465822968501375,
            0.00020190096313588146
        ]
    ],
    "r_thresh_deg": 5,
    "t_thresh": 0.035,
    "t_thresh_prec": 0.04
}