{
    "match_ratio": 0.4166666666666667,
    "recall": 0.4166666666666667,
    "precision": 0.84375,
    "n_avail": 12,
    "n_pred": 32,
    "out_scores": [
        0.9858407974243164,
        0.9863037467002869,
        0.975886344909668,
        0.9856181740760803,
        0.9671458005905151,
        0.9826441407203674,
        0.9764389991760254,
        0.9652871489524841,
        0.976020336151123,
        0.9494321346282959,
        0.9593680500984192,
        0.9920248985290527,
        0.9881585240364075,
        0.9870766997337341,
        0.9429751634597778,
        0.9036083221435547,
        0.9817329049110413,
        0.9882083535194397,
        0.980672299861908,
        0.9418001174926758,
        0.9806580543518066,
        0.9648387432098389,
        0.9563209414482117,
        0.969433069229126,
        0.9773225784301758,
        0.992253839969635,
        0.9737136363983154,
        0.9795164465904236,
        0.9735132455825806,
        0.981952965259552,
        0.9851519465446472,
        0.9405438303947449
    ],
    "min_trans_rot_dists": [
        [
            0.16579537837246344,
            0.999883828645731
        ],
        [
            0.16506475270287774,
            9.310465224920961e-05
        ],
        [
            0.16596730637895213,
            3.6436876324486e-05
        ],
        [
            0.16601804199427478,
            0.9999010968855352
        ],
        [
            0.014263412393281159,
            4.82723980463895e-05
        ],
        [
            0.016033184099292233,
            0.00015576287633778385
        ],
        [
            0.01012385079685668,
            5.03994565063115e-05
        ],
        [
            0.010304363085618318,
            1.618176567874663e-05
        ],
        [
            0.33379161414319014,
            4.6039066781466964e-05
        ],
        [
            0.33762039506375496,
            0.00012342278051502564
        ],
        [
            0.057648142727608535,
            3.90332746212918e-05
        ],
        [
            0.015563460744170244,
            9.405598172640417e-05
        ]
    ],
    "min_trans_rot_dists_prec": [
        [
            0.016855028304776157,
            0.0002211411449140055
        ],
        [
            0.4021020047057749,
            6.311909117817649e-05
        ],
        [
            0.3989707478380385,
            0.0006775474263067682
        ],
        [
            0.00932668072268301,
            3.6371545654168e-05
        ],
        [
            0.0179357781504537,
            0.00013000766250959028
        ],
        [
            0.40357744769455267,
            0.00011391189284537528
        ],
        [
            0.010836607394562449,
            2.4612243292199132e-05
        ],
        [
            0.010218683503734,
            5.6002961514312055e-05
        ],
        [
            0.0140698703130636,
            6.627473723819222e-05
        ],
        [
            0.010438238306191266,
            7.490693209100119e-05
        ],
        [
            0.018160166267102606,
            4.6039066781466964e-05
        ],
        [
            0.014668533242791581,
            2.3420362081583157e-05
        ],
        [
            0.012432507084196158,
            8.806977610686939e-05
        ],
        [
            0.010303592040613393,
            3.6436876324486e-05
        ],
        [
            0.0162936594001376,
            0.00012342278051502564
        ],
        [
            0.01527292047468719,
            9.310465224920961e-05
        ],
        [
            0.009628855435784374,
            2.4545901762818012e-05
        ],
        [
            0.012289148695006179,
            5.4484010079791645e-05
        ],
        [
            0.016727190035941194,
            9.477255725343081e-05
        ],
        [
            0.014719326417868592,
            0.0001274240389799175
        ],
        [
            0.014668132510450078,
            0.00011285150871875871
        ],
        [
            0.009775295308276751,
            7.761141911333258e-05
        ],
        [
            0.017629944986305227,
            0.00010171420625004757
        ],
        [
            0.015563460744170244,
            9.405598172640417e-05
        ],
        [
            0.009352169159947616,
            3.730128938683741e-05
        ],
        [
            0.014263412393281159,
            4.82723980463895e-05
        ],
        [
            0.009784670117278245,
            3.080620084394692e-05
        ],
        [
            0.01012385079685668,
            5.03994565063115e-05
        ],
        [
            0.3915545326911768,
            3.90332746212918e-05
        ],
        [
            0.39787497535808813,
            3.5257152039780415e-05
        ],
        [
            0.010304363085618318,
            1.618176567874663e-05
        ],
        [
            0.016033184099292233,
            0.00015576287633778385
        ]
    ],
    "r_thresh_deg": 5,
    "t_thresh": 0.035,
    "t_thresh_prec": 0.04
}