{
    "match_ratio": 0.4375,
    "recall": 0.4375,
    "precision": 1.0,
    "n_avail": 16,
    "n_pred": 32,
    "out_scores": [
        0.5649018287658691,
        0.466456800699234,
        0.016284318640828133,
        0.9598838090896606,
        0.31594717502593994,
        0.3080850839614868,
        0.9813526272773743,
        0.9482046365737915,
        0.047186482697725296,
        0.23749294877052307,
        0.2779637277126312,
        0.9911024570465088,
        0.9935623407363892,
        0.014361065812408924,
        0.014547182247042656,
        0.9693933725357056,
        0.04069692641496658,
        0.9252480864524841,
        0.9581791162490845,
        0.6618311405181885,
        0.9409104585647583,
        0.8736217021942139,
        0.5398065447807312,
        0.9954167604446411,
        0.03414875641465187,
        0.03593350946903229,
        0.9540920257568359,
        0.9936519861221313,
        0.9384385943412781,
        0.4749358296394348,
        0.9809373021125793,
        0.024547526612877846
    ],
    "min_trans_rot_dists": [
        [
            0.016761694545128124,
            0.003687985069385058
        ],
        [
            0.019027864999773512,
            0.00018885360809184348
        ],
        [
            0.01519939631920079,
            0.0038368162129864825
        ],
        [
            0.029627501628659923,
            0.0009463658508397366
        ],
        [
            0.06730175285454978,
            0.003687985069385058
        ],
        [
            0.0864901760332891,
            0.0002949003437480169
        ],
        [
            0.06745967321131716,
            0.9956782832445602
        ],
        [
            0.0738802046465089,
            0.000643540320545255
        ],
        [
            0.15116359844309427,
            0.003687985069385058
        ],
        [
            0.017264786821706134,
            0.0015723039447214093
        ],
        [
            0.01500161807140289,
            0.0009089259253457493
        ],
        [
            0.0227586443630619,
            0.0008538531243249547
        ],
        [
            0.4447395374039659,
            0.003687985069385058
        ],
        [
            0.46221973307302694,
            0.0002949003437480169
        ],
        [
            0.2997893648006872,
            0.0005893202744337023
        ],
        [
            0.28254714869448255,
            0.0008538531243249547
        ]
    ],
    "min_trans_rot_dists_prec": [
        [
            0.02129018828000402,
            0.0003103606350626231
        ],
        [
            0.019096856504912517,
            0.0002949003437480169
        ],
        [
            0.01668268450791954,
            0.004400240985257042
        ],
        [
            0.01612789545651056,
            0.0033013275078455084
        ],
        [
            0.0227586443630619,
            0.0008538531243249547
        ],
        [
            0.020325410152981914,
            0.00024342435411273122
        ],
        [
            0.012319470659146724,
            0.005057505348899594
        ],
        [
            0.01331407236417924,
            0.00365627152942527
        ],
        [
            0.015311169500660962,
            0.00279396111770136
        ],
        [
            0.020438195764570993,
            0.0002804525802251323
        ],
        [
            0.020096156765946113,
            0.00023329915256919964
        ],
        [
            0.014716209826673408,
            0.0005893202744337023
        ],
        [
            0.01506279975853913,
            0.0009359851401800068
        ],
        [
            0.016618385531574305,
            0.0045928785985511755
        ],
        [
            0.016539298512698412,
            0.00484175458032321
        ],
        [
            0.02833160613807128,
            0.0009342596082125842
        ],
        [
            0.015369499400047983,
            0.0026689504639041406
        ],
        [
            0.029550928484667588,
            0.0008188985637366253
        ],
        [
            0.02919198861999719,
            0.000904047000692132
        ],
        [
            0.017264786821706134,
            0.0015723039447214093
        ],
        [
            0.02931944953094543,
            0.0009016978853652047
        ],
        [
            0.029537230486792528,
            0.000643540320545255
        ],
        [
            0.02041451619049643,
            0.00020894911932844984
        ],
        [
            0.013630313868607902,
            0.0007387886585009662
        ],
        [
            0.016158677356569357,
            0.003232745313168861
        ],
        [
            0.01534523220349055,
            0.0033257181520867096
        ],
        [
            0.0274571671147284,
            0.0007373841739009013
        ],
        [
            0.01500161807140289,
            0.0009089259253457493
        ],
        [
            0.029627501628659923,
            0.0009463658508397366
        ],
        [
            0.019027864999773512,
            0.00018885360809184348
        ],
        [
            0.01519939631920079,
            0.0038368162129864825
        ],
        [
            0.016761694545128124,
            0.003687985069385058
        ]
    ],
    "r_thresh_deg": 5,
    "t_thresh": 0.035,
    "t_thresh_prec": 0.04
}