{
    "match_ratio": 0.39285714285714285,
    "recall": 0.39285714285714285,
    "precision": 0.9375,
    "n_avail": 28,
    "n_pred": 32,
    "out_scores": [
        0.9899147748947144,
        0.8121165037155151,
        0.982262134552002,
        0.16605441272258759,
        0.977695643901825,
        0.993962824344635,
        0.8901883363723755,
        0.9872316718101501,
        0.9891568422317505,
        0.9903019070625305,
        0.8937697410583496,
        0.9933589100837708,
        0.9880536198616028,
        0.15444248914718628,
        0.9658666849136353,
        0.9205887317657471,
        0.954879641532898,
        0.9902123808860779,
        0.9751079678535461,
        0.9793334603309631,
        0.9862076044082642,
        0.8624719977378845,
        0.9493706822395325,
        0.9120312333106995,
        0.993965208530426,
        0.9887557625770569,
        0.9913490414619446,
        0.9880609512329102,
        0.9088490605354309,
        0.4578149914741516,
        0.9480820298194885,
        0.9823693633079529
    ],
    "min_trans_rot_dists": [
        [
            0.47332448110260894,
            8.106432875454317e-05
        ],
        [
            0.25671989465940714,
            0.00014701632869529302
        ],
        [
            0.07100316451665492,
            0.0004001837660000396
        ],
        [
            0.013957215758890439,
            0.0013237464834087165
        ],
        [
            0.38796930854844763,
            8.106432875454317e-05
        ],
        [
            0.032643401829357384,
            0.000475116684348853
        ],
        [
            0.023589812335791233,
            0.0007620686725795522
        ],
        [
            0.16383703877442501,
            5.7019648293077374e-05
        ],
        [
            0.26019234058201973,
            8.106432875454317e-05
        ],
        [
            0.05086796539821872,
            0.00011016058588875222
        ],
        [
            0.03171691874133525,
            6.31359270003573e-05
        ],
        [
            0.03747550494503816,
            5.1156281569486595e-05
        ],
        [
            0.2177483132998754,
            8.106432875454317e-05
        ],
        [
            0.030297075426677318,
            2.6976636538389442e-05
        ],
        [
            0.02254502373767735,
            6.31359270003573e-05
        ],
        [
            0.011794769727916835,
            5.1156281569486595e-05
        ],
        [
            0.09230439484280782,
            8.106432875454317e-05
        ],
        [
            0.08523143308049674,
            0.9999760812683262
        ],
        [
            0.09230439484280782,
            0.9999387610885102
        ],
        [
            0.08523143308049674,
            3.825124550738135e-05
        ],
        [
            0.02939152946685322,
            9.044854463746699e-05
        ],
        [
            0.029247321278702523,
            5.688680021986858e-05
        ],
        [
            0.016604749644322892,
            6.83608549797432e-05
        ],
        [
            0.007622145516994742,
            3.825124550738135e-05
        ],
        [
            0.08892704896449471,
            8.106432875454317e-05
        ],
        [
            0.0818026683383378,
            2.036494123025534e-05
        ],
        [
            0.07785208787280644,
            2.1997919772975827e-05
        ],
        [
            0.08027522961154238,
            0.999957297647187
        ]
    ],
    "min_trans_rot_dists_prec": [
        [
            0.029884389442552266,
            8.106432875454317e-05
        ],
        [
            0.030796314351294745,
            0.00014701632869529302
        ],
        [
            0.020224664108321806,
            0.0004001837660000396
        ],
        [
            0.01686871277667437,
            5.7019648293077374e-05
        ],
        [
            0.01490205602824578,
            0.001317413932930167
        ],
        [
            0.030146705930584397,
            2.036494123025534e-05
        ],
        [
            0.013957215758890439,
            0.0013237464834087165
        ],
        [
            0.03547324458808939,
            0.0009467600917562047
        ],
        [
            0.01801174623197215,
            2.1997919772975827e-05
        ],
        [
            0.018572024720004337,
            2.3943931244052585e-05
        ],
        [
            0.030058839377433106,
            0.00011016058588875222
        ],
        [
            0.030206900603172847,
            5.3240165129087025e-05
        ],
        [
            0.04874808247598893,
            0.0026610268061976194
        ],
        [
            0.025783179836970704,
            0.00013237757923501015
        ],
        [
            0.016668750112942363,
            0.00010346489531432024
        ],
        [
            0.019632661211207648,
            3.0445143882840142e-05
        ],
        [
            0.016963086638454247,
            7.501026284995049e-05
        ],
        [
            0.02939152946685322,
            9.044854463746699e-05
        ],
        [
            0.020616078868637883,
            0.00014108790954037165
        ],
        [
            0.023589812335791233,
            0.0007620686725795522
        ],
        [
            0.007622145516994742,
            3.825124550738135e-05
        ],
        [
            0.06416895555473348,
            0.0005309232871540948
        ],
        [
            0.021947986874434233,
            0.00012568571103754866
        ],
        [
            0.030297075426677318,
            2.6976636538389442e-05
        ],
        [
            0.029247321278702523,
            5.688680021986858e-05
        ],
        [
            0.016834050747645754,
            2.29673069100933e-05
        ],
        [
            0.016604749644322892,
            6.83608549797432e-05
        ],
        [
            0.032643401829357384,
            0.000475116684348853
        ],
        [
            0.011794769727916835,
            5.1156281569486595e-05
        ],
        [
            0.03527427400918132,
            0.0001743087438116353
        ],
        [
            0.02254502373767735,
            6.31359270003573e-05
        ],
        [
            0.03640784852469683,
            0.0009074039653627075
        ]
    ],
    "r_thresh_deg": 5,
    "t_thresh": 0.035,
    "t_thresh_prec": 0.04
}