{
    "match_ratio": 0.35,
    "recall": 0.35,
    "precision": 0.875,
    "n_avail": 20,
    "n_pred": 32,
    "out_scores": [
        0.9912636280059814,
        0.9868583679199219,
        0.9901359677314758,
        0.9070144295692444,
        0.06602873653173447,
        0.8964793086051941,
        0.8644886612892151,
        0.6746430397033691,
        0.9924352765083313,
        0.9911227226257324,
        0.9912093877792358,
        0.9897255301475525,
        0.9901283383369446,
        0.9937676191329956,
        0.9901565313339233,
        0.965853214263916,
        0.9929087162017822,
        0.8642033934593201,
        0.7278926968574524,
        0.8195159435272217,
        0.9904624819755554,
        0.9900583624839783,
        0.9885884523391724,
        0.9915708303451538,
        0.921601414680481,
        0.9947807192802429,
        0.9924455285072327,
        0.9927722811698914,
        0.9931451082229614,
        0.9899011254310608,
        0.989776611328125,
        0.9918754696846008
    ],
    "min_trans_rot_dists": [
        [
            0.16184149115715477,
            0.9997110134569548
        ],
        [
            0.16416792609025557,
            0.00010164103638832245
        ],
        [
            0.1758983072435595,
            1.2853212490893107e-05
        ],
        [
            0.16416792609025557,
            0.9998986265903728
        ],
        [
            0.0186096606333754,
            0.9997110134569548
        ],
        [
            0.030015804836062306,
            1.2696562664005206e-05
        ],
        [
            0.03487450860172931,
            8.879203846301476e-05
        ],
        [
            0.015447695897801424,
            0.00024108245499732117
        ],
        [
            0.03659321970303571,
            0.9999994998000531
        ],
        [
            0.03659321970303571,
            0.9999776778561522
        ],
        [
            0.03659321970303571,
            3.862484974259672e-05
        ],
        [
            0.03659321970303571,
            0.9999841974940521
        ],
        [
            0.07672173664882123,
            0.9994567831255925
        ],
        [
            0.0774896470671422,
            0.0003536969699194925
        ],
        [
            0.1859733675738812,
            3.862484974259672e-05
        ],
        [
            0.011252689671936877,
            1.308341635253285e-05
        ],
        [
            0.033482363666209554,
            0.00012214589128489717
        ],
        [
            0.01962772493964171,
            0.0009640462769922031
        ],
        [
            0.028269288049130092,
            0.0005480712004056754
        ],
        [
            0.07630866557222937,
            1.308341635253285e-05
        ]
    ],
    "min_trans_rot_dists_prec": [
        [
            0.03659321970303571,
            3.862484974259672e-05
        ],
        [
            0.0186096606333754,
            0.00029133099879807833
        ],
        [
            0.18449857581551593,
            2.9384297724144304e-05
        ],
        [
            0.03634730826227215,
            0.00014971651671980002
        ],
        [
            0.011252689671936877,
            1.308341635253285e-05
        ],
        [
            0.028269288049130092,
            0.0005480712004056754
        ],
        [
            0.035621948302809923,
            0.0001864291940756324
        ],
        [
            0.020769127726862176,
            0.0003536969699194925
        ],
        [
            0.03098321965582379,
            0.0001275449652077265
        ],
        [
            0.029467479003815904,
            0.00021700816945668944
        ],
        [
            0.02922038715751548,
            0.0001927809126091029
        ],
        [
            0.03229583923841396,
            8.031549484577294e-05
        ],
        [
            0.03510935735578083,
            2.727214782183296e-05
        ],
        [
            0.02334710881134566,
            0.00010164103638832245
        ],
        [
            0.0255255805310147,
            0.00017868076014915246
        ],
        [
            0.03673225589256961,
            0.00013498313186555144
        ],
        [
            0.1943569600173679,
            7.660125087305403e-05
        ],
        [
            0.03292336399924479,
            0.00016041484240525428
        ],
        [
            0.033482363666209554,
            0.00012214589128489717
        ],
        [
            0.01962772493964171,
            0.0009640462769922031
        ],
        [
            0.025852291213349792,
            0.0002376852856382783
        ],
        [
            0.02785210423760315,
            1.2853212490893107e-05
        ],
        [
            0.027485565194414516,
            0.00010050436378084004
        ],
        [
            0.034965145463290485,
            4.848008652080793e-05
        ],
        [
            0.015447695897801424,
            0.00024108245499732117
        ],
        [
            0.19432934846638483,
            0.00013126045270306363
        ],
        [
            0.031179490156324804,
            3.443753184906306e-05
        ],
        [
            0.03206264546419546,
            5.081880282065132e-05
        ],
        [
            0.030015804836062306,
            1.2696562664005206e-05
        ],
        [
            0.03487450860172931,
            8.879203846301476e-05
        ],
        [
            0.03994445877022827,
            3.9946560161818745e-05
        ],
        [
            0.042811161192476764,
            2.6515718128727883e-05
        ]
    ],
    "r_thresh_deg": 5,
    "t_thresh": 0.035,
    "t_thresh_prec": 0.04
}