{
    "match_ratio": 0.8125,
    "recall": 0.8125,
    "precision": 1.0,
    "n_avail": 16,
    "n_pred": 32,
    "out_scores": [
        0.9941912293434143,
        0.9931021928787231,
        0.9806829690933228,
        0.9930800795555115,
        0.9954406023025513,
        0.9938780665397644,
        0.991755485534668,
        0.9950320720672607,
        0.9946733117103577,
        0.9951412677764893,
        0.9933028221130371,
        0.9716424345970154,
        0.9937819838523865,
        0.9921548962593079,
        0.9947403073310852,
        0.9934275150299072,
        0.9902575016021729,
        0.9824701547622681,
        0.9898080229759216,
        0.9846914410591125,
        0.9929859042167664,
        0.993457019329071,
        0.9937077760696411,
        0.9924159049987793,
        0.9949589967727661,
        0.994921863079071,
        0.9951702952384949,
        0.9937963485717773,
        0.9924266338348389,
        0.9943687319755554,
        0.9936150312423706,
        0.993649423122406
    ],
    "min_trans_rot_dists": [
        [
            0.12361494194794673,
            0.9999599042870196
        ],
        [
            0.12518909983192908,
            0.9999557530040287
        ],
        [
            0.012791737188534625,
            1.905210258890122e-05
        ],
        [
            0.12305090737514722,
            5.040088198438042e-05
        ],
        [
            0.021872655285568084,
            3.2182266882618826e-05
        ],
        [
            0.02530336198448545,
            9.787087390744631e-05
        ],
        [
            0.017466437141834726,
            1.7012553532036456e-05
        ],
        [
            0.011221836072193526,
            4.5240786545441836e-05
        ],
        [
            0.030002008789407415,
            3.2182266882618826e-05
        ],
        [
            0.032341844572443275,
            9.787087390744631e-05
        ],
        [
            0.029069919224375598,
            1.7012553532036456e-05
        ],
        [
            0.03156280738954854,
            4.5240786545441836e-05
        ],
        [
            0.019055317148547093,
            9.469945510798272e-05
        ],
        [
            0.021502895758315283,
            4.33473379241045e-05
        ],
        [
            0.012053289950478066,
            1.0426592506163068e-05
        ],
        [
            0.010793997399112996,
            0.00010738479376248833
        ]
    ],
    "min_trans_rot_dists_prec": [
        [
            0.01215123406657699,
            8.592192349654582e-05
        ],
        [
            0.0337837201981644,
            5.172734113301214e-05
        ],
        [
            0.02106357232208033,
            3.712409250855586e-05
        ],
        [
            0.03222237758905215,
            6.605635751377736e-05
        ],
        [
            0.029069919224375598,
            1.7012553532036456e-05
        ],
        [
            0.01210002303532791,
            9.020713137830594e-05
        ],
        [
            0.012791737188534625,
            1.905210258890122e-05
        ],
        [
            0.03450696204713783,
            3.4221501080566874e-05
        ],
        [
            0.020469269727827435,
            0.0001449081387180362
        ],
        [
            0.019055317148547093,
            9.469945510798272e-05
        ],
        [
            0.03381664936348287,
            3.5586472212245646e-05
        ],
        [
            0.011508878240920414,
            2.611178130007552e-05
        ],
        [
            0.03181142452256161,
            1.0758273555788733e-05
        ],
        [
            0.020812230319178844,
            4.247126011935887e-05
        ],
        [
            0.035064795468368104,
            2.6091429629615526e-05
        ],
        [
            0.02953057174541898,
            5.8954960842627635e-05
        ],
        [
            0.020649202289654046,
            4.3224575883127336e-05
        ],
        [
            0.012053289950478066,
            1.0426592506163068e-05
        ],
        [
            0.030098842905343055,
            6.796436484779456e-05
        ],
        [
            0.021502895758315283,
            4.33473379241045e-05
        ],
        [
            0.033254138665655825,
            5.32404522148866e-05
        ],
        [
            0.010793997399112996,
            0.00010738479376248833
        ],
        [
            0.032480483992684044,
            4.270165044995e-05
        ],
        [
            0.03417376567832402,
            5.040088198438042e-05
        ],
        [
            0.0375305279348746,
            4.8210585136487794e-05
        ],
        [
            0.03558386497055042,
            0.00010329415838949974
        ],
        [
            0.030002008789407415,
            3.2182266882618826e-05
        ],
        [
            0.02900617741791461,
            6.785801652009482e-05
        ],
        [
            0.03121599646480069,
            1.6722981700856288e-05
        ],
        [
            0.03156280738954854,
            4.5240786545441836e-05
        ],
        [
            0.030558693354733,
            4.2567646939772885e-05
        ],
        [
            0.032341844572443275,
            9.787087390744631e-05
        ]
    ],
    "r_thresh_deg": 5,
    "t_thresh": 0.035,
    "t_thresh_prec": 0.04
}