{
    "match_ratio": 0.6875,
    "recall": 0.6875,
    "precision": 1.0,
    "n_avail": 16,
    "n_pred": 32,
    "out_scores": [
        0.9565234184265137,
        0.9803445339202881,
        0.9893262386322021,
        0.9863177537918091,
        0.9001749753952026,
        0.9852551221847534,
        0.9963221549987793,
        0.9819223880767822,
        0.9094128608703613,
        0.9812528491020203,
        0.9873015880584717,
        0.9548453688621521,
        0.8342140316963196,
        0.790675699710846,
        0.9772704243659973,
        0.9623280763626099,
        0.9646415710449219,
        0.9784011840820312,
        0.9833252429962158,
        0.9693249464035034,
        0.9882518649101257,
        0.9488461017608643,
        0.9875600934028625,
        0.6172935366630554,
        0.9941343665122986,
        0.9869741201400757,
        0.9711303114891052,
        0.989774227142334,
        0.984409511089325,
        0.9725024700164795,
        0.985569179058075,
        0.9912063479423523
    ],
    "min_trans_rot_dists": [
        [
            0.023450766569096105,
            0.0005089286174742025
        ],
        [
            0.023459443644331036,
            8.75125695353196e-05
        ],
        [
            0.012497238639989519,
            0.000134230001852087
        ],
        [
            0.03081119999034735,
            0.0008264237022399534
        ],
        [
            0.013314774684987735,
            4.6125805623797866e-05
        ],
        [
            0.02527244601191443,
            0.0005576023178437417
        ],
        [
            0.013531457597905984,
            0.000297080151020479
        ],
        [
            0.023554272652919307,
            9.293254022213482e-06
        ],
        [
            0.018478785854309603,
            3.160736987095625e-05
        ],
        [
            0.403030473785632,
            3.544131361055136e-05
        ],
        [
            0.2758806446374125,
            0.000297080151020479
        ],
        [
            0.028177667923334135,
            4.1130838597802644e-05
        ],
        [
            0.034572472609400835,
            3.160736987095625e-05
        ],
        [
            0.4477133540879461,
            3.544131361055136e-05
        ],
        [
            0.32059484767294166,
            0.000297080151020479
        ],
        [
            0.31298311659754824,
            9.293254022213482e-06
        ]
    ],
    "min_trans_rot_dists_prec": [
        [
            0.02283708159731869,
            3.544131361055136e-05
        ],
        [
            0.03024340092469851,
            0.0006115135106923297
        ],
        [
            0.025129039853473055,
            0.00010162569096772156
        ],
        [
            0.028274727743630938,
            0.0012346812081291958
        ],
        [
            0.036597438144614046,
            3.489274299450784e-05
        ],
        [
            0.028323791920858335,
            0.00105801808991135
        ],
        [
            0.013531457597905984,
            0.000297080151020479
        ],
        [
            0.02399614470952357,
            0.00033389049401111315
        ],
        [
            0.03405066128788367,
            0.00014526259054392643
        ],
        [
            0.021420545261534606,
            0.0009897991559345565
        ],
        [
            0.012881627851727993,
            4.755879532925e-05
        ],
        [
            0.02321841046173319,
            9.750607661618282e-06
        ],
        [
            0.0397219431000785,
            4.1130838597802644e-05
        ],
        [
            0.022590214986421938,
            1.7856348825007196e-05
        ],
        [
            0.0230819484278871,
            0.0008548735680595776
        ],
        [
            0.034572472609400835,
            3.160736987095625e-05
        ],
        [
            0.014168926675209984,
            6.0005612676494735e-06
        ],
        [
            0.03151393549385834,
            0.0007858794908760514
        ],
        [
            0.01253299586136807,
            0.0001982510161948614
        ],
        [
            0.03081119999034735,
            0.0008264237022399534
        ],
        [
            0.025280607608599036,
            0.00047025462381200533
        ],
        [
            0.013314774684987735,
            4.6125805623797866e-05
        ],
        [
            0.02144832307174496,
            0.000524338674838809
        ],
        [
            0.023554272652919307,
            9.293254022213482e-06
        ],
        [
            0.012375319675857085,
            0.0001446742804442902
        ],
        [
            0.011811563825951608,
            0.00017731089314065862
        ],
        [
            0.023571538993412213,
            0.00015293341223376888
        ],
        [
            0.020379882497310996,
            0.0008601517437949457
        ],
        [
            0.023450766569096105,
            0.0005089286174742025
        ],
        [
            0.023459443644331036,
            8.75125695353196e-05
        ],
        [
            0.012497238639989519,
            0.000134230001852087
        ],
        [
            0.02527244601191443,
            0.0005576023178437417
        ]
    ],
    "r_thresh_deg": 5,
    "t_thresh": 0.035,
    "t_thresh_prec": 0.04
}