{
    "match_ratio": 0.7,
    "recall": 0.7,
    "precision": 0.9375,
    "n_avail": 20,
    "n_pred": 32,
    "out_scores": [
        0.9948097467422485,
        0.20926439762115479,
        0.9897527694702148,
        0.9919577836990356,
        0.9748511910438538,
        0.9933566451072693,
        0.9792686104774475,
        0.9902738928794861,
        0.9904988408088684,
        0.9931685924530029,
        0.042598236352205276,
        0.9858718514442444,
        0.9837480783462524,
        0.08284412324428558,
        0.9494073987007141,
        0.6127352118492126,
        0.000819582084659487,
        0.9645789265632629,
        0.03323986753821373,
        0.9858646392822266,
        0.995331346988678,
        0.985348641872406,
        0.9950482249259949,
        5.2625472868328416e-09,
        0.12659171223640442,
        0.994545578956604,
        0.8771796226501465,
        0.7355608940124512,
        0.9832630157470703,
        0.9842847585678101,
        0.9911045432090759,
        0.005596337839961052
    ],
    "min_trans_rot_dists": [
        [
            0.01120872766021922,
            0.0003688071691070327
        ],
        [
            0.33673873915252206,
            0.000155428530598134
        ],
        [
            0.018652951891881323,
            0.0002686058484241416
        ],
        [
            0.017863426545897232,
            0.00021705394585402882
        ],
        [
            0.010201890640142194,
            5.442084616058551e-05
        ],
        [
            0.02315014412190756,
            0.000155428530598134
        ],
        [
            0.014076216981746579,
            0.00010941180867463096
        ],
        [
            0.02315014412190756,
            0.9998475812827702
        ],
        [
            0.012425145799275502,
            0.00010428216032210003
        ],
        [
            0.10970363409903588,
            0.000155428530598134
        ],
        [
            0.011003872026150151,
            0.9999542527200661
        ],
        [
            0.10970363409903588,
            0.9998475812827702
        ],
        [
            0.012082982380962415,
            8.786467740917736e-05
        ],
        [
            0.02608441964820624,
            0.00015223069962422286
        ],
        [
            0.013982021743299676,
            6.959763481828585e-05
        ],
        [
            0.030317419068995446,
            0.00014726057465230813
        ],
        [
            0.012792362782396292,
            0.00012234073819594737
        ],
        [
            0.1078044449748923,
            0.00014710860039834905
        ],
        [
            0.018314686340224498,
            0.0002960114156255189
        ],
        [
            0.032830516663978654,
            0.00020704005146254811
        ]
    ],
    "min_trans_rot_dists_prec": [
        [
            0.026407822949039997,
            0.000185416889669332
        ],
        [
            0.035734082945377194,
            0.00042315050747054883
        ],
        [
            0.02315014412190756,
            0.000155428530598134
        ],
        [
            0.030317419068995446,
            0.00014726057465230813
        ],
        [
            0.012868723999353385,
            0.0005978486041251507
        ],
        [
            0.02430667628818782,
            0.00014710860039834905
        ],
        [
            0.012250059051750915,
            0.00015250980489245336
        ],
        [
            0.011003872026150151,
            6.534923371548373e-05
        ],
        [
            0.013463169866321734,
            0.00025199289473520903
        ],
        [
            0.024274367260117728,
            9.798587290843486e-05
        ],
        [
            0.018314686340224498,
            0.0002960114156255189
        ],
        [
            0.02837073742385649,
            0.0004719208895022087
        ],
        [
            0.029045004638482554,
            0.000366377323893774
        ],
        [
            0.01225752164972449,
            0.00011461938553092299
        ],
        [
            0.012082982380962415,
            8.786467740917736e-05
        ],
        [
            0.033085976324475956,
            0.0004991200198253276
        ],
        [
            0.01649465279512125,
            0.00017457463900938386
        ],
        [
            0.012425145799275502,
            0.00010428216032210003
        ],
        [
            0.012792362782396292,
            0.00012234073819594737
        ],
        [
            0.01086799346665541,
            0.0002402435397141911
        ],
        [
            0.010201890640142194,
            5.442084616058551e-05
        ],
        [
            0.0115175523257178,
            0.00015380189604075056
        ],
        [
            0.013982021743299676,
            6.959763481828585e-05
        ],
        [
            0.2902771568803395,
            0.0041038218175442065
        ],
        [
            0.017863426545897232,
            0.00021705394585402882
        ],
        [
            0.02608441964820624,
            0.00015223069962422286
        ],
        [
            0.032830516663978654,
            0.00020704005146254811
        ],
        [
            0.018652951891881323,
            0.0002686058484241416
        ],
        [
            0.012493333368101055,
            0.0003704281975558388
        ],
        [
            0.01120872766021922,
            0.0003688071691070327
        ],
        [
            0.014076216981746579,
            0.00010941180867463096
        ],
        [
            0.26164704776631953,
            0.003746708852595426
        ]
    ],
    "r_thresh_deg": 5,
    "t_thresh": 0.035,
    "t_thresh_prec": 0.04
}