{
    "match_ratio": 0.6,
    "recall": 0.6,
    "precision": 1.0,
    "n_avail": 20,
    "n_pred": 32,
    "out_scores": [
        0.9902411699295044,
        0.8668725490570068,
        0.9869541525840759,
        0.9898945689201355,
        0.9885895252227783,
        0.9775189161300659,
        0.9680988192558289,
        0.9767333269119263,
        0.7256479859352112,
        0.962763249874115,
        0.9336276650428772,
        0.9861525297164917,
        0.9833943843841553,
        0.9842861294746399,
        0.9919547438621521,
        0.8491175174713135,
        0.9710353016853333,
        0.9711148142814636,
        0.9197404980659485,
        0.9814494252204895,
        0.9855306148529053,
        0.9844635725021362,
        0.9920519590377808,
        0.9303991198539734,
        0.605420708656311,
        0.9834211468696594,
        0.9907487034797668,
        0.9826624393463135,
        0.9912234544754028,
        0.9936789870262146,
        0.9864203929901123,
        0.990970253944397
    ],
    "min_trans_rot_dists": [
        [
            0.1625659051721688,
            0.0009747094426952874
        ],
        [
            0.16190400192265417,
            3.9121433056732435e-05
        ],
        [
            0.1625659051721688,
            0.9990269655583783
        ],
        [
            0.16190400192265417,
            0.9999840863770647
        ],
        [
            0.08376761076297752,
            0.0009747094426952874
        ],
        [
            0.08195652349608397,
            3.9121433056732435e-05
        ],
        [
            0.08376761076297752,
            0.9990269655583783
        ],
        [
            0.08195652349608397,
            0.9999840863770647
        ],
        [
            0.021525186767217774,
            0.0004246095265214578
        ],
        [
            0.010005225936663704,
            3.9121433056732435e-05
        ],
        [
            0.019483024508534112,
            0.0001726816322676905
        ],
        [
            0.015116566058437206,
            0.0013602623766523214
        ],
        [
            0.021267000935982414,
            0.0001947290827264414
        ],
        [
            0.008823727705522528,
            0.00025671804284355115
        ],
        [
            0.020478899990609905,
            0.00017828594105739892
        ],
        [
            0.013165668829854107,
            0.0008761110717135923
        ],
        [
            0.02174037430571707,
            1.9021122398266144e-06
        ],
        [
            0.008725298932948282,
            4.369669471138149e-05
        ],
        [
            0.016323669962475577,
            0.0001044549491823199
        ],
        [
            0.012287953706663156,
            0.0003101280475830137
        ]
    ],
    "min_trans_rot_dists_prec": [
        [
            0.022036755634961516,
            0.0009747094426952874
        ],
        [
            0.01235289300595702,
            0.0003365029805368902
        ],
        [
            0.00987987779924989,
            0.0002196537197008963
        ],
        [
            0.020840465576886732,
            0.0005550008572633436
        ],
        [
            0.020653406359807946,
            0.000515865090131018
        ],
        [
            0.01383954397198065,
            0.0016710717231924743
        ],
        [
            0.019483024508534112,
            0.0001726816322676905
        ],
        [
            0.014526968894977173,
            0.0012379578975730832
        ],
        [
            0.016323669962475577,
            0.0001044549491823199
        ],
        [
            0.019101925827161432,
            0.0001578321921529291
        ],
        [
            0.024764396836863437,
            0.0001869860031724624
        ],
        [
            0.010023044447416446,
            5.943057063062529e-05
        ],
        [
            0.009514601339403163,
            4.513000772354836e-05
        ],
        [
            0.008823727705522528,
            0.00025671804284355115
        ],
        [
            0.021415223747811903,
            0.00022157437856673567
        ],
        [
            0.012793244487852205,
            0.0008929962922348267
        ],
        [
            0.014443704512632735,
            0.0020229076528573975
        ],
        [
            0.01988044705047519,
            0.0002178071839681328
        ],
        [
            0.008725298932948282,
            4.369669471138149e-05
        ],
        [
            0.010005225936663704,
            3.9121433056732435e-05
        ],
        [
            0.019521090692368355,
            0.0004527574551844715
        ],
        [
            0.012287953706663156,
            0.0003101280475830137
        ],
        [
            0.019256607268020656,
            5.25112617192347e-05
        ],
        [
            0.014613464802976954,
            0.0016329041769029828
        ],
        [
            0.013165668829854107,
            0.0008761110717135923
        ],
        [
            0.020478899990609905,
            0.00017828594105739892
        ],
        [
            0.021525186767217774,
            0.0004246095265214578
        ],
        [
            0.015116566058437206,
            0.0013602623766523214
        ],
        [
            0.020608752820324414,
            0.00017887109477177088
        ],
        [
            0.019203410356838927,
            1.022979774700783e-05
        ],
        [
            0.02174037430571707,
            1.9021122398266144e-06
        ],
        [
            0.021267000935982414,
            0.0001947290827264414
        ]
    ],
    "r_thresh_deg": 5,
    "t_thresh": 0.035,
    "t_thresh_prec": 0.04
}