{
    "match_ratio": 0.6666666666666666,
    "recall": 0.6666666666666666,
    "precision": 1.0,
    "n_avail": 12,
    "n_pred": 32,
    "out_scores": [
        0.9880885481834412,
        0.02296219766139984,
        0.9912898540496826,
        0.07117931544780731,
        0.9646655321121216,
        2.6705552045314107e-06,
        0.03351273387670517,
        0.9594354629516602,
        0.044718772172927856,
        0.014402135275304317,
        0.27484849095344543,
        0.005152825731784105,
        0.0007748045609332621,
        0.0023328508250415325,
        0.9870306849479675,
        0.12607823312282562,
        0.08244317770004272,
        0.0242586862295866,
        0.42450347542762756,
        0.24885620176792145,
        0.07591273635625839,
        0.0682210773229599,
        0.7787749767303467,
        0.0006651448784396052,
        0.09313613176345825,
        0.9596246480941772,
        0.018634742125868797,
        0.9906981587409973,
        0.0007475740276277065,
        0.025935640558600426,
        0.38275566697120667,
        0.0002590070653241128
    ],
    "min_trans_rot_dists": [
        [
            0.16910778004981133,
            0.00029471622780996576
        ],
        [
            0.16064422179190793,
            0.00042456017112713074
        ],
        [
            0.16386993730084115,
            0.00038446184481244483
        ],
        [
            0.17049801157250344,
            0.00013830430551364792
        ],
        [
            0.013061087262334426,
            0.00029471622780996576
        ],
        [
            0.011366326930608146,
            0.0005745896629715253
        ],
        [
            0.017405984165872645,
            0.0004020932263003596
        ],
        [
            0.01151153469526851,
            0.00015054621816901204
        ],
        [
            0.011571047428479768,
            0.00023269689643667935
        ],
        [
            0.030854249145355856,
            0.0008330957295857866
        ],
        [
            0.011016696109442954,
            0.00046638999652759416
        ],
        [
            0.02668711779745616,
            0.0002611739384380529
        ]
    ],
    "min_trans_rot_dists_prec": [
        [
            0.013062298394596364,
            0.0004077569959779481
        ],
        [
            0.010465561290660098,
            0.00014693960549627683
        ],
        [
            0.01173129695177123,
            0.0004456843952782563
        ],
        [
            0.01187347051215828,
            0.00017445496317425313
        ],
        [
            0.026993659614100753,
            0.00033658408801118256
        ],
        [
            0.019377322656537008,
            0.0005151324083861875
        ],
        [
            0.012362502915403056,
            9.055675537583685e-05
        ],
        [
            0.026624566856821894,
            0.00029801484131952716
        ],
        [
            0.011502810531226175,
            0.00013830430551364792
        ],
        [
            0.011806699305637219,
            0.00014458297661179564
        ],
        [
            0.009325192307039947,
            8.020885290160873e-05
        ],
        [
            0.012818692492587306,
            0.00042456017112713074
        ],
        [
            0.010335426424916153,
            0.0002051877829699622
        ],
        [
            0.013061087262334426,
            0.00029471622780996576
        ],
        [
            0.030854249145355856,
            0.0008330957295857866
        ],
        [
            0.011099051453657433,
            0.0002334848792816535
        ],
        [
            0.013179905732297943,
            0.0001659357293591901
        ],
        [
            0.011264506316809234,
            0.00020901448079602147
        ],
        [
            0.016778407469069858,
            0.0004169060762138077
        ],
        [
            0.017331832729165515,
            0.0004280857157347162
        ],
        [
            0.009985413989956421,
            0.00011847012983479122
        ],
        [
            0.011317994400564463,
            0.00027484730936233603
        ],
        [
            0.015275525682436286,
            0.00038446184481244483
        ],
        [
            0.010994916005749743,
            0.0006550005458683117
        ],
        [
            0.011571047428479768,
            0.00023269689643667935
        ],
        [
            0.02668711779745616,
            0.0002611739384380529
        ],
        [
            0.011013027565551347,
            0.0001754833317945126
        ],
        [
            0.011016696109442954,
            0.00046638999652759416
        ],
        [
            0.010436813281093088,
            0.0005944558317959592
        ],
        [
            0.01151153469526851,
            0.00015054621816901204
        ],
        [
            0.017405984165872645,
            0.0004020932263003596
        ],
        [
            0.011366326930608146,
            0.0005745896629715253
        ]
    ],
    "r_thresh_deg": 5,
    "t_thresh": 0.035,
    "t_thresh_prec": 0.04
}