{
    "match_ratio": 0.625,
    "recall": 0.625,
    "precision": 1.0,
    "n_avail": 16,
    "n_pred": 32,
    "out_scores": [
        0.9748420119285583,
        0.9915934801101685,
        0.9734202027320862,
        0.9834270477294922,
        0.9883710145950317,
        0.9809761047363281,
        0.9738415479660034,
        0.9759273529052734,
        0.9786710143089294,
        0.9852897524833679,
        0.936669111251831,
        0.9914258718490601,
        0.9924101829528809,
        0.9872938990592957,
        0.9923742413520813,
        0.9731029868125916,
        0.9910668730735779,
        0.9746952056884766,
        0.9855303764343262,
        0.9800216555595398,
        0.8305336833000183,
        0.9895596504211426,
        0.9734379053115845,
        0.9773525595664978,
        0.2304956316947937,
        0.9467720985412598,
        0.9612103700637817,
        0.9786892533302307,
        0.9826148152351379,
        0.9420841336250305,
        0.9923180341720581,
        0.9929632544517517
    ],
    "min_trans_rot_dists": [
        [
            0.03825261871521751,
            0.999806719225517
        ],
        [
            0.040530722771253656,
            0.00018316821322095223
        ],
        [
            0.03825261871521751,
            0.000406439729081165
        ],
        [
            0.03962227704892897,
            0.999637998728629
        ],
        [
            0.008977145149066244,
            0.00014066003027435325
        ],
        [
            0.012059647852558609,
            0.0001993207822189591
        ],
        [
            0.014120342230466437,
            0.00042082259761266894
        ],
        [
            0.017120911034820448,
            0.00024703428406780414
        ],
        [
            0.07785366285807437,
            8.760431375431921e-05
        ],
        [
            0.0152909007552518,
            0.00018785963339984502
        ],
        [
            0.01788082977861396,
            9.2479174650828e-05
        ],
        [
            0.07979927379624809,
            0.00015817864962741623
        ],
        [
            0.005399851507826434,
            0.0005189900527258207
        ],
        [
            0.021308766363647817,
            0.0026587765584095147
        ],
        [
            0.021623953004756655,
            2.6979238372581982e-05
        ],
        [
            0.01844619696749999,
            0.001126396062430035
        ]
    ],
    "min_trans_rot_dists_prec": [
        [
            0.01216873465158235,
            0.000188584012058568
        ],
        [
            0.010306307158870607,
            8.760431375431921e-05
        ],
        [
            0.014617187629317862,
            0.000546931874583767
        ],
        [
            0.017060466985618555,
            0.00015817864962741623
        ],
        [
            0.01124412882643646,
            0.00020293466015364192
        ],
        [
            0.017120008165643585,
            0.0002481299758423372
        ],
        [
            0.016083436567812533,
            0.00026182562968890544
        ],
        [
            0.01829830484720535,
            0.0002527885562844112
        ],
        [
            0.01751149171009239,
            0.00017085468687194627
        ],
        [
            0.01695023751824533,
            0.00012372240293501147
        ],
        [
            0.021623953004756655,
            2.6979238372581982e-05
        ],
        [
            0.018681496630807468,
            0.00017265089432605407
        ],
        [
            0.008492988252246985,
            0.00013673572331196482
        ],
        [
            0.01368426421336894,
            0.00037097550347153785
        ],
        [
            0.010271723633549324,
            6.478636614037914e-05
        ],
        [
            0.016554896425753095,
            0.0002272417034011598
        ],
        [
            0.010045356714872966,
            0.0001674962153325188
        ],
        [
            0.017332177107328747,
            0.00037120017734926236
        ],
        [
            0.015046636186185604,
            0.000407192945988899
        ],
        [
            0.014335523134289265,
            0.0004690260662196799
        ],
        [
            0.021421625823663363,
            0.0016805904098350366
        ],
        [
            0.0152909007552518,
            0.00018785963339984502
        ],
        [
            0.012989780424906748,
            0.00018316821322095223
        ],
        [
            0.0139128507615906,
            0.000406439729081165
        ],
        [
            0.01844619696749999,
            0.001126396062430035
        ],
        [
            0.021308766363647817,
            0.0026587765584095147
        ],
        [
            0.012059647852558609,
            0.0001993207822189591
        ],
        [
            0.017120911034820448,
            0.00024703428406780414
        ],
        [
            0.014120342230466437,
            0.00042082259761266894
        ],
        [
            0.005399851507826434,
            0.0005189900527258207
        ],
        [
            0.01788082977861396,
            9.2479174650828e-05
        ],
        [
            0.008977145149066244,
            0.00014066003027435325
        ]
    ],
    "r_thresh_deg": 5,
    "t_thresh": 0.035,
    "t_thresh_prec": 0.04
}