{
    "match_ratio": 0.3333333333333333,
    "recall": 0.3333333333333333,
    "precision": 1.0,
    "n_avail": 12,
    "n_pred": 32,
    "out_scores": [
        0.9776654243469238,
        0.988757312297821,
        0.973975658416748,
        0.9906038641929626,
        0.9423978328704834,
        0.989588737487793,
        0.9831873774528503,
        0.9355324506759644,
        0.9727120995521545,
        0.989966630935669,
        0.9538825154304504,
        0.9340067505836487,
        0.9479148983955383,
        0.9602631330490112,
        0.9774817824363708,
        0.9548463821411133,
        0.9207108020782471,
        0.9884402751922607,
        0.9479314088821411,
        0.966455340385437,
        0.974819540977478,
        0.9677837491035461,
        0.9904244542121887,
        0.9864494204521179,
        0.9739721417427063,
        0.9919020533561707,
        0.9916885495185852,
        0.9696568250656128,
        0.982208788394928,
        0.8895570039749146,
        0.9850829839706421,
        0.9291019439697266
    ],
    "min_trans_rot_dists": [
        [
            0.018102037197975297,
            7.226921338554515e-05
        ],
        [
            0.023288761023846038,
            0.00016530769619105268
        ],
        [
            0.007344389757673368,
            0.00012746855900636067
        ],
        [
            0.017433182033914064,
            0.00024080005311311048
        ],
        [
            0.20302182093960963,
            6.694709001142662e-05
        ],
        [
            0.20234609866852274,
            0.00025170448530964507
        ],
        [
            0.1981060358901526,
            9.008765272622288e-05
        ],
        [
            0.19745085769880452,
            0.9998926522729104
        ],
        [
            0.2536778679426578,
            6.694709001142662e-05
        ],
        [
            0.25289941099542734,
            0.00025170448530964507
        ],
        [
            0.24891434020856743,
            9.008765272622288e-05
        ],
        [
            0.24825871495615778,
            0.9998926522729104
        ]
    ],
    "min_trans_rot_dists_prec": [
        [
            0.019177572004551183,
            0.00011972990873299061
        ],
        [
            0.007730004616879526,
            0.00011997067189573052
        ],
        [
            0.018863068598177476,
            5.47185369060843e-05
        ],
        [
            0.0061739428482627656,
            0.00012996889082295127
        ],
        [
            0.020768773074392684,
            3.785155433744247e-05
        ],
        [
            0.006514840501917863,
            0.00015908186642943356
        ],
        [
            0.01852079537323582,
            6.694709001142662e-05
        ],
        [
            0.016447678369841838,
            0.00038408743286910685
        ],
        [
            0.01934550547628013,
            9.416904401338133e-05
        ],
        [
            0.007757315482766137,
            9.008765272622288e-05
        ],
        [
            0.023469844765874676,
            0.00025170448530964507
        ],
        [
            0.022878650634188147,
            0.00015788167090025063
        ],
        [
            0.017642186731190525,
            0.00022343503952193533
        ],
        [
            0.01688210617533866,
            0.0002660400860596823
        ],
        [
            0.018952531704949847,
            0.00013936409081005685
        ],
        [
            0.02011048498541115,
            6.151053237435367e-05
        ],
        [
            0.015907773625744772,
            0.00031411903618305814
        ],
        [
            0.007785272716348964,
            0.00010232039831958861
        ],
        [
            0.02117498498704211,
            4.9981624596573404e-05
        ],
        [
            0.01936930376810182,
            6.277266772714007e-05
        ],
        [
            0.01958523426228407,
            0.00011177958054908732
        ],
        [
            0.019505188874465118,
            6.655669202682013e-05
        ],
        [
            0.007069621887113297,
            0.00013779808675906668
        ],
        [
            0.00825902730649119,
            0.00011075929858750388
        ],
        [
            0.0187010106423217,
            0.0001977416450593683
        ],
        [
            0.006050107307781428,
            0.00014376223465151217
        ],
        [
            0.007344389757673368,
            0.00012746855900636067
        ],
        [
            0.017059268113890587,
            0.0003067876738779285
        ],
        [
            0.017964486604794314,
            9.482900955726237e-05
        ],
        [
            0.023288761023846038,
            0.00016530769619105268
        ],
        [
            0.018102037197975297,
            7.226921338554515e-05
        ],
        [
            0.017433182033914064,
            0.00024080005311311048
        ]
    ],
    "r_thresh_deg": 5,
    "t_thresh": 0.035,
    "t_thresh_prec": 0.04
}