{
    "match_ratio": 0.325,
    "recall": 0.325,
    "precision": 0.9375,
    "n_avail": 40,
    "n_pred": 32,
    "out_scores": [
        0.9829633235931396,
        0.9856351613998413,
        0.9897317290306091,
        0.9917138814926147,
        0.9918878674507141,
        0.9898057579994202,
        0.992727518081665,
        0.9891827702522278,
        0.8896578550338745,
        0.9528759121894836,
        0.9380875825881958,
        0.8979161381721497,
        0.9776843786239624,
        0.7808952331542969,
        0.9127543568611145,
        0.8599948287010193,
        0.9785980582237244,
        0.23767001926898956,
        0.8522439002990723,
        0.9805404543876648,
        0.9672633409500122,
        0.9790738821029663,
        0.9838762879371643,
        0.33431318402290344,
        0.8972179293632507,
        0.9801160097122192,
        0.9902812242507935,
        0.9946877956390381,
        0.008240570314228535,
        0.957622230052948,
        0.8637109994888306,
        0.7075491547584534
    ],
    "min_trans_rot_dists": [
        [
            0.09725627220815292,
            0.00021401185861102956
        ],
        [
            0.19015532930166912,
            0.00012731980031477352
        ],
        [
            0.27334606028196784,
            5.8345982305918476e-05
        ],
        [
            0.31468381925281164,
            0.0006588864441783304
        ],
        [
            0.022379435905946238,
            0.00021401185861102956
        ],
        [
            0.09878892808997126,
            0.00012731980031477352
        ],
        [
            0.09799622299011022,
            0.00018139549452211856
        ],
        [
            0.022379435905946238,
            0.9999716233309143
        ],
        [
            0.022920941096573635,
            0.00010974967227439514
        ],
        [
            0.027419638349608685,
            0.00012731980031477352
        ],
        [
            0.015541458252462918,
            0.00018139549452211856
        ],
        [
            0.09452659425700739,
            0.9999716233309143
        ],
        [
            0.02239634472485916,
            0.0006793035711850637
        ],
        [
            0.025671605473578944,
            9.022272614689353e-05
        ],
        [
            0.01642390540057015,
            0.00018639937142161944
        ],
        [
            0.023743778716640327,
            7.317583024035734e-05
        ],
        [
            0.09357254018471774,
            0.0006793035711850637
        ],
        [
            0.09250781766038303,
            9.022272614689353e-05
        ],
        [
            0.08247226549506836,
            0.00018639937142161944
        ],
        [
            0.09128889596623758,
            5.918737019539044e-05
        ],
        [
            0.18547890850154644,
            0.0006793035711850637
        ],
        [
            0.18398027756175603,
            9.022272614689353e-05
        ],
        [
            0.1752882930657086,
            0.00018639937142161944
        ],
        [
            0.1828839689275411,
            5.918737019539044e-05
        ],
        [
            0.22114385408183673,
            0.0001436945693300551
        ],
        [
            0.035295518800268044,
            0.9993532700612076
        ],
        [
            0.008177328369841455,
            3.7065251486056994e-05
        ],
        [
            0.035295518800268044,
            0.0006588864441783304
        ],
        [
            0.02628521340043835,
            0.00017520756545230665
        ],
        [
            0.039090936247315536,
            0.00027509771066003275
        ],
        [
            0.009483861470092192,
            8.586915438379972e-05
        ],
        [
            0.011134961874178536,
            0.9998674535630999
        ],
        [
            0.016815068413420398,
            0.00022108659904951367
        ],
        [
            0.037349720521483394,
            0.00027509771066003275
        ],
        [
            0.011740385846701978,
            4.614776036471202e-05
        ],
        [
            0.008865831746645594,
            0.9999736261356933
        ],
        [
            0.1420224611404058,
            0.00017863540478280093
        ],
        [
            0.13411061270079833,
            0.9998811841886636
        ],
        [
            0.1465107682978863,
            3.666341434738207e-05
        ],
        [
            0.13411061270079833,
            0.00015288706520377726
        ]
    ],
    "min_trans_rot_dists_prec": [
        [
            0.02179606396075017,
            0.0008457734363099823
        ],
        [
            0.008865831746645594,
            3.666341434738207e-05
        ],
        [
            0.035295518800268044,
            0.0006588864441783304
        ],
        [
            0.011134961874178536,
            0.0001331868485501264
        ],
        [
            0.009483861470092192,
            8.586915438379972e-05
        ],
        [
            0.009270015742211677,
            5.8345982305918476e-05
        ],
        [
            0.035191454247701495,
            0.00015288706520377726
        ],
        [
            0.011740385846701978,
            4.614776036471202e-05
        ],
        [
            0.01507040820878127,
            0.00020522274991952028
        ],
        [
            0.6794223885901112,
            0.00025745202969296166
        ],
        [
            0.008177328369841455,
            3.7065251486056994e-05
        ],
        [
            0.024617997597200136,
            0.00010131285416836722
        ],
        [
            0.5867894204767088,
            0.0005097401355743658
        ],
        [
            0.015909159611116525,
            0.00034307485522977466
        ],
        [
            0.015680746385093564,
            0.000234135782261502
        ],
        [
            0.023238310588915567,
            1.166981487910057e-05
        ],
        [
            0.018459279621693744,
            0.0001436945693300551
        ],
        [
            0.025671605473578944,
            9.022272614689353e-05
        ],
        [
            0.014288680463455676,
            0.00019517545330616226
        ],
        [
            0.022379435905946238,
            0.00021401185861102956
        ],
        [
            0.015430026885261272,
            0.00017863540478280093
        ],
        [
            0.029576744579751988,
            0.00017520756545230665
        ],
        [
            0.02239634472485916,
            0.0006793035711850637
        ],
        [
            0.015541458252462918,
            0.00018139549452211856
        ],
        [
            0.02476207110679174,
            5.918737019539044e-05
        ],
        [
            0.022920941096573635,
            0.00010974967227439514
        ],
        [
            0.037349720521483394,
            0.00027509771066003275
        ],
        [
            0.03750077738936291,
            0.0003359797660087427
        ],
        [
            0.027419638349608685,
            0.00012731980031477352
        ],
        [
            0.016815068413420398,
            0.00022108659904951367
        ],
        [
            0.01642390540057015,
            0.00018639937142161944
        ],
        [
            0.023743778716640327,
            7.317583024035734e-05
        ]
    ],
    "r_thresh_deg": 5,
    "t_thresh": 0.035,
    "t_thresh_prec": 0.04
}