{
    "match_ratio": 0.4166666666666667,
    "recall": 0.4166666666666667,
    "precision": 0.625,
    "n_avail": 12,
    "n_pred": 32,
    "out_scores": [
        0.8907020688056946,
        0.9763706922531128,
        0.9880641102790833,
        0.9720417857170105,
        0.0008607410709373653,
        0.9732840657234192,
        0.8240440487861633,
        0.1284307837486267,
        0.9911292791366577,
        0.9624468684196472,
        0.2063925415277481,
        0.9717779755592346,
        0.8756407499313354,
        0.17417341470718384,
        0.9806213974952698,
        0.8605917096138,
        0.9409317374229431,
        0.9740055203437805,
        0.8697111010551453,
        0.9904068112373352,
        0.9854710102081299,
        0.7750561833381653,
        0.8319330215454102,
        0.9923264980316162,
        0.023061998188495636,
        0.9347934126853943,
        0.23693661391735077,
        0.9938200116157532,
        0.9059634208679199,
        0.5567107200622559,
        0.7034034729003906,
        0.9826270937919617
    ],
    "min_trans_rot_dists": [
        [
            0.17299123599203778,
            0.0006990328540403823
        ],
        [
            0.16201041134212116,
            0.00090091034501949
        ],
        [
            0.16110725590562958,
            0.0005100067833073707
        ],
        [
            0.171787026122909,
            4.104080417655087e-05
        ],
        [
            0.025280947953120723,
            0.0008471574137268734
        ],
        [
            0.02606428949380942,
            0.00090091034501949
        ],
        [
            0.009489428969195966,
            0.0007528395916166497
        ],
        [
            0.009899793968654069,
            7.626195488019683e-05
        ],
        [
            0.07081083211403381,
            0.9995502695090089
        ],
        [
            0.06543647179936275,
            0.001224975772836201
        ],
        [
            0.06995289547066369,
            0.0008595336157606326
        ],
        [
            0.0062541261621521715,
            0.00014208845825047778
        ]
    ],
    "min_trans_rot_dists_prec": [
        [
            0.07607220376696208,
            0.0003339243740193565
        ],
        [
            0.4045130565522267,
            0.000972798659785501
        ],
        [
            0.009013070176069489,
            0.00030643713071210055
        ],
        [
            0.4037395676295125,
            0.0008595336157606326
        ],
        [
            0.008536551509256552,
            0.0005100067833073707
        ],
        [
            0.007079032930375307,
            4.104080417655087e-05
        ],
        [
            0.058898330306698776,
            0.0002864268101467893
        ],
        [
            0.02043587716183261,
            0.0009340171670959574
        ],
        [
            0.006868478286075424,
            9.012710271105728e-05
        ],
        [
            0.008051697723321453,
            0.00010382337708891853
        ],
        [
            0.01175710169600689,
            0.0006797580733903796
        ],
        [
            0.07269249362945693,
            0.00013708373389920148
        ],
        [
            0.3971042379182563,
            0.001224975772836201
        ],
        [
            0.02266526096504447,
            0.000974911022725844
        ],
        [
            0.0249146356939665,
            0.0009480957012671931
        ],
        [
            0.40003714527195566,
            0.0011775319892454172
        ],
        [
            0.40027198224820026,
            0.0015185786047559047
        ],
        [
            0.04852201737257727,
            0.00020568005952814605
        ],
        [
            0.02606428949380942,
            0.00090091034501949
        ],
        [
            0.006913054491531116,
            0.00011465937032739681
        ],
        [
            0.00623881400758745,
            8.271999026654431e-05
        ],
        [
            0.020266405629114557,
            0.0006990328540403823
        ],
        [
            0.3976714614334801,
            0.0014332683145766856
        ],
        [
            0.0062541261621521715,
            0.00014208845825047778
        ],
        [
            0.009489428969195966,
            0.0007528395916166497
        ],
        [
            0.05370048418211195,
            0.00042751459940604253
        ],
        [
            0.02041488593072706,
            0.0008138687853430637
        ],
        [
            0.0051467744120632835,
            0.00011879900642397523
        ],
        [
            0.40223965181368027,
            0.0012544483414124175
        ],
        [
            0.010813322077036482,
            7.411128928314081e-05
        ],
        [
            0.009899793968654069,
            7.626195488019683e-05
        ],
        [
            0.025280947953120723,
            0.0008471574137268734
        ]
    ],
    "r_thresh_deg": 5,
    "t_thresh": 0.035,
    "t_thresh_prec": 0.04
}