{
    "match_ratio": 0.4375,
    "recall": 0.4375,
    "precision": 1.0,
    "n_avail": 16,
    "n_pred": 32,
    "out_scores": [
        0.9751639366149902,
        0.9805378317832947,
        0.9498817324638367,
        0.9460721611976624,
        0.9605383276939392,
        0.9574974179267883,
        0.9694219827651978,
        0.9587075710296631,
        0.9467733502388,
        0.9892411828041077,
        0.971310555934906,
        0.9953356385231018,
        0.9939298629760742,
        0.7723143100738525,
        0.9949340224266052,
        0.9950045943260193,
        0.9228178262710571,
        0.9201176762580872,
        0.9801145195960999,
        0.9936683773994446,
        0.9755169749259949,
        0.9592306017875671,
        0.8798618316650391,
        0.9783046245574951,
        0.9415435791015625,
        0.87727290391922,
        0.9225890636444092,
        0.9746940732002258,
        0.9233937859535217,
        0.9666074514389038,
        0.9427216649055481,
        0.9873836636543274
    ],
    "min_trans_rot_dists": [
        [
            0.08509752379971948,
            0.0005013498146041462
        ],
        [
            0.07608638690828044,
            0.000225389918330543
        ],
        [
            0.0713884555388952,
            0.00045523152003601464
        ],
        [
            0.0713884555388952,
            0.9998488184784495
        ],
        [
            0.0028380143539322128,
            0.0005201798651048861
        ],
        [
            0.01607745144556092,
            0.000306983767881186
        ],
        [
            0.015625850565845124,
            0.0002907182815632403
        ],
        [
            0.01924897975609083,
            0.00048556642112296267
        ],
        [
            0.08202272568985645,
            0.0009275280000315966
        ],
        [
            0.019438819451554287,
            0.000935433608745595
        ],
        [
            0.018691473913626862,
            0.0003515789691986848
        ],
        [
            0.02282081230756377,
            0.00019643435703964318
        ],
        [
            0.37556534623194215,
            0.0009275280000315966
        ],
        [
            0.3023594438394204,
            0.0007508757254581777
        ],
        [
            0.3042279386419953,
            0.0004645753285360543
        ],
        [
            0.3023594438394204,
            0.9993422270134906
        ]
    ],
    "min_trans_rot_dists_prec": [
        [
            0.003589300747057995,
            0.0009275280000315966
        ],
        [
            0.019112023128390547,
            0.0007508757254581777
        ],
        [
            0.019347777136427543,
            0.0007532131694261146
        ],
        [
            0.019831203120868536,
            0.00036746689300004576
        ],
        [
            0.015578823691672534,
            0.00045523152003601464
        ],
        [
            0.018550777102221878,
            0.000476688735350117
        ],
        [
            0.01526713892447029,
            0.0004130533966125727
        ],
        [
            0.02282081230756377,
            0.00019643435703964318
        ],
        [
            0.01857020217500411,
            0.0006471515238103409
        ],
        [
            0.002850341807634143,
            0.0005013498146041462
        ],
        [
            0.0028694563979051973,
            0.0009591694856119215
        ],
        [
            0.016370711942310948,
            0.00030470303759100315
        ],
        [
            0.016704159809901097,
            0.000225389918330543
        ],
        [
            0.02044391792185523,
            0.0010494895699998397
        ],
        [
            0.014832765659764139,
            0.00019885796868757133
        ],
        [
            0.016012487152615603,
            0.0002668019384106657
        ],
        [
            0.019323348641381244,
            0.0004645753285360543
        ],
        [
            0.020044606171212197,
            0.0005582335778377967
        ],
        [
            0.0037917040817164217,
            0.00046240773063432883
        ],
        [
            0.01607745144556092,
            0.000306983767881186
        ],
        [
            0.0035350325860099073,
            0.0006673678593265286
        ],
        [
            0.01744621651205094,
            0.0008314741284943805
        ],
        [
            0.020480705731685395,
            0.0005874540160073494
        ],
        [
            0.0028380143539322128,
            0.0005201798651048861
        ],
        [
            0.019476900403883644,
            0.0004539217654543348
        ],
        [
            0.01966075285381895,
            0.0008681859984074336
        ],
        [
            0.018691473913626862,
            0.0003515789691986848
        ],
        [
            0.015625850565845124,
            0.0002907182815632403
        ],
        [
            0.019544722829295102,
            0.0005531343814373368
        ],
        [
            0.01864952121157181,
            0.0003469821287488406
        ],
        [
            0.01924897975609083,
            0.00048556642112296267
        ],
        [
            0.019438819451554287,
            0.000935433608745595
        ]
    ],
    "r_thresh_deg": 5,
    "t_thresh": 0.035,
    "t_thresh_prec": 0.04
}