{
    "match_ratio": 0.35,
    "recall": 0.35,
    "precision": 1.0,
    "n_avail": 20,
    "n_pred": 32,
    "out_scores": [
        0.9811491966247559,
        0.9624815583229065,
        0.7740874886512756,
        0.5136427283287048,
        0.973590075969696,
        0.964777946472168,
        0.9794567227363586,
        0.9929391145706177,
        0.9626030325889587,
        0.13712015748023987,
        0.9839919209480286,
        0.7119120359420776,
        0.6053764224052429,
        0.13931904733181,
        0.95626300573349,
        0.5461326837539673,
        0.9747762084007263,
        0.9766649007797241,
        0.7792090177536011,
        0.9920781254768372,
        0.8812688589096069,
        0.9713833332061768,
        0.9892836809158325,
        0.9861196279525757,
        0.9540204405784607,
        0.9933146834373474,
        0.9926140308380127,
        0.6887031197547913,
        0.9726678133010864,
        0.989315390586853,
        0.4993649423122406,
        0.9911054968833923
    ],
    "min_trans_rot_dists": [
        [
            0.04331559209281799,
            0.00030401714730821094
        ],
        [
            0.03573925722788601,
            9.993235941996303e-05
        ],
        [
            0.03646799406628862,
            8.647825574614743e-05
        ],
        [
            0.03502366001383387,
            0.9998887681000547
        ],
        [
            0.03538649785948011,
            0.000440549064518847
        ],
        [
            0.014667213644664431,
            9.993235941996303e-05
        ],
        [
            0.029606872915070758,
            6.245245838354396e-05
        ],
        [
            0.014667213644664431,
            0.999909444168682
        ],
        [
            0.12985100346420525,
            0.000440549064518847
        ],
        [
            0.12154322385139416,
            9.993235941996303e-05
        ],
        [
            0.12482773170039997,
            9.18311470615718e-05
        ],
        [
            0.12154322385139416,
            0.999909444168682
        ],
        [
            0.02735229053882705,
            0.000281230957796752
        ],
        [
            0.013893950329708478,
            5.533910323218816e-05
        ],
        [
            0.019807116749801127,
            0.00018766090138000457
        ],
        [
            0.004951026247979437,
            3.476334070939835e-06
        ],
        [
            0.11819333831272347,
            0.9993711899052575
        ],
        [
            0.11659230630613006,
            4.573563735033037e-05
        ],
        [
            0.11740271504681378,
            0.0003731361239730502
        ],
        [
            0.0064384593021829676,
            0.00010923912332239105
        ]
    ],
    "min_trans_rot_dists_prec": [
        [
            0.018659682585119033,
            0.0006745181542092693
        ],
        [
            0.026916808222428087,
            0.0005054163088346053
        ],
        [
            0.03538649785948011,
            0.000440549064518847
        ],
        [
            0.031612506053097886,
            9.18311470615718e-05
        ],
        [
            0.02573685463822301,
            0.00027954665279161794
        ],
        [
            0.005673503708887369,
            3.456628126730088e-06
        ],
        [
            0.01801629006928979,
            0.00041383324715593695
        ],
        [
            0.01295094280893131,
            4.573563735033037e-05
        ],
        [
            0.02689075117929331,
            0.0004588875183381136
        ],
        [
            0.03502366001383387,
            0.0002431438155274801
        ],
        [
            0.007594995366095112,
            7.414886192658177e-05
        ],
        [
            0.03352435134515975,
            0.00015022602546355124
        ],
        [
            0.007578549224439138,
            8.051050900959034e-06
        ],
        [
            0.03646799406628862,
            8.647825574614743e-05
        ],
        [
            0.005564432365918298,
            2.187085239924169e-05
        ],
        [
            0.0064384593021829676,
            0.00010923912332239105
        ],
        [
            0.026558109128754247,
            0.0005544692612834412
        ],
        [
            0.025951140462989845,
            0.000224603697444814
        ],
        [
            0.03604623988852674,
            0.00030401714730821094
        ],
        [
            0.01953085763791967,
            0.0003191998693792275
        ],
        [
            0.029606872915070758,
            6.245245838354396e-05
        ],
        [
            0.004282194319378416,
            1.693965318017021e-05
        ],
        [
            0.019356922866902673,
            0.0003731361239730502
        ],
        [
            0.004611882692293827,
            2.3722608217924268e-05
        ],
        [
            0.02735229053882705,
            0.000281230957796752
        ],
        [
            0.012586632528449894,
            5.0393657506697664e-05
        ],
        [
            0.019807116749801127,
            0.00018766090138000457
        ],
        [
            0.006611568952394842,
            1.600844187588102e-05
        ],
        [
            0.004951026247979437,
            3.476334070939835e-06
        ],
        [
            0.015121341954338355,
            6.315700116421574e-05
        ],
        [
            0.014667213644664431,
            9.993235941996303e-05
        ],
        [
            0.013893950329708478,
            5.533910323218816e-05
        ]
    ],
    "r_thresh_deg": 5,
    "t_thresh": 0.035,
    "t_thresh_prec": 0.04
}