{
    "match_ratio": 0.16666666666666666,
    "recall": 0.16666666666666666,
    "precision": 0.0625,
    "n_avail": 6,
    "n_pred": 32,
    "out_scores": [
        1.0,
        1.0,
        1.0,
        1.0,
        1.0,
        1.0,
        1.0,
        1.0,
        1.0,
        1.0,
        1.0,
        1.0,
        1.0,
        1.0,
        1.0,
        1.0,
        1.0,
        1.0,
        1.0,
        1.0,
        1.0,
        1.0,
        1.0,
        1.0,
        1.0,
        1.0,
        1.0,
        1.0,
        1.0,
        1.0,
        1.0,
        1.0
    ],
    "min_trans_rot_dists": [
        [
            0.011789813965542066,
            0.2816538528563578
        ],
        [
            0.12305276197151843,
            0.01805043841351539
        ],
        [
            0.1961793364206598,
            0.15127915365821243
        ],
        [
            0.052849088513530325,
            0.01805043841351539
        ],
        [
            0.011068977416512258,
            0.15127915365821243
        ],
        [
            0.028489730737106287,
            0.07887263720290139
        ]
    ],
    "min_trans_rot_dists_prec": [
        [
            0.02503920839918163,
            0.9477474271102249
        ],
        [
            0.17173436929815675,
            0.19039601048448873
        ],
        [
            0.022015866518253192,
            0.9966855542724097
        ],
        [
            0.1675839531652106,
            0.6641613829734199
        ],
        [
            0.16519219500478086,
            0.6895278088867616
        ],
        [
            0.03007619069706829,
            0.017940228646501466
        ],
        [
            0.052849088513530325,
            0.01805043841351539
        ],
        [
            0.1606153996653939,
            0.9517986146320643
        ],
        [
            0.12955526632221875,
            0.33427135151022314
        ],
        [
            0.04419114020833388,
            0.9229135905785781
        ],
        [
            0.13639043166315482,
            0.8087615050425265
        ],
        [
            0.0507183113657093,
            0.9877002994286821
        ],
        [
            0.025004618298582627,
            0.9696719150049374
        ],
        [
            0.1618669217999125,
            0.9611172395943294
        ],
        [
            0.16878175442865034,
            0.4341655649102848
        ],
        [
            0.03741090816109519,
            0.7101977646196906
        ],
        [
            0.13285677037306376,
            0.5282519556967697
        ],
        [
            0.03115343295681607,
            0.13732726900383696
        ],
        [
            0.15300159976819186,
            0.2712536672755478
        ],
        [
            0.04182191551465952,
            0.900485732425669
        ],
        [
            0.1396635987940104,
            0.5173948768727813
        ],
        [
            0.04585225555067383,
            0.9826369888403965
        ],
        [
            0.13549264403474712,
            0.5665306307701999
        ],
        [
            0.011789813965542066,
            0.2816538528563578
        ],
        [
            0.04552142541775051,
            0.035816102272264616
        ],
        [
            0.029096441334016728,
            0.8969160272685188
        ],
        [
            0.02372668532966602,
            0.9994513152660565
        ],
        [
            0.04322954810576071,
            0.8536602947475691
        ],
        [
            0.1525638229935429,
            0.15127915365821243
        ],
        [
            0.015208772425333632,
            0.9999994218905195
        ],
        [
            0.028489730737106287,
            0.07887263720290139
        ],
        [
            0.13423580689976014,
            0.9571963607083959
        ]
    ],
    "r_thresh_deg": 5,
    "t_thresh": 0.035,
    "t_thresh_prec": 0.04
}