{
    "match_ratio": 0.08333333333333333,
    "recall": 0.08333333333333333,
    "precision": 0.09375,
    "n_avail": 12,
    "n_pred": 32,
    "out_scores": [
        1.0,
        1.0,
        1.0,
        1.0,
        1.0,
        1.0,
        1.0,
        1.0,
        1.0,
        1.0,
        1.0,
        1.0,
        1.0,
        1.0,
        1.0,
        1.0,
        1.0,
        1.0,
        1.0,
        1.0,
        1.0,
        1.0,
        1.0,
        1.0,
        1.0,
        1.0,
        1.0,
        1.0,
        1.0,
        1.0,
        1.0,
        1.0
    ],
    "min_trans_rot_dists": [
        [
            0.09310518324869055,
            0.06008446528822353
        ],
        [
            0.09310518324869055,
            0.9999999337509479
        ],
        [
            0.025671067567444656,
            0.017714963720202093
        ],
        [
            0.02236682986415242,
            0.6024202257661428
        ],
        [
            0.14955218165302483,
            0.01605869548451122
        ],
        [
            0.13729666788071213,
            0.6459509336231268
        ],
        [
            0.3242544451013209,
            0.01605869548451122
        ],
        [
            0.2119452079046567,
            0.0009298117351279611
        ],
        [
            0.2627578605800626,
            0.06008446528822353
        ],
        [
            0.02567001604905965,
            0.7931390430025103
        ],
        [
            0.2851161827908532,
            0.06008446528822353
        ],
        [
            0.09576941715332124,
            0.9358994115188459
        ]
    ],
    "min_trans_rot_dists_prec": [
        [
            0.03002461792677351,
            0.06008446528822353
        ],
        [
            0.035463071244899204,
            0.6459509336231268
        ],
        [
            0.21655444854916672,
            0.9358994115188459
        ],
        [
            0.2119452079046567,
            0.0009298117351279611
        ],
        [
            0.25833965404356146,
            0.9334856348951831
        ],
        [
            0.09947781256864924,
            0.13427213613662692
        ],
        [
            0.02236682986415242,
            0.6024202257661428
        ],
        [
            0.22550717830948191,
            0.9991459679603898
        ],
        [
            0.25609203477085524,
            0.8658637075951743
        ],
        [
            0.2618945320461998,
            0.4180354741914366
        ],
        [
            0.2603594779283907,
            0.3561945858449336
        ],
        [
            0.2634894600308302,
            0.46314374493927735
        ],
        [
            0.21870257773964355,
            0.0010332782178662514
        ],
        [
            0.024724480986743024,
            0.6032340051742188
        ],
        [
            0.25929198059077607,
            0.8748780793348321
        ],
        [
            0.019640620368525114,
            0.6035003590337987
        ],
        [
            0.26438776570897515,
            0.3216505281576477
        ],
        [
            0.2628369409599953,
            0.12431333037921999
        ],
        [
            0.40926597666287456,
            0.6956752039784656
        ],
        [
            0.40633203546569935,
            0.7031916098284744
        ],
        [
            0.20398565083082756,
            0.7931390430025103
        ],
        [
            0.26147803628415944,
            0.31712983513583226
        ],
        [
            0.260565196877145,
            0.8720315599640178
        ],
        [
            0.0225057916390021,
            0.08774492973081671
        ],
        [
            0.21532246098995336,
            0.0003003370495254787
        ],
        [
            0.022037159790804832,
            0.01605869548451122
        ],
        [
            0.2157099317839491,
            0.0029922175450768362
        ],
        [
            0.025671067567444656,
            0.017714963720202093
        ],
        [
            0.4555199803070031,
            0.1084748765144734
        ],
        [
            0.2133274823001491,
            0.0002566135828181437
        ],
        [
            0.2593629595070066,
            0.8758353060252734
        ],
        [
            0.09387073654858161,
            0.6739619904808782
        ]
    ],
    "r_thresh_deg": 5,
    "t_thresh": 0.035,
    "t_thresh_prec": 0.04
}