{
    "match_ratio": 0.25,
    "recall": 0.25,
    "precision": 0.28125,
    "n_avail": 8,
    "n_pred": 32,
    "out_scores": [
        1.0,
        1.0,
        1.0,
        1.0,
        1.0,
        1.0,
        1.0,
        1.0,
        1.0,
        1.0,
        1.0,
        1.0,
        1.0,
        1.0,
        1.0,
        1.0,
        1.0,
        1.0,
        1.0,
        1.0,
        1.0,
        1.0,
        1.0,
        1.0,
        1.0,
        1.0,
        1.0,
        1.0,
        1.0,
        1.0,
        1.0,
        1.0
    ],
    "min_trans_rot_dists": [
        [
            0.02314967546309659,
            0.22622258339367018
        ],
        [
            0.008394863941381187,
            0.03959402829044989
        ],
        [
            0.09483354028631538,
            0.15632947668527686
        ],
        [
            0.09428614348994666,
            0.02054343240039669
        ],
        [
            0.2953048100133744,
            0.15632947668527686
        ],
        [
            0.025050036234976838,
            0.030109554799328753
        ],
        [
            0.0830512082655823,
            0.24105583018891463
        ],
        [
            0.0830512082655823,
            0.9999896988058943
        ]
    ],
    "min_trans_rot_dists_prec": [
        [
            0.02870012282969776,
            0.24105583018891463
        ],
        [
            0.20737981567711192,
            0.8974891669355718
        ],
        [
            0.025050036234976838,
            0.030109554799328753
        ],
        [
            0.008204940242505942,
            0.037014679166316955
        ],
        [
            0.02314967546309659,
            0.22622258339367018
        ],
        [
            0.027264470228823726,
            0.1580966830069941
        ],
        [
            0.026268508411616747,
            0.27185205918666366
        ],
        [
            0.023313204921788382,
            0.2729604542869343
        ],
        [
            0.010291563616341228,
            0.02054343240039669
        ],
        [
            0.025947072897102696,
            0.15632947668527686
        ],
        [
            0.007314533025633868,
            0.02848997190089886
        ],
        [
            0.20088618289694338,
            0.8643370860674908
        ],
        [
            0.3041673241955818,
            0.9152569061077881
        ],
        [
            0.02538882268348167,
            0.26318924089405316
        ],
        [
            0.30590503136160496,
            0.9155539033506909
        ],
        [
            0.030599211267034982,
            0.13700115545011937
        ],
        [
            0.2853696049198565,
            0.47523843131261867
        ],
        [
            0.006992885939432466,
            0.031391278583179805
        ],
        [
            0.2070426425618809,
            0.884015366661379
        ],
        [
            0.028648748011681945,
            0.14735809473831496
        ],
        [
            0.024537380822222243,
            0.24340198290089254
        ],
        [
            0.027267931381496847,
            0.15889920304350558
        ],
        [
            0.3026705035825805,
            0.2507838085172912
        ],
        [
            0.012364181195275723,
            0.999864776582573
        ],
        [
            0.008398408806557556,
            0.9999931552336362
        ],
        [
            0.30298859328613426,
            0.9176916542466944
        ],
        [
            0.0063034452879264895,
            0.04764465502006465
        ],
        [
            0.027950296436565814,
            0.15925470515014428
        ],
        [
            0.026724331762893752,
            0.1670773566797218
        ],
        [
            0.008255726481211085,
            0.04048891083510342
        ],
        [
            0.007382216254133123,
            0.03160194194335131
        ],
        [
            0.008394863941381187,
            0.03959402829044989
        ]
    ],
    "r_thresh_deg": 5,
    "t_thresh": 0.035,
    "t_thresh_prec": 0.04
}