{
    "match_ratio": 1.0,
    "recall": 1.0,
    "precision": 0.15625,
    "n_avail": 2,
    "n_pred": 32,
    "out_scores": [
        1.0,
        1.0,
        1.0,
        1.0,
        1.0,
        1.0,
        1.0,
        1.0,
        1.0,
        1.0,
        1.0,
        1.0,
        1.0,
        1.0,
        1.0,
        1.0,
        1.0,
        1.0,
        1.0,
        1.0,
        1.0,
        1.0,
        1.0,
        1.0,
        1.0,
        1.0,
        1.0,
        1.0,
        1.0,
        1.0,
        1.0,
        1.0
    ],
    "min_trans_rot_dists": [
        [
            0.0066013177956579985,
            0.06853890920126193
        ],
        [
            0.0013865797948614765,
            0.00681416672070001
        ]
    ],
    "min_trans_rot_dists_prec": [
        [
            0.3164058647902825,
            0.3149267613779775
        ],
        [
            0.3137485513967618,
            0.32907260001967686
        ],
        [
            0.31637466321202046,
            0.999997350511783
        ],
        [
            0.31744314628340475,
            0.5913337819678044
        ],
        [
            0.0036773806725080077,
            0.03000468234724485
        ],
        [
            0.0037871178975251206,
            0.041474069418742765
        ],
        [
            0.0013865797948614765,
            0.00681416672070001
        ],
        [
            0.0043781716248352375,
            0.009796097286557504
        ],
        [
            0.0037127085473646604,
            0.9999962022943184
        ],
        [
            0.006452073626586762,
            0.9998853720228135
        ],
        [
            0.3167055605225267,
            0.29253714287333255
        ],
        [
            0.3142421107617432,
            0.9998885906523539
        ],
        [
            0.3156561251814278,
            0.2779450981738284
        ],
        [
            0.0066013177956579985,
            0.06853890920126193
        ],
        [
            0.3144854884559421,
            0.1375539085968831
        ],
        [
            0.3134322164893573,
            0.15156654170789952
        ],
        [
            0.31396456945108536,
            0.015048673918408362
        ],
        [
            0.3141019033915063,
            0.9999816930480375
        ],
        [
            0.006844535187173507,
            0.9998539839103816
        ],
        [
            0.3147104053394933,
            0.14729699164037402
        ],
        [
            0.0018370687027557228,
            0.8949289913032649
        ],
        [
            0.31549140385146435,
            0.2882383438289524
        ],
        [
            0.16927525977613989,
            0.2388649859687788
        ],
        [
            0.17194019195187818,
            0.9999999734546514
        ],
        [
            0.1694830057274812,
            0.20495058209889416
        ],
        [
            0.3153747946552972,
            0.9999999225399949
        ],
        [
            0.31373959219019387,
            0.9647685520911186
        ],
        [
            0.3168118356246033,
            0.9075674742692341
        ],
        [
            0.31626875760432216,
            0.9999938203895276
        ],
        [
            0.31652274725237006,
            0.9999997175289842
        ],
        [
            0.31475808221805535,
            0.14326066578329766
        ],
        [
            0.31647666049316253,
            0.31693677548672594
        ]
    ],
    "r_thresh_deg": 5,
    "t_thresh": 0.035,
    "t_thresh_prec": 0.04
}