{
    "match_ratio": 0.3333333333333333,
    "recall": 0.3333333333333333,
    "precision": 0.1875,
    "n_avail": 6,
    "n_pred": 32,
    "out_scores": [
        1.0,
        1.0,
        1.0,
        1.0,
        1.0,
        1.0,
        1.0,
        1.0,
        1.0,
        1.0,
        1.0,
        1.0,
        1.0,
        1.0,
        1.0,
        1.0,
        1.0,
        1.0,
        1.0,
        1.0,
        1.0,
        1.0,
        1.0,
        1.0,
        1.0,
        1.0,
        1.0,
        1.0,
        1.0,
        1.0,
        1.0,
        1.0
    ],
    "min_trans_rot_dists": [
        [
            0.006210262543449264,
            0.22708908203444644
        ],
        [
            0.275091236528423,
            0.0015171354243088686
        ],
        [
            0.1184171850481844,
            0.8228008033171373
        ],
        [
            0.12001308615607195,
            0.050402009806705395
        ],
        [
            0.03126605007697237,
            0.005980576184470787
        ],
        [
            0.032401876295392346,
            0.050402009806705395
        ]
    ],
    "min_trans_rot_dists_prec": [
        [
            0.12184364357446176,
            0.99992170909393
        ],
        [
            0.2822219862554421,
            0.8534166964088097
        ],
        [
            0.12624766769097706,
            0.8172177046609701
        ],
        [
            0.2820847658380392,
            0.9060002194956784
        ],
        [
            0.030599505356032324,
            0.0015171354243088686
        ],
        [
            0.2686114521960671,
            0.5140539590579691
        ],
        [
            0.009889987705990788,
            0.9999407819632825
        ],
        [
            0.029636675905514887,
            0.06231545767621138
        ],
        [
            0.006210262543449264,
            0.22708908203444644
        ],
        [
            0.2747442455028348,
            0.4257531906141795
        ],
        [
            0.28486195801015907,
            0.9162333439681627
        ],
        [
            0.00674378954613086,
            0.2061586331341423
        ],
        [
            0.12700499338179908,
            0.09518984695496047
        ],
        [
            0.12315516296113886,
            0.9864181727139507
        ],
        [
            0.2805777666649706,
            0.9576263309110302
        ],
        [
            0.12384751713753098,
            0.9637676788407257
        ],
        [
            0.2825963629364721,
            0.9755598380345863
        ],
        [
            0.035631653677778534,
            0.08100838539860655
        ],
        [
            0.18425985572199682,
            0.6549820488662208
        ],
        [
            0.2759660656573836,
            0.3967995712702793
        ],
        [
            0.12283922623307333,
            0.9317410861528272
        ],
        [
            0.2670954483764345,
            0.8228008033171373
        ],
        [
            0.27907434976681295,
            0.9961855629570369
        ],
        [
            0.014048996151816658,
            0.9999449436794663
        ],
        [
            0.03176450916007353,
            0.013086065776505396
        ],
        [
            0.12381365052161787,
            0.36520521436702247
        ],
        [
            0.12487135531706985,
            0.5922420619366555
        ],
        [
            0.03126605007697237,
            0.005980576184470787
        ],
        [
            0.27890236615811403,
            0.9332461002413779
        ],
        [
            0.032401876295392346,
            0.050402009806705395
        ],
        [
            0.12057282605768395,
            0.1565681041757513
        ],
        [
            0.1188526820665914,
            0.9119867268508152
        ]
    ],
    "r_thresh_deg": 5,
    "t_thresh": 0.035,
    "t_thresh_prec": 0.04
}