{
    "match_ratio": 1.0,
    "recall": 1.0,
    "precision": 0.46875,
    "n_avail": 2,
    "n_pred": 32,
    "out_scores": [
        1.0,
        1.0,
        1.0,
        1.0,
        1.0,
        1.0,
        1.0,
        1.0,
        1.0,
        1.0,
        1.0,
        1.0,
        1.0,
        1.0,
        1.0,
        1.0,
        1.0,
        1.0,
        1.0,
        1.0,
        1.0,
        1.0,
        1.0,
        1.0,
        1.0,
        1.0,
        1.0,
        1.0,
        1.0,
        1.0,
        1.0,
        1.0
    ],
    "min_trans_rot_dists": [
        [
            0.03201115689437462,
            0.02306965873873601
        ],
        [
            0.027328834187757875,
            0.051088126116407784
        ]
    ],
    "min_trans_rot_dists_prec": [
        [
            0.02596983586869032,
            0.04408681367110634
        ],
        [
            0.0369892495214959,
            0.6713710246476078
        ],
        [
            0.03169561980671769,
            0.023123401139252597
        ],
        [
            0.022619031191326456,
            0.9993610669390497
        ],
        [
            0.019350419186909416,
            0.0016069125635247428
        ],
        [
            0.020549304110683335,
            0.9993842107980833
        ],
        [
            0.018511299847061884,
            0.044542862340812506
        ],
        [
            0.030172084191883275,
            0.03016904943914267
        ],
        [
            0.015092047827295056,
            0.9994679043999101
        ],
        [
            0.03226071566513282,
            0.014394202571167414
        ],
        [
            0.036775541000196504,
            0.9030715376574167
        ],
        [
            0.03571127149038748,
            0.6593343255159936
        ],
        [
            0.027782859619541803,
            0.9993276952062959
        ],
        [
            0.030498051228833457,
            0.01960823127284117
        ],
        [
            0.0315317166608778,
            0.02195366710887281
        ],
        [
            0.021652306163696435,
            0.9993978886230085
        ],
        [
            0.03250219407740449,
            0.021627239468979154
        ],
        [
            0.026556417856685492,
            0.05295134787864586
        ],
        [
            0.03507862616116656,
            0.9041972743300926
        ],
        [
            0.019237779829435104,
            0.044409622076034494
        ],
        [
            0.021677922923051766,
            0.030454531306056576
        ],
        [
            0.03495558116274351,
            0.9034218792034775
        ],
        [
            0.01850521523609949,
            0.034198976147173266
        ],
        [
            0.27384963566633314,
            0.004910330156749909
        ],
        [
            0.24926900387320286,
            0.9284168316817745
        ],
        [
            0.03201115689437462,
            0.02306965873873601
        ],
        [
            0.2762296334351044,
            0.008304083991223954
        ],
        [
            0.02337392421794871,
            0.9993582333210842
        ],
        [
            0.25090752064547234,
            0.9993375707866204
        ],
        [
            0.24860475234300777,
            0.9992654784455992
        ],
        [
            0.03814424654533788,
            0.9067955520697608
        ],
        [
            0.027328834187757875,
            0.051088126116407784
        ]
    ],
    "r_thresh_deg": 5,
    "t_thresh": 0.035,
    "t_thresh_prec": 0.04
}