{
    "match_ratio": 1.0,
    "recall": 1.0,
    "precision": 0.09375,
    "n_avail": 2,
    "n_pred": 32,
    "out_scores": [
        1.0,
        1.0,
        1.0,
        1.0,
        1.0,
        1.0,
        1.0,
        1.0,
        1.0,
        1.0,
        1.0,
        1.0,
        1.0,
        1.0,
        1.0,
        1.0,
        1.0,
        1.0,
        1.0,
        1.0,
        1.0,
        1.0,
        1.0,
        1.0,
        1.0,
        1.0,
        1.0,
        1.0,
        1.0,
        1.0,
        1.0,
        1.0
    ],
    "min_trans_rot_dists": [
        [
            0.03012431567078963,
            0.017208565131427878
        ],
        [
            0.015699000139365052,
            0.001535119236271476
        ]
    ],
    "min_trans_rot_dists_prec": [
        [
            0.1588214942014899,
            0.6394790373506206
        ],
        [
            0.15709682637806063,
            0.6357296616534025
        ],
        [
            0.16154348501017884,
            0.9779113877012806
        ],
        [
            0.15413733655199444,
            0.6426388605762727
        ],
        [
            0.1568612405160369,
            0.6518752034903176
        ],
        [
            0.18126156116766742,
            0.9998704511220783
        ],
        [
            0.1804172744509927,
            0.9999352203436325
        ],
        [
            0.15505299474536166,
            0.6389820232990059
        ],
        [
            0.15649069024520362,
            0.6462386858387037
        ],
        [
            0.1804507612880653,
            0.9999479322285328
        ],
        [
            0.15768177242186066,
            0.9834277129959574
        ],
        [
            0.18114348321075893,
            0.9999964291777438
        ],
        [
            0.1479614211094181,
            0.009359630259989427
        ],
        [
            0.18040470653499743,
            0.9998783439633744
        ],
        [
            0.03187408119624723,
            0.8782140566431247
        ],
        [
            0.17571314000801433,
            0.9999876229331496
        ],
        [
            0.015699000139365052,
            0.001535119236271476
        ],
        [
            0.15126780749220764,
            0.006162687911546172
        ],
        [
            0.03154486203867102,
            0.0038998491475891184
        ],
        [
            0.020192713982341973,
            0.9997358782203154
        ],
        [
            0.013236863855860698,
            0.999994802949244
        ],
        [
            0.0319770413542809,
            0.9996413565856564
        ],
        [
            0.180565278902765,
            0.9999831985858821
        ],
        [
            0.017634025165941373,
            0.9998328287348077
        ],
        [
            0.15905268154753882,
            0.9829795335728873
        ],
        [
            0.15793556386831642,
            0.980938658749815
        ],
        [
            0.15580620284186744,
            0.9789627901213458
        ],
        [
            0.15641720063654513,
            0.6415216072053944
        ],
        [
            0.03012431567078963,
            0.017208565131427878
        ],
        [
            0.1788317458231985,
            0.9999443021497066
        ],
        [
            0.021153622697301623,
            0.9998751335907172
        ],
        [
            0.03173984178746839,
            0.8387398946105424
        ]
    ],
    "r_thresh_deg": 5,
    "t_thresh": 0.035,
    "t_thresh_prec": 0.04
}