{
    "match_ratio": 0.6666666666666666,
    "recall": 0.6666666666666666,
    "precision": 0.28125,
    "n_avail": 6,
    "n_pred": 32,
    "out_scores": [
        1.0,
        1.0,
        1.0,
        1.0,
        1.0,
        1.0,
        1.0,
        1.0,
        1.0,
        1.0,
        1.0,
        1.0,
        1.0,
        1.0,
        1.0,
        1.0,
        1.0,
        1.0,
        1.0,
        1.0,
        1.0,
        1.0,
        1.0,
        1.0,
        1.0,
        1.0,
        1.0,
        1.0,
        1.0,
        1.0,
        1.0,
        1.0
    ],
    "min_trans_rot_dists": [
        [
            0.03541285786561619,
            0.08846743331785645
        ],
        [
            0.20321900300823673,
            0.003612338489527689
        ],
        [
            0.009520621841206379,
            0.058108232168987195
        ],
        [
            0.0141827836753642,
            0.003612338489527689
        ],
        [
            0.011613596048799931,
            0.053929308829479994
        ],
        [
            0.00350003933639216,
            0.06125347686983196
        ]
    ],
    "min_trans_rot_dists_prec": [
        [
            0.24513218149718582,
            0.09815886520892114
        ],
        [
            0.007920840598820901,
            0.9947799941700423
        ],
        [
            0.30847536048687874,
            0.9999168426363856
        ],
        [
            0.013515681515054685,
            0.010596858518241659
        ],
        [
            0.3070952517238693,
            0.9995080967121825
        ],
        [
            0.20274307616552179,
            0.37707994443902737
        ],
        [
            0.1175287707013458,
            0.3591700921899649
        ],
        [
            0.03541285786561619,
            0.08846743331785645
        ],
        [
            0.02850570907165287,
            0.824718995341193
        ],
        [
            0.0141827836753642,
            0.003612338489527689
        ],
        [
            0.20032332694184476,
            0.2867337977383603
        ],
        [
            0.013131603348744324,
            0.0001487118958237721
        ],
        [
            0.12809896144076224,
            0.11678841699522646
        ],
        [
            0.12100596217404662,
            0.24819177071395382
        ],
        [
            0.008718176441070372,
            0.9695689318429446
        ],
        [
            0.3785476953205692,
            0.29602500370085416
        ],
        [
            0.0092142911531691,
            0.009460954512959252
        ],
        [
            0.009520621841206379,
            0.058108232168987195
        ],
        [
            0.011932418193739419,
            0.03984049636099962
        ],
        [
            0.012937807689607755,
            0.04375973856446069
        ],
        [
            0.03304403954320474,
            0.9999890082191033
        ],
        [
            0.12590078646266345,
            0.5157313653328977
        ],
        [
            0.3028847577634881,
            0.4778920377830368
        ],
        [
            0.3034462127158813,
            0.31684464653024935
        ],
        [
            0.1220649412337358,
            0.7645116894623096
        ],
        [
            0.011613596048799931,
            0.053929308829479994
        ],
        [
            0.12994752869885867,
            0.07441110758879432
        ],
        [
            0.00350003933639216,
            0.06125347686983196
        ],
        [
            0.1985189947973436,
            0.36396567123694157
        ],
        [
            0.11290067169560537,
            0.9869502432923059
        ],
        [
            0.127860314429227,
            0.9999861349080014
        ],
        [
            0.12181835498845786,
            0.24515906824534583
        ]
    ],
    "r_thresh_deg": 5,
    "t_thresh": 0.035,
    "t_thresh_prec": 0.04
}