{
    "match_ratio": 0.75,
    "recall": 0.75,
    "precision": 0.28125,
    "n_avail": 4,
    "n_pred": 32,
    "out_scores": [
        1.0,
        1.0,
        1.0,
        1.0,
        1.0,
        1.0,
        1.0,
        1.0,
        1.0,
        1.0,
        1.0,
        1.0,
        1.0,
        1.0,
        1.0,
        1.0,
        1.0,
        1.0,
        1.0,
        1.0,
        1.0,
        1.0,
        1.0,
        1.0,
        1.0,
        1.0,
        1.0,
        1.0,
        1.0,
        1.0,
        1.0,
        1.0
    ],
    "min_trans_rot_dists": [
        [
            0.01639956025288593,
            0.08479142966619335
        ],
        [
            0.016000735538034123,
            0.0800527708585278
        ],
        [
            0.005799180781261675,
            0.0004468270047944811
        ],
        [
            0.22638316213389575,
            0.0006203617243331072
        ]
    ],
    "min_trans_rot_dists_prec": [
        [
            0.014236521315013472,
            0.9999445242425476
        ],
        [
            0.01833685651636226,
            0.9999958334470406
        ],
        [
            0.328833579727423,
            0.9425168786196573
        ],
        [
            0.017394414479080585,
            0.9999953552099965
        ],
        [
            0.2235665988732646,
            0.9806438415386
        ],
        [
            0.011378479330945062,
            0.9991533745072295
        ],
        [
            0.021477242451822323,
            0.054821253308547924
        ],
        [
            0.012442942379181568,
            0.06412583585030107
        ],
        [
            0.01653988539305559,
            0.9999622887679336
        ],
        [
            0.22638316213389575,
            0.0006203617243331072
        ],
        [
            0.017911855986239147,
            0.028205358796833058
        ],
        [
            0.01813693148686255,
            0.028898375721930436
        ],
        [
            0.016829850728998164,
            0.9999468616197902
        ],
        [
            0.005799180781261675,
            0.0004468270047944811
        ],
        [
            0.01695444776241595,
            0.9999747920710373
        ],
        [
            0.019217172951951137,
            0.07692942258345492
        ],
        [
            0.2246379585467525,
            0.2689425810170155
        ],
        [
            0.326779990040686,
            0.00047646102518161815
        ],
        [
            0.0192771477431717,
            0.9999769890399994
        ],
        [
            0.01639956025288593,
            0.08479142966619335
        ],
        [
            0.2263819292209508,
            0.07960535751770903
        ],
        [
            0.025866323719066716,
            0.07858139187621427
        ],
        [
            0.2264009917778191,
            0.6626684245510284
        ],
        [
            0.023434135880331667,
            0.9999652147616146
        ],
        [
            0.12919067245438307,
            0.000480080141675443
        ],
        [
            0.22520597021560984,
            0.17686595870017552
        ],
        [
            0.3267056817361192,
            0.9186875783230565
        ],
        [
            0.022141625076078413,
            0.9999892640357947
        ],
        [
            0.013729724137558325,
            0.18053239006867117
        ],
        [
            0.2304150846247882,
            0.15472008688211136
        ],
        [
            0.016000735538034123,
            0.0800527708585278
        ],
        [
            0.0128026165716652,
            0.9999831972085138
        ]
    ],
    "r_thresh_deg": 5,
    "t_thresh": 0.035,
    "t_thresh_prec": 0.04
}