{
    "match_ratio": 0.5,
    "recall": 0.5,
    "precision": 0.15625,
    "n_avail": 4,
    "n_pred": 32,
    "out_scores": [
        1.0,
        1.0,
        1.0,
        1.0,
        1.0,
        1.0,
        1.0,
        1.0,
        1.0,
        1.0,
        1.0,
        1.0,
        1.0,
        1.0,
        1.0,
        1.0,
        1.0,
        1.0,
        1.0,
        1.0,
        1.0,
        1.0,
        1.0,
        1.0,
        1.0,
        1.0,
        1.0,
        1.0,
        1.0,
        1.0,
        1.0,
        1.0
    ],
    "min_trans_rot_dists": [
        [
            0.022028189513917946,
            0.1999750989758866
        ],
        [
            0.02144519495138103,
            0.20529523497698832
        ],
        [
            0.02268965096786138,
            0.00915263153689272
        ],
        [
            0.01904471798467519,
            0.0809532573090499
        ]
    ],
    "min_trans_rot_dists_prec": [
        [
            0.19061128346947379,
            0.529996203136176
        ],
        [
            0.19065182296313507,
            0.5335680640739727
        ],
        [
            0.16950258661102235,
            0.9323143421493
        ],
        [
            0.02964866978869856,
            0.0013992416563178844
        ],
        [
            0.027030242329546282,
            0.30389144943550617
        ],
        [
            0.16545546851619658,
            0.9160227355416569
        ],
        [
            0.01623832397924333,
            0.046153081061632184
        ],
        [
            0.02157693688032714,
            0.9993617246466279
        ],
        [
            0.16824993008871955,
            0.9263578698943457
        ],
        [
            0.021950694732003652,
            0.6756612540528429
        ],
        [
            0.1860873913521367,
            0.5114308847805121
        ],
        [
            0.02144519495138103,
            0.9999659680449733
        ],
        [
            0.022380674808687728,
            0.9827984584962088
        ],
        [
            0.1701189052073135,
            0.9062343118536988
        ],
        [
            0.16817873408732884,
            0.9244070658096263
        ],
        [
            0.027914948016318223,
            0.2930491327774537
        ],
        [
            0.025291526457620818,
            0.16357308934445736
        ],
        [
            0.17177942811511598,
            0.9219989425452448
        ],
        [
            0.022338955920556364,
            0.593566090989468
        ],
        [
            0.17232946452522874,
            0.915127175398541
        ],
        [
            0.17305269414312757,
            0.9179764136130477
        ],
        [
            0.022028189513917946,
            0.1999750989758866
        ],
        [
            0.17036309767424584,
            0.9308878552274841
        ],
        [
            0.02268965096786138,
            0.00915263153689272
        ],
        [
            0.17037399854278074,
            0.9196092639612492
        ],
        [
            0.1716150453616087,
            0.9227380841113829
        ],
        [
            0.16551920457504896,
            0.9204810277697129
        ],
        [
            0.02397308455828929,
            0.9666477853878744
        ],
        [
            0.1899643835781036,
            0.5397444829447089
        ],
        [
            0.01332321937378446,
            0.036589516931361143
        ],
        [
            0.20583647747210682,
            0.8421420821595088
        ],
        [
            0.01904471798467519,
            0.0809532573090499
        ]
    ],
    "r_thresh_deg": 5,
    "t_thresh": 0.035,
    "t_thresh_prec": 0.04
}