{
    "match_ratio": 1.0,
    "recall": 1.0,
    "precision": 0.375,
    "n_avail": 2,
    "n_pred": 32,
    "out_scores": [
        1.0,
        1.0,
        1.0,
        1.0,
        1.0,
        1.0,
        1.0,
        1.0,
        1.0,
        1.0,
        1.0,
        1.0,
        1.0,
        1.0,
        1.0,
        1.0,
        1.0,
        1.0,
        1.0,
        1.0,
        1.0,
        1.0,
        1.0,
        1.0,
        1.0,
        1.0,
        1.0,
        1.0,
        1.0,
        1.0,
        1.0,
        1.0
    ],
    "min_trans_rot_dists": [
        [
            0.03132717273975081,
            0.06039164430084598
        ],
        [
            0.028223272696825077,
            0.009947137301838382
        ]
    ],
    "min_trans_rot_dists_prec": [
        [
            0.025430278657635804,
            0.010091271232832044
        ],
        [
            0.032201731722621585,
            0.4027084601767619
        ],
        [
            0.02711870688337184,
            0.011757126213857383
        ],
        [
            0.025300769619892746,
            0.013432245780220509
        ],
        [
            0.023735478249838942,
            0.020652205734039364
        ],
        [
            0.049173144123448906,
            0.9999960171590483
        ],
        [
            0.04784968175146164,
            0.9999576290056467
        ],
        [
            0.026240046836812737,
            0.369440226220891
        ],
        [
            0.029511316957948133,
            0.011624370157009345
        ],
        [
            0.02608951531635972,
            0.8460571747612984
        ],
        [
            0.020950810358457184,
            0.015270457850908636
        ],
        [
            0.02055277517612985,
            0.387445877546564
        ],
        [
            0.02172289479834336,
            0.3638077683892874
        ],
        [
            0.03977882348298375,
            0.9999991187088076
        ],
        [
            0.024106590106113743,
            0.013768494826606026
        ],
        [
            0.02953742904795766,
            0.12103639963344948
        ],
        [
            0.02569333065097996,
            0.01587590904432623
        ],
        [
            0.0417230423617622,
            0.27403429439031457
        ],
        [
            0.021282300362040776,
            0.5336443151674708
        ],
        [
            0.02834197799401717,
            0.9999594710029517
        ],
        [
            0.030468684109214852,
            0.11168908629983831
        ],
        [
            0.03132717273975081,
            0.06039164430084598
        ],
        [
            0.022224388488919944,
            0.020081604539715414
        ],
        [
            0.027086419031353236,
            0.2988332127478778
        ],
        [
            0.04765844860998487,
            0.9999348546784659
        ],
        [
            0.03517945906131713,
            0.022834826956481535
        ],
        [
            0.04390074980783539,
            0.9998979163908254
        ],
        [
            0.028706645622306255,
            0.9996939964983571
        ],
        [
            0.04455108617123794,
            0.9999999521252624
        ],
        [
            0.028223272696825077,
            0.009947137301838382
        ],
        [
            0.026319086991768215,
            0.9999951995307872
        ],
        [
            0.044047656606448986,
            0.9999544489592769
        ]
    ],
    "r_thresh_deg": 5,
    "t_thresh": 0.035,
    "t_thresh_prec": 0.04
}