{
    "match_ratio": 0.25,
    "recall": 0.25,
    "precision": 0.1875,
    "n_avail": 4,
    "n_pred": 32,
    "out_scores": [
        1.0,
        1.0,
        1.0,
        1.0,
        1.0,
        1.0,
        1.0,
        1.0,
        1.0,
        1.0,
        1.0,
        1.0,
        1.0,
        1.0,
        1.0,
        1.0,
        1.0,
        1.0,
        1.0,
        1.0,
        1.0,
        1.0,
        1.0,
        1.0,
        1.0,
        1.0,
        1.0,
        1.0,
        1.0,
        1.0,
        1.0,
        1.0
    ],
    "min_trans_rot_dists": [
        [
            0.1319796780046505,
            0.00036536565201417126
        ],
        [
            0.12022554085012212,
            0.23861795457398305
        ],
        [
            0.03364184465571977,
            0.009296249528387035
        ],
        [
            0.021938495418449003,
            0.23716352355877013
        ]
    ],
    "min_trans_rot_dists_prec": [
        [
            0.23101405510912673,
            0.41814949629387266
        ],
        [
            0.02626101356888924,
            0.249927909537782
        ],
        [
            0.155685366180966,
            0.9810652053679598
        ],
        [
            0.15246822391548182,
            0.8224987992342336
        ],
        [
            0.022581611446180965,
            0.9145998260652516
        ],
        [
            0.02315869047021273,
            0.9164254325030262
        ],
        [
            0.021155677844412343,
            0.9190930499908614
        ],
        [
            0.021938495418449003,
            0.23716352355877013
        ],
        [
            0.03563345155999594,
            0.0004394223475385761
        ],
        [
            0.15600170345020775,
            0.9999627379909658
        ],
        [
            0.2655731844061973,
            0.9981721304356704
        ],
        [
            0.026482959514891782,
            0.23861795457398305
        ],
        [
            0.15445311005328008,
            0.9997156911162092
        ],
        [
            0.035626566300008634,
            0.0005304144583002657
        ],
        [
            0.03391680184130705,
            0.0015230677280714255
        ],
        [
            0.1534109692830467,
            0.9999306785224216
        ],
        [
            0.024350979893800095,
            0.9077326593867197
        ],
        [
            0.022870147602407815,
            0.9066071567308345
        ],
        [
            0.02817448718786889,
            0.237903071455132
        ],
        [
            0.023336684871992003,
            0.9252324900091485
        ],
        [
            0.15757232895680298,
            0.9550125862438185
        ],
        [
            0.034096819622644374,
            0.00500678851940517
        ],
        [
            0.05608439660360997,
            0.9970565585431731
        ],
        [
            0.1784551804194245,
            0.8893138652300172
        ],
        [
            0.03439899942503498,
            0.00036536565201417126
        ],
        [
            0.026482986867326325,
            0.23886128349400515
        ],
        [
            0.2606570126600701,
            0.9983072329030732
        ],
        [
            0.022113988432303406,
            0.9425905830266833
        ],
        [
            0.022565601784638397,
            0.9166280980599504
        ],
        [
            0.03364184465571977,
            0.009296249528387035
        ],
        [
            0.18224646914451886,
            0.8067027326952342
        ],
        [
            0.03489161092225243,
            0.999998049723794
        ]
    ],
    "r_thresh_deg": 5,
    "t_thresh": 0.035,
    "t_thresh_prec": 0.04
}