{
    "match_ratio": 0.08333333333333333,
    "recall": 0.08333333333333333,
    "precision": 0.03125,
    "n_avail": 12,
    "n_pred": 32,
    "out_scores": [
        1.0,
        1.0,
        1.0,
        1.0,
        1.0,
        1.0,
        1.0,
        1.0,
        1.0,
        1.0,
        1.0,
        1.0,
        1.0,
        1.0,
        1.0,
        1.0,
        1.0,
        1.0,
        1.0,
        1.0,
        1.0,
        1.0,
        1.0,
        1.0,
        1.0,
        1.0,
        1.0,
        1.0,
        1.0,
        1.0,
        1.0,
        1.0
    ],
    "min_trans_rot_dists": [
        [
            0.116023059840123,
            0.08417947787985225
        ],
        [
            0.11827547167382563,
            0.9997653791655672
        ],
        [
            0.04144106872201072,
            0.09025271962793813
        ],
        [
            0.020312621172757922,
            0.03069605944922249
        ],
        [
            0.13046575010471076,
            0.08077844004654733
        ],
        [
            0.12320754736917607,
            0.99745596784825
        ],
        [
            0.05389267224236428,
            0.038912552545449675
        ],
        [
            0.023257734868460108,
            0.9661591651696825
        ],
        [
            0.07231271812166122,
            0.9744162895773527
        ],
        [
            0.07231271812166122,
            0.9999977843968441
        ],
        [
            0.04333502846221635,
            0.04853086827038555
        ],
        [
            0.04333502846221635,
            0.9998821480823203
        ]
    ],
    "min_trans_rot_dists_prec": [
        [
            0.2628230901266869,
            0.9765269533966112
        ],
        [
            0.11827547167382563,
            0.09025271962793813
        ],
        [
            0.38139468875472676,
            0.038912552545449675
        ],
        [
            0.116023059840123,
            0.08417947787985225
        ],
        [
            0.25966829579016715,
            0.06059356247378578
        ],
        [
            0.005578077273065021,
            0.21255407252501013
        ],
        [
            0.2597865713345998,
            0.04149073942081627
        ],
        [
            0.263097725940084,
            0.9764815700172493
        ],
        [
            0.0227226466683924,
            0.8862674627372445
        ],
        [
            0.02519692004509262,
            0.8949522709613376
        ],
        [
            0.021260265015908067,
            0.876039875547309
        ],
        [
            0.3359732572923352,
            0.9661591651696825
        ],
        [
            0.3853599643986921,
            0.9575519390884435
        ],
        [
            0.26258329497444893,
            0.9744162895773527
        ],
        [
            0.1192071897104398,
            0.0981042700392436
        ],
        [
            0.11943636260898535,
            0.9488040482937927
        ],
        [
            0.12072475829973515,
            0.08077844004654733
        ],
        [
            0.020312621172757922,
            0.03069605944922249
        ],
        [
            0.02350108872287336,
            0.8761859324998318
        ],
        [
            0.12657251651990878,
            0.9622296121514119
        ],
        [
            0.470439505980679,
            0.014191223042507417
        ],
        [
            0.11980959668440966,
            0.08642345938294616
        ],
        [
            0.12240167746548561,
            0.09706800716114239
        ],
        [
            0.02118982422714429,
            0.8898353537520666
        ],
        [
            0.02122978809169254,
            0.886433842951798
        ],
        [
            0.33644702216636024,
            0.9899777919597208
        ],
        [
            0.020592180504952675,
            0.887200366864071
        ],
        [
            0.008153742715662491,
            0.19171371476155796
        ],
        [
            0.27142988107392063,
            0.9950177742917612
        ],
        [
            0.2586426285406279,
            0.04853086827038555
        ],
        [
            0.4669956404047209,
            0.01349394322875308
        ],
        [
            0.3914665702864565,
            0.047366435632166914
        ]
    ],
    "r_thresh_deg": 5,
    "t_thresh": 0.035,
    "t_thresh_prec": 0.04
}