{
    "match_ratio": 0.25,
    "recall": 0.25,
    "precision": 0.21875,
    "n_avail": 4,
    "n_pred": 32,
    "out_scores": [
        1.0,
        1.0,
        1.0,
        1.0,
        1.0,
        1.0,
        1.0,
        1.0,
        1.0,
        1.0,
        1.0,
        1.0,
        1.0,
        1.0,
        1.0,
        1.0,
        1.0,
        1.0,
        1.0,
        1.0,
        1.0,
        1.0,
        1.0,
        1.0,
        1.0,
        1.0,
        1.0,
        1.0,
        1.0,
        1.0,
        1.0,
        1.0
    ],
    "min_trans_rot_dists": [
        [
            0.05612553542170511,
            0.012719992187028684
        ],
        [
            0.048099111291712605,
            0.2525722531966341
        ],
        [
            0.029818249402640933,
            0.009147019518836563
        ],
        [
            0.019059165843647585,
            0.999977941322748
        ]
    ],
    "min_trans_rot_dists_prec": [
        [
            0.031049591257923767,
            0.028415158839712906
        ],
        [
            0.06783174908392083,
            0.735218971997419
        ],
        [
            0.028499822533303108,
            0.6807830137359394
        ],
        [
            0.027943688269924893,
            0.0014709763358135008
        ],
        [
            0.03715209410714278,
            0.2630563962737328
        ],
        [
            0.03016280266541778,
            0.013957682021704443
        ],
        [
            0.029651969937185264,
            0.8699631632133988
        ],
        [
            0.03642768574798515,
            0.006764735221162388
        ],
        [
            0.05338589201129642,
            0.9253597240004526
        ],
        [
            0.034167041481792,
            0.2185625391936784
        ],
        [
            0.03348650718254361,
            0.6902596145956292
        ],
        [
            0.03605952637718574,
            0.47229280597327816
        ],
        [
            0.030893607984117836,
            0.9837638104599771
        ],
        [
            0.04978094307427844,
            0.9202246884594382
        ],
        [
            0.026612327820040728,
            0.7192987251089529
        ],
        [
            0.03612437632385135,
            0.5237135573632906
        ],
        [
            0.031261471092092305,
            0.7873689615017815
        ],
        [
            0.04687612254655234,
            0.8003980286602909
        ],
        [
            0.06501998349095844,
            0.8046474948300384
        ],
        [
            0.03475944447950083,
            0.012719992187028684
        ],
        [
            0.02913752649881884,
            0.9478712769405563
        ],
        [
            0.028432495209263674,
            0.010435385187966828
        ],
        [
            0.03986224535458025,
            0.2525722531966341
        ],
        [
            0.040946483559070795,
            0.019499172811006216
        ],
        [
            0.050978375290971455,
            0.16251796075539782
        ],
        [
            0.03110558552241485,
            0.9779940969157124
        ],
        [
            0.03289185816143953,
            0.3978659393040809
        ],
        [
            0.05795058935734088,
            0.746347374831517
        ],
        [
            0.029818249402640933,
            0.009147019518836563
        ],
        [
            0.05322324954384497,
            0.16523974116117535
        ],
        [
            0.028765739971976585,
            0.958985287289192
        ],
        [
            0.04051543457545696,
            0.6368769500528738
        ]
    ],
    "r_thresh_deg": 5,
    "t_thresh": 0.035,
    "t_thresh_prec": 0.04
}