{
    "match_ratio": 0.3333333333333333,
    "recall": 0.3333333333333333,
    "precision": 0.15625,
    "n_avail": 6,
    "n_pred": 32,
    "out_scores": [
        1.0,
        1.0,
        1.0,
        1.0,
        1.0,
        1.0,
        1.0,
        1.0,
        1.0,
        1.0,
        1.0,
        1.0,
        1.0,
        1.0,
        1.0,
        1.0,
        1.0,
        1.0,
        1.0,
        1.0,
        1.0,
        1.0,
        1.0,
        1.0,
        1.0,
        1.0,
        1.0,
        1.0,
        1.0,
        1.0,
        1.0,
        1.0
    ],
    "min_trans_rot_dists": [
        [
            0.018747997235992537,
            0.9998817563140806
        ],
        [
            0.019998033616450715,
            0.010120602279619084
        ],
        [
            0.03700854771822058,
            0.06495263447826649
        ],
        [
            0.034399348033572655,
            0.05921160487696531
        ],
        [
            0.046436230611157314,
            0.0015604927531981394
        ],
        [
            0.19553906414743277,
            0.0031603283698355966
        ]
    ],
    "min_trans_rot_dists_prec": [
        [
            0.018747997235992537,
            0.0031603283698355966
        ],
        [
            0.020315961068849947,
            0.9993920858887128
        ],
        [
            0.03700854771822058,
            0.06495263447826649
        ],
        [
            0.14071219987978936,
            0.0015604927531981394
        ],
        [
            0.031136673951343657,
            0.9427686654640919
        ],
        [
            0.1406089045972909,
            0.054360772885802655
        ],
        [
            0.018692306865124814,
            0.23880965814241262
        ],
        [
            0.024544631192183006,
            0.188260716285219
        ],
        [
            0.14157510903392773,
            0.12587192511984957
        ],
        [
            0.02556029024421296,
            0.9999990718467594
        ],
        [
            0.020965105147738066,
            0.9999623509402639
        ],
        [
            0.021016921945756814,
            0.531642549188716
        ],
        [
            0.036311500098454755,
            0.2644564875690679
        ],
        [
            0.019179018976357726,
            0.006151508711666809
        ],
        [
            0.02289014669798056,
            0.5648779210558086
        ],
        [
            0.020940662788297894,
            0.5280409796640833
        ],
        [
            0.026776919186051993,
            0.15289021856532903
        ],
        [
            0.01835014070155277,
            0.9999568283147665
        ],
        [
            0.020142536123985484,
            0.9999509425515869
        ],
        [
            0.13923426794460114,
            0.06049202499786854
        ],
        [
            0.020336728454888164,
            0.797479851272888
        ],
        [
            0.021198930285781403,
            0.9999103855850794
        ],
        [
            0.021440981092058983,
            0.9994780809747842
        ],
        [
            0.02296877248034279,
            0.7756077807302635
        ],
        [
            0.019998033616450715,
            0.010120602279619084
        ],
        [
            0.03758720138697149,
            0.2782806610938773
        ],
        [
            0.13654658435364447,
            0.07625684789401188
        ],
        [
            0.024118870780454587,
            0.7701136722956046
        ],
        [
            0.034399348033572655,
            0.05921160487696531
        ],
        [
            0.02274507745688628,
            0.9999780307516928
        ],
        [
            0.028787844778075777,
            0.7736011456547488
        ],
        [
            0.02418791296256505,
            0.14407199249979563
        ]
    ],
    "r_thresh_deg": 5,
    "t_thresh": 0.035,
    "t_thresh_prec": 0.04
}