{
    "match_ratio": 0.0,
    "recall": 0.0,
    "precision": 0.03125,
    "n_avail": 4,
    "n_pred": 32,
    "out_scores": [
        1.0,
        1.0,
        1.0,
        1.0,
        1.0,
        1.0,
        1.0,
        1.0,
        1.0,
        1.0,
        1.0,
        1.0,
        1.0,
        1.0,
        1.0,
        1.0,
        1.0,
        1.0,
        1.0,
        1.0,
        1.0,
        1.0,
        1.0,
        1.0,
        1.0,
        1.0,
        1.0,
        1.0,
        1.0,
        1.0,
        1.0,
        1.0
    ],
    "min_trans_rot_dists": [
        [
            0.0335219653380842,
            0.9998809458234559
        ],
        [
            0.21454678451981482,
            0.2063295779450529
        ],
        [
            0.009602804494834544,
            0.1726569873836611
        ],
        [
            0.012208587860938777,
            0.2063295779450529
        ]
    ],
    "min_trans_rot_dists_prec": [
        [
            0.012208587860938777,
            0.2063295779450529
        ],
        [
            0.21479684694059611,
            0.9918312414754641
        ],
        [
            0.12883421157158742,
            0.9999913657961839
        ],
        [
            0.21577070982050364,
            0.17723047038825568
        ],
        [
            0.21673765467753145,
            0.8210484858916324
        ],
        [
            0.0335219653380842,
            0.9998809458234559
        ],
        [
            0.014829751919435067,
            0.9726143840837499
        ],
        [
            0.21550853508152787,
            0.9948823549129586
        ],
        [
            0.21444180043041638,
            0.9761873240192763
        ],
        [
            0.2142657558426323,
            0.1726569873836611
        ],
        [
            0.2169298872688602,
            0.8890473933073285
        ],
        [
            0.21444667806717188,
            0.20862737001065101
        ],
        [
            0.2150152452531274,
            0.9838828120063225
        ],
        [
            0.02254295925635997,
            0.9999575578944688
        ],
        [
            0.01712152227596321,
            0.6250204327647524
        ],
        [
            0.21377683828621458,
            0.9871655041607095
        ],
        [
            0.013085159552839174,
            0.1745911909986747
        ],
        [
            0.21406965708800255,
            0.9726244052482946
        ],
        [
            0.03711946313698899,
            0.009856473577584013
        ],
        [
            0.04349171367331649,
            0.9175499793613195
        ],
        [
            0.2164849791976271,
            0.999966937813742
        ],
        [
            0.033469284561352175,
            0.9999568913299453
        ],
        [
            0.21495973574406338,
            0.999996204102006
        ],
        [
            0.014216916250439646,
            0.5562152405991233
        ],
        [
            0.2144819161129011,
            0.9518200510792414
        ],
        [
            0.0367342338615811,
            0.9998874110919421
        ],
        [
            0.012448577998854134,
            0.3104815776029012
        ],
        [
            0.1292060753685019,
            0.999996556873346
        ],
        [
            0.0147642258354263,
            0.9794911101152995
        ],
        [
            0.014072860289592572,
            0.841018005404115
        ],
        [
            0.2152930528181613,
            0.7970700393589835
        ],
        [
            0.0403575364113859,
            0.9484010828439079
        ]
    ],
    "r_thresh_deg": 5,
    "t_thresh": 0.035,
    "t_thresh_prec": 0.04
}