{
    "match_ratio": 0.0,
    "recall": 0.0,
    "precision": 0.15625,
    "n_avail": 4,
    "n_pred": 32,
    "out_scores": [
        1.0,
        1.0,
        1.0,
        1.0,
        1.0,
        1.0,
        1.0,
        1.0,
        1.0,
        1.0,
        1.0,
        1.0,
        1.0,
        1.0,
        1.0,
        1.0,
        1.0,
        1.0,
        1.0,
        1.0,
        1.0,
        1.0,
        1.0,
        1.0,
        1.0,
        1.0,
        1.0,
        1.0,
        1.0,
        1.0,
        1.0,
        1.0
    ],
    "min_trans_rot_dists": [
        [
            0.19689643828477824,
            0.030474981975206483
        ],
        [
            0.060834214669125586,
            0.9588823045409328
        ],
        [
            0.03642743995137107,
            0.031129623860470468
        ],
        [
            0.03197621263705977,
            0.9998111136336373
        ]
    ],
    "min_trans_rot_dists_prec": [
        [
            0.03642743995137107,
            0.031129623860470468
        ],
        [
            0.09491969698036161,
            0.36937971584677187
        ],
        [
            0.09139655337743975,
            0.6621411568773299
        ],
        [
            0.06614563019243716,
            0.999998371450006
        ],
        [
            0.05260328351122747,
            0.9999850433873166
        ],
        [
            0.09337441181212242,
            0.3686643486454301
        ],
        [
            0.09843910681204443,
            0.34489509734540014
        ],
        [
            0.060834214669125586,
            0.9999955122709641
        ],
        [
            0.03548436513341288,
            0.05519183606152367
        ],
        [
            0.04011451889222198,
            0.9960297642587328
        ],
        [
            0.06689818943836602,
            0.9999997323937496
        ],
        [
            0.040473905772523966,
            0.9949394164883528
        ],
        [
            0.20071426078932736,
            0.21582188847396777
        ],
        [
            0.038131882397053195,
            0.03162616365695792
        ],
        [
            0.06093811378365677,
            0.9999999201592541
        ],
        [
            0.22161766271438543,
            0.8784394042842404
        ],
        [
            0.06507491590237541,
            0.9999997902914917
        ],
        [
            0.2130247901212327,
            0.9117561542622643
        ],
        [
            0.07271144158603007,
            0.9999495993123811
        ],
        [
            0.03804946423963907,
            0.030474981975206483
        ],
        [
            0.03685813598946916,
            0.9990526851158325
        ],
        [
            0.07312321703333527,
            0.9909153526672512
        ],
        [
            0.09507269103395362,
            0.3837941994007399
        ],
        [
            0.09407669396230177,
            0.42310402433760297
        ],
        [
            0.21283678098332573,
            0.031307504470811764
        ],
        [
            0.21704880548968955,
            0.5673636168326832
        ],
        [
            0.09453632998407957,
            0.3885129360068623
        ],
        [
            0.21460984680619333,
            0.9520853363921867
        ],
        [
            0.20653805181495405,
            0.9104329229423825
        ],
        [
            0.09724567404680796,
            0.4951688683499432
        ],
        [
            0.0396655036680471,
            0.060334857786602414
        ],
        [
            0.09246498941874244,
            0.4011171492649628
        ]
    ],
    "r_thresh_deg": 5,
    "t_thresh": 0.035,
    "t_thresh_prec": 0.04
}