{
    "match_ratio": 0.2,
    "recall": 0.2,
    "precision": 0.09375,
    "n_avail": 10,
    "n_pred": 32,
    "out_scores": [
        1.0,
        1.0,
        1.0,
        1.0,
        1.0,
        1.0,
        1.0,
        1.0,
        1.0,
        1.0,
        1.0,
        1.0,
        1.0,
        1.0,
        1.0,
        1.0,
        1.0,
        1.0,
        1.0,
        1.0,
        1.0,
        1.0,
        1.0,
        1.0,
        1.0,
        1.0,
        1.0,
        1.0,
        1.0,
        1.0,
        1.0,
        1.0
    ],
    "min_trans_rot_dists": [
        [
            0.033999733129442385,
            0.03864985576349589
        ],
        [
            0.03827887149487593,
            0.43978888240314784
        ],
        [
            0.036008057135669076,
            0.004209176039310147
        ],
        [
            0.07945531413798021,
            0.03747706778923221
        ],
        [
            0.010487276514006756,
            0.09993373727917298
        ],
        [
            0.015337259306869466,
            0.07460568172858384
        ],
        [
            0.004035633027004703,
            0.6805545623735462
        ],
        [
            0.18181685624833818,
            0.6596007554143486
        ],
        [
            0.08397968620849455,
            0.6862106003821042
        ],
        [
            0.012034018434222568,
            0.6596007554143486
        ]
    ],
    "min_trans_rot_dists_prec": [
        [
            0.37100607012085013,
            0.7741115500661234
        ],
        [
            0.3423771526771744,
            0.48185242628386826
        ],
        [
            0.3872220226171043,
            0.9526089924124492
        ],
        [
            0.22412620664505903,
            0.09993373727917298
        ],
        [
            0.04793687119224548,
            0.7315675657844283
        ],
        [
            0.04030566759722667,
            0.999989509543618
        ],
        [
            0.3661107945509971,
            0.6596007554143486
        ],
        [
            0.07307312825109978,
            0.20265800974910808
        ],
        [
            0.37652430377512264,
            0.9871198353479718
        ],
        [
            0.046003808823793006,
            0.999968976145353
        ],
        [
            0.34037028397874963,
            0.025318545269190307
        ],
        [
            0.04253701621137403,
            0.06780900270377299
        ],
        [
            0.3415522247142318,
            0.03432633491249282
        ],
        [
            0.4838082870916538,
            0.9996868722234978
        ],
        [
            0.3434536716932737,
            0.17748735471839894
        ],
        [
            0.015337259306869466,
            0.07460568172858384
        ],
        [
            0.473776158810068,
            0.886185553880141
        ],
        [
            0.033999733129442385,
            0.03864985576349589
        ],
        [
            0.3425091257043494,
            0.18448301736426087
        ],
        [
            0.37813368449455315,
            0.8247731156253459
        ],
        [
            0.04092682551103494,
            0.9999999835514771
        ],
        [
            0.04444182051353927,
            0.5321645226075231
        ],
        [
            0.3864245112798267,
            0.7845290644551521
        ],
        [
            0.1762452318926359,
            0.8995757747258549
        ],
        [
            0.3401850088499022,
            0.6805545623735462
        ],
        [
            0.03827887149487593,
            0.9999839477299451
        ],
        [
            0.3430045092164231,
            0.0010118063136070887
        ],
        [
            0.3742928635675735,
            0.6862106003821042
        ],
        [
            0.22507811724180687,
            0.6595665714723242
        ],
        [
            0.3404101845843714,
            0.18370420457882974
        ],
        [
            0.22255614018760553,
            0.642938231556319
        ],
        [
            0.036008057135669076,
            0.004209176039310147
        ]
    ],
    "r_thresh_deg": 5,
    "t_thresh": 0.035,
    "t_thresh_prec": 0.04
}