{
    "match_ratio": 0.3333333333333333,
    "recall": 0.3333333333333333,
    "precision": 0.15625,
    "n_avail": 6,
    "n_pred": 32,
    "out_scores": [
        1.0,
        1.0,
        1.0,
        1.0,
        1.0,
        1.0,
        1.0,
        1.0,
        1.0,
        1.0,
        1.0,
        1.0,
        1.0,
        1.0,
        1.0,
        1.0,
        1.0,
        1.0,
        1.0,
        1.0,
        1.0,
        1.0,
        1.0,
        1.0,
        1.0,
        1.0,
        1.0,
        1.0,
        1.0,
        1.0,
        1.0,
        1.0
    ],
    "min_trans_rot_dists": [
        [
            0.02771268952489666,
            0.16107231119571497
        ],
        [
            0.020299118741098965,
            0.6569074958459653
        ],
        [
            0.1127735444285927,
            0.16107231119571497
        ],
        [
            0.018563145716538186,
            0.6903857939509934
        ],
        [
            0.027884516193515087,
            0.008084586949269723
        ],
        [
            0.022678817903644566,
            0.08453758218848573
        ]
    ],
    "min_trans_rot_dists_prec": [
        [
            0.30098524342173544,
            0.5811579955090036
        ],
        [
            0.2408512397077286,
            0.9362407135750997
        ],
        [
            0.2405923658857297,
            0.9351467046100297
        ],
        [
            0.02455681618963498,
            0.9995414929927994
        ],
        [
            0.025102411466821385,
            0.9990796929555149
        ],
        [
            0.30099119984075806,
            0.5766085747638743
        ],
        [
            0.02190306869570586,
            0.9995462554172709
        ],
        [
            0.029227621957665324,
            0.5602111650718153
        ],
        [
            0.2385192423217982,
            0.9484661515757675
        ],
        [
            0.02771268952489666,
            0.16107231119571497
        ],
        [
            0.018563145716538186,
            0.6903857939509934
        ],
        [
            0.027589934093803267,
            0.9553640757293472
        ],
        [
            0.02730808343583437,
            0.999119499946961
        ],
        [
            0.021249868729234647,
            0.9995080082312771
        ],
        [
            0.028909214217738552,
            0.5558104337198524
        ],
        [
            0.03041333005526785,
            0.5671027292562603
        ],
        [
            0.026737948318165145,
            0.008614680952347631
        ],
        [
            0.0287550641545077,
            0.008320998887649922
        ],
        [
            0.29900877531382236,
            0.582262861444631
        ],
        [
            0.2999617344059674,
            0.5758804563486484
        ],
        [
            0.03032000230285486,
            0.5654568904815449
        ],
        [
            0.022355352019411773,
            0.9992455797600849
        ],
        [
            0.23949311621820762,
            0.9397914257691149
        ],
        [
            0.02911434756306063,
            0.004797245772701575
        ],
        [
            0.025248046142303054,
            0.9995354189687095
        ],
        [
            0.022678817903644566,
            0.08453758218848573
        ],
        [
            0.20967302711260963,
            0.5478370375767392
        ],
        [
            0.03023993421869006,
            0.5673926010548133
        ],
        [
            0.3019515779702029,
            0.5901537421654313
        ],
        [
            0.2998641154353971,
            0.5960507762731375
        ],
        [
            0.020299118741098965,
            0.9995691648965939
        ],
        [
            0.027884516193515087,
            0.008084586949269723
        ]
    ],
    "r_thresh_deg": 5,
    "t_thresh": 0.035,
    "t_thresh_prec": 0.04
}