{
    "match_ratio": 0.3,
    "recall": 0.3,
    "precision": 0.3125,
    "n_avail": 10,
    "n_pred": 32,
    "out_scores": [
        1.0,
        1.0,
        1.0,
        1.0,
        1.0,
        1.0,
        1.0,
        1.0,
        1.0,
        1.0,
        1.0,
        1.0,
        1.0,
        1.0,
        1.0,
        1.0,
        1.0,
        1.0,
        1.0,
        1.0,
        1.0,
        1.0,
        1.0,
        1.0,
        1.0,
        1.0,
        1.0,
        1.0,
        1.0,
        1.0,
        1.0,
        1.0
    ],
    "min_trans_rot_dists": [
        [
            0.02038121311584862,
            0.9999397261153008
        ],
        [
            0.024123212840548414,
            0.0007131486526636976
        ],
        [
            0.03811024740082136,
            0.010524357421147879
        ],
        [
            0.18936105256646235,
            0.0007131486526636976
        ],
        [
            0.08860551150028814,
            0.06727667770090939
        ],
        [
            0.31408795043800763,
            0.0007131486526636976
        ],
        [
            0.031664680966447596,
            0.029877988921575005
        ],
        [
            0.03477186860944323,
            0.057275972937046005
        ],
        [
            0.059751933286848594,
            0.018103418382094505
        ],
        [
            0.18417043851609327,
            0.0007131486526636976
        ]
    ],
    "min_trans_rot_dists_prec": [
        [
            0.024123212840548414,
            0.0007131486526636976
        ],
        [
            0.02038121311584862,
            0.9999397261153008
        ],
        [
            0.10379029209981702,
            0.2904003572270065
        ],
        [
            0.10892617034333164,
            0.11734819721562384
        ],
        [
            0.10892128260205146,
            0.2409268022053993
        ],
        [
            0.026417116918504135,
            0.07482467664693815
        ],
        [
            0.028731024266178486,
            0.07660258773382533
        ],
        [
            0.23487276716559682,
            0.4129500733543603
        ],
        [
            0.04126764525120072,
            0.0027672679116043097
        ],
        [
            0.24021683630799706,
            0.11838849023961939
        ],
        [
            0.03477186860944323,
            0.057275972937046005
        ],
        [
            0.027154682931619437,
            0.061645081418838954
        ],
        [
            0.024559363166539123,
            0.05744607580140715
        ],
        [
            0.1103916645241934,
            0.191333703734492
        ],
        [
            0.03811024740082136,
            0.010524357421147879
        ],
        [
            0.23591165840454117,
            0.471604845490996
        ],
        [
            0.0439637138194711,
            0.3197638785240924
        ],
        [
            0.04111914477652964,
            0.09319259871218333
        ],
        [
            0.11273116676492008,
            0.9956089900107533
        ],
        [
            0.22974557094023204,
            0.018103418382094505
        ],
        [
            0.10629846199999693,
            0.12617329502622188
        ],
        [
            0.2390025886360393,
            0.5103120010879773
        ],
        [
            0.027084069585011323,
            0.06727667770090939
        ],
        [
            0.26099660411007497,
            0.9999321468856869
        ],
        [
            0.23760857388612433,
            0.41641349724384247
        ],
        [
            0.03665641213187111,
            0.042880979078361414
        ],
        [
            0.23915470145294684,
            0.4875700752167571
        ],
        [
            0.10329262201526561,
            0.09098261587850476
        ],
        [
            0.24004150742781427,
            0.797636298290153
        ],
        [
            0.1138532156488177,
            0.09860576560718437
        ],
        [
            0.04357655116380761,
            0.0135964182464835
        ],
        [
            0.031664680966447596,
            0.029877988921575005
        ]
    ],
    "r_thresh_deg": 5,
    "t_thresh": 0.035,
    "t_thresh_prec": 0.04
}