{
    "match_ratio": 0.25,
    "recall": 0.25,
    "precision": 0.21875,
    "n_avail": 4,
    "n_pred": 32,
    "out_scores": [
        1.0,
        1.0,
        1.0,
        1.0,
        1.0,
        1.0,
        1.0,
        1.0,
        1.0,
        1.0,
        1.0,
        1.0,
        1.0,
        1.0,
        1.0,
        1.0,
        1.0,
        1.0,
        1.0,
        1.0,
        1.0,
        1.0,
        1.0,
        1.0,
        1.0,
        1.0,
        1.0,
        1.0,
        1.0,
        1.0,
        1.0,
        1.0
    ],
    "min_trans_rot_dists": [
        [
            0.011361621942104546,
            0.7333742072044336
        ],
        [
            0.009038161895737735,
            0.0005197659273347144
        ],
        [
            0.06618966436144721,
            0.5144728353414284
        ],
        [
            0.0719929986669764,
            0.00015268525551492829
        ]
    ],
    "min_trans_rot_dists_prec": [
        [
            0.011499754126560003,
            0.7469704876287548
        ],
        [
            0.010429502369979903,
            0.05298933113348636
        ],
        [
            0.016118751510359585,
            0.5144728353414284
        ],
        [
            0.010840824565588695,
            0.9999273140769207
        ],
        [
            0.24388336861864665,
            0.011968363928153924
        ],
        [
            0.010821665038785159,
            0.9999906021084485
        ],
        [
            0.009956928919270192,
            0.0359723207766135
        ],
        [
            0.012379192062929102,
            0.9999974584978428
        ],
        [
            0.00738413258994016,
            0.9999910598833127
        ],
        [
            0.014714546420265076,
            0.7495866073996215
        ],
        [
            0.24298532408833956,
            0.6858491848113861
        ],
        [
            0.009425980155941475,
            0.9999997206382812
        ],
        [
            0.01026065471247902,
            0.9999966484328814
        ],
        [
            0.011206220864228936,
            0.9999995452864342
        ],
        [
            0.01187340961776166,
            0.7517875754015576
        ],
        [
            0.009710004733906959,
            0.010476243264285201
        ],
        [
            0.01255805610161695,
            0.741840266279386
        ],
        [
            0.24062139802997523,
            0.006008819695975887
        ],
        [
            0.011771780810843534,
            0.7232415970660949
        ],
        [
            0.012918677046421424,
            0.7506913831067101
        ],
        [
            0.011361621942104546,
            0.7333742072044336
        ],
        [
            0.010773164192255396,
            0.9999995274006718
        ],
        [
            0.1754663535464321,
            0.07777765660283786
        ],
        [
            0.008373532430915041,
            0.00015268525551492829
        ],
        [
            0.009503363915033218,
            0.9999999984474158
        ],
        [
            0.015327961002522468,
            0.5273765771364087
        ],
        [
            0.008687020248967045,
            0.9999975555353294
        ],
        [
            0.009208308127412853,
            0.01094536124255352
        ],
        [
            0.008742823848829694,
            0.00012155948506964442
        ],
        [
            0.008148873552509085,
            0.9999825942122588
        ],
        [
            0.009038161895737735,
            0.0005197659273347144
        ],
        [
            0.012750038106344836,
            0.8936228475081305
        ]
    ],
    "r_thresh_deg": 5,
    "t_thresh": 0.035,
    "t_thresh_prec": 0.04
}