{
    "match_ratio": 0.3333333333333333,
    "recall": 0.3333333333333333,
    "precision": 0.28125,
    "n_avail": 6,
    "n_pred": 32,
    "out_scores": [
        1.0,
        1.0,
        1.0,
        1.0,
        1.0,
        1.0,
        1.0,
        1.0,
        1.0,
        1.0,
        1.0,
        1.0,
        1.0,
        1.0,
        1.0,
        1.0,
        1.0,
        1.0,
        1.0,
        1.0,
        1.0,
        1.0,
        1.0,
        1.0,
        1.0,
        1.0,
        1.0,
        1.0,
        1.0,
        1.0,
        1.0,
        1.0
    ],
    "min_trans_rot_dists": [
        [
            0.01020402903751267,
            0.5211093221322425
        ],
        [
            0.031261096803752365,
            0.0629591565076858
        ],
        [
            0.09085947016959678,
            0.5211093221322425
        ],
        [
            0.13608755798531208,
            0.0030592820535263465
        ],
        [
            0.03153329644997784,
            0.6074212242150758
        ],
        [
            0.01845796291744277,
            0.0005306523543122665
        ]
    ],
    "min_trans_rot_dists_prec": [
        [
            0.25039607121301055,
            0.6074212242150758
        ],
        [
            0.25155661088521086,
            0.6116376522106883
        ],
        [
            0.017393216740745412,
            0.00381122444048021
        ],
        [
            0.2526376191462568,
            0.618723863274298
        ],
        [
            0.016052604078655372,
            0.0012592948694717387
        ],
        [
            0.01020402903751267,
            0.5211093221322425
        ],
        [
            0.015456559804723253,
            0.0030592820535263465
        ],
        [
            0.023931527409764626,
            0.9996125146481599
        ],
        [
            0.013729688560487579,
            0.9991418490070617
        ],
        [
            0.2518896361713693,
            0.6137311000910244
        ],
        [
            0.018694676504170723,
            0.0005986642564970168
        ],
        [
            0.11670088695348023,
            0.7618518687443114
        ],
        [
            0.25116984977273205,
            0.613112015344026
        ],
        [
            0.251138005987024,
            0.6188418108265235
        ],
        [
            0.015424546568086272,
            0.0022246070998354073
        ],
        [
            0.12142878546822283,
            0.6936863646858007
        ],
        [
            0.25140691244713276,
            0.6136343133135257
        ],
        [
            0.25181944546907964,
            0.6165424011014325
        ],
        [
            0.03448623329580636,
            0.058871392691886126
        ],
        [
            0.2506711980367527,
            0.6124997809053176
        ],
        [
            0.031261096803752365,
            0.0629591565076858
        ],
        [
            0.016239594751316627,
            0.0010120748052530049
        ],
        [
            0.1511900690914797,
            0.7857628382552718
        ],
        [
            0.01845796291744277,
            0.0005306523543122665
        ],
        [
            0.11552357897931653,
            0.7752664145276942
        ],
        [
            0.019075034045028326,
            0.9999477507935832
        ],
        [
            0.11587381018225236,
            0.7739526640540823
        ],
        [
            0.1512958630607388,
            0.7906349137566276
        ],
        [
            0.15100448057946625,
            0.7888058066940266
        ],
        [
            0.016549081791432378,
            0.9999578737224804
        ],
        [
            0.2521358851427216,
            0.6153300136711441
        ],
        [
            0.2517959929031221,
            0.6176615628708106
        ]
    ],
    "r_thresh_deg": 5,
    "t_thresh": 0.035,
    "t_thresh_prec": 0.04
}