{
    "match_ratio": 0.0,
    "recall": 0.0,
    "precision": 0.0,
    "n_avail": 2,
    "n_pred": 32,
    "out_scores": [
        1.0,
        1.0,
        1.0,
        1.0,
        1.0,
        1.0,
        1.0,
        1.0,
        1.0,
        1.0,
        1.0,
        1.0,
        1.0,
        1.0,
        1.0,
        1.0,
        1.0,
        1.0,
        1.0,
        1.0,
        1.0,
        1.0,
        1.0,
        1.0,
        1.0,
        1.0,
        1.0,
        1.0,
        1.0,
        1.0,
        1.0,
        1.0
    ],
    "min_trans_rot_dists": [
        [
            0.162097249261798,
            0.10181625507938097
        ],
        [
            0.019256037243320645,
            0.23616987103745013
        ]
    ],
    "min_trans_rot_dists_prec": [
        [
            0.16923203444907567,
            0.12148562565321352
        ],
        [
            0.162097249261798,
            0.10181625507938097
        ],
        [
            0.08311722368536656,
            0.9948630867566814
        ],
        [
            0.07745999843544868,
            0.9966493357029056
        ],
        [
            0.03156344917075576,
            0.9488415540336171
        ],
        [
            0.17032198087161546,
            0.1272625607770287
        ],
        [
            0.08495773029727031,
            0.9959778310471827
        ],
        [
            0.08051184777787496,
            0.9961895277829133
        ],
        [
            0.08825158020098069,
            0.2568234467344478
        ],
        [
            0.030684926681238987,
            0.9601138774299683
        ],
        [
            0.16594322146343599,
            0.12185074742128588
        ],
        [
            0.019256037243320645,
            0.9997507991104321
        ],
        [
            0.08767571433229447,
            0.2677266054009091
        ],
        [
            0.021102350872483612,
            0.9996958218662034
        ],
        [
            0.015584284915345357,
            0.9990916535353257
        ],
        [
            0.08015129121412547,
            0.9956347129836931
        ],
        [
            0.1898058809321586,
            0.7791830959868433
        ],
        [
            0.08628200506469227,
            0.25536395528409694
        ],
        [
            0.03098767402298927,
            0.9661264871332885
        ],
        [
            0.19556797616820998,
            0.7880369934057017
        ],
        [
            0.02794188202225075,
            0.9453944471374577
        ],
        [
            0.2003294227512008,
            0.9996028755152345
        ],
        [
            0.07591761393744477,
            0.9955293008268181
        ],
        [
            0.030088955985081222,
            0.9565448562097296
        ],
        [
            0.16662699034138792,
            0.9952792502739306
        ],
        [
            0.16857366701541324,
            0.9949704081841326
        ],
        [
            0.20650974070822636,
            0.9999144342253962
        ],
        [
            0.07720065248245836,
            0.9955096789007091
        ],
        [
            0.048609639640528404,
            0.999957904868251
        ],
        [
            0.08589139262229649,
            0.2706095375824443
        ],
        [
            0.19205601931016758,
            0.7777263496402627
        ],
        [
            0.08731059084833981,
            0.2725750700567482
        ]
    ],
    "r_thresh_deg": 5,
    "t_thresh": 0.035,
    "t_thresh_prec": 0.04
}