{
    "match_ratio": 0.3333333333333333,
    "recall": 0.3333333333333333,
    "precision": 0.1875,
    "n_avail": 6,
    "n_pred": 32,
    "out_scores": [
        1.0,
        1.0,
        1.0,
        1.0,
        1.0,
        1.0,
        1.0,
        1.0,
        1.0,
        1.0,
        1.0,
        1.0,
        1.0,
        1.0,
        1.0,
        1.0,
        1.0,
        1.0,
        1.0,
        1.0,
        1.0,
        1.0,
        1.0,
        1.0,
        1.0,
        1.0,
        1.0,
        1.0,
        1.0,
        1.0,
        1.0,
        1.0
    ],
    "min_trans_rot_dists": [
        [
            0.16101820539270936,
            0.02702280095356524
        ],
        [
            0.06563477095619981,
            0.12150205764363575
        ],
        [
            0.10193089248568495,
            0.02702280095356524
        ],
        [
            0.012423400823412641,
            0.12150205764363575
        ],
        [
            0.023845254368994245,
            0.028405192109817512
        ],
        [
            0.010212855578310849,
            0.055750566264295975
        ]
    ],
    "min_trans_rot_dists_prec": [
        [
            0.02347364192585438,
            0.02702280095356524
        ],
        [
            0.17730283053834564,
            0.745318229720759
        ],
        [
            0.23039232676779486,
            0.2201249040435619
        ],
        [
            0.012423400823412641,
            0.12150205764363575
        ],
        [
            0.35940507448863307,
            0.0028966618409504985
        ],
        [
            0.1716948544871426,
            0.5734888942428995
        ],
        [
            0.17071525985220812,
            0.5358022235921654
        ],
        [
            0.010212855578310849,
            0.055750566264295975
        ],
        [
            0.1690826295761274,
            0.5552548784770421
        ],
        [
            0.11127828830352977,
            0.2565622063967221
        ],
        [
            0.1045543574972864,
            0.19428496738988588
        ],
        [
            0.01953652224586274,
            0.025336444795019064
        ],
        [
            0.3604595755853376,
            0.003552979305376014
        ],
        [
            0.11072307553913036,
            0.19088532122431223
        ],
        [
            0.1751520481246955,
            0.7387389840909843
        ],
        [
            0.02087558716272604,
            0.03329626865806978
        ],
        [
            0.02482082348036834,
            0.03415663037646477
        ],
        [
            0.17530333614301313,
            0.7468530472818772
        ],
        [
            0.22217749932638045,
            0.13548326978818348
        ],
        [
            0.11466411770250017,
            0.1838703497953288
        ],
        [
            0.11777261620890835,
            0.9226405990653241
        ],
        [
            0.17497219716788784,
            0.541280521493322
        ],
        [
            0.1727639419053928,
            0.7544547257337288
        ],
        [
            0.36055810758375817,
            0.05854589760110229
        ],
        [
            0.012511681202373708,
            0.9137359480481336
        ],
        [
            0.010091497173857007,
            0.13138927039325043
        ],
        [
            0.18178505366034703,
            0.5475097275052836
        ],
        [
            0.11095247434680282,
            0.25478240895979276
        ],
        [
            0.10913437960467438,
            0.1723265845069788
        ],
        [
            0.013840803005585062,
            0.11817673663243289
        ],
        [
            0.023845254368994245,
            0.028405192109817512
        ],
        [
            0.01574553355547849,
            0.9384413895396163
        ]
    ],
    "r_thresh_deg": 5,
    "t_thresh": 0.035,
    "t_thresh_prec": 0.04
}