{
    "match_ratio": 0.1,
    "recall": 0.1,
    "precision": 0.09375,
    "n_avail": 10,
    "n_pred": 32,
    "out_scores": [
        1.0,
        1.0,
        1.0,
        1.0,
        1.0,
        1.0,
        1.0,
        1.0,
        1.0,
        1.0,
        1.0,
        1.0,
        1.0,
        1.0,
        1.0,
        1.0,
        1.0,
        1.0,
        1.0,
        1.0,
        1.0,
        1.0,
        1.0,
        1.0,
        1.0,
        1.0,
        1.0,
        1.0,
        1.0,
        1.0,
        1.0,
        1.0
    ],
    "min_trans_rot_dists": [
        [
            0.16261424161585153,
            0.026071805688557048
        ],
        [
            0.13143803323755066,
            0.26334241683122783
        ],
        [
            0.08795708110170324,
            0.026071805688557048
        ],
        [
            0.0774534339336486,
            0.26334241683122783
        ],
        [
            0.013503924174376663,
            0.5581873733507602
        ],
        [
            0.031021996723319293,
            0.022154857424417917
        ],
        [
            0.034398995253334605,
            0.6261829361445005
        ],
        [
            0.11372438805147159,
            0.6442620944284301
        ],
        [
            0.012789002839208,
            0.9418427145655904
        ],
        [
            0.02602619773730163,
            0.6442620944284301
        ]
    ],
    "min_trans_rot_dists_prec": [
        [
            0.11114696799662374,
            0.8066109400678894
        ],
        [
            0.1956997295040408,
            0.8041358307163469
        ],
        [
            0.21254871688603538,
            0.9999969627960447
        ],
        [
            0.09068089077784873,
            0.6489285540887196
        ],
        [
            0.19345976406615395,
            0.6403358159216479
        ],
        [
            0.19685080802022106,
            0.5369312833185017
        ],
        [
            0.16588045709484733,
            0.22003086892333945
        ],
        [
            0.14008290670652454,
            0.9853853565690961
        ],
        [
            0.3957323787277697,
            0.9418427145655904
        ],
        [
            0.3528190729239645,
            0.6442620944284301
        ],
        [
            0.0774534339336486,
            0.26334241683122783
        ],
        [
            0.16454027565492105,
            0.19725770516312935
        ],
        [
            0.18690845293366135,
            0.5341063729035052
        ],
        [
            0.1640428087859501,
            0.23498178435304418
        ],
        [
            0.02884975216609979,
            0.016840125225490055
        ],
        [
            0.031021996723319293,
            0.022154857424417917
        ],
        [
            0.19877667573769958,
            0.9836626173132015
        ],
        [
            0.09227827708009116,
            0.5658050597174502
        ],
        [
            0.15714391870616434,
            0.23554561065062074
        ],
        [
            0.09811071105270515,
            0.7081369098605577
        ],
        [
            0.19665130462968158,
            0.7487518107974449
        ],
        [
            0.4051723858776672,
            0.6261829361445005
        ],
        [
            0.16217287191732413,
            0.24911103464406403
        ],
        [
            0.0748889127944229,
            0.9815564397610936
        ],
        [
            0.15621088032443511,
            0.24342385050578363
        ],
        [
            0.03799348929255815,
            0.026071805688557048
        ],
        [
            0.1540651639997733,
            0.9686993147873801
        ],
        [
            0.11285656135040792,
            0.9829163489133619
        ],
        [
            0.11030305612523236,
            0.8227332528720382
        ],
        [
            0.16476436490622492,
            0.1962286798885483
        ],
        [
            0.19828342736429674,
            0.6734670402516252
        ],
        [
            0.1908413262280622,
            0.5581873733507602
        ]
    ],
    "r_thresh_deg": 5,
    "t_thresh": 0.035,
    "t_thresh_prec": 0.04
}