{
    "match_ratio": 0.6666666666666666,
    "recall": 0.6666666666666666,
    "precision": 0.59375,
    "n_avail": 6,
    "n_pred": 32,
    "out_scores": [
        1.0,
        1.0,
        1.0,
        1.0,
        1.0,
        1.0,
        1.0,
        1.0,
        1.0,
        1.0,
        1.0,
        1.0,
        1.0,
        1.0,
        1.0,
        1.0,
        1.0,
        1.0,
        1.0,
        1.0,
        1.0,
        1.0,
        1.0,
        1.0,
        1.0,
        1.0,
        1.0,
        1.0,
        1.0,
        1.0,
        1.0,
        1.0
    ],
    "min_trans_rot_dists": [
        [
            0.13075057569704357,
            0.9609622854788393
        ],
        [
            0.026389692663788416,
            0.0003997481415290993
        ],
        [
            0.010818448419310758,
            0.0011610379993863829
        ],
        [
            0.037063309385087034,
            0.014655708084081343
        ],
        [
            0.021691911350462466,
            0.02832302078802673
        ],
        [
            0.028317856488333834,
            0.0010236383234540902
        ]
    ],
    "min_trans_rot_dists_prec": [
        [
            0.13075057569704357,
            0.9609622854788393
        ],
        [
            0.13288215795822042,
            0.9724691677654993
        ],
        [
            0.15471776986349264,
            0.9682857490680122
        ],
        [
            0.02488986358962637,
            0.029380288447616643
        ],
        [
            0.026210492296064723,
            0.0038039537510888843
        ],
        [
            0.025689069728755728,
            0.0016043111768506702
        ],
        [
            0.022424488305473056,
            0.030200227567912297
        ],
        [
            0.037063309385087034,
            0.014655708084081343
        ],
        [
            0.01932381021313012,
            0.02959636751836281
        ],
        [
            0.03410720628875471,
            0.0007239847635088781
        ],
        [
            0.1871140294233484,
            0.8509290986202536
        ],
        [
            0.12765005024112575,
            0.6793711269623603
        ],
        [
            0.02613848709893747,
            0.016856219233931435
        ],
        [
            0.13082935734015083,
            0.9626218299874748
        ],
        [
            0.038956424250470065,
            0.8528267548333184
        ],
        [
            0.015413096047560184,
            0.0023264024787744697
        ],
        [
            0.03935992607260232,
            0.9737665654333808
        ],
        [
            0.026389692663788416,
            0.0003997481415290993
        ],
        [
            0.012821353327023478,
            0.0011767839889392784
        ],
        [
            0.025609195751716107,
            0.04687133214863015
        ],
        [
            0.008609291863566902,
            0.001249389113194499
        ],
        [
            0.02152466508363796,
            0.028089144011001488
        ],
        [
            0.03501873187857973,
            0.016180203561296236
        ],
        [
            0.02342207607589079,
            0.026983309116296317
        ],
        [
            0.12982991830810162,
            0.9626121403612342
        ],
        [
            0.1270572278509103,
            0.6955278712121516
        ],
        [
            0.021691911350462466,
            0.02832302078802673
        ],
        [
            0.13296882509723043,
            0.9743965651550532
        ],
        [
            0.1326614420741196,
            0.9634077896278969
        ],
        [
            0.2677885735338947,
            0.8423433111540486
        ],
        [
            0.010818448419310758,
            0.0011610379993863829
        ],
        [
            0.028317856488333834,
            0.0010236383234540902
        ]
    ],
    "r_thresh_deg": 5,
    "t_thresh": 0.035,
    "t_thresh_prec": 0.04
}