{
    "match_ratio": 0.16666666666666666,
    "recall": 0.16666666666666666,
    "precision": 0.125,
    "n_avail": 6,
    "n_pred": 32,
    "out_scores": [
        1.0,
        1.0,
        1.0,
        1.0,
        1.0,
        1.0,
        1.0,
        1.0,
        1.0,
        1.0,
        1.0,
        1.0,
        1.0,
        1.0,
        1.0,
        1.0,
        1.0,
        1.0,
        1.0,
        1.0,
        1.0,
        1.0,
        1.0,
        1.0,
        1.0,
        1.0,
        1.0,
        1.0,
        1.0,
        1.0,
        1.0,
        1.0
    ],
    "min_trans_rot_dists": [
        [
            0.08278451723377554,
            0.5286100369276293
        ],
        [
            0.09095233346248338,
            0.2990521726711338
        ],
        [
            0.03292757090509707,
            0.008595984561794001
        ],
        [
            0.0351420491021077,
            0.2990521726711338
        ],
        [
            0.12835445475251184,
            0.010294411911927592
        ],
        [
            0.11161732073964717,
            0.1948071767675389
        ]
    ],
    "min_trans_rot_dists_prec": [
        [
            0.0351420491021077,
            0.2990521726711338
        ],
        [
            0.09367401717494266,
            0.6333785825234878
        ],
        [
            0.10333275584411204,
            0.6755042955800452
        ],
        [
            0.12487174115523465,
            0.18052021176426403
        ],
        [
            0.039187457249079134,
            0.2927212430919566
        ],
        [
            0.044177554597181694,
            0.1948071767675389
        ],
        [
            0.044915944586672064,
            0.19727531837615564
        ],
        [
            0.13528456591653476,
            0.9999682676947333
        ],
        [
            0.02852893182543241,
            0.010294411911927592
        ],
        [
            0.0471302359585803,
            0.19816277571725593
        ],
        [
            0.034950625756700694,
            0.3238051440827612
        ],
        [
            0.03155814185526594,
            0.03476199107156741
        ],
        [
            0.03759935004527275,
            0.485465033038994
        ],
        [
            0.09499095344397901,
            0.6003670697927045
        ],
        [
            0.03898643324801178,
            0.19902285101865835
        ],
        [
            0.03331337632784578,
            0.5280980109936292
        ],
        [
            0.03250759067697759,
            0.42222771842804696
        ],
        [
            0.10508582123831234,
            0.6924056013426823
        ],
        [
            0.04937559797340012,
            0.21643698516992116
        ],
        [
            0.03629806738433385,
            0.35482241512609836
        ],
        [
            0.04412918183906168,
            0.9926258760841699
        ],
        [
            0.09242036627663668,
            0.39603743652177115
        ],
        [
            0.08278451723377554,
            0.5286100369276293
        ],
        [
            0.10241195742387876,
            0.6715567527183919
        ],
        [
            0.03801138200232849,
            0.01361652142363512
        ],
        [
            0.08504654848846643,
            0.5787775341891201
        ],
        [
            0.08316074258280412,
            0.2963193783443312
        ],
        [
            0.04755497064173856,
            0.21026306799573735
        ],
        [
            0.03292757090509707,
            0.008595984561794001
        ],
        [
            0.10338160603271322,
            0.6542452075733827
        ],
        [
            0.05215302012569727,
            0.19839395046408148
        ],
        [
            0.03592038619910201,
            0.395140837370057
        ]
    ],
    "r_thresh_deg": 5,
    "t_thresh": 0.035,
    "t_thresh_prec": 0.04
}