{
    "match_ratio": 0.75,
    "recall": 0.75,
    "precision": 0.15625,
    "n_avail": 4,
    "n_pred": 32,
    "out_scores": [
        1.0,
        1.0,
        1.0,
        1.0,
        1.0,
        1.0,
        1.0,
        1.0,
        1.0,
        1.0,
        1.0,
        1.0,
        1.0,
        1.0,
        1.0,
        1.0,
        1.0,
        1.0,
        1.0,
        1.0,
        1.0,
        1.0,
        1.0,
        1.0,
        1.0,
        1.0,
        1.0,
        1.0,
        1.0,
        1.0,
        1.0,
        1.0
    ],
    "min_trans_rot_dists": [
        [
            0.1975911405943349,
            0.0006419542108311305
        ],
        [
            0.02197056298549158,
            0.0321871016915648
        ],
        [
            0.009194824277728608,
            0.0006419542108311305
        ],
        [
            0.016832820897917745,
            0.002086183071067116
        ]
    ],
    "min_trans_rot_dists_prec": [
        [
            0.20346576863660726,
            0.6484367275726723
        ],
        [
            0.20407565122635524,
            0.6254597265159072
        ],
        [
            0.016778052306587892,
            0.17904115354502048
        ],
        [
            0.021779856903343154,
            0.9999944480526795
        ],
        [
            0.02197056298549158,
            0.0321871016915648
        ],
        [
            0.016832820897917745,
            0.002086183071067116
        ],
        [
            0.20393489024777428,
            0.6478675110165867
        ],
        [
            0.11389571225070798,
            0.002125086490183059
        ],
        [
            0.11148122251648035,
            0.8384346583767495
        ],
        [
            0.10561450214977454,
            0.8346774498806591
        ],
        [
            0.01721479464566094,
            0.3576888392870071
        ],
        [
            0.10685744091460124,
            0.5043812182808687
        ],
        [
            0.00829826338802405,
            0.001134254985554417
        ],
        [
            0.26564640206589796,
            0.7640504755072889
        ],
        [
            0.2622982091231902,
            0.7797040726023395
        ],
        [
            0.2593303007165732,
            0.004886281997331876
        ],
        [
            0.1125040690728503,
            0.0156541865417118
        ],
        [
            0.26217576190001174,
            0.24962300789310599
        ],
        [
            0.11260016575969103,
            0.0016757897061410176
        ],
        [
            0.007481053966986428,
            0.057372229169900923
        ],
        [
            0.0163470875656437,
            0.913598072001087
        ],
        [
            0.10183937752104445,
            0.4691786391594348
        ],
        [
            0.11407974032766183,
            0.9916706636834395
        ],
        [
            0.25987348078366423,
            0.004829368421521485
        ],
        [
            0.020826117944058014,
            0.9999525752044836
        ],
        [
            0.02544053539405954,
            0.5917660314836801
        ],
        [
            0.009194824277728608,
            0.0006419542108311305
        ],
        [
            0.2651139636800841,
            0.7510551723002694
        ],
        [
            0.269013037702349,
            0.7690137046624638
        ],
        [
            0.2658893962907342,
            0.7724068408943848
        ],
        [
            0.11620383982588824,
            0.9927762696291301
        ],
        [
            0.021654647270808337,
            0.9999870450352868
        ]
    ],
    "r_thresh_deg": 5,
    "t_thresh": 0.035,
    "t_thresh_prec": 0.04
}