{
    "match_ratio": 0.125,
    "recall": 0.125,
    "precision": 0.09375,
    "n_avail": 8,
    "n_pred": 32,
    "out_scores": [
        1.0,
        1.0,
        1.0,
        1.0,
        1.0,
        1.0,
        1.0,
        1.0,
        1.0,
        1.0,
        1.0,
        1.0,
        1.0,
        1.0,
        1.0,
        1.0,
        1.0,
        1.0,
        1.0,
        1.0,
        1.0,
        1.0,
        1.0,
        1.0,
        1.0,
        1.0,
        1.0,
        1.0,
        1.0,
        1.0,
        1.0,
        1.0
    ],
    "min_trans_rot_dists": [
        [
            0.16712338996439116,
            0.23963441119225193
        ],
        [
            0.026976628123648656,
            0.13516147831643044
        ],
        [
            0.09458720016235274,
            0.23963441119225193
        ],
        [
            0.09143962878428365,
            0.13516147831643044
        ],
        [
            0.017992636203868425,
            0.23963441119225193
        ],
        [
            0.02996211132167855,
            0.07485020457562097
        ],
        [
            0.04159593475282285,
            0.02437529437846464
        ],
        [
            0.022810032954528527,
            0.1829021809997904
        ]
    ],
    "min_trans_rot_dists_prec": [
        [
            0.19976640789014916,
            0.8127279696972507
        ],
        [
            0.12309494567573692,
            0.5675762313975119
        ],
        [
            0.19934089164322893,
            0.8087944003742012
        ],
        [
            0.12346474842670574,
            0.5953092283070152
        ],
        [
            0.19741552199519655,
            0.27853535786584693
        ],
        [
            0.12129923035008919,
            0.9967516767091565
        ],
        [
            0.1646494101148685,
            0.2791453634366713
        ],
        [
            0.12237327712161113,
            0.9648545959015846
        ],
        [
            0.299994462544993,
            0.02610423959493835
        ],
        [
            0.0983612646828531,
            0.6644555941238625
        ],
        [
            0.013842807147084139,
            0.33625620518346777
        ],
        [
            0.19503665108952167,
            0.31155185246895545
        ],
        [
            0.20262584319841337,
            0.8138715343641796
        ],
        [
            0.2438040934723839,
            0.1909446966599624
        ],
        [
            0.2056076940056787,
            0.6026609682474997
        ],
        [
            0.19964834916821358,
            0.8106069001614183
        ],
        [
            0.1143956039408934,
            0.9995968834803804
        ],
        [
            0.11049523689069247,
            0.9787758447397436
        ],
        [
            0.11481268584246833,
            0.14227987787310326
        ],
        [
            0.19959960205395957,
            0.33693382572304986
        ],
        [
            0.19746350136039448,
            0.28618450964190545
        ],
        [
            0.16712338996439116,
            0.23963441119225193
        ],
        [
            0.026976628123648656,
            0.9993831968745075
        ],
        [
            0.038781149156758274,
            0.034321036767316904
        ],
        [
            0.02996211132167855,
            0.07485020457562097
        ],
        [
            0.19962276955854633,
            0.7955629733521902
        ],
        [
            0.01598559654837484,
            0.31401547658297946
        ],
        [
            0.2428743448857557,
            0.1829021809997904
        ],
        [
            0.0193394786720782,
            0.7611964114642562
        ],
        [
            0.3025521459716705,
            0.02437529437846464
        ],
        [
            0.30524961503268594,
            0.02256900232043002
        ],
        [
            0.03929013716047586,
            0.026330637690635927
        ]
    ],
    "r_thresh_deg": 5,
    "t_thresh": 0.035,
    "t_thresh_prec": 0.04
}