{
    "match_ratio": 0.16666666666666666,
    "recall": 0.16666666666666666,
    "precision": 0.09375,
    "n_avail": 12,
    "n_pred": 32,
    "out_scores": [
        1.0,
        1.0,
        1.0,
        1.0,
        1.0,
        1.0,
        1.0,
        1.0,
        1.0,
        1.0,
        1.0,
        1.0,
        1.0,
        1.0,
        1.0,
        1.0,
        1.0,
        1.0,
        1.0,
        1.0,
        1.0,
        1.0,
        1.0,
        1.0,
        1.0,
        1.0,
        1.0,
        1.0,
        1.0,
        1.0,
        1.0,
        1.0
    ],
    "min_trans_rot_dists": [
        [
            0.2686407838530908,
            0.3017058368543838
        ],
        [
            0.2484672758258096,
            0.2544020002311007
        ],
        [
            0.11415924748853001,
            0.3017058368543838
        ],
        [
            0.09771158004513462,
            0.2544020002311007
        ],
        [
            0.01116506421528671,
            0.2249547117600823
        ],
        [
            0.01116506421528671,
            0.9996532761098958
        ],
        [
            0.23304116383785778,
            0.08216437973291857
        ],
        [
            0.22676428490555806,
            0.0007315068905459077
        ],
        [
            0.14796637026286172,
            0.08216437973291857
        ],
        [
            0.14058014721688017,
            0.0007315068905459077
        ],
        [
            0.019597703582411426,
            0.08216437973291857
        ],
        [
            0.02343400913039962,
            0.0007315068905459077
        ]
    ],
    "min_trans_rot_dists_prec": [
        [
            0.27146851777029724,
            0.4344653482329043
        ],
        [
            0.019597703582411426,
            0.08216437973291857
        ],
        [
            0.31061323409023384,
            0.1882904615025034
        ],
        [
            0.09771158004513462,
            0.2544020002311007
        ],
        [
            0.31907446309872617,
            0.19244309529021886
        ],
        [
            0.24599741177939852,
            0.7637976825048558
        ],
        [
            0.24314814933050696,
            0.6179228204484135
        ],
        [
            0.2392292401635001,
            0.9417095652627038
        ],
        [
            0.3199116868454013,
            0.1957614287668522
        ],
        [
            0.3053960160024683,
            0.0002744541870915995
        ],
        [
            0.2630843262097369,
            0.4629766731414532
        ],
        [
            0.2686407838530908,
            0.3017058368543838
        ],
        [
            0.30504190850185425,
            0.18103660770691832
        ],
        [
            0.3251539525257786,
            0.9374220554358675
        ],
        [
            0.3142808697589839,
            0.2122141655046178
        ],
        [
            0.26555421095882675,
            0.43798676590154784
        ],
        [
            0.2706337548999475,
            0.42626601186152147
        ],
        [
            0.06173704731614691,
            0.9296138819407217
        ],
        [
            0.26957311365496106,
            0.2249547117600823
        ],
        [
            0.27112990385205277,
            0.4451783771505229
        ],
        [
            0.2205990692185062,
            0.5437879415772264
        ],
        [
            0.17645489671605663,
            0.29727302905097586
        ],
        [
            0.02343400913039962,
            0.0007315068905459077
        ],
        [
            0.25817091073529225,
            0.4293926540565185
        ],
        [
            0.06368324269942637,
            0.7480022369711399
        ],
        [
            0.32184200144109804,
            0.27202166374128267
        ],
        [
            0.09247793185178704,
            0.18533920822431038
        ],
        [
            0.036004351149251386,
            0.00033017922463762783
        ],
        [
            0.11380795357910921,
            0.9800271684612467
        ],
        [
            0.3296445572992702,
            0.27338098251655163
        ],
        [
            0.31738657158985484,
            0.3099373659226311
        ],
        [
            0.17258494960645024,
            0.9985458532446272
        ]
    ],
    "r_thresh_deg": 5,
    "t_thresh": 0.035,
    "t_thresh_prec": 0.04
}