{
    "match_ratio": 0.0,
    "recall": 0.0,
    "precision": 0.0,
    "n_avail": 12,
    "n_pred": 32,
    "out_scores": [
        1.0,
        1.0,
        1.0,
        1.0,
        1.0,
        1.0,
        1.0,
        1.0,
        1.0,
        1.0,
        1.0,
        1.0,
        1.0,
        1.0,
        1.0,
        1.0,
        1.0,
        1.0,
        1.0,
        1.0,
        1.0,
        1.0,
        1.0,
        1.0,
        1.0,
        1.0,
        1.0,
        1.0,
        1.0,
        1.0,
        1.0,
        1.0
    ],
    "min_trans_rot_dists": [
        [
            0.17371666495680532,
            0.11811394696534572
        ],
        [
            0.08700016357332283,
            0.0951907919271835
        ],
        [
            0.12750118283359538,
            0.36185045009398553
        ],
        [
            0.01206942349268273,
            0.0951907919271835
        ],
        [
            0.012291290642602235,
            0.35971784645186367
        ],
        [
            0.012279186531360457,
            0.3442955054742137
        ],
        [
            0.29876380690053095,
            0.11811394696534572
        ],
        [
            0.010221125511992371,
            0.9999611955194216
        ],
        [
            0.18753353238394713,
            0.11811394696534572
        ],
        [
            0.12191988819719343,
            0.3243415009792652
        ],
        [
            0.0753548000587941,
            0.11811394696534572
        ],
        [
            0.057592832597053244,
            0.9999576019642095
        ]
    ],
    "min_trans_rot_dists_prec": [
        [
            0.21161678397611322,
            0.36185045009398553
        ],
        [
            0.17371666495680532,
            0.11811394696534572
        ],
        [
            0.21272300471624264,
            0.35971784645186367
        ],
        [
            0.3964666394134215,
            0.4891070178062521
        ],
        [
            0.2120915761758026,
            0.7453983313992099
        ],
        [
            0.1723334568658167,
            0.38961315740033287
        ],
        [
            0.12558575277180156,
            0.3442955054742137
        ],
        [
            0.17330046877488425,
            0.13644965821327693
        ],
        [
            0.17395573252988217,
            0.4246049094814791
        ],
        [
            0.08247823380376776,
            0.1319493637659339
        ],
        [
            0.1750497859135156,
            0.5357236830483081
        ],
        [
            0.33961023098956616,
            0.3243415009792652
        ],
        [
            0.1726038491398268,
            0.5468909572448888
        ],
        [
            0.08533889131915516,
            0.13856628996775433
        ],
        [
            0.0820930708781266,
            0.15070763988984404
        ],
        [
            0.07065820308145918,
            0.5415940074199573
        ],
        [
            0.01206942349268273,
            0.0951907919271835
        ],
        [
            0.21393571714675172,
            0.6923008282262543
        ],
        [
            0.2119862769900846,
            0.6984799861831134
        ],
        [
            0.17311091452688526,
            0.39588522195314957
        ],
        [
            0.12652830736477286,
            0.3205240088818171
        ],
        [
            0.17255028349148827,
            0.1703696349769409
        ],
        [
            0.1276921249306392,
            0.912841932807363
        ],
        [
            0.0796899062679894,
            0.17258285136492657
        ],
        [
            0.2131173035793073,
            0.35306912109823785
        ],
        [
            0.12474753709789675,
            0.3535276456273124
        ],
        [
            0.07923541564732398,
            0.15867575389696964
        ],
        [
            0.012787387749762789,
            0.465368108629731
        ],
        [
            0.17354499461549747,
            0.425673177370816
        ],
        [
            0.1735889468256841,
            0.3779509898689388
        ],
        [
            0.085272634475067,
            0.18041238326327236
        ],
        [
            0.08013643050632267,
            0.14756813986238515
        ]
    ],
    "r_thresh_deg": 5,
    "t_thresh": 0.035,
    "t_thresh_prec": 0.04
}