{
    "match_ratio": 0.25,
    "recall": 0.25,
    "precision": 0.09375,
    "n_avail": 8,
    "n_pred": 32,
    "out_scores": [
        1.0,
        1.0,
        1.0,
        1.0,
        1.0,
        1.0,
        1.0,
        1.0,
        1.0,
        1.0,
        1.0,
        1.0,
        1.0,
        1.0,
        1.0,
        1.0,
        1.0,
        1.0,
        1.0,
        1.0,
        1.0,
        1.0,
        1.0,
        1.0,
        1.0,
        1.0,
        1.0,
        1.0,
        1.0,
        1.0,
        1.0,
        1.0
    ],
    "min_trans_rot_dists": [
        [
            0.04125966232840888,
            0.009383784767711623
        ],
        [
            0.1276166800165935,
            0.03753668680114974
        ],
        [
            0.02650052087398991,
            0.7335496295833002
        ],
        [
            0.024149786941770023,
            0.06087199605706384
        ],
        [
            0.2855705851310622,
            0.023690335044144306
        ],
        [
            0.20807652424379827,
            0.037131746459135306
        ],
        [
            0.201859689321357,
            0.023690335044144306
        ],
        [
            0.02671169686360381,
            0.0387021196684364
        ]
    ],
    "min_trans_rot_dists_prec": [
        [
            0.3039191541201873,
            0.7657840245760731
        ],
        [
            0.013828537503038621,
            0.9829611374406506
        ],
        [
            0.15347041310572207,
            0.7335496295833002
        ],
        [
            0.30239562271878695,
            0.023690335044144306
        ],
        [
            0.13902002124634086,
            0.5791204333087084
        ],
        [
            0.14073498610445842,
            0.6012386868182145
        ],
        [
            0.30401580521607935,
            0.7707905171046159
        ],
        [
            0.3272558865843409,
            0.037131746459135306
        ],
        [
            0.30313706207433655,
            0.7660350109936467
        ],
        [
            0.18678274561020178,
            0.21923288635378257
        ],
        [
            0.04125966232840888,
            0.009383784767711623
        ],
        [
            0.012067587972856161,
            0.8497923512916457
        ],
        [
            0.4662856355131863,
            0.775259646357297
        ],
        [
            0.15336094190805297,
            0.7130629524489853
        ],
        [
            0.022922106556490886,
            0.03753668680114974
        ],
        [
            0.023037926818671506,
            0.11310693877837996
        ],
        [
            0.15529723178124205,
            0.7193501501630459
        ],
        [
            0.14848810340085003,
            0.9417021616251535
        ],
        [
            0.18916382657518485,
            0.1654446634981077
        ],
        [
            0.010656986579409578,
            0.9349264784563126
        ],
        [
            0.02671169686360381,
            0.0387021196684364
        ],
        [
            0.14657874953705685,
            0.8752073727515925
        ],
        [
            0.22480055441803345,
            0.9583342212279187
        ],
        [
            0.01299095536688719,
            0.8925774805147015
        ],
        [
            0.14119900253009326,
            0.5799897150721594
        ],
        [
            0.020893871298947885,
            0.9999877279252577
        ],
        [
            0.4812579792825579,
            0.5960562968932366
        ],
        [
            0.012632096404235054,
            0.9515437459894288
        ],
        [
            0.22635200112977072,
            0.9601736465545787
        ],
        [
            0.024149786941770023,
            0.06087199605706384
        ],
        [
            0.14805307393666683,
            0.9447623899442247
        ],
        [
            0.14531588785934954,
            0.9390862594760088
        ]
    ],
    "r_thresh_deg": 5,
    "t_thresh": 0.035,
    "t_thresh_prec": 0.04
}