{
    "match_ratio": 0.5,
    "recall": 0.5,
    "precision": 0.09375,
    "n_avail": 4,
    "n_pred": 32,
    "out_scores": [
        1.0,
        1.0,
        1.0,
        1.0,
        1.0,
        1.0,
        1.0,
        1.0,
        1.0,
        1.0,
        1.0,
        1.0,
        1.0,
        1.0,
        1.0,
        1.0,
        1.0,
        1.0,
        1.0,
        1.0,
        1.0,
        1.0,
        1.0,
        1.0,
        1.0,
        1.0,
        1.0,
        1.0,
        1.0,
        1.0,
        1.0,
        1.0
    ],
    "min_trans_rot_dists": [
        [
            0.009442565348005352,
            0.03602199349547619
        ],
        [
            0.009167440059379247,
            0.24256425953532235
        ],
        [
            0.011757002043561773,
            0.027653055861184828
        ],
        [
            0.01173614051986684,
            0.5662151055054829
        ]
    ],
    "min_trans_rot_dists_prec": [
        [
            0.01173614051986684,
            0.5662151055054829
        ],
        [
            0.014304031715434155,
            0.5509372842279379
        ],
        [
            0.012716278465212052,
            0.9998747145756445
        ],
        [
            0.2854567824055658,
            0.09524469277311931
        ],
        [
            0.2918952496095004,
            0.7806633395931201
        ],
        [
            0.2880207427429775,
            0.8285500543271106
        ],
        [
            0.28424107960811557,
            0.8374245362130663
        ],
        [
            0.28403407296711686,
            0.8208237081227023
        ],
        [
            0.009167440059379247,
            0.9999941651473863
        ],
        [
            0.2872671551136414,
            0.1448650755007097
        ],
        [
            0.007403513910210034,
            0.01991573683670056
        ],
        [
            0.28563808259562706,
            0.48456969390658333
        ],
        [
            0.2843399183366144,
            0.2357889623173629
        ],
        [
            0.28821738673557207,
            0.8276319403213649
        ],
        [
            0.01325282877089311,
            0.5369687086347886
        ],
        [
            0.014064366822295614,
            0.9249105709348895
        ],
        [
            0.011757002043561773,
            0.027653055861184828
        ],
        [
            0.012968906873591228,
            0.9999999689877226
        ],
        [
            0.28715032220823283,
            0.8019322265043893
        ],
        [
            0.29040827571565986,
            0.8212013355602065
        ],
        [
            0.2843432051639633,
            0.10967446552525462
        ],
        [
            0.28650915401017624,
            0.7997519979662577
        ],
        [
            0.012677314212316151,
            0.5279025208522531
        ],
        [
            0.009442565348005352,
            0.03602199349547619
        ],
        [
            0.012343859152886676,
            0.6429012972521957
        ],
        [
            0.28937716749080367,
            0.8288011700468363
        ],
        [
            0.015651493504130833,
            0.337071488768378
        ],
        [
            0.013545544350829724,
            0.5936229293229212
        ],
        [
            0.2830873404954148,
            0.3318233244997728
        ],
        [
            0.01391627091901866,
            0.3444291740498945
        ],
        [
            0.013393660020619473,
            0.6279758875557074
        ],
        [
            0.01314231784840267,
            0.6730424265020946
        ]
    ],
    "r_thresh_deg": 5,
    "t_thresh": 0.035,
    "t_thresh_prec": 0.04
}