{
    "match_ratio": 0.0,
    "recall": 0.0,
    "precision": 0.0,
    "n_avail": 6,
    "n_pred": 32,
    "out_scores": [
        1.0,
        1.0,
        1.0,
        1.0,
        1.0,
        1.0,
        1.0,
        1.0,
        1.0,
        1.0,
        1.0,
        1.0,
        1.0,
        1.0,
        1.0,
        1.0,
        1.0,
        1.0,
        1.0,
        1.0,
        1.0,
        1.0,
        1.0,
        1.0,
        1.0,
        1.0,
        1.0,
        1.0,
        1.0,
        1.0,
        1.0,
        1.0
    ],
    "min_trans_rot_dists": [
        [
            0.11948676566545804,
            0.09261445088144193
        ],
        [
            0.12323004116118395,
            0.20800255755765562
        ],
        [
            0.03548891735393338,
            0.3180927312477283
        ],
        [
            0.03883710187891604,
            0.4989501163234358
        ],
        [
            0.008087465613931533,
            0.5767628892648518
        ],
        [
            0.007977587198641185,
            0.9999849549216346
        ]
    ],
    "min_trans_rot_dists_prec": [
        [
            0.31450839688358295,
            0.5767628892648518
        ],
        [
            0.18672945242694922,
            0.3323860338909337
        ],
        [
            0.19790808967777004,
            0.048851254294141055
        ],
        [
            0.1958663205523524,
            0.30508541644216314
        ],
        [
            0.11591546630888647,
            0.7499381422545554
        ],
        [
            0.0523908782474286,
            0.999810466703271
        ],
        [
            0.31570997890765107,
            0.9376323789800737
        ],
        [
            0.03883710187891604,
            0.4989501163234358
        ],
        [
            0.11948676566545804,
            0.09261445088144193
        ],
        [
            0.2011351732316348,
            0.9363438676861555
        ],
        [
            0.2008961368453515,
            0.9974359674897563
        ],
        [
            0.04859272361157068,
            0.3301961669433763
        ],
        [
            0.040517837554746874,
            0.5168051761163823
        ],
        [
            0.04317886873996305,
            0.9753477869415775
        ],
        [
            0.03367483830139349,
            0.5928994085064463
        ],
        [
            0.201091343725853,
            0.9987635391103157
        ],
        [
            0.20034921543102227,
            0.3123096686911083
        ],
        [
            0.04879116379809522,
            0.3349216089582423
        ],
        [
            0.04808253377279276,
            0.3455373136227745
        ],
        [
            0.2003721380354349,
            0.3180927312477283
        ],
        [
            0.3156775022889836,
            0.9456651938420721
        ],
        [
            0.03637180020799371,
            0.5106724596946205
        ],
        [
            0.31547260473813316,
            0.9862217659457387
        ],
        [
            0.19710072625133582,
            0.2288921284551262
        ],
        [
            0.15960630375351353,
            0.1514126255009779
        ],
        [
            0.19830839123296112,
            0.18174932692364643
        ],
        [
            0.15654674385455064,
            0.9914158006120095
        ],
        [
            0.035757304712960576,
            0.5503764374336103
        ],
        [
            0.12323004116118395,
            0.9997857388636848
        ],
        [
            0.04037028735386836,
            0.9747063536916794
        ],
        [
            0.1616795331050179,
            0.998947043992738
        ],
        [
            0.1202019307365127,
            0.9999504174772358
        ]
    ],
    "r_thresh_deg": 5,
    "t_thresh": 0.035,
    "t_thresh_prec": 0.04
}