{
    "match_ratio": 0.0,
    "recall": 0.0,
    "precision": 0.0,
    "n_avail": 16,
    "n_pred": 32,
    "out_scores": [
        1.0,
        1.0,
        1.0,
        1.0,
        1.0,
        1.0,
        1.0,
        1.0,
        1.0,
        1.0,
        1.0,
        1.0,
        1.0,
        1.0,
        1.0,
        1.0,
        1.0,
        1.0,
        1.0,
        1.0,
        1.0,
        1.0,
        1.0,
        1.0,
        1.0,
        1.0,
        1.0,
        1.0,
        1.0,
        1.0,
        1.0,
        1.0
    ],
    "min_trans_rot_dists": [
        [
            0.07977454528111251,
            0.19180470684860096
        ],
        [
            0.08495733655587996,
            0.5901139903182456
        ],
        [
            0.009845704013458367,
            0.19180470684860096
        ],
        [
            0.015629730901139713,
            0.5901139903182456
        ],
        [
            0.01277451917722502,
            0.9999039144928628
        ],
        [
            0.01277451917722502,
            0.8938907260855775
        ],
        [
            0.02359775027718715,
            0.340600883062112
        ],
        [
            0.02891306238017973,
            0.16247813448067716
        ],
        [
            0.13736497414226453,
            0.09555031358351285
        ],
        [
            0.12765084373775443,
            0.014960401395184841
        ],
        [
            0.05502513370097724,
            0.09555031358351285
        ],
        [
            0.05048517903161946,
            0.014960401395184841
        ],
        [
            0.053559410030026636,
            0.026783336233519695
        ],
        [
            0.05322948572230912,
            0.11754400419818456
        ],
        [
            0.17030011796626657,
            0.026783336233519695
        ],
        [
            0.1689309380836474,
            0.11754400419818456
        ]
    ],
    "min_trans_rot_dists_prec": [
        [
            0.09836587531868828,
            0.8938907260855775
        ],
        [
            0.015629730901139713,
            0.5901139903182456
        ],
        [
            0.07977454528111251,
            0.19180470684860096
        ],
        [
            0.21864327948391274,
            0.09555031358351285
        ],
        [
            0.22362139273732343,
            0.909582809055998
        ],
        [
            0.16806669413608613,
            0.12235368964250992
        ],
        [
            0.21246484128516047,
            0.16247813448067716
        ],
        [
            0.20846498290975585,
            0.12430008297424944
        ],
        [
            0.21701409498830784,
            0.1068548113375033
        ],
        [
            0.2270385087525289,
            0.8638040195342986
        ],
        [
            0.20979649928413593,
            0.10874321875889503
        ],
        [
            0.21116219348317658,
            0.026783336233519695
        ],
        [
            0.21409021594100786,
            0.1397452960154757
        ],
        [
            0.20989614510583743,
            0.11638486463652253
        ],
        [
            0.07560629674704958,
            0.9467699385389472
        ],
        [
            0.16750232268631765,
            0.6642918683148888
        ],
        [
            0.16798588379654086,
            0.8764881096704328
        ],
        [
            0.21604390313106334,
            0.12798599906284902
        ],
        [
            0.28699716164533773,
            0.340600883062112
        ],
        [
            0.17260222969290198,
            0.7582035264367291
        ],
        [
            0.29388940994844753,
            0.890571112793853
        ],
        [
            0.1594586238386301,
            0.9999800133554283
        ],
        [
            0.2267317969479557,
            0.9113424051497625
        ],
        [
            0.21497450526178483,
            0.9078646008701057
        ],
        [
            0.17129112887697256,
            0.6650581258106443
        ],
        [
            0.1721727120938745,
            0.014960401395184841
        ],
        [
            0.2101701970161325,
            0.11570604038516064
        ],
        [
            0.212023635476973,
            0.9950276155072546
        ],
        [
            0.22468794814662787,
            0.9467649141792436
        ],
        [
            0.1664684401001813,
            0.8712756010677367
        ],
        [
            0.21114954514942105,
            0.9943906695783357
        ],
        [
            0.16087821588137596,
            0.11754400419818456
        ]
    ],
    "r_thresh_deg": 5,
    "t_thresh": 0.035,
    "t_thresh_prec": 0.04
}