{
    "match_ratio": 0.0,
    "recall": 0.0,
    "precision": 0.0,
    "n_avail": 10,
    "n_pred": 32,
    "out_scores": [
        1.0,
        1.0,
        1.0,
        1.0,
        1.0,
        1.0,
        1.0,
        1.0,
        1.0,
        1.0,
        1.0,
        1.0,
        1.0,
        1.0,
        1.0,
        1.0,
        1.0,
        1.0,
        1.0,
        1.0,
        1.0,
        1.0,
        1.0,
        1.0,
        1.0,
        1.0,
        1.0,
        1.0,
        1.0,
        1.0,
        1.0,
        1.0
    ],
    "min_trans_rot_dists": [
        [
            0.12435144250321421,
            0.10240875467964439
        ],
        [
            0.01251431804143495,
            0.09361060571261637
        ],
        [
            0.14352895696281498,
            0.11705543035029697
        ],
        [
            0.12880651887584404,
            0.09361060571261637
        ],
        [
            0.19438280401010105,
            0.10240875467964439
        ],
        [
            0.19104280488231662,
            0.26125788249430226
        ],
        [
            0.12969096776611624,
            0.10240875467964439
        ],
        [
            0.1399400461830866,
            0.26125788249430226
        ],
        [
            0.03261154877277561,
            0.7520399796469917
        ],
        [
            0.04725922646478893,
            0.9304434909225555
        ]
    ],
    "min_trans_rot_dists_prec": [
        [
            0.04736960684204743,
            0.9347066399162385
        ],
        [
            0.12540627085191294,
            0.7564166675419622
        ],
        [
            0.12864112507520598,
            0.12425457850351251
        ],
        [
            0.12924623824634784,
            0.11705543035029697
        ],
        [
            0.12563580952572106,
            0.7660127603401387
        ],
        [
            0.1241594608517082,
            0.7705677565168574
        ],
        [
            0.043858752365718,
            0.9446944637764912
        ],
        [
            0.12501292501159925,
            0.7558591361541384
        ],
        [
            0.1259603487243026,
            0.7554032402625563
        ],
        [
            0.12435144250321421,
            0.10240875467964439
        ],
        [
            0.12594394908553652,
            0.10853817414260203
        ],
        [
            0.047448341731160165,
            0.9447632192145498
        ],
        [
            0.1274037161488438,
            0.7847710335602995
        ],
        [
            0.12464659840083904,
            0.7535941383484989
        ],
        [
            0.04316060695745368,
            0.9403968664225507
        ],
        [
            0.013015338998859692,
            0.9999956436523637
        ],
        [
            0.045462930890882595,
            0.9396738902290552
        ],
        [
            0.1270486076958922,
            0.1225562205558095
        ],
        [
            0.12786790006576434,
            0.12454221970222945
        ],
        [
            0.05102471237156191,
            0.9325972410597676
        ],
        [
            0.048144726620086405,
            0.953968770954787
        ],
        [
            0.04944546962354332,
            0.38216402235850677
        ],
        [
            0.12702508653006095,
            0.7901040227541569
        ],
        [
            0.1246903071702402,
            0.7701563320713435
        ],
        [
            0.12692621787689998,
            0.9570548861654482
        ],
        [
            0.12389514144748676,
            0.7520399796469917
        ],
        [
            0.040800381863771246,
            0.944338879243949
        ],
        [
            0.04725922646478893,
            0.9304434909225555
        ],
        [
            0.01251431804143495,
            0.999990302200012
        ],
        [
            0.12457175746125082,
            0.7707584584748902
        ],
        [
            0.12679205427923748,
            0.7597271245248733
        ],
        [
            0.12724703679739174,
            0.7704556298391502
        ]
    ],
    "r_thresh_deg": 5,
    "t_thresh": 0.035,
    "t_thresh_prec": 0.04
}