{
    "match_ratio": 0.1,
    "recall": 0.1,
    "precision": 0.125,
    "n_avail": 10,
    "n_pred": 32,
    "out_scores": [
        1.0,
        1.0,
        1.0,
        1.0,
        1.0,
        1.0,
        1.0,
        1.0,
        1.0,
        1.0,
        1.0,
        1.0,
        1.0,
        1.0,
        1.0,
        1.0,
        1.0,
        1.0,
        1.0,
        1.0,
        1.0,
        1.0,
        1.0,
        1.0,
        1.0,
        1.0,
        1.0,
        1.0,
        1.0,
        1.0,
        1.0,
        1.0
    ],
    "min_trans_rot_dists": [
        [
            0.022651952439930994,
            0.9976801715123736
        ],
        [
            0.19211506650399554,
            0.006507991074720554
        ],
        [
            0.0311503515924671,
            0.06372710442639096
        ],
        [
            0.038666368433278565,
            0.006507991074720554
        ],
        [
            0.049667470818854885,
            0.9989742179872142
        ],
        [
            0.06506580602429358,
            0.491547831375994
        ],
        [
            0.02827566177405671,
            0.999668037045289
        ],
        [
            0.011602874189392709,
            0.48608766003768134
        ],
        [
            0.044807891495706714,
            0.06387990733746018
        ],
        [
            0.004678804730513915,
            0.20410013144731143
        ]
    ],
    "min_trans_rot_dists_prec": [
        [
            0.20103264190778442,
            0.491547831375994
        ],
        [
            0.12460158131902112,
            0.20410013144731143
        ],
        [
            0.22569337196406147,
            0.9988993281856658
        ],
        [
            0.19856896828806359,
            0.48608766003768134
        ],
        [
            0.023976443125330458,
            0.8961568737752844
        ],
        [
            0.20127688963371979,
            0.49347535592748515
        ],
        [
            0.03556076923660699,
            0.9999798235011733
        ],
        [
            0.038666368433278565,
            0.006507991074720554
        ],
        [
            0.19297423693958654,
            0.6035874068277947
        ],
        [
            0.030161853295804716,
            0.06183261435916243
        ],
        [
            0.02996134919359908,
            0.8928752469519363
        ],
        [
            0.22609426557027087,
            0.9994236988774914
        ],
        [
            0.12774204493813737,
            0.37939457312902924
        ],
        [
            0.22140923017476744,
            0.06387990733746018
        ],
        [
            0.036024967489056946,
            0.007630350314236756
        ],
        [
            0.12638060741055346,
            0.3867192252165791
        ],
        [
            0.12283100360399275,
            0.393371428580809
        ],
        [
            0.19337796044430275,
            0.6276625627132788
        ],
        [
            0.022651952439930994,
            0.9976801715123736
        ],
        [
            0.1258026147047193,
            0.4041417788901893
        ],
        [
            0.14358192728173863,
            0.99935469078315
        ],
        [
            0.22225799241796473,
            0.06666150520915703
        ],
        [
            0.14418079607276552,
            0.998902328682828
        ],
        [
            0.19374484527028996,
            0.5902944262873918
        ],
        [
            0.02320330866971389,
            0.8386413996010551
        ],
        [
            0.22553850353203597,
            0.9985533512623872
        ],
        [
            0.19325999631582316,
            0.6719495894315584
        ],
        [
            0.15033478734981107,
            0.7565536826998314
        ],
        [
            0.02853078054541209,
            0.8745627372876283
        ],
        [
            0.22474624100942292,
            0.9989015370307485
        ],
        [
            0.19347372343117897,
            0.6777021675163144
        ],
        [
            0.0311503515924671,
            0.06372710442639096
        ]
    ],
    "r_thresh_deg": 5,
    "t_thresh": 0.035,
    "t_thresh_prec": 0.04
}