{
    "match_ratio": 0.1,
    "recall": 0.1,
    "precision": 0.03125,
    "n_avail": 10,
    "n_pred": 32,
    "out_scores": [
        1.0,
        1.0,
        1.0,
        1.0,
        1.0,
        1.0,
        1.0,
        1.0,
        1.0,
        1.0,
        1.0,
        1.0,
        1.0,
        1.0,
        1.0,
        1.0,
        1.0,
        1.0,
        1.0,
        1.0,
        1.0,
        1.0,
        1.0,
        1.0,
        1.0,
        1.0,
        1.0,
        1.0,
        1.0,
        1.0,
        1.0,
        1.0
    ],
    "min_trans_rot_dists": [
        [
            0.0477957087598877,
            0.1526195314560128
        ],
        [
            0.032036553510948626,
            0.8082347184346818
        ],
        [
            0.24959425010923525,
            0.07167969437199773
        ],
        [
            0.01460465706141562,
            0.23081139524511896
        ],
        [
            0.19364198466910715,
            0.07167969437199773
        ],
        [
            0.053686245363079386,
            0.9947729938762512
        ],
        [
            0.10722635889606608,
            0.07167969437199773
        ],
        [
            0.008103306743012531,
            0.9933937786141943
        ],
        [
            0.013280149748620995,
            0.07167969437199773
        ],
        [
            0.012560558629426297,
            0.9763487806697492
        ]
    ],
    "min_trans_rot_dists_prec": [
        [
            0.0477957087598877,
            0.1526195314560128
        ],
        [
            0.032036553510948626,
            0.9999920702631889
        ],
        [
            0.11760622434961401,
            0.9947729938762512
        ],
        [
            0.034345718957530996,
            0.5873384529131287
        ],
        [
            0.39781816451848506,
            0.6595313610600054
        ],
        [
            0.03285825224011827,
            0.6046859124298825
        ],
        [
            0.04968568580322963,
            0.13688893932364687
        ],
        [
            0.03712179708399923,
            0.9999665620659447
        ],
        [
            0.14510542955781794,
            0.9998130231232555
        ],
        [
            0.04366887476632317,
            0.9999988772673708
        ],
        [
            0.014611272632245799,
            0.26619948591098386
        ],
        [
            0.03948419759470028,
            0.9999753328831593
        ],
        [
            0.04414964059942584,
            0.9999801359134761
        ],
        [
            0.03234358346509454,
            0.6059252313131567
        ],
        [
            0.04897321789309783,
            0.14093498680917893
        ],
        [
            0.2518460456690019,
            0.9763487806697492
        ],
        [
            0.01460465706141562,
            0.23081139524511896
        ],
        [
            0.013280149748620995,
            0.07167969437199773
        ],
        [
            0.013288783008992215,
            0.6199692362424211
        ],
        [
            0.03633801190575966,
            0.5952723532699966
        ],
        [
            0.03677888746513808,
            0.9999914065474746
        ],
        [
            0.039498930827964705,
            0.999954083667622
        ],
        [
            0.04144241965887959,
            0.999949616560581
        ],
        [
            0.009315675502799584,
            0.9948350474070276
        ],
        [
            0.3923357035384372,
            0.6655963661300608
        ],
        [
            0.39461745913521046,
            0.3303372357785568
        ],
        [
            0.01710113329989753,
            0.8604788108833188
        ],
        [
            0.4288374534503773,
            0.9880885753081532
        ],
        [
            0.13970993068581627,
            0.9933937786141943
        ],
        [
            0.39179463971262307,
            0.9980991232340589
        ],
        [
            0.38624892771944075,
            0.647809256005897
        ],
        [
            0.011332431122098188,
            0.9883869335723225
        ]
    ],
    "r_thresh_deg": 5,
    "t_thresh": 0.035,
    "t_thresh_prec": 0.04
}