{
    "match_ratio": 0.3333333333333333,
    "recall": 0.3333333333333333,
    "precision": 0.125,
    "n_avail": 6,
    "n_pred": 32,
    "out_scores": [
        1.0,
        1.0,
        1.0,
        1.0,
        1.0,
        1.0,
        1.0,
        1.0,
        1.0,
        1.0,
        1.0,
        1.0,
        1.0,
        1.0,
        1.0,
        1.0,
        1.0,
        1.0,
        1.0,
        1.0,
        1.0,
        1.0,
        1.0,
        1.0,
        1.0,
        1.0,
        1.0,
        1.0,
        1.0,
        1.0,
        1.0,
        1.0
    ],
    "min_trans_rot_dists": [
        [
            0.011553482850595232,
            0.465856655816289
        ],
        [
            0.08538083968741905,
            0.0001344782239777187
        ],
        [
            0.03146762729430074,
            0.530973704843364
        ],
        [
            0.01231208140614218,
            0.05748789920322839
        ],
        [
            0.012177712599019086,
            0.09523583729723728
        ],
        [
            0.013751725802688713,
            0.032746035225397985
        ]
    ],
    "min_trans_rot_dists_prec": [
        [
            0.01583291734927003,
            0.020836917746604344
        ],
        [
            0.012106552923581843,
            0.5345491517952203
        ],
        [
            0.18619225209074,
            0.09523583729723728
        ],
        [
            0.00993190866410465,
            0.9997320935437454
        ],
        [
            0.2899842187982825,
            0.18498541502020927
        ],
        [
            0.06580500445984908,
            0.530973704843364
        ],
        [
            0.016194642397715536,
            0.0001344782239777187
        ],
        [
            0.016635529907053904,
            0.9993954620984836
        ],
        [
            0.012417435890381516,
            0.4655353654749754
        ],
        [
            0.111693923294559,
            0.4734257287407896
        ],
        [
            0.18177652682971515,
            0.5239561557624723
        ],
        [
            0.017460460231095477,
            0.507393191949475
        ],
        [
            0.018674652824793383,
            0.9994823493465169
        ],
        [
            0.014844188143137137,
            0.9999998651580383
        ],
        [
            0.012346397697759196,
            0.9481482573855072
        ],
        [
            0.2842093268039502,
            0.9998955456069193
        ],
        [
            0.013961031932642518,
            0.9999825702652855
        ],
        [
            0.01231208140614218,
            0.05748789920322839
        ],
        [
            0.017155309481006104,
            0.9995813276484556
        ],
        [
            0.20120983277082025,
            0.03441411082806001
        ],
        [
            0.013751725802688713,
            0.032746035225397985
        ],
        [
            0.011032664896017532,
            0.9987749262114791
        ],
        [
            0.014678159718520552,
            0.9996371972251649
        ],
        [
            0.014446538336009807,
            0.9998669371924394
        ],
        [
            0.013489873231893797,
            0.9999981335755944
        ],
        [
            0.011553482850595232,
            0.465856655816289
        ],
        [
            0.018103278476880008,
            0.9305400974437377
        ],
        [
            0.01460953323138018,
            0.8096708525745608
        ],
        [
            0.012389912246021158,
            0.7921411040606127
        ],
        [
            0.19446216832555957,
            0.9012143868867682
        ],
        [
            0.185163905865191,
            0.1170986409806104
        ],
        [
            0.013690799881291606,
            0.487260851919711
        ]
    ],
    "r_thresh_deg": 5,
    "t_thresh": 0.035,
    "t_thresh_prec": 0.04
}