{
    "match_ratio": 0.125,
    "recall": 0.125,
    "precision": 0.03125,
    "n_avail": 8,
    "n_pred": 32,
    "out_scores": [
        1.0,
        1.0,
        1.0,
        1.0,
        1.0,
        1.0,
        1.0,
        1.0,
        1.0,
        1.0,
        1.0,
        1.0,
        1.0,
        1.0,
        1.0,
        1.0,
        1.0,
        1.0,
        1.0,
        1.0,
        1.0,
        1.0,
        1.0,
        1.0,
        1.0,
        1.0,
        1.0,
        1.0,
        1.0,
        1.0,
        1.0,
        1.0
    ],
    "min_trans_rot_dists": [
        [
            0.15107888929253765,
            0.9209099326425996
        ],
        [
            0.13120001263120318,
            0.0024858505891496296
        ],
        [
            0.03362398002495766,
            0.339295196939956
        ],
        [
            0.015661563718027998,
            0.0024858505891496296
        ],
        [
            0.1080767804527739,
            0.35484180108504004
        ],
        [
            0.19604432919823614,
            0.17673749624699886
        ],
        [
            0.03221874876920462,
            0.9211580167370086
        ],
        [
            0.19296712130631846,
            0.17673749624699886
        ]
    ],
    "min_trans_rot_dists_prec": [
        [
            0.3275399293621779,
            0.17673749624699886
        ],
        [
            0.3703824654814419,
            0.9211580167370086
        ],
        [
            0.028509513591302455,
            0.8825689756029649
        ],
        [
            0.22445793697196903,
            0.9211532948231163
        ],
        [
            0.15107888929253765,
            0.9209099326425996
        ],
        [
            0.3713342923378426,
            0.35484180108504004
        ],
        [
            0.14782998676327336,
            0.9337754544408123
        ],
        [
            0.15816519445874885,
            0.348555763007544
        ],
        [
            0.36435714043898354,
            0.928783538536947
        ],
        [
            0.18447737497780878,
            0.037025989625463995
        ],
        [
            0.2268340704440911,
            0.8460844769075851
        ],
        [
            0.1508584347962042,
            0.9224491367723008
        ],
        [
            0.1498828113745652,
            0.9238986224494323
        ],
        [
            0.3660366634179572,
            0.9290119949740923
        ],
        [
            0.019283297983565133,
            0.14902766643746068
        ],
        [
            0.15208628881985325,
            0.9206713970983189
        ],
        [
            0.018451407531629875,
            0.16741190746809964
        ],
        [
            0.02033354640104643,
            0.1772702796026887
        ],
        [
            0.22456308434885128,
            0.3415915311981573
        ],
        [
            0.02370827052913041,
            0.15654953803090232
        ],
        [
            0.22170197274952724,
            0.9304167118724315
        ],
        [
            0.3002453701762784,
            0.3601117967835753
        ],
        [
            0.019927346918371343,
            0.12240428548124127
        ],
        [
            0.15297859509605002,
            0.9164694148108471
        ],
        [
            0.15161929948262529,
            0.9165817745522604
        ],
        [
            0.018695699918144206,
            0.14883190501394783
        ],
        [
            0.015661563718027998,
            0.0024858505891496296
        ],
        [
            0.36773260719524276,
            0.9274882165779704
        ],
        [
            0.3615611237809512,
            0.9291356748136075
        ],
        [
            0.11230882984644847,
            0.8261761538930233
        ],
        [
            0.158908631944957,
            0.339295196939956
        ],
        [
            0.02584864918123545,
            0.8799951049360829
        ]
    ],
    "r_thresh_deg": 5,
    "t_thresh": 0.035,
    "t_thresh_prec": 0.04
}