{
    "match_ratio": 0.3333333333333333,
    "recall": 0.3333333333333333,
    "precision": 0.28125,
    "n_avail": 12,
    "n_pred": 32,
    "out_scores": [
        1.0,
        1.0,
        1.0,
        1.0,
        1.0,
        1.0,
        1.0,
        1.0,
        1.0,
        1.0,
        1.0,
        1.0,
        1.0,
        1.0,
        1.0,
        1.0,
        1.0,
        1.0,
        1.0,
        1.0,
        1.0,
        1.0,
        1.0,
        1.0,
        1.0,
        1.0,
        1.0,
        1.0,
        1.0,
        1.0,
        1.0,
        1.0
    ],
    "min_trans_rot_dists": [
        [
            0.15844737029144657,
            0.222228255637001
        ],
        [
            0.16598350170702358,
            0.016207250454670863
        ],
        [
            0.1175888593553674,
            0.222228255637001
        ],
        [
            0.11716873661471343,
            0.016207250454670863
        ],
        [
            0.018813076983638505,
            0.222228255637001
        ],
        [
            0.0073048427082337015,
            0.016207250454670863
        ],
        [
            0.016483902768456408,
            0.9998506980300335
        ],
        [
            0.006324756326940001,
            0.00040431254575612474
        ],
        [
            0.07890857052810554,
            0.9998506980300335
        ],
        [
            0.08540527599153236,
            0.00040431254575612474
        ],
        [
            0.009680494008057655,
            0.008742250194527235
        ],
        [
            0.009473348838694592,
            0.04289602909760848
        ]
    ],
    "min_trans_rot_dists_prec": [
        [
            0.28784773857468293,
            0.3532097144668679
        ],
        [
            0.289996307961579,
            0.5406739649044625
        ],
        [
            0.006118406448431425,
            0.005262850664092378
        ],
        [
            0.15844737029144657,
            0.222228255637001
        ],
        [
            0.3061367346861392,
            0.144440506248929
        ],
        [
            0.2852758097339889,
            0.6819884333224302
        ],
        [
            0.006232512097258262,
            0.019508174913360765
        ],
        [
            0.29382268710668813,
            0.23335094674183599
        ],
        [
            0.005737513584892929,
            0.05135010319513711
        ],
        [
            0.3041032659211828,
            0.17010713457965954
        ],
        [
            0.09942996033700632,
            0.2519307219681419
        ],
        [
            0.030433454538208088,
            0.5609198477436245
        ],
        [
            0.11180404995954893,
            0.8454209451185697
        ],
        [
            0.2877081231310656,
            0.846113319163583
        ],
        [
            0.010172884508606993,
            0.053254353202378146
        ],
        [
            0.15930285625487817,
            0.3655680803539344
        ],
        [
            0.29327908763207766,
            0.6068182958550487
        ],
        [
            0.114469149271499,
            0.9537674555082467
        ],
        [
            0.16827761219423987,
            0.10029557341376638
        ],
        [
            0.11675181370070153,
            0.9160879431628545
        ],
        [
            0.11555526834711846,
            0.1135133346249988
        ],
        [
            0.009473348838694592,
            0.04289602909760848
        ],
        [
            0.16804075474518324,
            0.9674362097818267
        ],
        [
            0.25342614435733524,
            0.9724048817945996
        ],
        [
            0.1691410047089165,
            0.4785688209096891
        ],
        [
            0.012920091521358293,
            0.021040451298911744
        ],
        [
            0.3109408170661023,
            0.8820362151104596
        ],
        [
            0.009680494008057655,
            0.008742250194527235
        ],
        [
            0.006324756326940001,
            0.00040431254575612474
        ],
        [
            0.0073048427082337015,
            0.016207250454670863
        ],
        [
            0.16504351953986035,
            0.8807838367307521
        ],
        [
            0.17134417822869508,
            0.018497128435426835
        ]
    ],
    "r_thresh_deg": 5,
    "t_thresh": 0.035,
    "t_thresh_prec": 0.04
}