{
    "match_ratio": 0.25,
    "recall": 0.25,
    "precision": 0.09375,
    "n_avail": 4,
    "n_pred": 32,
    "out_scores": [
        1.0,
        1.0,
        1.0,
        1.0,
        1.0,
        1.0,
        1.0,
        1.0,
        1.0,
        1.0,
        1.0,
        1.0,
        1.0,
        1.0,
        1.0,
        1.0,
        1.0,
        1.0,
        1.0,
        1.0,
        1.0,
        1.0,
        1.0,
        1.0,
        1.0,
        1.0,
        1.0,
        1.0,
        1.0,
        1.0,
        1.0,
        1.0
    ],
    "min_trans_rot_dists": [
        [
            0.08970567149830691,
            0.7922937543937201
        ],
        [
            0.08970567149830691,
            0.5265293048221573
        ],
        [
            0.03230769926171809,
            0.03811760669971387
        ],
        [
            0.007883245266264709,
            0.9246975960913851
        ]
    ],
    "min_trans_rot_dists_prec": [
        [
            0.01685892837729217,
            0.9996546939330785
        ],
        [
            0.3929902932594073,
            0.045083309787012804
        ],
        [
            0.02989375159205533,
            0.5381739277994506
        ],
        [
            0.2862331627418853,
            0.47480959654508914
        ],
        [
            0.025484361659057566,
            0.030548571335412555
        ],
        [
            0.03138459942938477,
            0.3348527978969772
        ],
        [
            0.0996773979485617,
            0.9975451250214544
        ],
        [
            0.022748895185891127,
            0.7007710108481744
        ],
        [
            0.3681981397304102,
            0.4212500703541828
        ],
        [
            0.0991888559647322,
            0.9941499049602743
        ],
        [
            0.018372623521774253,
            0.9996391103175579
        ],
        [
            0.01064086810047899,
            0.9348747995409912
        ],
        [
            0.013362504486447286,
            0.9898857594513479
        ],
        [
            0.008793062640606817,
            0.934195011716237
        ],
        [
            0.09835688297108588,
            0.9944867966940178
        ],
        [
            0.009950968971485894,
            0.9431382203402321
        ],
        [
            0.26015887620099587,
            0.9800442381093889
        ],
        [
            0.10002571239687386,
            0.9966555890752081
        ],
        [
            0.029251428818152594,
            0.05600852609517204
        ],
        [
            0.03161950501792019,
            0.2023465678544094
        ],
        [
            0.024719168568366253,
            0.3120280815600176
        ],
        [
            0.007221315284143743,
            0.9509873384448257
        ],
        [
            0.28407528398751297,
            0.4994574305531214
        ],
        [
            0.006947453691141495,
            0.9385945905389752
        ],
        [
            0.006486924635816066,
            0.9404427796735877
        ],
        [
            0.03230769926171809,
            0.03811760669971387
        ],
        [
            0.101941075662174,
            0.9978670249305467
        ],
        [
            0.30164183361141567,
            0.1506348111393394
        ],
        [
            0.015746025282651344,
            0.9849177422814054
        ],
        [
            0.006632086331322916,
            0.9346876278912988
        ],
        [
            0.007883245266264709,
            0.9246975960913851
        ],
        [
            0.03674931458302168,
            0.5265293048221573
        ]
    ],
    "r_thresh_deg": 5,
    "t_thresh": 0.035,
    "t_thresh_prec": 0.04
}