{
    "match_ratio": 0.16666666666666666,
    "recall": 0.16666666666666666,
    "precision": 0.15625,
    "n_avail": 6,
    "n_pred": 32,
    "out_scores": [
        1.0,
        1.0,
        1.0,
        1.0,
        1.0,
        1.0,
        1.0,
        1.0,
        1.0,
        1.0,
        1.0,
        1.0,
        1.0,
        1.0,
        1.0,
        1.0,
        1.0,
        1.0,
        1.0,
        1.0,
        1.0,
        1.0,
        1.0,
        1.0,
        1.0,
        1.0,
        1.0,
        1.0,
        1.0,
        1.0,
        1.0,
        1.0
    ],
    "min_trans_rot_dists": [
        [
            0.19780872622437437,
            0.0008067414427902486
        ],
        [
            0.1141477096157804,
            0.20824636951499753
        ],
        [
            0.10204907000108936,
            0.0008067414427902486
        ],
        [
            0.006009452849911578,
            0.7816679021805059
        ],
        [
            0.027639033166705428,
            0.0028716987308700093
        ],
        [
            0.005682295125318336,
            0.4231732925796692
        ]
    ],
    "min_trans_rot_dists_prec": [
        [
            0.22861560856513166,
            0.0047148996530421705
        ],
        [
            0.006426671744945977,
            0.8119660636093832
        ],
        [
            0.0991265811384584,
            0.6534213644572551
        ],
        [
            0.08963122194423237,
            0.6853026038265562
        ],
        [
            0.009188257045441057,
            0.20824636951499753
        ],
        [
            0.09696303619982198,
            0.684953485612005
        ],
        [
            0.03841390114785951,
            0.01083246157751383
        ],
        [
            0.04179152406630291,
            0.00688782970818147
        ],
        [
            0.0952065117134034,
            0.6934367188087494
        ],
        [
            0.18644954336097622,
            0.8786607929166975
        ],
        [
            0.008066660805231895,
            0.19545956485002003
        ],
        [
            0.09958021373408948,
            0.6326980837885476
        ],
        [
            0.18783202434664253,
            0.8046812303382497
        ],
        [
            0.029380354842173096,
            0.0009839649104035342
        ],
        [
            0.1913592107186327,
            0.7873837011604703
        ],
        [
            0.13706545329182251,
            0.8942791118845644
        ],
        [
            0.0937707294223672,
            0.4231732925796692
        ],
        [
            0.19170269388896635,
            0.8268464891764171
        ],
        [
            0.09520853670064666,
            0.6799262902524222
        ],
        [
            0.026311462270872454,
            0.0008067414427902486
        ],
        [
            0.008307429462625594,
            0.7932189107776764
        ],
        [
            0.02436023731229342,
            0.0010605887786696577
        ],
        [
            0.1357048937075729,
            0.8844918775864842
        ],
        [
            0.0071938761416701314,
            0.8042361906884078
        ],
        [
            0.006009452849911578,
            0.7816679021805059
        ],
        [
            0.19571285679044506,
            0.7551971739444282
        ],
        [
            0.1877165528119797,
            0.8157968494733943
        ],
        [
            0.1335307798889243,
            0.88033974769229
        ],
        [
            0.1844313551805029,
            0.9077888942992944
        ],
        [
            0.19019470193677218,
            0.7838207686322066
        ],
        [
            0.027639033166705428,
            0.0028716987308700093
        ],
        [
            0.0926453149807395,
            0.7003315657512008
        ]
    ],
    "r_thresh_deg": 5,
    "t_thresh": 0.035,
    "t_thresh_prec": 0.04
}