{
    "match_ratio": 0.0,
    "recall": 0.0,
    "precision": 0.03125,
    "n_avail": 6,
    "n_pred": 32,
    "out_scores": [
        1.0,
        1.0,
        1.0,
        1.0,
        1.0,
        1.0,
        1.0,
        1.0,
        1.0,
        1.0,
        1.0,
        1.0,
        1.0,
        1.0,
        1.0,
        1.0,
        1.0,
        1.0,
        1.0,
        1.0,
        1.0,
        1.0,
        1.0,
        1.0,
        1.0,
        1.0,
        1.0,
        1.0,
        1.0,
        1.0,
        1.0,
        1.0
    ],
    "min_trans_rot_dists": [
        [
            0.015438006465987317,
            0.29941348554666536
        ],
        [
            0.21017246658543687,
            0.12054431986906733
        ],
        [
            0.010593007621143123,
            0.9818285456592076
        ],
        [
            0.032137795223379645,
            0.12054431986906733
        ],
        [
            0.10553678614420758,
            0.10387084044049655
        ],
        [
            0.12250042031989294,
            0.09129684251568893
        ]
    ],
    "min_trans_rot_dists_prec": [
        [
            0.032137795223379645,
            0.12054431986906733
        ],
        [
            0.05278481145029802,
            0.17335447468265341
        ],
        [
            0.05056987183854332,
            0.15612628265894757
        ],
        [
            0.2116630910044293,
            0.9818285456592076
        ],
        [
            0.21697342082995108,
            0.9765300772382712
        ],
        [
            0.21838317917573857,
            0.9904516577970496
        ],
        [
            0.03048532774377392,
            0.9999676001438632
        ],
        [
            0.21974187599562914,
            0.9947475209427398
        ],
        [
            0.02346151500913919,
            0.9804834845046435
        ],
        [
            0.026658504056027953,
            0.9835864571105937
        ],
        [
            0.022298207265484354,
            0.9757958310465275
        ],
        [
            0.02533587190422451,
            0.6385065406724157
        ],
        [
            0.03880647892544866,
            0.09129684251568893
        ],
        [
            0.21942262021108064,
            0.9709091268969499
        ],
        [
            0.030389434725306037,
            0.1669810122711317
        ],
        [
            0.23224116468150457,
            0.10387084044049655
        ],
        [
            0.04117872491511115,
            0.06193164170653598
        ],
        [
            0.015438006465987317,
            0.29941348554666536
        ],
        [
            0.21553284860690242,
            0.9661622368080105
        ],
        [
            0.0305935120037439,
            0.9999184231638982
        ],
        [
            0.21468784064249816,
            0.9671081700357081
        ],
        [
            0.21604920763380295,
            0.9688062194214976
        ],
        [
            0.022902517619856594,
            0.999995292395983
        ],
        [
            0.020735261033765207,
            0.9999765387875246
        ],
        [
            0.21989235734235596,
            0.9666260281811847
        ],
        [
            0.046842801127260275,
            0.1660206467871107
        ],
        [
            0.0461951898959703,
            0.14907448006849566
        ],
        [
            0.03989026419102433,
            0.0010304998535136667
        ],
        [
            0.22230925261872114,
            0.9756355981990231
        ],
        [
            0.22325991952673863,
            0.9816356769501213
        ],
        [
            0.04575219713093449,
            0.16208519843172253
        ],
        [
            0.21827720490005523,
            0.9650230378405661
        ]
    ],
    "r_thresh_deg": 5,
    "t_thresh": 0.035,
    "t_thresh_prec": 0.04
}