{
    "match_ratio": 0.3333333333333333,
    "recall": 0.3333333333333333,
    "precision": 0.0625,
    "n_avail": 6,
    "n_pred": 32,
    "out_scores": [
        1.0,
        1.0,
        1.0,
        1.0,
        1.0,
        1.0,
        1.0,
        1.0,
        1.0,
        1.0,
        1.0,
        1.0,
        1.0,
        1.0,
        1.0,
        1.0,
        1.0,
        1.0,
        1.0,
        1.0,
        1.0,
        1.0,
        1.0,
        1.0,
        1.0,
        1.0,
        1.0,
        1.0,
        1.0,
        1.0,
        1.0,
        1.0
    ],
    "min_trans_rot_dists": [
        [
            0.02613697717602959,
            0.018172886473051153
        ],
        [
            0.02613697717602959,
            0.999851140953302
        ],
        [
            0.009564718243376279,
            0.9744048323509064
        ],
        [
            0.00926163518984748,
            0.9999815181998761
        ],
        [
            0.0059338826645285786,
            0.0010010440531512677
        ],
        [
            0.02180049520556488,
            0.5682341752360741
        ]
    ],
    "min_trans_rot_dists_prec": [
        [
            0.11111843890021349,
            0.9946226706343724
        ],
        [
            0.022370989040861954,
            0.7323745430191337
        ],
        [
            0.1139828058256566,
            0.8141284408155337
        ],
        [
            0.2116187343725951,
            0.9913979171670738
        ],
        [
            0.02366521861557111,
            0.5289527397760961
        ],
        [
            0.1111338071043061,
            0.993636415693271
        ],
        [
            0.211485822973198,
            0.9920315802408911
        ],
        [
            0.21272339371879637,
            0.990758443683274
        ],
        [
            0.31943802968280094,
            0.7341633457952197
        ],
        [
            0.1179038727020006,
            0.6282075024900382
        ],
        [
            0.11755593974668598,
            0.5682341752360741
        ],
        [
            0.11591444479660694,
            0.8730844427524764
        ],
        [
            0.39729657659165735,
            0.0019693846313179053
        ],
        [
            0.11571617604144081,
            0.78012615267684
        ],
        [
            0.2137579485576082,
            0.9915071954356387
        ],
        [
            0.10805131615731021,
            0.9744048323509064
        ],
        [
            0.11568246653446014,
            0.6616160457821896
        ],
        [
            0.1194099882722855,
            0.703115730968851
        ],
        [
            0.2135344970930413,
            0.9880127909001591
        ],
        [
            0.02613697717602959,
            0.018172886473051153
        ],
        [
            0.3965423631159234,
            0.000321348015817291
        ],
        [
            0.1194822403150583,
            0.6066621157739138
        ],
        [
            0.0059338826645285786,
            0.0010010440531512677
        ],
        [
            0.21445827387006328,
            0.16078487472565473
        ],
        [
            0.21258626920462986,
            0.9922926226249089
        ],
        [
            0.11661243995212904,
            0.6455400806990235
        ],
        [
            0.1200693859594068,
            0.9999929748243062
        ],
        [
            0.10625557878587524,
            0.8918475920679583
        ],
        [
            0.10973894044638084,
            0.8811865921330577
        ],
        [
            0.10990644037116436,
            0.9913213520285203
        ],
        [
            0.11011498331019774,
            0.9939056613301523
        ],
        [
            0.02462184514100704,
            0.7028078454528919
        ]
    ],
    "r_thresh_deg": 5,
    "t_thresh": 0.035,
    "t_thresh_prec": 0.04
}