{
    "match_ratio": 0.5,
    "recall": 0.5,
    "precision": 0.09375,
    "n_avail": 4,
    "n_pred": 32,
    "out_scores": [
        1.0,
        1.0,
        1.0,
        1.0,
        1.0,
        1.0,
        1.0,
        1.0,
        1.0,
        1.0,
        1.0,
        1.0,
        1.0,
        1.0,
        1.0,
        1.0,
        1.0,
        1.0,
        1.0,
        1.0,
        1.0,
        1.0,
        1.0,
        1.0,
        1.0,
        1.0,
        1.0,
        1.0,
        1.0,
        1.0,
        1.0,
        1.0
    ],
    "min_trans_rot_dists": [
        [
            0.09862694253157339,
            0.012154156307274566
        ],
        [
            0.09761011793536943,
            0.07117395692827688
        ],
        [
            0.01850653667221968,
            0.013639077122832632
        ],
        [
            0.0029230034594016443,
            0.07117395692827688
        ]
    ],
    "min_trans_rot_dists_prec": [
        [
            0.011448125646321031,
            0.17029855215269118
        ],
        [
            0.020138919954696327,
            0.012154156307274566
        ],
        [
            0.01850653667221968,
            0.013639077122832632
        ],
        [
            0.2290605070773727,
            0.03239663188938402
        ],
        [
            0.13539765966023004,
            0.06474937117761903
        ],
        [
            0.10373198717831116,
            0.397034909777519
        ],
        [
            0.12284241983139871,
            0.7246521577781071
        ],
        [
            0.1820973478114451,
            0.4135683410447395
        ],
        [
            0.22987353160642562,
            0.58829872373409
        ],
        [
            0.23686357242136563,
            0.4856364666893459
        ],
        [
            0.1634783733373916,
            0.796266179045617
        ],
        [
            0.0029230034594016443,
            0.07117395692827688
        ],
        [
            0.1638661222341227,
            0.8059961272081928
        ],
        [
            0.23678396953359412,
            0.48489883523817967
        ],
        [
            0.22374528518683096,
            0.36361024656841523
        ],
        [
            0.22399277159263617,
            0.014655717234939747
        ],
        [
            0.11615614799408445,
            0.9570203850320261
        ],
        [
            0.22721849247342582,
            0.6037421141848904
        ],
        [
            0.23832947003978916,
            0.4849187024902881
        ],
        [
            0.16192531028594673,
            0.8147827374079972
        ],
        [
            0.03391309385782328,
            0.8808090020896091
        ],
        [
            0.2362144887892781,
            0.46868968665628763
        ],
        [
            0.25090424540624107,
            0.9635784499858506
        ],
        [
            0.23246646668330945,
            0.47846884860106953
        ],
        [
            0.23587323944570812,
            0.47899907021056864
        ],
        [
            0.12596998929566253,
            0.7883893046465944
        ],
        [
            0.23321273681195162,
            0.47307048040219624
        ],
        [
            0.106959210635379,
            0.4112223401749988
        ],
        [
            0.02980246867415417,
            0.8911084837562364
        ],
        [
            0.01720867570524752,
            0.9999271374394589
        ],
        [
            0.2291548867152198,
            0.598034237237896
        ],
        [
            0.2356048629654534,
            0.5000314026832486
        ]
    ],
    "r_thresh_deg": 5,
    "t_thresh": 0.035,
    "t_thresh_prec": 0.04
}