{
    "match_ratio": 0.21428571428571427,
    "recall": 0.21428571428571427,
    "precision": 0.09375,
    "n_avail": 14,
    "n_pred": 32,
    "out_scores": [
        1.0,
        1.0,
        1.0,
        1.0,
        1.0,
        1.0,
        1.0,
        1.0,
        1.0,
        1.0,
        1.0,
        1.0,
        1.0,
        1.0,
        1.0,
        1.0,
        1.0,
        1.0,
        1.0,
        1.0,
        1.0,
        1.0,
        1.0,
        1.0,
        1.0,
        1.0,
        1.0,
        1.0,
        1.0,
        1.0,
        1.0,
        1.0
    ],
    "min_trans_rot_dists": [
        [
            0.025232614179866105,
            0.2316393018423233
        ],
        [
            0.01700913951848356,
            0.00017254387233167634
        ],
        [
            0.09052466867411112,
            0.2316393018423233
        ],
        [
            0.08840734030405271,
            0.00017254387233167634
        ],
        [
            0.02382874236376225,
            0.07213126781660184
        ],
        [
            0.009608038529324323,
            0.032812524772798946
        ],
        [
            0.08672198675621492,
            0.10150306069900006
        ],
        [
            0.2699899477866948,
            0.032812524772798946
        ],
        [
            0.02434116504141682,
            0.9752348459436891
        ],
        [
            0.3318312123964885,
            0.032812524772798946
        ],
        [
            0.036475193272488715,
            0.9586312335916658
        ],
        [
            0.20970720762705275,
            0.032812524772798946
        ],
        [
            0.016150670409464173,
            0.9766515097364903
        ],
        [
            0.15771650430671547,
            0.4183293103794441
        ]
    ],
    "min_trans_rot_dists_prec": [
        [
            0.15771650430671547,
            0.4183293103794441
        ],
        [
            0.025232614179866105,
            0.2316393018423233
        ],
        [
            0.34428340569688154,
            0.9928271196482797
        ],
        [
            0.20071450720776174,
            0.8337853751801589
        ],
        [
            0.34080708122329434,
            0.9876196619246107
        ],
        [
            0.009608038529324323,
            0.032812524772798946
        ],
        [
            0.20272602785817204,
            0.9020070404721843
        ],
        [
            0.14314003908646464,
            0.8076919465459269
        ],
        [
            0.34310010340789776,
            0.9586312335916658
        ],
        [
            0.01937553973198258,
            0.972386870962985
        ],
        [
            0.2768017837826954,
            0.9997073267182951
        ],
        [
            0.40866517380915957,
            0.9976589899748617
        ],
        [
            0.30306078960250793,
            0.6574411233767833
        ],
        [
            0.3323964716700369,
            0.8551437159009936
        ],
        [
            0.20831370884698483,
            0.8962833414830239
        ],
        [
            0.33420043402121885,
            0.8603947024674788
        ],
        [
            0.22253036270000007,
            0.5688178918476283
        ],
        [
            0.4737872853997489,
            0.9752348459436891
        ],
        [
            0.36192894813822973,
            0.987720836513026
        ],
        [
            0.356753763291404,
            0.9766515097364903
        ],
        [
            0.3273376328052235,
            0.030698795103839993
        ],
        [
            0.22366058867089336,
            0.45594935963006333
        ],
        [
            0.01700913951848356,
            0.00017254387233167634
        ],
        [
            0.37290340438865466,
            0.10150306069900006
        ],
        [
            0.02382874236376225,
            0.07213126781660184
        ],
        [
            0.41289068491569064,
            0.5971191830013264
        ],
        [
            0.4151839119392235,
            0.6150804908109989
        ],
        [
            0.36198784234281267,
            0.18166052692597956
        ],
        [
            0.4169331556867682,
            0.5920314006982541
        ],
        [
            0.3076275094251004,
            0.4812419722421105
        ],
        [
            0.008807663887674497,
            0.5673807921145317
        ],
        [
            0.2163002899671718,
            0.9999819805378879
        ]
    ],
    "r_thresh_deg": 5,
    "t_thresh": 0.035,
    "t_thresh_prec": 0.04
}