{
    "match_ratio": 0.0625,
    "recall": 0.0625,
    "precision": 0.03125,
    "n_avail": 16,
    "n_pred": 32,
    "out_scores": [
        1.0,
        1.0,
        1.0,
        1.0,
        1.0,
        1.0,
        1.0,
        1.0,
        1.0,
        1.0,
        1.0,
        1.0,
        1.0,
        1.0,
        1.0,
        1.0,
        1.0,
        1.0,
        1.0,
        1.0,
        1.0,
        1.0,
        1.0,
        1.0,
        1.0,
        1.0,
        1.0,
        1.0,
        1.0,
        1.0,
        1.0,
        1.0
    ],
    "min_trans_rot_dists": [
        [
            0.4008208904901032,
            0.1241099921274198
        ],
        [
            0.27685935254081084,
            0.6657969047241397
        ],
        [
            0.3085105583703499,
            0.09220969383102484
        ],
        [
            0.13956800281795398,
            0.6657969047241397
        ],
        [
            0.3593004354758802,
            0.0683513589621646
        ],
        [
            0.03320846877648065,
            0.6657969047241397
        ],
        [
            0.22824735973253868,
            0.0683513589621646
        ],
        [
            0.0177701528996167,
            0.9195156455260046
        ],
        [
            0.10009692615895366,
            0.0683513589621646
        ],
        [
            0.1052690445500179,
            0.35539296956143673
        ],
        [
            0.007562940057657894,
            0.0683513589621646
        ],
        [
            0.014445517659856844,
            0.35539296956143673
        ],
        [
            0.09905000983852254,
            0.0683513589621646
        ],
        [
            0.014204676521537615,
            0.3230755175103358
        ],
        [
            0.006040078401598184,
            0.1241099921274198
        ],
        [
            0.006040078401598184,
            0.9999521546195935
        ]
    ],
    "min_trans_rot_dists_prec": [
        [
            0.4008208904901032,
            0.1241099921274198
        ],
        [
            0.3395744332390265,
            0.6258763477498746
        ],
        [
            0.3436852873376449,
            0.5956936169170107
        ],
        [
            0.48206376504407134,
            0.9999636258334914
        ],
        [
            0.2939134053933182,
            0.969646051590915
        ],
        [
            0.4208959376947797,
            0.9677983911704926
        ],
        [
            0.39602045884603737,
            0.9442759824022114
        ],
        [
            0.007562940057657894,
            0.0683513589621646
        ],
        [
            0.48125813900255965,
            0.9993294632041029
        ],
        [
            0.27807989980387116,
            0.41528195692735237
        ],
        [
            0.3589797903787352,
            0.9692607437577306
        ],
        [
            0.30002595414647876,
            0.6051344584723284
        ],
        [
            0.30463515625919046,
            0.9368720638896176
        ],
        [
            0.30589836721715447,
            0.6381745580707517
        ],
        [
            0.3971549967640845,
            0.9012709959282148
        ],
        [
            0.25853435458284324,
            0.9195156455260046
        ],
        [
            0.3043632210253095,
            0.6668368431823448
        ],
        [
            0.2808281831511294,
            0.8989009499286585
        ],
        [
            0.2747861989999159,
            0.5838000215438086
        ],
        [
            0.48229790371996956,
            0.3882285378891054
        ],
        [
            0.35662373217226506,
            0.6526757549506981
        ],
        [
            0.2802621573637094,
            0.09624897872451221
        ],
        [
            0.2791234586829276,
            0.08353189674150974
        ],
        [
            0.3573879599018294,
            0.35539296956143673
        ],
        [
            0.14372564749750374,
            0.6826593179873233
        ],
        [
            0.39878788732049625,
            0.9266844864473215
        ],
        [
            0.4184198668067052,
            0.09220969383102484
        ],
        [
            0.4033374947910717,
            0.7350369609893472
        ],
        [
            0.31473226712367364,
            0.3230755175103358
        ],
        [
            0.30188061878126204,
            0.4036425963157785
        ],
        [
            0.13956800281795398,
            0.6657969047241397
        ],
        [
            0.342063305347417,
            0.9358051865364326
        ]
    ],
    "r_thresh_deg": 5,
    "t_thresh": 0.035,
    "t_thresh_prec": 0.04
}