{
    "match_ratio": 0.5,
    "recall": 0.5,
    "precision": 0.65625,
    "n_avail": 6,
    "n_pred": 32,
    "out_scores": [
        1.0,
        1.0,
        1.0,
        1.0,
        1.0,
        1.0,
        1.0,
        1.0,
        1.0,
        1.0,
        1.0,
        1.0,
        1.0,
        1.0,
        1.0,
        1.0,
        1.0,
        1.0,
        1.0,
        1.0,
        1.0,
        1.0,
        1.0,
        1.0,
        1.0,
        1.0,
        1.0,
        1.0,
        1.0,
        1.0,
        1.0,
        1.0
    ],
    "min_trans_rot_dists": [
        [
            0.014787855729855266,
            0.019519551083520326
        ],
        [
            0.07804555695784891,
            0.5034109496807149
        ],
        [
            0.027091769552351007,
            0.0005188441587424819
        ],
        [
            0.0343519707730081,
            0.00771845842755825
        ],
        [
            0.14323724276293753,
            0.007432612915042713
        ],
        [
            0.1383589972155115,
            0.0012212805066063037
        ]
    ],
    "min_trans_rot_dists_prec": [
        [
            0.03425189702008859,
            0.5393468141556463
        ],
        [
            0.024699226416138188,
            0.012296678431373276
        ],
        [
            0.027577955685552796,
            0.0012212805066063037
        ],
        [
            0.023772509228190592,
            0.01632045207681687
        ],
        [
            0.029134513526254794,
            0.002715172635473828
        ],
        [
            0.08304879947776739,
            0.9939401626652092
        ],
        [
            0.02934798950874523,
            0.009524623971036816
        ],
        [
            0.023530021949007426,
            0.030002966781719098
        ],
        [
            0.025203535425987623,
            0.0038269009652354136
        ],
        [
            0.025904329969068527,
            0.007310294648216642
        ],
        [
            0.04085877550830466,
            0.5796587442411432
        ],
        [
            0.027609260809715094,
            0.0033226158065208233
        ],
        [
            0.02134305118182516,
            0.013843058028953581
        ],
        [
            0.02509889428217863,
            0.010131113152357707
        ],
        [
            0.08033003327518055,
            0.9847704022090261
        ],
        [
            0.026075511804546116,
            0.0006204363696157289
        ],
        [
            0.02634475206920264,
            0.004356709969698502
        ],
        [
            0.03372922944731454,
            0.48793874924116587
        ],
        [
            0.037129506126411506,
            0.05017244564614709
        ],
        [
            0.0447695084635087,
            0.8479809556948987
        ],
        [
            0.0343519707730081,
            0.00771845842755825
        ],
        [
            0.025183685531278793,
            0.016063013441569574
        ],
        [
            0.026025096778460308,
            0.013678029421206772
        ],
        [
            0.0985291398391638,
            0.30375238961874484
        ],
        [
            0.0780215675948439,
            0.9887650803212171
        ],
        [
            0.04534578820484257,
            0.6471590361936792
        ],
        [
            0.03139610559335152,
            0.10931845484216929
        ],
        [
            0.014787855729855266,
            0.019519551083520326
        ],
        [
            0.028483834769856418,
            0.0013333305893304948
        ],
        [
            0.020188683466023403,
            0.007432612915042713
        ],
        [
            0.027091769552351007,
            0.0005188441587424819
        ],
        [
            0.03726350393698738,
            0.5034109496807149
        ]
    ],
    "r_thresh_deg": 5,
    "t_thresh": 0.035,
    "t_thresh_prec": 0.04
}