{
    "match_ratio": 0.1875,
    "recall": 0.1875,
    "precision": 0.125,
    "n_avail": 16,
    "n_pred": 32,
    "out_scores": [
        1.0,
        1.0,
        1.0,
        1.0,
        1.0,
        1.0,
        1.0,
        1.0,
        1.0,
        1.0,
        1.0,
        1.0,
        1.0,
        1.0,
        1.0,
        1.0,
        1.0,
        1.0,
        1.0,
        1.0,
        1.0,
        1.0,
        1.0,
        1.0,
        1.0,
        1.0,
        1.0,
        1.0,
        1.0,
        1.0,
        1.0,
        1.0
    ],
    "min_trans_rot_dists": [
        [
            0.15650422365145492,
            0.9997091654117776
        ],
        [
            0.015630832517222772,
            0.011615746039097097
        ],
        [
            0.018067540309603055,
            0.9997091654117776
        ],
        [
            0.018067540309603055,
            0.49204977917496107
        ],
        [
            0.036446475489155895,
            0.3896483180197492
        ],
        [
            0.042952934120202374,
            0.008791425790587892
        ],
        [
            0.1722140173414164,
            0.3896483180197492
        ],
        [
            0.23788569230565307,
            0.0009801284778320207
        ],
        [
            0.10452243620783228,
            0.16189883194416432
        ],
        [
            0.10829398726001783,
            0.0009801284778320207
        ],
        [
            0.009620444966685973,
            0.16189883194416432
        ],
        [
            0.014870170938445702,
            0.012526540424810939
        ],
        [
            0.09336167232856374,
            0.16189883194416432
        ],
        [
            0.09804733489814704,
            0.0009801284778320207
        ],
        [
            0.008301913858939363,
            0.4073162954669691
        ],
        [
            0.013383699331582587,
            0.055173603399358506
        ]
    ],
    "min_trans_rot_dists_prec": [
        [
            0.27809947533123186,
            0.8531709770950632
        ],
        [
            0.018067540309603055,
            0.49204977917496107
        ],
        [
            0.3514384975366279,
            0.9999953766212324
        ],
        [
            0.40441168580398784,
            0.4073162954669691
        ],
        [
            0.4026962716800022,
            0.9516911015889495
        ],
        [
            0.4028461816845999,
            0.9842484247474955
        ],
        [
            0.3561794978872675,
            0.9756809570896555
        ],
        [
            0.27996143147217184,
            0.9360416213707522
        ],
        [
            0.01703622357109027,
            0.0009801284778320207
        ],
        [
            0.014870170938445702,
            0.012526540424810939
        ],
        [
            0.013383699331582587,
            0.055173603399358506
        ],
        [
            0.4822386044222137,
            0.9992563406310571
        ],
        [
            0.35714569709477517,
            0.8400319627816795
        ],
        [
            0.1394378650077363,
            0.7629792557815818
        ],
        [
            0.2627836424063289,
            0.3896483180197492
        ],
        [
            0.34210260808753795,
            0.9973414693980769
        ],
        [
            0.3523675827263284,
            0.21000041167070638
        ],
        [
            0.015623746415923609,
            0.9998588559717861
        ],
        [
            0.47823452520983517,
            0.16189883194416432
        ],
        [
            0.29041882791359536,
            0.004088471936608662
        ],
        [
            0.2645995079950022,
            0.41265721884282935
        ],
        [
            0.3559655532981327,
            0.4746607907041206
        ],
        [
            0.015630832517222772,
            0.011615746039097097
        ],
        [
            0.2912229448885728,
            0.9751798231376045
        ],
        [
            0.3598300913794245,
            0.09800355014833073
        ],
        [
            0.14359970510588588,
            0.008791425790587892
        ],
        [
            0.480084282981072,
            0.17665270868035032
        ],
        [
            0.2791314985240325,
            0.9682985134526333
        ],
        [
            0.48143747486718935,
            0.9921802049256032
        ],
        [
            0.2989896632490244,
            0.9947051723858988
        ],
        [
            0.34558013660553033,
            0.3193372120692085
        ],
        [
            0.29567544036373916,
            0.9975636685947623
        ]
    ],
    "r_thresh_deg": 5,
    "t_thresh": 0.035,
    "t_thresh_prec": 0.04
}