{
    "match_ratio": 0.0,
    "recall": 0.0,
    "precision": 0.0,
    "n_avail": 4,
    "n_pred": 32,
    "out_scores": [
        1.0,
        1.0,
        1.0,
        1.0,
        1.0,
        1.0,
        1.0,
        1.0,
        1.0,
        1.0,
        1.0,
        1.0,
        1.0,
        1.0,
        1.0,
        1.0,
        1.0,
        1.0,
        1.0,
        1.0,
        1.0,
        1.0,
        1.0,
        1.0,
        1.0,
        1.0,
        1.0,
        1.0,
        1.0,
        1.0,
        1.0,
        1.0
    ],
    "min_trans_rot_dists": [
        [
            0.1331039317454796,
            0.4713247727835409
        ],
        [
            0.09022112828516692,
            0.1850671454848556
        ],
        [
            0.03239057944509762,
            0.4713247727835409
        ],
        [
            0.02675147950167821,
            0.9998821126555361
        ]
    ],
    "min_trans_rot_dists_prec": [
        [
            0.1331039317454796,
            0.4713247727835409
        ],
        [
            0.05115509222209104,
            0.1850671454848556
        ],
        [
            0.13143963595212813,
            0.5817134973348604
        ],
        [
            0.04686895717999748,
            0.015236219155198572
        ],
        [
            0.04633018676588316,
            0.18243834512543367
        ],
        [
            0.12410518354164389,
            0.999837957586293
        ],
        [
            0.04775534725763585,
            0.1694758954447395
        ],
        [
            0.140862088093797,
            0.5203915230560339
        ],
        [
            0.05079809824735917,
            0.9997307603939964
        ],
        [
            0.1399737697918713,
            0.5892662249553012
        ],
        [
            0.05242833897986784,
            0.9986162547926417
        ],
        [
            0.05114756822384342,
            0.16882220443603702
        ],
        [
            0.1321992099028049,
            0.5675173944578695
        ],
        [
            0.050885487346197654,
            0.042016794988711914
        ],
        [
            0.12853829702374941,
            0.5760661392523654
        ],
        [
            0.0498689168157411,
            0.9987096736442315
        ],
        [
            0.12403377394679799,
            0.9999045199706263
        ],
        [
            0.04858361606534198,
            0.9997713003096459
        ],
        [
            0.13339776667346065,
            0.4502149552797685
        ],
        [
            0.13630297836648148,
            0.5876771144388719
        ],
        [
            0.047810823676050655,
            0.20436885484134404
        ],
        [
            0.04783290604564578,
            0.9994870331919705
        ],
        [
            0.13564929626606637,
            0.5063351607040367
        ],
        [
            0.05049625107977078,
            0.9988891714438051
        ],
        [
            0.13654198254547598,
            0.5734980285470541
        ],
        [
            0.13514716652073044,
            0.5811148840169352
        ],
        [
            0.04805794132863658,
            0.17751235078233363
        ],
        [
            0.13633772564088897,
            0.48675592293145575
        ],
        [
            0.047263475968610635,
            0.150701753370989
        ],
        [
            0.05032661255175343,
            0.1814756868281081
        ],
        [
            0.1334636452703435,
            0.46846828457196654
        ],
        [
            0.05182564078072173,
            0.9983781635012178
        ]
    ],
    "r_thresh_deg": 5,
    "t_thresh": 0.035,
    "t_thresh_prec": 0.04
}