{
    "match_ratio": 0.16666666666666666,
    "recall": 0.16666666666666666,
    "precision": 0.0625,
    "n_avail": 12,
    "n_pred": 32,
    "out_scores": [
        1.0,
        1.0,
        1.0,
        1.0,
        1.0,
        1.0,
        1.0,
        1.0,
        1.0,
        1.0,
        1.0,
        1.0,
        1.0,
        1.0,
        1.0,
        1.0,
        1.0,
        1.0,
        1.0,
        1.0,
        1.0,
        1.0,
        1.0,
        1.0,
        1.0,
        1.0,
        1.0,
        1.0,
        1.0,
        1.0,
        1.0,
        1.0
    ],
    "min_trans_rot_dists": [
        [
            0.16268479635675165,
            0.05088386865488281
        ],
        [
            0.2863901021480697,
            0.003060536157511784
        ],
        [
            0.02654064025442219,
            0.44110771556838835
        ],
        [
            0.34325880248391694,
            0.12873763076315015
        ],
        [
            0.1788392773864074,
            0.05088386865488281
        ],
        [
            0.2768086688090411,
            0.003060536157511784
        ],
        [
            0.10787954836799603,
            0.05088386865488281
        ],
        [
            0.20850659391216983,
            0.003060536157511784
        ],
        [
            0.028999576068220203,
            0.05088386865488281
        ],
        [
            0.14222947319596468,
            0.003060536157511784
        ],
        [
            0.015911594255015888,
            0.7942804441168447
        ],
        [
            0.015844407893771794,
            0.003060536157511784
        ]
    ],
    "min_trans_rot_dists_prec": [
        [
            0.31398656660069674,
            0.12873763076315015
        ],
        [
            0.2493077926135666,
            0.9425926129901968
        ],
        [
            0.29861694260014915,
            0.7942804441168447
        ],
        [
            0.20456379598178068,
            0.44110771556838835
        ],
        [
            0.13618862239239266,
            0.8454020652890356
        ],
        [
            0.17582734799898866,
            0.2665622051186476
        ],
        [
            0.2046062576619998,
            0.18648579171323
        ],
        [
            0.29701634270208704,
            0.8697173972279086
        ],
        [
            0.13581971799989767,
            0.681471325332502
        ],
        [
            0.3082931571786435,
            0.9998813843629795
        ],
        [
            0.12206257705040709,
            0.736987972831423
        ],
        [
            0.28457795658521534,
            0.1934984460858059
        ],
        [
            0.16506381646719387,
            0.28737247460923654
        ],
        [
            0.20956496792443002,
            0.7203042257173209
        ],
        [
            0.028999576068220203,
            0.05088386865488281
        ],
        [
            0.2996179272008313,
            0.8067601374623241
        ],
        [
            0.20734925430365758,
            0.43644242443681835
        ],
        [
            0.2980647556649014,
            0.8005397906699829
        ],
        [
            0.29929421936458944,
            0.7808570085963682
        ],
        [
            0.2987046625214495,
            0.8629760602283495
        ],
        [
            0.012611707761373703,
            0.6664252314151964
        ],
        [
            0.31394528083100437,
            0.526565912208228
        ],
        [
            0.015844407893771794,
            0.003060536157511784
        ],
        [
            0.1936051466872905,
            0.9991674953143861
        ],
        [
            0.2159381725633183,
            0.7530436428939143
        ],
        [
            0.13691551665069285,
            0.2777811722652471
        ],
        [
            0.01477354453853521,
            0.9999651746607855
        ],
        [
            0.28404137230427307,
            0.22928332416476205
        ],
        [
            0.036673373164803055,
            0.9767918374807865
        ],
        [
            0.2989448826253526,
            0.7639194715642976
        ],
        [
            0.2084913424289677,
            0.42749923375102705
        ],
        [
            0.1875857299164207,
            0.13758657310660416
        ]
    ],
    "r_thresh_deg": 5,
    "t_thresh": 0.035,
    "t_thresh_prec": 0.04
}