{
    "match_ratio": 0.16666666666666666,
    "recall": 0.16666666666666666,
    "precision": 0.09375,
    "n_avail": 6,
    "n_pred": 32,
    "out_scores": [
        1.0,
        1.0,
        1.0,
        1.0,
        1.0,
        1.0,
        1.0,
        1.0,
        1.0,
        1.0,
        1.0,
        1.0,
        1.0,
        1.0,
        1.0,
        1.0,
        1.0,
        1.0,
        1.0,
        1.0,
        1.0,
        1.0,
        1.0,
        1.0,
        1.0,
        1.0,
        1.0,
        1.0,
        1.0,
        1.0,
        1.0,
        1.0
    ],
    "min_trans_rot_dists": [
        [
            0.0857396788644017,
            0.033784305336527765
        ],
        [
            0.07841236068750773,
            0.4312730453382958
        ],
        [
            0.014395963635992708,
            0.0345623987325584
        ],
        [
            0.008112050024427291,
            0.5504259023821687
        ],
        [
            0.13231263013406447,
            0.0345623987325584
        ],
        [
            0.13723796326898016,
            0.5497490746316152
        ]
    ],
    "min_trans_rot_dists_prec": [
        [
            0.008112050024427291,
            0.5504259023821687
        ],
        [
            0.08690002332485536,
            0.7253077692837759
        ],
        [
            0.011829648157011813,
            0.033784305336527765
        ],
        [
            0.08589212305040872,
            0.9688600209762863
        ],
        [
            0.01150573386363017,
            0.4708021200437932
        ],
        [
            0.08610849777742677,
            0.7071811728610338
        ],
        [
            0.014971508976703254,
            0.5904343390907933
        ],
        [
            0.014370987932956554,
            0.4754364276761375
        ],
        [
            0.017402994653635435,
            0.7452037502176437
        ],
        [
            0.08321991339921538,
            0.9057240573474806
        ],
        [
            0.08643250343814367,
            0.9092541818220967
        ],
        [
            0.008559100029884305,
            0.5711201502026799
        ],
        [
            0.00956325960382142,
            0.5640869540065379
        ],
        [
            0.016014502335170086,
            0.48007276786539477
        ],
        [
            0.013415015704489556,
            0.43584331204496163
        ],
        [
            0.008763102324156466,
            0.5681526299271726
        ],
        [
            0.00895450025111024,
            0.5712628643096689
        ],
        [
            0.009972478625810039,
            0.5760298825923016
        ],
        [
            0.016837210426548902,
            0.5270843135417582
        ],
        [
            0.013796055555790599,
            0.041537932004622746
        ],
        [
            0.014395963635992708,
            0.0345623987325584
        ],
        [
            0.2572345007800828,
            0.7010616828830476
        ],
        [
            0.08003547453457868,
            0.9223219005678409
        ],
        [
            0.014533133710951015,
            0.4312730453382958
        ],
        [
            0.008487346969733947,
            0.5497490746316152
        ],
        [
            0.015868948276627395,
            0.5730444124676017
        ],
        [
            0.08456672023870691,
            0.7113542588635742
        ],
        [
            0.0808421737299517,
            0.9418160169613252
        ],
        [
            0.252519224076171,
            0.7804970540409218
        ],
        [
            0.08435750509409894,
            0.9679340053297519
        ],
        [
            0.08050879488067485,
            0.9083381963160675
        ],
        [
            0.010912789099300822,
            0.5515375004837852
        ]
    ],
    "r_thresh_deg": 5,
    "t_thresh": 0.035,
    "t_thresh_prec": 0.04
}