{
    "match_ratio": 0.5,
    "recall": 0.5,
    "precision": 0.03125,
    "n_avail": 2,
    "n_pred": 32,
    "out_scores": [
        1.0,
        1.0,
        1.0,
        1.0,
        1.0,
        1.0,
        1.0,
        1.0,
        1.0,
        1.0,
        1.0,
        1.0,
        1.0,
        1.0,
        1.0,
        1.0,
        1.0,
        1.0,
        1.0,
        1.0,
        1.0,
        1.0,
        1.0,
        1.0,
        1.0,
        1.0,
        1.0,
        1.0,
        1.0,
        1.0,
        1.0,
        1.0
    ],
    "min_trans_rot_dists": [
        [
            0.00961659431123269,
            0.03870213552774149
        ],
        [
            0.014787988390345966,
            0.3148051128278935
        ]
    ],
    "min_trans_rot_dists_prec": [
        [
            0.2059038479267788,
            0.9999957069484647
        ],
        [
            0.0078299319656462,
            0.30489766577494604
        ],
        [
            0.1427705769856878,
            0.9999984790352372
        ],
        [
            0.011033887165685307,
            0.9638486263076055
        ],
        [
            0.20821039850616166,
            0.9999962232237295
        ],
        [
            0.00961659431123269,
            0.03870213552774149
        ],
        [
            0.2103813455891325,
            0.9999724288745107
        ],
        [
            0.21990833864167092,
            0.8837309310302061
        ],
        [
            0.014787988390345966,
            0.9999869014249966
        ],
        [
            0.1406643603065192,
            0.9999769908302056
        ],
        [
            0.013552238936873776,
            0.9999770874459899
        ],
        [
            0.015479255184375365,
            0.9999991300934828
        ],
        [
            0.016169406987705536,
            0.9999996705554526
        ],
        [
            0.21495467938254054,
            0.04925068769342289
        ],
        [
            0.014488292448390436,
            0.9999703399339879
        ],
        [
            0.012349290445484183,
            0.999997716723852
        ],
        [
            0.13955808382091045,
            0.8817797193675138
        ],
        [
            0.2189987136453026,
            0.899583503099957
        ],
        [
            0.01417333113687046,
            0.9999895547156442
        ],
        [
            0.14053721896787916,
            0.5994886941847974
        ],
        [
            0.1398214114519288,
            0.6022294858155532
        ],
        [
            0.2104441053742937,
            0.07745383171486397
        ],
        [
            0.13733686030915548,
            0.8816929457531244
        ],
        [
            0.014190335582383383,
            0.9999731150269318
        ],
        [
            0.015511223307399584,
            0.9999936650971541
        ],
        [
            0.016286006399022845,
            0.9999815159870347
        ],
        [
            0.008654339800879806,
            0.24990664089893044
        ],
        [
            0.13844575778038617,
            0.6072648743640994
        ],
        [
            0.013824794245525691,
            0.9999450201256771
        ],
        [
            0.21214572756850486,
            0.06770775841636922
        ],
        [
            0.138255693219365,
            0.8790051094922858
        ],
        [
            0.13725781257944258,
            0.8836206790431579
        ]
    ],
    "r_thresh_deg": 5,
    "t_thresh": 0.035,
    "t_thresh_prec": 0.04
}