{
    "match_ratio": 0.125,
    "recall": 0.125,
    "precision": 0.125,
    "n_avail": 8,
    "n_pred": 32,
    "out_scores": [
        1.0,
        1.0,
        1.0,
        1.0,
        1.0,
        1.0,
        1.0,
        1.0,
        1.0,
        1.0,
        1.0,
        1.0,
        1.0,
        1.0,
        1.0,
        1.0,
        1.0,
        1.0,
        1.0,
        1.0,
        1.0,
        1.0,
        1.0,
        1.0,
        1.0,
        1.0,
        1.0,
        1.0,
        1.0,
        1.0,
        1.0,
        1.0
    ],
    "min_trans_rot_dists": [
        [
            0.03028951078624414,
            0.3795267400370772
        ],
        [
            0.03028951078624414,
            0.9993726192892592
        ],
        [
            0.015057816031242937,
            0.1027920435462577
        ],
        [
            0.025444121193414253,
            0.029753411916982553
        ],
        [
            0.11678899164933834,
            0.8724676876613771
        ],
        [
            0.11490270218646302,
            0.019348221496427787
        ],
        [
            0.21757017431779607,
            0.8724676876613771
        ],
        [
            0.21683995939494802,
            0.019348221496427787
        ]
    ],
    "min_trans_rot_dists_prec": [
        [
            0.2032102511901213,
            0.9917908580228255
        ],
        [
            0.03028951078624414,
            0.3795267400370772
        ],
        [
            0.023724289234422276,
            0.5638798684345172
        ],
        [
            0.02655704733878049,
            0.019348221496427787
        ],
        [
            0.02047938976126201,
            0.5672954521102269
        ],
        [
            0.017420643663207214,
            0.8053572345021737
        ],
        [
            0.19927859510590715,
            0.8690616240710187
        ],
        [
            0.03134500884803997,
            0.10044368680211946
        ],
        [
            0.018360733607383196,
            0.7298739271661427
        ],
        [
            0.01626136633623104,
            0.8062296523446137
        ],
        [
            0.017860247957791415,
            0.5556042550058558
        ],
        [
            0.1996384361293994,
            0.9999601793140569
        ],
        [
            0.20422270962949796,
            0.8724676876613771
        ],
        [
            0.21186409420529423,
            0.9836391337445777
        ],
        [
            0.19836804794918703,
            0.0181016164740595
        ],
        [
            0.20391741707102395,
            0.8940140570974849
        ],
        [
            0.020132682935900315,
            0.6703213387818596
        ],
        [
            0.022464268871374746,
            0.4254495239328896
        ],
        [
            0.19924442135138556,
            0.018363780298933707
        ],
        [
            0.29889089120049195,
            0.625729276065888
        ],
        [
            0.1921056066879187,
            0.1027920435462577
        ],
        [
            0.018394794888051104,
            0.6851438689790514
        ],
        [
            0.20066950841039172,
            0.8872293058697803
        ],
        [
            0.03382967558564429,
            0.999870736285507
        ],
        [
            0.19766989104148386,
            0.012312986536259007
        ],
        [
            0.022132928358817593,
            0.5929024451119305
        ],
        [
            0.01936217422825811,
            0.0024588353287339215
        ],
        [
            0.3173382771596615,
            0.9127638804651362
        ],
        [
            0.02115407920951622,
            0.007631496595088327
        ],
        [
            0.020093369269628653,
            0.6080380717506174
        ],
        [
            0.19484192180885085,
            0.09547986959696364
        ],
        [
            0.025444121193414253,
            0.029753411916982553
        ]
    ],
    "r_thresh_deg": 5,
    "t_thresh": 0.035,
    "t_thresh_prec": 0.04
}