{
    "match_ratio": 0.0,
    "recall": 0.0,
    "precision": 0.0,
    "n_avail": 12,
    "n_pred": 32,
    "out_scores": [
        1.0,
        1.0,
        1.0,
        1.0,
        1.0,
        1.0,
        1.0,
        1.0,
        1.0,
        1.0,
        1.0,
        1.0,
        1.0,
        1.0,
        1.0,
        1.0,
        1.0,
        1.0,
        1.0,
        1.0,
        1.0,
        1.0,
        1.0,
        1.0,
        1.0,
        1.0,
        1.0,
        1.0,
        1.0,
        1.0,
        1.0,
        1.0
    ],
    "min_trans_rot_dists": [
        [
            0.10701328504223957,
            0.13353511282098696
        ],
        [
            0.14455942432264376,
            0.0002334837945701107
        ],
        [
            0.03189843489056611,
            0.1214765251728871
        ],
        [
            0.06004772410306445,
            0.0002334837945701107
        ],
        [
            0.08720704072557241,
            0.10573098812923687
        ],
        [
            0.05247415485155571,
            0.0002334837945701107
        ],
        [
            0.0422674026843759,
            0.9998379656959911
        ],
        [
            0.05050471371253342,
            0.3510809737296502
        ],
        [
            0.22115261765000285,
            0.01132260737438695
        ],
        [
            0.2418115031357765,
            0.33982687273885603
        ],
        [
            0.23257747069728038,
            0.9488574821929266
        ],
        [
            0.25619003874852486,
            0.34517462517872066
        ]
    ],
    "min_trans_rot_dists_prec": [
        [
            0.2611146911197338,
            0.3510809737296502
        ],
        [
            0.10701328504223957,
            0.13353511282098696
        ],
        [
            0.06004772410306445,
            0.0002334837945701107
        ],
        [
            0.2944341305739932,
            0.9888721032730944
        ],
        [
            0.14103415934785302,
            0.5615943852991292
        ],
        [
            0.26491220961467393,
            0.3526504671719002
        ],
        [
            0.10803329111557607,
            0.10573098812923687
        ],
        [
            0.05610829929010981,
            0.057054741491586736
        ],
        [
            0.1474968571823763,
            0.5465953552514546
        ],
        [
            0.15254637136988647,
            0.03325278888114602
        ],
        [
            0.3701289367754454,
            0.01132260737438695
        ],
        [
            0.364518954220792,
            0.02120090996692603
        ],
        [
            0.14764574868849753,
            0.5564271893270444
        ],
        [
            0.10708622436696515,
            0.1214765251728871
        ],
        [
            0.3596928382124767,
            0.013352592736939561
        ],
        [
            0.25068859740377963,
            0.36036494467190705
        ],
        [
            0.2632316082985881,
            0.34517462517872066
        ],
        [
            0.15457215401376118,
            0.06600877377727232
        ],
        [
            0.36818285640072895,
            0.024088752912264977
        ],
        [
            0.05869465697398233,
            0.004311740600305147
        ],
        [
            0.27193536611735414,
            0.33982687273885603
        ],
        [
            0.04080075035690862,
            0.871292604342358
        ],
        [
            0.03825167694610187,
            0.8773447856749736
        ],
        [
            0.04860347053851729,
            0.6366892998827578
        ],
        [
            0.2669593783950377,
            0.34126403222342794
        ],
        [
            0.2939121016140771,
            0.9488574821929266
        ],
        [
            0.2670988906589921,
            0.34191531737720493
        ],
        [
            0.04241097858266139,
            0.8618215974285001
        ],
        [
            0.05037103216376335,
            0.3402359840022593
        ],
        [
            0.2568032885863711,
            0.35233902390392957
        ],
        [
            0.37109558161521616,
            0.018061053686144968
        ],
        [
            0.14412947519390268,
            0.5404878255623613
        ]
    ],
    "r_thresh_deg": 5,
    "t_thresh": 0.035,
    "t_thresh_prec": 0.04
}