{
    "match_ratio": 0.0,
    "recall": 0.0,
    "precision": 0.0,
    "n_avail": 14,
    "n_pred": 32,
    "out_scores": [
        1.0,
        1.0,
        1.0,
        1.0,
        1.0,
        1.0,
        1.0,
        1.0,
        1.0,
        1.0,
        1.0,
        1.0,
        1.0,
        1.0,
        1.0,
        1.0,
        1.0,
        1.0,
        1.0,
        1.0,
        1.0,
        1.0,
        1.0,
        1.0,
        1.0,
        1.0,
        1.0,
        1.0,
        1.0,
        1.0,
        1.0,
        1.0
    ],
    "min_trans_rot_dists": [
        [
            0.01365881756059647,
            0.27467845437356353
        ],
        [
            0.016108997877282975,
            0.562005064790964
        ],
        [
            0.10364603999140619,
            0.27467845437356353
        ],
        [
            0.09958479325775282,
            0.562005064790964
        ],
        [
            0.01399961860376307,
            0.5304724096449838
        ],
        [
            0.01399961860376307,
            0.9996594590771797
        ],
        [
            0.09218994356079754,
            0.06554006751412456
        ],
        [
            0.09601610688284472,
            0.0012506621671862783
        ],
        [
            0.020139468971448728,
            0.14953002140188065
        ],
        [
            0.19104989083666274,
            0.0012506621671862783
        ],
        [
            0.14188620731720572,
            0.06554006751412456
        ],
        [
            0.13865062177914403,
            0.0012506621671862783
        ],
        [
            0.015419155102204898,
            0.5169307904680813
        ],
        [
            0.28835163027360017,
            0.0012506621671862783
        ]
    ],
    "min_trans_rot_dists_prec": [
        [
            0.21067515533872044,
            0.5304724096449838
        ],
        [
            0.2979202091093012,
            0.0012506621671862783
        ],
        [
            0.21320457124252382,
            0.6873180696644497
        ],
        [
            0.016108997877282975,
            0.9999929182889266
        ],
        [
            0.3445721210122875,
            0.1662916907345353
        ],
        [
            0.1401689581858034,
            0.6599088725370825
        ],
        [
            0.1398251615774111,
            0.15332739192311162
        ],
        [
            0.3570078977835084,
            0.6962706004185222
        ],
        [
            0.35674928509514225,
            0.5169307904680813
        ],
        [
            0.2249290064992051,
            0.9589684895762426
        ],
        [
            0.01558876099737368,
            0.945988207328025
        ],
        [
            0.22669387869648291,
            0.5279349715267626
        ],
        [
            0.34205012040015087,
            0.15454717348150038
        ],
        [
            0.015261227157007728,
            0.9999854610034481
        ],
        [
            0.4777096968638121,
            0.14953002140188065
        ],
        [
            0.01365881756059647,
            0.27467845437356353
        ],
        [
            0.4443717075608252,
            0.9885546990819959
        ],
        [
            0.22907147670854866,
            0.9646181128806787
        ],
        [
            0.4261403336362069,
            0.8327229323293526
        ],
        [
            0.308505678447284,
            0.989171760067413
        ],
        [
            0.2856400413901692,
            0.48865583261235646
        ],
        [
            0.3043244980108817,
            0.346769974801833
        ],
        [
            0.23095890516092032,
            0.4616071782273349
        ],
        [
            0.28268894953271556,
            0.42763739793019895
        ],
        [
            0.24009122019583595,
            0.7258683258252817
        ],
        [
            0.47388926918832486,
            0.9966782739785817
        ],
        [
            0.37374187406549725,
            0.06554006751412456
        ],
        [
            0.14344998410314685,
            0.14805740268164302
        ],
        [
            0.3273293712840251,
            0.9204599108932457
        ],
        [
            0.20966676903737225,
            0.698261985741832
        ],
        [
            0.2834845857666243,
            0.5310593353379817
        ],
        [
            0.34436781655521204,
            0.15226146432388543
        ]
    ],
    "r_thresh_deg": 5,
    "t_thresh": 0.035,
    "t_thresh_prec": 0.04
}