{
    "match_ratio": 0.16666666666666666,
    "recall": 0.16666666666666666,
    "precision": 0.21875,
    "n_avail": 12,
    "n_pred": 32,
    "out_scores": [
        1.0,
        1.0,
        1.0,
        1.0,
        1.0,
        1.0,
        1.0,
        1.0,
        1.0,
        1.0,
        1.0,
        1.0,
        1.0,
        1.0,
        1.0,
        1.0,
        1.0,
        1.0,
        1.0,
        1.0,
        1.0,
        1.0,
        1.0,
        1.0,
        1.0,
        1.0,
        1.0,
        1.0,
        1.0,
        1.0,
        1.0,
        1.0
    ],
    "min_trans_rot_dists": [
        [
            0.0274167315283417,
            0.9996681725480477
        ],
        [
            0.0274167315283417,
            0.7139063645518997
        ],
        [
            0.01928874511700382,
            0.002368174639946763
        ],
        [
            0.09451040923185937,
            0.24833573746953452
        ],
        [
            0.040219183234806305,
            0.0017723603269308441
        ],
        [
            0.2054466302412846,
            0.7139063645518997
        ],
        [
            0.22310073470176828,
            0.0007032500331024538
        ],
        [
            0.24276085140237588,
            0.6244497560384165
        ],
        [
            0.11122271057485857,
            0.0007032500331024538
        ],
        [
            0.1271641629949873,
            0.6244497560384165
        ],
        [
            0.029931500405577797,
            0.001067134267821901
        ],
        [
            0.02494669813892931,
            0.6261356940373859
        ]
    ],
    "min_trans_rot_dists_prec": [
        [
            0.0274167315283417,
            0.9996681725480477
        ],
        [
            0.02964608392141925,
            0.004068119903687828
        ],
        [
            0.036888394923527947,
            0.9994218939318262
        ],
        [
            0.05891133960327726,
            0.004458851640515404
        ],
        [
            0.18494400712181705,
            0.9908481818470458
        ],
        [
            0.14669995305484895,
            0.6261356940373859
        ],
        [
            0.18672172713081236,
            0.9720730523395499
        ],
        [
            0.033044286911169625,
            0.9994657205752265
        ],
        [
            0.21884316296788045,
            0.5773529820284661
        ],
        [
            0.03672209480126319,
            0.999309589309227
        ],
        [
            0.14296433911923656,
            0.6244497560384165
        ],
        [
            0.1456842290852162,
            0.2443647006101377
        ],
        [
            0.14406257384995805,
            0.6415205393801306
        ],
        [
            0.04211758040931478,
            0.9993154483678096
        ],
        [
            0.18692702891548918,
            0.9671113397859615
        ],
        [
            0.02999616762200093,
            0.0041376751266894995
        ],
        [
            0.030891730116137894,
            0.0027890826110474887
        ],
        [
            0.032426521320555804,
            0.0007032500331024538
        ],
        [
            0.029931500405577797,
            0.001067134267821901
        ],
        [
            0.037143364495524904,
            0.99947269015956
        ],
        [
            0.033407762376937766,
            0.9998291531303913
        ],
        [
            0.18686579891161165,
            0.9642525975992012
        ],
        [
            0.18806500420237057,
            0.9744365343493689
        ],
        [
            0.1621734742766358,
            0.8972484489871201
        ],
        [
            0.029372313799551453,
            0.9998817869620762
        ],
        [
            0.21678268755074329,
            0.5804936460105528
        ],
        [
            0.14647133486203562,
            0.6455895947081514
        ],
        [
            0.3305409380996532,
            0.6729207936086279
        ],
        [
            0.23541832650804065,
            0.0017723603269308441
        ],
        [
            0.18648103737906024,
            0.9617518949703716
        ],
        [
            0.01928874511700382,
            0.002368174639946763
        ],
        [
            0.03913185699078332,
            0.0028689817256749572
        ]
    ],
    "r_thresh_deg": 5,
    "t_thresh": 0.035,
    "t_thresh_prec": 0.04
}