{
    "match_ratio": 0.14285714285714285,
    "recall": 0.14285714285714285,
    "precision": 0.1875,
    "n_avail": 14,
    "n_pred": 32,
    "out_scores": [
        1.0,
        1.0,
        1.0,
        1.0,
        1.0,
        1.0,
        1.0,
        1.0,
        1.0,
        1.0,
        1.0,
        1.0,
        1.0,
        1.0,
        1.0,
        1.0,
        1.0,
        1.0,
        1.0,
        1.0,
        1.0,
        1.0,
        1.0,
        1.0,
        1.0,
        1.0,
        1.0,
        1.0,
        1.0,
        1.0,
        1.0,
        1.0
    ],
    "min_trans_rot_dists": [
        [
            0.18607494192418902,
            0.015053416254613095
        ],
        [
            0.17716902484752453,
            0.6835046869126447
        ],
        [
            0.12313497744160123,
            0.015053416254613095
        ],
        [
            0.11673880680385201,
            0.6835046869126447
        ],
        [
            0.01612663306191151,
            0.01528147902146093
        ],
        [
            0.00975987756038959,
            0.9997188314908031
        ],
        [
            0.12813822518233411,
            0.015053416254613095
        ],
        [
            0.12361002889921599,
            0.3765760755956411
        ],
        [
            0.44533213515909814,
            0.015053416254613095
        ],
        [
            0.2046413105027651,
            0.6788589882394798
        ],
        [
            0.340686292392172,
            0.015053416254613095
        ],
        [
            0.10747743806360593,
            0.1000294719429935
        ],
        [
            0.3510330426088078,
            0.015053416254613095
        ],
        [
            0.01652304996100121,
            0.039512020164009565
        ]
    ],
    "min_trans_rot_dists_prec": [
        [
            0.00975987756038959,
            0.015053416254613095
        ],
        [
            0.5387518522641254,
            0.5448490263948642
        ],
        [
            0.1854165655253737,
            0.3610839719904676
        ],
        [
            0.11143591784297127,
            0.7980219451457671
        ],
        [
            0.37431459614842183,
            0.32397310765490095
        ],
        [
            0.31189081438571614,
            0.6788589882394798
        ],
        [
            0.015522242526862849,
            0.04328518624484856
        ],
        [
            0.18294254698554382,
            0.34899679472996614
        ],
        [
            0.3091199856960431,
            0.7018128296033426
        ],
        [
            0.3116499780863127,
            0.877160679958952
        ],
        [
            0.015763177702335488,
            0.016504470091907808
        ],
        [
            0.3100809302403253,
            0.1000294719429935
        ],
        [
            0.12029133116585626,
            0.8725930866599743
        ],
        [
            0.18251563354731465,
            0.4320944120836152
        ],
        [
            0.18652885999975508,
            0.2745960897908928
        ],
        [
            0.015824533332938345,
            0.06762740845024795
        ],
        [
            0.3762355506458376,
            0.22227144699255086
        ],
        [
            0.01652304996100121,
            0.039512020164009565
        ],
        [
            0.11673880680385201,
            0.6835046869126447
        ],
        [
            0.2519925119070901,
            0.4600307711282595
        ],
        [
            0.31116712291973736,
            0.6021750865512168
        ],
        [
            0.11464834707468997,
            0.8411690036007563
        ],
        [
            0.01612663306191151,
            0.01528147902146093
        ],
        [
            0.12468502175013885,
            0.49710896564223217
        ],
        [
            0.12374641745707166,
            0.8418696101007341
        ],
        [
            0.30934123828416915,
            0.5971770490519812
        ],
        [
            0.2895986725730098,
            0.4632128360881933
        ],
        [
            0.12719530416594665,
            0.3765760755956411
        ],
        [
            0.18393915956678994,
            0.09008344108513777
        ],
        [
            0.12176575477403707,
            0.8094809076577361
        ],
        [
            0.3091370888512317,
            0.4319337182793562
        ],
        [
            0.3106720979457766,
            0.3838291687017059
        ]
    ],
    "r_thresh_deg": 5,
    "t_thresh": 0.035,
    "t_thresh_prec": 0.04
}