{
    "match_ratio": 0.5,
    "recall": 0.5,
    "precision": 0.15625,
    "n_avail": 2,
    "n_pred": 32,
    "out_scores": [
        1.0,
        1.0,
        1.0,
        1.0,
        1.0,
        1.0,
        1.0,
        1.0,
        1.0,
        1.0,
        1.0,
        1.0,
        1.0,
        1.0,
        1.0,
        1.0,
        1.0,
        1.0,
        1.0,
        1.0,
        1.0,
        1.0,
        1.0,
        1.0,
        1.0,
        1.0,
        1.0,
        1.0,
        1.0,
        1.0,
        1.0,
        1.0
    ],
    "min_trans_rot_dists": [
        [
            0.0115046465033114,
            0.08300045474843964
        ],
        [
            0.010686953753219654,
            0.9998283050062005
        ]
    ],
    "min_trans_rot_dists_prec": [
        [
            0.010835208358617779,
            0.07320535337131728
        ],
        [
            0.013033303357567078,
            0.08736639680564018
        ],
        [
            0.2718346399913527,
            0.6454315510589896
        ],
        [
            0.2730046197857155,
            0.9999999344841067
        ],
        [
            0.017715564886248807,
            0.9999999524242851
        ],
        [
            0.26986595036558114,
            0.6205876673694688
        ],
        [
            0.013043072229750855,
            0.14138859526122938
        ],
        [
            0.2675852555188355,
            0.06854991526618792
        ],
        [
            0.011038679587914593,
            0.5374252018556098
        ],
        [
            0.011210726716999894,
            0.08430402321246688
        ],
        [
            0.2635714616276,
            0.06734541043866737
        ],
        [
            0.010703026284231651,
            0.5350247418671628
        ],
        [
            0.014666568408289244,
            0.9999291572594272
        ],
        [
            0.011972865088004693,
            0.23199127538336406
        ],
        [
            0.014685290150659152,
            0.08323275844120503
        ],
        [
            0.018327724908165276,
            0.9999995197073654
        ],
        [
            0.017952129231147303,
            0.9999955063526837
        ],
        [
            0.016275377673375724,
            0.9999544523725266
        ],
        [
            0.018771964340127806,
            0.9999966282495442
        ],
        [
            0.01618353966221323,
            0.9999846718609883
        ],
        [
            0.016017450912554614,
            0.9999192948535178
        ],
        [
            0.26728128701781334,
            0.9429638830897524
        ],
        [
            0.01286531700320287,
            0.11729802059942396
        ],
        [
            0.010686953753219654,
            0.539441584416049
        ],
        [
            0.016270085358264113,
            0.9999989465469349
        ],
        [
            0.016646431643210106,
            0.9999997729098842
        ],
        [
            0.010750034564693223,
            0.08970419566836396
        ],
        [
            0.01631799257754096,
            0.9999653715288777
        ],
        [
            0.013025786740531313,
            0.0788361915004262
        ],
        [
            0.0115046465033114,
            0.08300045474843964
        ],
        [
            0.013891681363932179,
            0.17476274735976605
        ],
        [
            0.2639031057249214,
            0.05887667455589363
        ]
    ],
    "r_thresh_deg": 5,
    "t_thresh": 0.035,
    "t_thresh_prec": 0.04
}