{
    "match_ratio": 0.0,
    "recall": 0.0,
    "precision": 0.0625,
    "n_avail": 10,
    "n_pred": 32,
    "out_scores": [
        1.0,
        1.0,
        1.0,
        1.0,
        1.0,
        1.0,
        1.0,
        1.0,
        1.0,
        1.0,
        1.0,
        1.0,
        1.0,
        1.0,
        1.0,
        1.0,
        1.0,
        1.0,
        1.0,
        1.0,
        1.0,
        1.0,
        1.0,
        1.0,
        1.0,
        1.0,
        1.0,
        1.0,
        1.0,
        1.0,
        1.0,
        1.0
    ],
    "min_trans_rot_dists": [
        [
            0.010152583115154752,
            0.9998744203679465
        ],
        [
            0.010152583115154752,
            0.18743148141344013
        ],
        [
            0.016347128270420643,
            0.981934227608982
        ],
        [
            0.11005522993506171,
            0.08542761670039067
        ],
        [
            0.16284880945276964,
            0.9861781308297323
        ],
        [
            0.2612104976472074,
            0.22924021868765998
        ],
        [
            0.021094598613145606,
            0.9861781308297323
        ],
        [
            0.14366024530241464,
            0.22924021868765998
        ],
        [
            0.022605117126229268,
            0.9997505184828821
        ],
        [
            0.026772860742635053,
            0.22924021868765998
        ]
    ],
    "min_trans_rot_dists_prec": [
        [
            0.026772860742635053,
            0.22924021868765998
        ],
        [
            0.017105845225822702,
            0.9763589745510755
        ],
        [
            0.14031672013328403,
            0.998705004092342
        ],
        [
            0.14501979500167989,
            0.9984212822392134
        ],
        [
            0.14673901819862264,
            0.5647366056092469
        ],
        [
            0.0812185935972214,
            0.8481172886447914
        ],
        [
            0.1551872786156253,
            0.04367204943293901
        ],
        [
            0.022605117126229268,
            0.3017505261983351
        ],
        [
            0.24045435277389388,
            0.6474098261542895
        ],
        [
            0.23408861743783224,
            0.4744430404713451
        ],
        [
            0.03220586540198804,
            0.34891910865687903
        ],
        [
            0.15527258905544283,
            0.028368734972028964
        ],
        [
            0.1445304531460413,
            0.9988302327682779
        ],
        [
            0.14709169448086615,
            0.981934227608982
        ],
        [
            0.010152583115154752,
            0.9998744203679465
        ],
        [
            0.03857443263334232,
            0.03304049898011441
        ],
        [
            0.11005522993506171,
            0.08542761670039067
        ],
        [
            0.01736858891200128,
            0.9737346518434087
        ],
        [
            0.03786359116314943,
            0.027209032903283692
        ],
        [
            0.14820505466862677,
            0.5716171420645975
        ],
        [
            0.01571425533778672,
            0.547082475192179
        ],
        [
            0.08384062793723052,
            0.8424539764288043
        ],
        [
            0.2513420206505871,
            0.9861781308297323
        ],
        [
            0.14277288044360706,
            0.9982418769268896
        ],
        [
            0.12853194667422482,
            0.2542343921526464
        ],
        [
            0.017964651937638368,
            0.46490265364078853
        ],
        [
            0.026367567403823625,
            0.38505938197356926
        ],
        [
            0.028584967392764875,
            0.2738124139229011
        ],
        [
            0.15567184436138815,
            0.011544378686140555
        ],
        [
            0.026825147780329843,
            0.9425596114011028
        ],
        [
            0.03133452803367559,
            0.2746726384730087
        ],
        [
            0.1434121090503813,
            0.9978459322439175
        ]
    ],
    "r_thresh_deg": 5,
    "t_thresh": 0.035,
    "t_thresh_prec": 0.04
}