{
    "match_ratio": 0.3333333333333333,
    "recall": 0.3333333333333333,
    "precision": 0.125,
    "n_avail": 6,
    "n_pred": 32,
    "out_scores": [
        1.0,
        1.0,
        1.0,
        1.0,
        1.0,
        1.0,
        1.0,
        1.0,
        1.0,
        1.0,
        1.0,
        1.0,
        1.0,
        1.0,
        1.0,
        1.0,
        1.0,
        1.0,
        1.0,
        1.0,
        1.0,
        1.0,
        1.0,
        1.0,
        1.0,
        1.0,
        1.0,
        1.0,
        1.0,
        1.0,
        1.0,
        1.0
    ],
    "min_trans_rot_dists": [
        [
            0.009590277279646446,
            0.08490919064909197
        ],
        [
            0.17949944126561732,
            0.33447340443050566
        ],
        [
            0.010796763790669123,
            0.9999966125062969
        ],
        [
            0.01745554762575428,
            0.08379948945200777
        ],
        [
            0.12089912436853341,
            0.548587497308929
        ],
        [
            0.007313530915389007,
            0.2819340700115892
        ]
    ],
    "min_trans_rot_dists_prec": [
        [
            0.022087301734592155,
            0.8776481689907535
        ],
        [
            0.19016142808701256,
            0.548587497308929
        ],
        [
            0.013279807432956628,
            0.33447340443050566
        ],
        [
            0.18471059869842918,
            0.568637876860711
        ],
        [
            0.17838417769391757,
            0.33759839502663425
        ],
        [
            0.1795021506139453,
            0.22342336122371564
        ],
        [
            0.18159421580362758,
            0.9381304515873172
        ],
        [
            0.027129258312899415,
            0.33177259614552057
        ],
        [
            0.19177746606614435,
            0.5674736261598545
        ],
        [
            0.18152374936515786,
            0.5018065612817266
        ],
        [
            0.017204753808088457,
            0.06427284084415441
        ],
        [
            0.01409597625656803,
            0.46195605083513425
        ],
        [
            0.010819373980775027,
            0.9999949937710051
        ],
        [
            0.009487639029184392,
            0.9999581583923456
        ],
        [
            0.009590277279646446,
            0.08490919064909197
        ],
        [
            0.1807690586403822,
            0.9876114761746575
        ],
        [
            0.014897189974853944,
            0.055824041616521325
        ],
        [
            0.0195734221251342,
            0.15977033805980112
        ],
        [
            0.013409524267765469,
            0.1487950497463122
        ],
        [
            0.18554595763832907,
            0.9251056453234898
        ],
        [
            0.18739528466030697,
            0.5780492963399777
        ],
        [
            0.005406080233348816,
            0.6525228194008488
        ],
        [
            0.010796763790669123,
            0.4135932326986015
        ],
        [
            0.012837076484710766,
            0.6774661740367443
        ],
        [
            0.01745554762575428,
            0.08379948945200777
        ],
        [
            0.18525805029334755,
            0.8744847115548334
        ],
        [
            0.010016143758873379,
            0.9999982789467402
        ],
        [
            0.18104332908268622,
            0.2836831097305511
        ],
        [
            0.14004054245678912,
            0.2819340700115892
        ],
        [
            0.17886378906962827,
            0.20224749060192115
        ],
        [
            0.1801341548938202,
            0.28897517151646523
        ],
        [
            0.0135165235621435,
            0.7995423992076157
        ]
    ],
    "r_thresh_deg": 5,
    "t_thresh": 0.035,
    "t_thresh_prec": 0.04
}