{
    "match_ratio": 0.25,
    "recall": 0.25,
    "precision": 0.1875,
    "n_avail": 8,
    "n_pred": 32,
    "out_scores": [
        1.0,
        1.0,
        1.0,
        1.0,
        1.0,
        1.0,
        1.0,
        1.0,
        1.0,
        1.0,
        1.0,
        1.0,
        1.0,
        1.0,
        1.0,
        1.0,
        1.0,
        1.0,
        1.0,
        1.0,
        1.0,
        1.0,
        1.0,
        1.0,
        1.0,
        1.0,
        1.0,
        1.0,
        1.0,
        1.0,
        1.0,
        1.0
    ],
    "min_trans_rot_dists": [
        [
            0.1959740514965789,
            0.002806570394222052
        ],
        [
            0.08204133569374204,
            0.035798864283221876
        ],
        [
            0.20649802542314685,
            0.002806570394222052
        ],
        [
            0.12484824824504673,
            0.0409973520193756
        ],
        [
            0.033855855489667276,
            0.02745041340897525
        ],
        [
            0.03127437626486231,
            0.045155745679705483
        ],
        [
            0.03551139534018765,
            0.007331764685007625
        ],
        [
            0.03551139534018765,
            0.9999405595907498
        ]
    ],
    "min_trans_rot_dists_prec": [
        [
            0.038703366131343814,
            0.009803309719518816
        ],
        [
            0.030685123294464333,
            0.0409973520193756
        ],
        [
            0.052393589972489454,
            0.3301237117997552
        ],
        [
            0.1855369430457936,
            0.4810436188212034
        ],
        [
            0.1959740514965789,
            0.002806570394222052
        ],
        [
            0.19115786512981536,
            0.4829863195297417
        ],
        [
            0.13015759708854577,
            0.9430365514985353
        ],
        [
            0.03551139534018765,
            0.007331764685007625
        ],
        [
            0.19846650605598123,
            0.004984748886850743
        ],
        [
            0.03979761751523462,
            0.1037575099494219
        ],
        [
            0.08188591849953597,
            0.9999946227306393
        ],
        [
            0.062157522916090724,
            0.9942928348013204
        ],
        [
            0.2083947293028913,
            0.859552204498768
        ],
        [
            0.1880252972527691,
            0.8384274346434112
        ],
        [
            0.08204133569374204,
            0.9999999767406297
        ],
        [
            0.06002745242101042,
            0.9986206618457575
        ],
        [
            0.19147075161796864,
            0.544990531235265
        ],
        [
            0.041858759584420584,
            0.3439545070444806
        ],
        [
            0.03127437626486231,
            0.045155745679705483
        ],
        [
            0.05507921124037668,
            0.556082467738174
        ],
        [
            0.08584871330023673,
            0.9999876634094388
        ],
        [
            0.0418685641922057,
            0.10513685040759235
        ],
        [
            0.033416912419994324,
            0.031854268500242644
        ],
        [
            0.057423876232744066,
            0.9945299401306076
        ],
        [
            0.2050871315670492,
            0.9124438780116899
        ],
        [
            0.04614867759622225,
            0.7943220424923526
        ],
        [
            0.04868016411507701,
            0.33596147866583503
        ],
        [
            0.12560090109038033,
            0.03111356306794333
        ],
        [
            0.20410327524001368,
            0.8557853752493374
        ],
        [
            0.033855855489667276,
            0.02745041340897525
        ],
        [
            0.05836062918578521,
            0.9903149374473489
        ],
        [
            0.07570216749455252,
            0.045805948553878095
        ]
    ],
    "r_thresh_deg": 5,
    "t_thresh": 0.035,
    "t_thresh_prec": 0.04
}