{
    "match_ratio": 0.25,
    "recall": 0.25,
    "precision": 0.125,
    "n_avail": 4,
    "n_pred": 32,
    "out_scores": [
        1.0,
        1.0,
        1.0,
        1.0,
        1.0,
        1.0,
        1.0,
        1.0,
        1.0,
        1.0,
        1.0,
        1.0,
        1.0,
        1.0,
        1.0,
        1.0,
        1.0,
        1.0,
        1.0,
        1.0,
        1.0,
        1.0,
        1.0,
        1.0,
        1.0,
        1.0,
        1.0,
        1.0,
        1.0,
        1.0,
        1.0,
        1.0
    ],
    "min_trans_rot_dists": [
        [
            0.03480409193008151,
            0.3160436716770114
        ],
        [
            0.0964688082031328,
            0.06816514031101029
        ],
        [
            0.027768694672690185,
            0.9998319522211843
        ],
        [
            0.02452866274434384,
            0.061776235400010315
        ]
    ],
    "min_trans_rot_dists_prec": [
        [
            0.029745542128909543,
            0.07182687041590974
        ],
        [
            0.03480409193008151,
            0.3160436716770114
        ],
        [
            0.12691082244192695,
            0.34520806941992743
        ],
        [
            0.04747250121655801,
            0.00041115222281673525
        ],
        [
            0.034792440802738994,
            0.613626719879858
        ],
        [
            0.12572330393803047,
            0.3406312364650914
        ],
        [
            0.048696245752209974,
            0.508608646573895
        ],
        [
            0.04723848916528452,
            0.5243782784404949
        ],
        [
            0.1250109389188777,
            0.34624334890179387
        ],
        [
            0.021849796002772502,
            0.08900004710324638
        ],
        [
            0.04088873662816781,
            0.9883635663816638
        ],
        [
            0.025237786759213465,
            0.9907314779249364
        ],
        [
            0.040063155370667014,
            0.9998348202485455
        ],
        [
            0.04757396298787993,
            0.5219405251215092
        ],
        [
            0.04827172647173276,
            0.0002996792830640693
        ],
        [
            0.03282578146547487,
            0.9757216417498538
        ],
        [
            0.051857265626542054,
            0.5209215720809312
        ],
        [
            0.05163187829309576,
            0.5380312635182779
        ],
        [
            0.027768694672690185,
            0.06816514031101029
        ],
        [
            0.040485871871307776,
            0.9991796431533786
        ],
        [
            0.12520385103654635,
            0.3368369210753698
        ],
        [
            0.048594228798633135,
            0.5017564795997131
        ],
        [
            0.026724553875394182,
            0.05827587689355518
        ],
        [
            0.05189004552795234,
            0.0006529278399267646
        ],
        [
            0.02923555848332744,
            0.9487888297035206
        ],
        [
            0.02452866274434384,
            0.061776235400010315
        ],
        [
            0.0480043763431823,
            0.0009109291837091638
        ],
        [
            0.027696479602719412,
            0.9440142650442562
        ],
        [
            0.023747392443901127,
            0.9726734974139019
        ],
        [
            0.04927361766501073,
            0.0005040362385209107
        ],
        [
            0.03349714652600621,
            0.9830740746003934
        ],
        [
            0.04880983815116086,
            0.5173228130171856
        ]
    ],
    "r_thresh_deg": 5,
    "t_thresh": 0.035,
    "t_thresh_prec": 0.04
}