{
    "match_ratio": 0.0,
    "recall": 0.0,
    "precision": 0.0,
    "n_avail": 6,
    "n_pred": 32,
    "out_scores": [
        1.0,
        1.0,
        1.0,
        1.0,
        1.0,
        1.0,
        1.0,
        1.0,
        1.0,
        1.0,
        1.0,
        1.0,
        1.0,
        1.0,
        1.0,
        1.0,
        1.0,
        1.0,
        1.0,
        1.0,
        1.0,
        1.0,
        1.0,
        1.0,
        1.0,
        1.0,
        1.0,
        1.0,
        1.0,
        1.0,
        1.0,
        1.0
    ],
    "min_trans_rot_dists": [
        [
            0.006998700857191281,
            0.09019701477779152
        ],
        [
            0.006998700857191281,
            0.9998893961148945
        ],
        [
            0.012272398906904727,
            0.23681166284648525
        ],
        [
            0.1230762064202012,
            0.7365984829168738
        ],
        [
            0.03345843074692997,
            0.27941185396561274
        ],
        [
            0.03242329736929674,
            0.9997071195123671
        ]
    ],
    "min_trans_rot_dists_prec": [
        [
            0.2741749471048587,
            0.9896320966184925
        ],
        [
            0.29061064116850965,
            0.7106472259942651
        ],
        [
            0.15043563785727557,
            0.23681166284648525
        ],
        [
            0.266679778266762,
            0.27941185396561274
        ],
        [
            0.2855304056489317,
            0.2574910435168266
        ],
        [
            0.27871848169017654,
            0.2794208415892976
        ],
        [
            0.269077033580636,
            0.313619965412842
        ],
        [
            0.13542451405389866,
            0.11911655886836303
        ],
        [
            0.006998700857191281,
            0.09019701477779152
        ],
        [
            0.26736813238186147,
            0.9912843417720469
        ],
        [
            0.29504667415519004,
            0.6712211825631209
        ],
        [
            0.29692276374582255,
            0.6976454565307673
        ],
        [
            0.14125845128696737,
            0.10656764361958326
        ],
        [
            0.28723409152372054,
            0.20326018822432812
        ],
        [
            0.010887233286089778,
            0.6631416395448217
        ],
        [
            0.14956572701499266,
            0.12030514815632709
        ],
        [
            0.27069684280945233,
            0.9882288073880108
        ],
        [
            0.2700999349469816,
            0.9898284595932518
        ],
        [
            0.27577200768983695,
            0.9896358029913631
        ],
        [
            0.1230762064202012,
            0.7365984829168738
        ],
        [
            0.14615557114690772,
            0.12094752418500676
        ],
        [
            0.01341873328402426,
            0.9999904203581237
        ],
        [
            0.27775539151366546,
            0.2721448699529241
        ],
        [
            0.27235457852505157,
            0.9899862217190429
        ],
        [
            0.1079963786987371,
            0.9997071195123671
        ],
        [
            0.2977150638030945,
            0.3827337998624274
        ],
        [
            0.29675204365599706,
            0.7329965894494108
        ],
        [
            0.29503969166932814,
            0.7309977530181475
        ],
        [
            0.013804001872931234,
            0.9999452571870353
        ],
        [
            0.2824633031606338,
            0.27205321231629487
        ],
        [
            0.1479908668677934,
            0.09872825064216617
        ],
        [
            0.11637102747623514,
            0.9990706302009152
        ]
    ],
    "r_thresh_deg": 5,
    "t_thresh": 0.035,
    "t_thresh_prec": 0.04
}