{
    "match_ratio": 0.25,
    "recall": 0.25,
    "precision": 0.09375,
    "n_avail": 4,
    "n_pred": 32,
    "out_scores": [
        1.0,
        1.0,
        1.0,
        1.0,
        1.0,
        1.0,
        1.0,
        1.0,
        1.0,
        1.0,
        1.0,
        1.0,
        1.0,
        1.0,
        1.0,
        1.0,
        1.0,
        1.0,
        1.0,
        1.0,
        1.0,
        1.0,
        1.0,
        1.0,
        1.0,
        1.0,
        1.0,
        1.0,
        1.0,
        1.0,
        1.0,
        1.0
    ],
    "min_trans_rot_dists": [
        [
            0.006163238628875115,
            0.2712777993519315
        ],
        [
            0.016068084374544593,
            0.0033619885998374954
        ],
        [
            0.024266118284872136,
            0.9999707945221317
        ],
        [
            0.022849981009188416,
            0.7902117426159581
        ]
    ],
    "min_trans_rot_dists_prec": [
        [
            0.17542928125204746,
            0.828945185938874
        ],
        [
            0.024266118284872136,
            0.8136660551158961
        ],
        [
            0.006163238628875115,
            0.2712777993519315
        ],
        [
            0.19039716592286518,
            0.7385017209548943
        ],
        [
            0.22596673774740922,
            0.1712820740490537
        ],
        [
            0.015942808919828657,
            0.01117401605788615
        ],
        [
            0.022849981009188416,
            0.7902117426159581
        ],
        [
            0.16993663375531753,
            0.21739766854055342
        ],
        [
            0.003816450445160527,
            0.3292722765716032
        ],
        [
            0.06032909006676531,
            0.007129491379676334
        ],
        [
            0.019956289353978897,
            0.282317300056528
        ],
        [
            0.016395891267842713,
            0.0019750248374130752
        ],
        [
            0.06114484141737473,
            0.0006942194621976094
        ],
        [
            0.01735802240758791,
            0.3080666403263733
        ],
        [
            0.17116578652452313,
            0.22351880164980453
        ],
        [
            0.23292349998707074,
            0.19230513561439722
        ],
        [
            0.016068084374544593,
            0.0033619885998374954
        ],
        [
            0.17773185645456194,
            0.016941498051761705
        ],
        [
            0.024762111553296953,
            0.2716433873841022
        ],
        [
            0.22315932522683316,
            0.18459678444090144
        ],
        [
            0.23392291017178002,
            0.2319009130923031
        ],
        [
            0.007523390984880077,
            0.33013588792981874
        ],
        [
            0.23159969104780223,
            0.24883390186369425
        ],
        [
            0.17531955329751042,
            0.8508924612604285
        ],
        [
            0.22427359124129215,
            0.14715963360060824
        ],
        [
            0.1809115220062141,
            0.0133847665450757
        ],
        [
            0.20020509007778473,
            0.1863806521589636
        ],
        [
            0.17654528143966922,
            0.012696187637738277
        ],
        [
            0.01241523348866554,
            0.3643786480044253
        ],
        [
            0.17459355884263006,
            0.8581837735609192
        ],
        [
            0.011514734799300307,
            0.3141214691574873
        ],
        [
            0.22705350157341164,
            0.18128551231800472
        ]
    ],
    "r_thresh_deg": 5,
    "t_thresh": 0.035,
    "t_thresh_prec": 0.04
}