{
    "match_ratio": 0.5,
    "recall": 0.5,
    "precision": 0.1875,
    "n_avail": 2,
    "n_pred": 32,
    "out_scores": [
        1.0,
        1.0,
        1.0,
        1.0,
        1.0,
        1.0,
        1.0,
        1.0,
        1.0,
        1.0,
        1.0,
        1.0,
        1.0,
        1.0,
        1.0,
        1.0,
        1.0,
        1.0,
        1.0,
        1.0,
        1.0,
        1.0,
        1.0,
        1.0,
        1.0,
        1.0,
        1.0,
        1.0,
        1.0,
        1.0,
        1.0,
        1.0
    ],
    "min_trans_rot_dists": [
        [
            0.034855865435381855,
            0.00069784700161446
        ],
        [
            0.03646769450023118,
            0.9999866856747461
        ]
    ],
    "min_trans_rot_dists_prec": [
        [
            0.04006202077242694,
            0.7648907652609018
        ],
        [
            0.2009259625719195,
            0.11074724614565534
        ],
        [
            0.033531147030566436,
            0.029882654476591997
        ],
        [
            0.03646769450023118,
            0.5522854582695979
        ],
        [
            0.04689730715186633,
            0.9999385516868922
        ],
        [
            0.15161842891478602,
            0.9999934050069399
        ],
        [
            0.04065452960333884,
            0.9999604554954034
        ],
        [
            0.03892872857652245,
            0.735067491502933
        ],
        [
            0.20636684904918895,
            0.9997759942680751
        ],
        [
            0.04213315935997446,
            0.6089635205978471
        ],
        [
            0.03449845138253,
            0.004591368468511381
        ],
        [
            0.15364111710919515,
            0.9999993879236565
        ],
        [
            0.041486587411878516,
            0.6795611993341708
        ],
        [
            0.1519594945822431,
            0.5256309919916959
        ],
        [
            0.14608898507576076,
            0.2278971310189868
        ],
        [
            0.03919866539167505,
            0.004278045086470006
        ],
        [
            0.04065003376178353,
            0.9999493664458682
        ],
        [
            0.02499664346955083,
            0.026127298084137607
        ],
        [
            0.028397482848104092,
            0.026382063532582323
        ],
        [
            0.03737004769112783,
            0.6323961549142896
        ],
        [
            0.04489222736386824,
            0.9999888284125946
        ],
        [
            0.04815662662637005,
            0.9999768623765332
        ],
        [
            0.04208630266107414,
            0.9999295834595292
        ],
        [
            0.043994800301099736,
            0.6539520756465138
        ],
        [
            0.039106388328167214,
            0.6084820791511037
        ],
        [
            0.20617994639954704,
            0.2806946990588516
        ],
        [
            0.04343983751535461,
            0.6545427228240391
        ],
        [
            0.04585227255389781,
            0.6174766213578202
        ],
        [
            0.04373605264951593,
            0.6548717145089245
        ],
        [
            0.20662980928216382,
            0.9996565963496861
        ],
        [
            0.15518990273313635,
            0.9998177231812023
        ],
        [
            0.034855865435381855,
            0.00069784700161446
        ]
    ],
    "r_thresh_deg": 5,
    "t_thresh": 0.035,
    "t_thresh_prec": 0.04
}