{
    "match_ratio": 0.375,
    "recall": 0.375,
    "precision": 0.21875,
    "n_avail": 8,
    "n_pred": 32,
    "out_scores": [
        1.0,
        1.0,
        1.0,
        1.0,
        1.0,
        1.0,
        1.0,
        1.0,
        1.0,
        1.0,
        1.0,
        1.0,
        1.0,
        1.0,
        1.0,
        1.0,
        1.0,
        1.0,
        1.0,
        1.0,
        1.0,
        1.0,
        1.0,
        1.0,
        1.0,
        1.0,
        1.0,
        1.0,
        1.0,
        1.0,
        1.0,
        1.0
    ],
    "min_trans_rot_dists": [
        [
            0.11504227141718316,
            0.0006140273873928015
        ],
        [
            0.11374050174794746,
            0.3478925511574076
        ],
        [
            0.014894927801995325,
            0.0033274728782151097
        ],
        [
            0.009001667027349903,
            0.3478925511574076
        ],
        [
            0.06924181173381293,
            0.006937082287788887
        ],
        [
            0.014622517088420616,
            0.9998222453174073
        ],
        [
            0.022097577421716617,
            0.0030985954820104133
        ],
        [
            0.026709578725730813,
            0.007837886200860344
        ]
    ],
    "min_trans_rot_dists_prec": [
        [
            0.020428993245846797,
            0.006937082287788887
        ],
        [
            0.11388725993127148,
            0.9953886657413393
        ],
        [
            0.009001667027349903,
            0.3478925511574076
        ],
        [
            0.11618428406057274,
            0.4080911076827223
        ],
        [
            0.011063939060478095,
            0.7867438310778224
        ],
        [
            0.11367487323155652,
            0.9520663434048796
        ],
        [
            0.010695747053942193,
            0.06756316515640481
        ],
        [
            0.01548032635757886,
            0.0006140273873928015
        ],
        [
            0.1538744735424538,
            0.9585905239024883
        ],
        [
            0.11753132336216968,
            0.22346680835616362
        ],
        [
            0.02546687912202687,
            0.004671416415859997
        ],
        [
            0.019974648928791874,
            0.8117655392271081
        ],
        [
            0.16441043870944166,
            0.8444620580923994
        ],
        [
            0.11615928686797967,
            0.8054083458490752
        ],
        [
            0.25857042757498777,
            0.992467547276485
        ],
        [
            0.1660473284217393,
            0.7958578665257852
        ],
        [
            0.014894927801995325,
            0.0033274728782151097
        ],
        [
            0.11245396898592917,
            0.44778176082584664
        ],
        [
            0.03081649016008606,
            0.4216052646421612
        ],
        [
            0.1997167751330164,
            0.9905287269603636
        ],
        [
            0.017563313019969065,
            0.3460905968611666
        ],
        [
            0.27283587579466145,
            0.15245892690896834
        ],
        [
            0.11487677867161951,
            0.9385300141565776
        ],
        [
            0.0218975662975521,
            0.30698163630106756
        ],
        [
            0.11698781773828633,
            0.7558985088096642
        ],
        [
            0.026709578725730813,
            0.007837886200860344
        ],
        [
            0.1175458128725502,
            0.5863050730540829
        ],
        [
            0.022097577421716617,
            0.0030985954820104133
        ],
        [
            0.157596392434076,
            0.8130954613638841
        ],
        [
            0.11543529335349344,
            0.6217080737818754
        ],
        [
            0.02344951728986928,
            0.9438462324038526
        ],
        [
            0.020356621919251156,
            0.1070591477039915
        ]
    ],
    "r_thresh_deg": 5,
    "t_thresh": 0.035,
    "t_thresh_prec": 0.04
}