{
    "match_ratio": 0.75,
    "recall": 0.75,
    "precision": 0.15625,
    "n_avail": 4,
    "n_pred": 32,
    "out_scores": [
        1.0,
        1.0,
        1.0,
        1.0,
        1.0,
        1.0,
        1.0,
        1.0,
        1.0,
        1.0,
        1.0,
        1.0,
        1.0,
        1.0,
        1.0,
        1.0,
        1.0,
        1.0,
        1.0,
        1.0,
        1.0,
        1.0,
        1.0,
        1.0,
        1.0,
        1.0,
        1.0,
        1.0,
        1.0,
        1.0,
        1.0,
        1.0
    ],
    "min_trans_rot_dists": [
        [
            0.03151194601683321,
            0.016698271598089787
        ],
        [
            0.02580360099782239,
            0.0173681286021814
        ],
        [
            0.01993571884707527,
            0.2979890956715724
        ],
        [
            0.00898627049263545,
            0.010303520020556456
        ]
    ],
    "min_trans_rot_dists_prec": [
        [
            0.11863860195834397,
            0.9304030026578155
        ],
        [
            0.2710721204006179,
            0.3015906003606109
        ],
        [
            0.013243989798394355,
            0.5698062499413366
        ],
        [
            0.02230780867212785,
            0.23619665977788062
        ],
        [
            0.25325530876483127,
            0.9987918805483814
        ],
        [
            0.16783647199881957,
            0.10659788425716488
        ],
        [
            0.11985626152954196,
            0.972957671565002
        ],
        [
            0.1704703579081253,
            0.05640262393058648
        ],
        [
            0.008658642476408103,
            0.03626295268926594
        ],
        [
            0.2658363488685334,
            0.2979890956715724
        ],
        [
            0.02580360099782239,
            0.0173681286021814
        ],
        [
            0.1372124908021204,
            0.05776705392374937
        ],
        [
            0.26686736803611955,
            0.28419134853474814
        ],
        [
            0.2654054809073455,
            0.285303003126118
        ],
        [
            0.2699516022454819,
            0.15155724904710643
        ],
        [
            0.010706409209553899,
            0.0831540882737748
        ],
        [
            0.1609234960342154,
            0.2930018725197824
        ],
        [
            0.25945230525254553,
            0.47919201430279845
        ],
        [
            0.010962732259878276,
            0.9548479177272255
        ],
        [
            0.2630395858471035,
            0.4319924299086114
        ],
        [
            0.15935702590135076,
            0.301612181985641
        ],
        [
            0.01045958637725114,
            0.7374459804669364
        ],
        [
            0.266640753925752,
            0.5971319424919057
        ],
        [
            0.2529440423200363,
            0.9642456955264131
        ],
        [
            0.26702793396009744,
            0.3029729266142661
        ],
        [
            0.00898627049263545,
            0.010303520020556456
        ],
        [
            0.007562356137531865,
            0.9985612063073342
        ],
        [
            0.15778637570432935,
            0.3206778645543452
        ],
        [
            0.261064128930384,
            0.47345989992220083
        ],
        [
            0.26713566011190787,
            0.2972043921159967
        ],
        [
            0.03151194601683321,
            0.016698271598089787
        ],
        [
            0.2651406534286723,
            0.33797939851271297
        ]
    ],
    "r_thresh_deg": 5,
    "t_thresh": 0.035,
    "t_thresh_prec": 0.04
}