{
    "match_ratio": 0.2,
    "recall": 0.2,
    "precision": 0.15625,
    "n_avail": 10,
    "n_pred": 32,
    "out_scores": [
        1.0,
        1.0,
        1.0,
        1.0,
        1.0,
        1.0,
        1.0,
        1.0,
        1.0,
        1.0,
        1.0,
        1.0,
        1.0,
        1.0,
        1.0,
        1.0,
        1.0,
        1.0,
        1.0,
        1.0,
        1.0,
        1.0,
        1.0,
        1.0,
        1.0,
        1.0,
        1.0,
        1.0,
        1.0,
        1.0,
        1.0,
        1.0
    ],
    "min_trans_rot_dists": [
        [
            0.19152426210063297,
            0.012119952339920248
        ],
        [
            0.1951067247949466,
            0.292777812719792
        ],
        [
            0.03139749974105807,
            0.012119952339920248
        ],
        [
            0.04454853915911089,
            0.292777812719792
        ],
        [
            0.18534119923507347,
            0.06850645061145166
        ],
        [
            0.20518799710584126,
            0.37525705486848104
        ],
        [
            0.09843539531757017,
            0.07484888540085322
        ],
        [
            0.1237711286072515,
            0.37525705486848104
        ],
        [
            0.02281130195964876,
            0.06839315962837367
        ],
        [
            0.043270879800457435,
            0.37935044354525993
        ]
    ],
    "min_trans_rot_dists_prec": [
        [
            0.2086894458486301,
            0.5756218149939794
        ],
        [
            0.21832218421652966,
            0.10439848542689245
        ],
        [
            0.04672474861517458,
            0.33798208586478307
        ],
        [
            0.20849083196979992,
            0.5605431684859814
        ],
        [
            0.2182254162460513,
            0.10326412820935271
        ],
        [
            0.016626754310349563,
            0.8562256146615492
        ],
        [
            0.01803593901578347,
            0.8549335926995127
        ],
        [
            0.026565176255369957,
            0.0840330866623834
        ],
        [
            0.02738530692965776,
            0.07484888540085322
        ],
        [
            0.013769485443766546,
            0.851955232462279
        ],
        [
            0.2168284342203199,
            0.08745785337498468
        ],
        [
            0.20518799710584126,
            0.37525705486848104
        ],
        [
            0.19916739620643076,
            0.3901134323113489
        ],
        [
            0.1985225108668034,
            0.37935044354525993
        ],
        [
            0.21264382281895125,
            0.570722219768075
        ],
        [
            0.217086753941585,
            0.5973564114152868
        ],
        [
            0.2194803998649865,
            0.5794273271397836
        ],
        [
            0.21547252811087236,
            0.6785922989652822
        ],
        [
            0.08824561995945789,
            0.6654475250072256
        ],
        [
            0.04454853915911089,
            0.292777812719792
        ],
        [
            0.03139749974105807,
            0.012119952339920248
        ],
        [
            0.02271251403973731,
            0.06850645061145166
        ],
        [
            0.2108369077454481,
            0.5140358732120066
        ],
        [
            0.20791782268528355,
            0.582325089716737
        ],
        [
            0.2139510563017236,
            0.6995164666524492
        ],
        [
            0.21113019584459544,
            0.5197966622280504
        ],
        [
            0.20038314514178715,
            0.4174144534449128
        ],
        [
            0.21381818512602702,
            0.6225472265239478
        ],
        [
            0.02281130195964876,
            0.06839315962837367
        ],
        [
            0.014621797928300078,
            0.19463828938533068
        ],
        [
            0.03039807200399443,
            0.9998696664569658
        ],
        [
            0.2087671689889485,
            0.5761079274466351
        ]
    ],
    "r_thresh_deg": 5,
    "t_thresh": 0.035,
    "t_thresh_prec": 0.04
}