{
    "match_ratio": 0.16666666666666666,
    "recall": 0.16666666666666666,
    "precision": 0.03125,
    "n_avail": 6,
    "n_pred": 32,
    "out_scores": [
        1.0,
        1.0,
        1.0,
        1.0,
        1.0,
        1.0,
        1.0,
        1.0,
        1.0,
        1.0,
        1.0,
        1.0,
        1.0,
        1.0,
        1.0,
        1.0,
        1.0,
        1.0,
        1.0,
        1.0,
        1.0,
        1.0,
        1.0,
        1.0,
        1.0,
        1.0,
        1.0,
        1.0,
        1.0,
        1.0,
        1.0,
        1.0
    ],
    "min_trans_rot_dists": [
        [
            0.005740164675281992,
            0.05868504054103274
        ],
        [
            0.11270724490846236,
            0.6615116913966514
        ],
        [
            0.24428693347316807,
            0.049201181318857534
        ],
        [
            0.006192548303625856,
            0.14668875452067998
        ],
        [
            0.00423377286603407,
            0.6117191830189073
        ],
        [
            0.003850806984006422,
            0.6033182650480062
        ]
    ],
    "min_trans_rot_dists_prec": [
        [
            0.3430179751087084,
            0.6117191830189073
        ],
        [
            0.007517631803174209,
            0.6615116913966514
        ],
        [
            0.3205788743046525,
            0.9768039916113651
        ],
        [
            0.3248207134391042,
            0.3640908766678984
        ],
        [
            0.3230318321779755,
            0.049201181318857534
        ],
        [
            0.24506418176693806,
            0.4314043139582473
        ],
        [
            0.34581202554350904,
            0.6579562085785335
        ],
        [
            0.347817061005129,
            0.6206614091558404
        ],
        [
            0.2748730430611508,
            0.6033182650480062
        ],
        [
            0.3087907607429474,
            0.8708063522958025
        ],
        [
            0.31147833738950403,
            0.010151858341469144
        ],
        [
            0.3190164010083835,
            0.9795123892919965
        ],
        [
            0.1104185145620652,
            0.990621836827921
        ],
        [
            0.32504832852812965,
            0.3794756847403953
        ],
        [
            0.008008265860921506,
            0.14556252762843291
        ],
        [
            0.34574499930065267,
            0.6190299618199633
        ],
        [
            0.3214401880017963,
            0.9822320552706159
        ],
        [
            0.3243602533125339,
            0.38310404223210304
        ],
        [
            0.24627841426113808,
            0.2907421670869935
        ],
        [
            0.2787284091046369,
            0.45124208116735365
        ],
        [
            0.3197962696659411,
            0.9954558305166167
        ],
        [
            0.005740164675281992,
            0.05868504054103274
        ],
        [
            0.27420610963954734,
            0.1870524703763825
        ],
        [
            0.34598043792530203,
            0.6199753871627884
        ],
        [
            0.28273672381433723,
            0.45309404623303506
        ],
        [
            0.34269791871373795,
            0.9906451686243231
        ],
        [
            0.2462092399546465,
            0.8773999168168573
        ],
        [
            0.28138067187720833,
            0.44621770987586695
        ],
        [
            0.006192548303625856,
            0.14668875452067998
        ],
        [
            0.3276515417432563,
            0.35814090067420035
        ],
        [
            0.27287642138469814,
            0.8907276406792685
        ],
        [
            0.11123818035146549,
            0.7035438187354859
        ]
    ],
    "r_thresh_deg": 5,
    "t_thresh": 0.035,
    "t_thresh_prec": 0.04
}