{
    "match_ratio": 0.0,
    "recall": 0.0,
    "precision": 0.0,
    "n_avail": 4,
    "n_pred": 32,
    "out_scores": [
        1.0,
        1.0,
        1.0,
        1.0,
        1.0,
        1.0,
        1.0,
        1.0,
        1.0,
        1.0,
        1.0,
        1.0,
        1.0,
        1.0,
        1.0,
        1.0,
        1.0,
        1.0,
        1.0,
        1.0,
        1.0,
        1.0,
        1.0,
        1.0,
        1.0,
        1.0,
        1.0,
        1.0,
        1.0,
        1.0,
        1.0,
        1.0
    ],
    "min_trans_rot_dists": [
        [
            0.05564742754758662,
            0.0005011766473271839
        ],
        [
            0.06329050862392327,
            0.16033686193801233
        ],
        [
            0.041667016999938605,
            0.13068821444910095
        ],
        [
            0.038665497021210374,
            0.19465293063205358
        ]
    ],
    "min_trans_rot_dists_prec": [
        [
            0.04325201387430614,
            0.5861277410176016
        ],
        [
            0.06322855401709293,
            0.7677541479442014
        ],
        [
            0.06421814845836978,
            0.9516416482759225
        ],
        [
            0.06104376187149532,
            0.02937681760886257
        ],
        [
            0.06920587031021495,
            0.4603609582354383
        ],
        [
            0.0669470055649666,
            0.7548332640562757
        ],
        [
            0.06573013155478172,
            0.13068821444910095
        ],
        [
            0.044929213343274474,
            0.3143998870538044
        ],
        [
            0.03165661582259866,
            0.998785830813707
        ],
        [
            0.03495258041393188,
            0.8222052111582147
        ],
        [
            0.03111499696528827,
            0.9949723934180447
        ],
        [
            0.03151237701912818,
            0.9593572872849052
        ],
        [
            0.032839261004578825,
            0.9162204367464345
        ],
        [
            0.07003079877560643,
            0.44405923735901387
        ],
        [
            0.0438933066044419,
            0.1837843243912205
        ],
        [
            0.04281757480807525,
            0.6959463915928461
        ],
        [
            0.07003293809579089,
            0.555771187662744
        ],
        [
            0.06922962003993172,
            0.9245895336226242
        ],
        [
            0.07439895160601069,
            0.5275236189742321
        ],
        [
            0.0661573222573667,
            0.9391579554776072
        ],
        [
            0.042215354962442456,
            0.7105699559692551
        ],
        [
            0.07533562638307245,
            0.40352058482824615
        ],
        [
            0.06779854321805981,
            0.9777544308350283
        ],
        [
            0.030815618521053155,
            0.9678368893528477
        ],
        [
            0.07062343958501165,
            0.9300025202248842
        ],
        [
            0.027237733079567155,
            0.9923746508025754
        ],
        [
            0.05564742754758662,
            0.0005011766473271839
        ],
        [
            0.0452866998442273,
            0.16033686193801233
        ],
        [
            0.06727645563393131,
            0.9433690497747809
        ],
        [
            0.06352290807544275,
            0.857873723746586
        ],
        [
            0.06904260420492656,
            0.9509342391364701
        ],
        [
            0.038665497021210374,
            0.19465293063205358
        ]
    ],
    "r_thresh_deg": 5,
    "t_thresh": 0.035,
    "t_thresh_prec": 0.04
}