{
    "match_ratio": 0.2,
    "recall": 0.2,
    "precision": 0.15625,
    "n_avail": 10,
    "n_pred": 32,
    "out_scores": [
        1.0,
        1.0,
        1.0,
        1.0,
        1.0,
        1.0,
        1.0,
        1.0,
        1.0,
        1.0,
        1.0,
        1.0,
        1.0,
        1.0,
        1.0,
        1.0,
        1.0,
        1.0,
        1.0,
        1.0,
        1.0,
        1.0,
        1.0,
        1.0,
        1.0,
        1.0,
        1.0,
        1.0,
        1.0,
        1.0,
        1.0,
        1.0
    ],
    "min_trans_rot_dists": [
        [
            0.1111531536036914,
            0.5083035313194637
        ],
        [
            0.1392328038103041,
            9.900354367731179e-05
        ],
        [
            0.008558741811296513,
            0.1602618886597722
        ],
        [
            0.2943191283200161,
            9.900354367731179e-05
        ],
        [
            0.019423295953444403,
            0.03703322615385396
        ],
        [
            0.016007087456747008,
            0.012841885258419117
        ],
        [
            0.09926924205757945,
            0.029782194069740364
        ],
        [
            0.175376485471,
            9.900354367731179e-05
        ],
        [
            0.0461368244904893,
            0.9559370035217756
        ],
        [
            0.05967071207327702,
            9.900354367731179e-05
        ]
    ],
    "min_trans_rot_dists_prec": [
        [
            0.05967071207327702,
            9.900354367731179e-05
        ],
        [
            0.1111531536036914,
            0.5083035313194637
        ],
        [
            0.13774382199066215,
            0.9683195581487034
        ],
        [
            0.2763892031437316,
            0.1902197247396934
        ],
        [
            0.13956132897828186,
            0.08528043975317612
        ],
        [
            0.013614105148810528,
            0.9623453046317051
        ],
        [
            0.13986325408064754,
            0.018040731593281012
        ],
        [
            0.0467128133721949,
            0.25482129855603686
        ],
        [
            0.2751162245122273,
            0.9934460632565456
        ],
        [
            0.016904360187374224,
            0.9447778822880466
        ],
        [
            0.13333433767226172,
            0.9559370035217756
        ],
        [
            0.06095864666421561,
            0.014201587363071533
        ],
        [
            0.06098264912321906,
            0.014063621885000765
        ],
        [
            0.2912780444806165,
            0.1369770914644053
        ],
        [
            0.13675682834109668,
            0.15223308473779662
        ],
        [
            0.020631743862621604,
            0.03003191645884229
        ],
        [
            0.02156039232774958,
            0.027162753357408698
        ],
        [
            0.13270189658741208,
            0.9857089958195091
        ],
        [
            0.2932251766581564,
            0.6897616484900395
        ],
        [
            0.050523430696336885,
            0.1071411299281495
        ],
        [
            0.28879620752325447,
            0.09642802876810552
        ],
        [
            0.2862617520990799,
            0.8642939826923798
        ],
        [
            0.139437571029425,
            0.9155938968610796
        ],
        [
            0.2736663199370744,
            0.1602618886597722
        ],
        [
            0.2714388131003713,
            0.6054872965096642
        ],
        [
            0.13445321723883663,
            0.9847324666665161
        ],
        [
            0.07108778211757082,
            0.37673754895001343
        ],
        [
            0.018051747335210103,
            0.029782194069740364
        ],
        [
            0.05914428410902223,
            0.1313353027552714
        ],
        [
            0.016007087456747008,
            0.012841885258419117
        ],
        [
            0.13778319478650705,
            0.02128223188183498
        ],
        [
            0.019423295953444403,
            0.03703322615385396
        ]
    ],
    "r_thresh_deg": 5,
    "t_thresh": 0.035,
    "t_thresh_prec": 0.04
}