{
    "match_ratio": 0.0,
    "recall": 0.0,
    "precision": 0.0,
    "n_avail": 4,
    "n_pred": 32,
    "out_scores": [
        1.0,
        1.0,
        1.0,
        1.0,
        1.0,
        1.0,
        1.0,
        1.0,
        1.0,
        1.0,
        1.0,
        1.0,
        1.0,
        1.0,
        1.0,
        1.0,
        1.0,
        1.0,
        1.0,
        1.0,
        1.0,
        1.0,
        1.0,
        1.0,
        1.0,
        1.0,
        1.0,
        1.0,
        1.0,
        1.0,
        1.0,
        1.0
    ],
    "min_trans_rot_dists": [
        [
            0.06325175802532738,
            0.3547001235312418
        ],
        [
            0.07075869106464623,
            0.00021721306329214318
        ],
        [
            0.04962066597148864,
            0.3547001235312418
        ],
        [
            0.04871136177457395,
            0.00021721306329214318
        ]
    ],
    "min_trans_rot_dists_prec": [
        [
            0.052387832545585,
            0.0009307147346051536
        ],
        [
            0.0521751919948144,
            0.009569627036664863
        ],
        [
            0.04758652102546351,
            0.0013098887463869335
        ],
        [
            0.13660366179866817,
            0.34639317131058645
        ],
        [
            0.06353720541296994,
            0.9622516306075791
        ],
        [
            0.0677839992878812,
            0.4634668517675904
        ],
        [
            0.04704852219749098,
            0.0019275349415723841
        ],
        [
            0.06566524627501082,
            0.46705843704995587
        ],
        [
            0.05318144413757035,
            0.009789078650660588
        ],
        [
            0.06714942180014957,
            0.4715660072764175
        ],
        [
            0.04871136177457395,
            0.00021721306329214318
        ],
        [
            0.06325175802532738,
            0.3547001235312418
        ],
        [
            0.05049914449862707,
            0.9988005671331182
        ],
        [
            0.06597396908795697,
            0.4692716564230254
        ],
        [
            0.05357450328522025,
            0.0002202765243993765
        ],
        [
            0.06122285814711207,
            0.45405855004346474
        ],
        [
            0.03446303318129361,
            0.9518285010828981
        ],
        [
            0.05652942440639413,
            0.007948752934674785
        ],
        [
            0.06369148544785531,
            0.473103967516202
        ],
        [
            0.06498436864209409,
            0.4700351917042366
        ],
        [
            0.049833881431718775,
            0.0015523535883490425
        ],
        [
            0.06334945768411665,
            0.9913522889914496
        ],
        [
            0.048989508838943374,
            0.0012716536457456629
        ],
        [
            0.061162335493825236,
            0.4706513412960154
        ],
        [
            0.059190447404139646,
            0.9981411413893846
        ],
        [
            0.06426247719216273,
            0.4682289194848731
        ],
        [
            0.0535468745190062,
            0.004792644750866826
        ],
        [
            0.06060468961021942,
            0.45610779517889055
        ],
        [
            0.06517705331783033,
            0.46904359298789866
        ],
        [
            0.06939589827418528,
            0.465278136196397
        ],
        [
            0.04879555195370912,
            0.0013938433531546224
        ],
        [
            0.06660842025571273,
            0.4777300139763324
        ]
    ],
    "r_thresh_deg": 5,
    "t_thresh": 0.035,
    "t_thresh_prec": 0.04
}