{
    "match_ratio": 0.21428571428571427,
    "recall": 0.21428571428571427,
    "precision": 0.09375,
    "n_avail": 14,
    "n_pred": 32,
    "out_scores": [
        1.0,
        1.0,
        1.0,
        1.0,
        1.0,
        1.0,
        1.0,
        1.0,
        1.0,
        1.0,
        1.0,
        1.0,
        1.0,
        1.0,
        1.0,
        1.0,
        1.0,
        1.0,
        1.0,
        1.0,
        1.0,
        1.0,
        1.0,
        1.0,
        1.0,
        1.0,
        1.0,
        1.0,
        1.0,
        1.0,
        1.0,
        1.0
    ],
    "min_trans_rot_dists": [
        [
            0.09764423233301046,
            0.0835666387557501
        ],
        [
            0.35184274640555285,
            0.11678568319246752
        ],
        [
            0.009186423640560158,
            0.0835666387557501
        ],
        [
            0.33988865277610303,
            0.11678568319246752
        ],
        [
            0.0074568465779444775,
            0.21085495989601266
        ],
        [
            0.3331111345049329,
            0.11678568319246752
        ],
        [
            0.09725076222738592,
            0.715580019791296
        ],
        [
            0.08711529157312459,
            0.36948679249784
        ],
        [
            0.011660474545157978,
            0.9999779623257782
        ],
        [
            0.011660474545157978,
            0.9619417412137419
        ],
        [
            0.028510459884722027,
            0.003646409465106304
        ],
        [
            0.04283871366807923,
            0.31709365663514655
        ],
        [
            0.0060289581205456725,
            0.18297685444273815
        ],
        [
            0.014217050587099026,
            0.01493295837151909
        ]
    ],
    "min_trans_rot_dists_prec": [
        [
            0.41882103178138036,
            0.9619417412137419
        ],
        [
            0.32731331302997996,
            0.8130092150658914
        ],
        [
            0.3443099165472752,
            0.6782079314470828
        ],
        [
            0.33988865277610303,
            0.11678568319246752
        ],
        [
            0.2851541145996675,
            0.31709365663514655
        ],
        [
            0.20862240017338116,
            0.21085495989601266
        ],
        [
            0.2113064605407436,
            0.6273048901577671
        ],
        [
            0.32310585163583605,
            0.4164132016664823
        ],
        [
            0.3419596965826247,
            0.3737271775799045
        ],
        [
            0.3420666069102207,
            0.5579867871520416
        ],
        [
            0.28375214848187363,
            0.39513630699169733
        ],
        [
            0.014217050587099026,
            0.01493295837151909
        ],
        [
            0.1366065367902117,
            0.5386432358050055
        ],
        [
            0.016751792031777454,
            0.26733667899363134
        ],
        [
            0.3663906615854793,
            0.715580019791296
        ],
        [
            0.3058998009167761,
            0.36948679249784
        ],
        [
            0.028510459884722027,
            0.003646409465106304
        ],
        [
            0.016914917733945028,
            0.9999973460222409
        ],
        [
            0.019790613497763645,
            0.9999995745963022
        ],
        [
            0.13458723133317135,
            0.25811729396615424
        ],
        [
            0.3443146371438435,
            0.9974145844850314
        ],
        [
            0.22393610642168918,
            0.9569467096861999
        ],
        [
            0.3456249320464925,
            0.6972270637298945
        ],
        [
            0.13515523645214947,
            0.36111184678414654
        ],
        [
            0.3429875049084803,
            0.8260272509454769
        ],
        [
            0.2884361112585237,
            0.9408717636187457
        ],
        [
            0.01743385044513727,
            0.9999969698028053
        ],
        [
            0.009186423640560158,
            0.0835666387557501
        ],
        [
            0.3450067502613271,
            0.8515149487404238
        ],
        [
            0.018230407653730154,
            0.9999998562557282
        ],
        [
            0.3484311208089937,
            0.18297685444273815
        ],
        [
            0.01074995621268159,
            0.1446529377955732
        ]
    ],
    "r_thresh_deg": 5,
    "t_thresh": 0.035,
    "t_thresh_prec": 0.04
}