{
    "match_ratio": 0.125,
    "recall": 0.125,
    "precision": 0.0625,
    "n_avail": 8,
    "n_pred": 32,
    "out_scores": [
        1.0,
        1.0,
        1.0,
        1.0,
        1.0,
        1.0,
        1.0,
        1.0,
        1.0,
        1.0,
        1.0,
        1.0,
        1.0,
        1.0,
        1.0,
        1.0,
        1.0,
        1.0,
        1.0,
        1.0,
        1.0,
        1.0,
        1.0,
        1.0,
        1.0,
        1.0,
        1.0,
        1.0,
        1.0,
        1.0,
        1.0,
        1.0
    ],
    "min_trans_rot_dists": [
        [
            0.21654667853878679,
            0.0014238861295994276
        ],
        [
            0.06425619645416449,
            0.9002147278982549
        ],
        [
            0.15690060692027158,
            0.0014238861295994276
        ],
        [
            0.043574151789544484,
            0.9025793928939692
        ],
        [
            0.006611032870331748,
            0.0014238861295994276
        ],
        [
            0.15586156871823043,
            0.9025793928939692
        ],
        [
            0.09625654041796038,
            0.13471053594177573
        ],
        [
            0.08984422566678457,
            0.097597806801339
        ]
    ],
    "min_trans_rot_dists_prec": [
        [
            0.397950480282411,
            0.13471053594177573
        ],
        [
            0.05978014901934789,
            0.5561358987411207
        ],
        [
            0.043574151789544484,
            0.9025793928939692
        ],
        [
            0.3261577902852845,
            0.3276572940809048
        ],
        [
            0.3276879173164829,
            0.40178532268111755
        ],
        [
            0.40037538089899644,
            0.9996781225633647
        ],
        [
            0.40613679796497265,
            0.9141831302307932
        ],
        [
            0.006611032870331748,
            0.0014238861295994276
        ],
        [
            0.048700243270603655,
            0.018974008621512217
        ],
        [
            0.03632636893189394,
            0.017589475654499975
        ],
        [
            0.4016078722878817,
            0.5857149278093354
        ],
        [
            0.3267268082084001,
            0.2193259918306517
        ],
        [
            0.4011479848229393,
            0.17811507622463152
        ],
        [
            0.04274458921852766,
            0.9587210219442945
        ],
        [
            0.32360307629984875,
            0.3662381714561964
        ],
        [
            0.04639036140981623,
            0.5089800039342804
        ],
        [
            0.3238802710734891,
            0.2695507977213415
        ],
        [
            0.3256740159019531,
            0.097597806801339
        ],
        [
            0.40398305573780136,
            0.7922039489794809
        ],
        [
            0.32326764942461406,
            0.9998279392934545
        ],
        [
            0.3279611908679983,
            0.027811439271881233
        ],
        [
            0.3996813846223855,
            0.16021231648416245
        ],
        [
            0.39785825165576305,
            0.19793677616465222
        ],
        [
            0.0459253712078319,
            0.9002147278982549
        ],
        [
            0.3274238306744105,
            0.19219920924137235
        ],
        [
            0.3984682128364449,
            0.18445686216242962
        ],
        [
            0.3254731061352555,
            0.26830867246314694
        ],
        [
            0.05477843178432865,
            0.4996728793501717
        ],
        [
            0.32662489649106724,
            0.056778669183562
        ],
        [
            0.050348372847563404,
            0.9621557361008735
        ],
        [
            0.32587285377867936,
            0.20967290615778778
        ],
        [
            0.4029707848194794,
            0.9573215007203848
        ]
    ],
    "r_thresh_deg": 5,
    "t_thresh": 0.035,
    "t_thresh_prec": 0.04
}