{
    "match_ratio": 0.2,
    "recall": 0.2,
    "precision": 0.09375,
    "n_avail": 10,
    "n_pred": 32,
    "out_scores": [
        1.0,
        1.0,
        1.0,
        1.0,
        1.0,
        1.0,
        1.0,
        1.0,
        1.0,
        1.0,
        1.0,
        1.0,
        1.0,
        1.0,
        1.0,
        1.0,
        1.0,
        1.0,
        1.0,
        1.0,
        1.0,
        1.0,
        1.0,
        1.0,
        1.0,
        1.0,
        1.0,
        1.0,
        1.0,
        1.0,
        1.0,
        1.0
    ],
    "min_trans_rot_dists": [
        [
            0.06096168297416241,
            0.9996232290482432
        ],
        [
            0.06096168297416241,
            0.19154373174475814
        ],
        [
            0.008779486418470478,
            0.9994467553291905
        ],
        [
            0.008779486418470478,
            0.17876260803907207
        ],
        [
            0.026100426643832206,
            0.19492280293592423
        ],
        [
            0.018006957801168268,
            0.06344064201835842
        ],
        [
            0.22220517970527945,
            0.49972808753230646
        ],
        [
            0.014097334593336529,
            0.04902567241078881
        ],
        [
            0.0680596439539062,
            0.49972808753230646
        ],
        [
            0.18732560213913987,
            0.04630565567828959
        ]
    ],
    "min_trans_rot_dists_prec": [
        [
            0.03172824663936405,
            0.9911086826630352
        ],
        [
            0.38439528801385225,
            0.8099244795117183
        ],
        [
            0.01483668391980482,
            0.04630565567828959
        ],
        [
            0.24206677197595342,
            0.19492280293592423
        ],
        [
            0.3048637814623083,
            0.4498433513989808
        ],
        [
            0.37235701001124616,
            0.5197162821770829
        ],
        [
            0.3087454510530535,
            0.4786842099366664
        ],
        [
            0.37340772834456565,
            0.5182681890578188
        ],
        [
            0.008779486418470478,
            0.17876260803907207
        ],
        [
            0.018006957801168268,
            0.06344064201835842
        ],
        [
            0.07858759638305864,
            0.17820725195292197
        ],
        [
            0.318171992049758,
            0.2599790865600464
        ],
        [
            0.32466846255746196,
            0.26519044109290746
        ],
        [
            0.014097334593336529,
            0.04902567241078881
        ],
        [
            0.16639498186791066,
            0.9744407710734513
        ],
        [
            0.2444534605205191,
            0.1827078562642105
        ],
        [
            0.07677169902146072,
            0.8041136668417818
        ],
        [
            0.36919422631905346,
            0.49972808753230646
        ],
        [
            0.16705889536388566,
            0.9664799563151069
        ],
        [
            0.3712763600393687,
            0.498311066147583
        ],
        [
            0.01607218068098945,
            0.19154373174475814
        ],
        [
            0.30695206807679437,
            0.45103442460828735
        ],
        [
            0.08324138028965007,
            0.20635177360435697
        ],
        [
            0.2698565510761928,
            0.9996286121332598
        ],
        [
            0.07494812380150942,
            0.8327130666719549
        ],
        [
            0.30779551041552095,
            0.437219153246043
        ],
        [
            0.27337765242235046,
            0.9627820487171224
        ],
        [
            0.3212471924800627,
            0.2929238660497627
        ],
        [
            0.07740202376306804,
            0.7950276384875832
        ],
        [
            0.38534434919847776,
            0.8272486824195815
        ],
        [
            0.38816274242894205,
            0.8207120180785967
        ],
        [
            0.009102797423446113,
            0.16988095882126786
        ]
    ],
    "r_thresh_deg": 5,
    "t_thresh": 0.035,
    "t_thresh_prec": 0.04
}