{
    "match_ratio": 0.3333333333333333,
    "recall": 0.3333333333333333,
    "precision": 0.09375,
    "n_avail": 6,
    "n_pred": 32,
    "out_scores": [
        1.0,
        1.0,
        1.0,
        1.0,
        1.0,
        1.0,
        1.0,
        1.0,
        1.0,
        1.0,
        1.0,
        1.0,
        1.0,
        1.0,
        1.0,
        1.0,
        1.0,
        1.0,
        1.0,
        1.0,
        1.0,
        1.0,
        1.0,
        1.0,
        1.0,
        1.0,
        1.0,
        1.0,
        1.0,
        1.0,
        1.0,
        1.0
    ],
    "min_trans_rot_dists": [
        [
            0.09978749989540758,
            0.02662201902693606
        ],
        [
            0.01006865487083378,
            0.37315323400661826
        ],
        [
            0.02192175463302418,
            0.02662201902693606
        ],
        [
            0.01483808009434899,
            0.3396740723847006
        ],
        [
            0.026723968117616723,
            0.02320475439391556
        ],
        [
            0.01053664806028023,
            0.18137360034568017
        ]
    ],
    "min_trans_rot_dists_prec": [
        [
            0.24093843198425377,
            0.564323055727731
        ],
        [
            0.23682787226597615,
            0.867066200587794
        ],
        [
            0.02192175463302418,
            0.02662201902693606
        ],
        [
            0.10011265090879529,
            0.9974684740482442
        ],
        [
            0.01483808009434899,
            0.3396740723847006
        ],
        [
            0.14733602583801617,
            0.8439318123973452
        ],
        [
            0.24282865286800615,
            0.5922612740567028
        ],
        [
            0.24460808598857445,
            0.5768462623763045
        ],
        [
            0.14616925820795107,
            0.18137360034568017
        ],
        [
            0.025813155488022432,
            0.9977282441557104
        ],
        [
            0.024052990741921767,
            0.9977107024433668
        ],
        [
            0.027846135588767806,
            0.9988304817540495
        ],
        [
            0.2416677935254154,
            0.6027229132887627
        ],
        [
            0.1539776468883017,
            0.24573406766027905
        ],
        [
            0.08209230944276177,
            0.5850965900888984
        ],
        [
            0.1389677160163879,
            0.9411376001489531
        ],
        [
            0.14764227431713273,
            0.222350517582229
        ],
        [
            0.10403656135216409,
            0.9964645206313011
        ],
        [
            0.09718430322588684,
            0.9476676222736299
        ],
        [
            0.14947711297623248,
            0.15292251812397295
        ],
        [
            0.11090186654760868,
            0.3561699749325845
        ],
        [
            0.23837304657916203,
            0.8599041822655464
        ],
        [
            0.23465551880751848,
            0.9656534559917584
        ],
        [
            0.01006865487083378,
            0.9999041614914117
        ],
        [
            0.15214986453156895,
            0.12425936722526487
        ],
        [
            0.24242565023148693,
            0.5850831018534075
        ],
        [
            0.21895558319960964,
            0.38412571145032837
        ],
        [
            0.10159190839334847,
            0.9986268047087372
        ],
        [
            0.02789801308059323,
            0.3111126539748461
        ],
        [
            0.022823710317982464,
            0.01354796867932917
        ],
        [
            0.026723968117616723,
            0.02320475439391556
        ],
        [
            0.023896540581570647,
            0.32041360839544697
        ]
    ],
    "r_thresh_deg": 5,
    "t_thresh": 0.035,
    "t_thresh_prec": 0.04
}