{
    "match_ratio": 1.0,
    "recall": 1.0,
    "precision": 0.09375,
    "n_avail": 2,
    "n_pred": 32,
    "out_scores": [
        1.0,
        1.0,
        1.0,
        1.0,
        1.0,
        1.0,
        1.0,
        1.0,
        1.0,
        1.0,
        1.0,
        1.0,
        1.0,
        1.0,
        1.0,
        1.0,
        1.0,
        1.0,
        1.0,
        1.0,
        1.0,
        1.0,
        1.0,
        1.0,
        1.0,
        1.0,
        1.0,
        1.0,
        1.0,
        1.0,
        1.0,
        1.0
    ],
    "min_trans_rot_dists": [
        [
            0.006746553985703064,
            0.02601286536021863
        ],
        [
            0.02232437665436761,
            0.015469450920724603
        ]
    ],
    "min_trans_rot_dists_prec": [
        [
            0.20343358153009344,
            0.38789220250066825
        ],
        [
            0.19987145248293717,
            0.17265986044460913
        ],
        [
            0.2244522477507717,
            0.9999820377505915
        ],
        [
            0.020488042167296935,
            0.020468394388766353
        ],
        [
            0.02113997922841996,
            0.9999925118732028
        ],
        [
            0.020247572148242573,
            0.9999635979479615
        ],
        [
            0.01152500934471222,
            0.9881061292165995
        ],
        [
            0.20214387504902848,
            0.9767929886938905
        ],
        [
            0.2060152662944227,
            0.9991058262407511
        ],
        [
            0.2182673922329422,
            0.05151572391480419
        ],
        [
            0.010698856607646851,
            0.6373693181416717
        ],
        [
            0.20219254372251916,
            0.3911514498548022
        ],
        [
            0.010108677834668348,
            0.9885603560947214
        ],
        [
            0.019782574221671675,
            0.9999687284578737
        ],
        [
            0.20453989082124716,
            0.37950459353479005
        ],
        [
            0.1977701103872657,
            0.17122705292013018
        ],
        [
            0.20919388125539842,
            0.9999994637399315
        ],
        [
            0.006746553985703064,
            0.02601286536021863
        ],
        [
            0.01132061629262186,
            0.9852111356746929
        ],
        [
            0.2309784301305031,
            0.48710445283561365
        ],
        [
            0.021389354197449695,
            0.9999573749457915
        ],
        [
            0.22779994538599527,
            0.9999614584218425
        ],
        [
            0.22002582601179954,
            0.9999607992679286
        ],
        [
            0.02017280640315403,
            0.9999993965015811
        ],
        [
            0.2282570001999534,
            0.9999555688876622
        ],
        [
            0.02197797173820424,
            0.9999996068533802
        ],
        [
            0.19874778182562222,
            0.17940556293577326
        ],
        [
            0.02232437665436761,
            0.015469450920724603
        ],
        [
            0.02044027447617075,
            0.9999626273836387
        ],
        [
            0.21993352322143864,
            0.9999980249415711
        ],
        [
            0.22165763144803316,
            0.9999039593763888
        ],
        [
            0.011352071589464158,
            0.8017239291529165
        ]
    ],
    "r_thresh_deg": 5,
    "t_thresh": 0.035,
    "t_thresh_prec": 0.04
}