{
    "match_ratio": 0.0,
    "recall": 0.0,
    "precision": 0.0,
    "n_avail": 6,
    "n_pred": 32,
    "out_scores": [
        1.0,
        1.0,
        1.0,
        1.0,
        1.0,
        1.0,
        1.0,
        1.0,
        1.0,
        1.0,
        1.0,
        1.0,
        1.0,
        1.0,
        1.0,
        1.0,
        1.0,
        1.0,
        1.0,
        1.0,
        1.0,
        1.0,
        1.0,
        1.0,
        1.0,
        1.0,
        1.0,
        1.0,
        1.0,
        1.0,
        1.0,
        1.0
    ],
    "min_trans_rot_dists": [
        [
            0.009977022885355064,
            0.8433987117502173
        ],
        [
            0.27741313308850757,
            0.15626574519976433
        ],
        [
            0.0870944595365712,
            0.8192278144410992
        ],
        [
            0.19953597374599077,
            0.15626574519976433
        ],
        [
            0.015161342370786285,
            0.9887007308650922
        ],
        [
            0.036794528923992834,
            0.2490161065485592
        ]
    ],
    "min_trans_rot_dists_prec": [
        [
            0.24465100728450104,
            0.2490161065485592
        ],
        [
            0.009977022885355064,
            0.8433987117502173
        ],
        [
            0.018433391901999965,
            0.8553068774830126
        ],
        [
            0.31628078344165605,
            0.9887007308650922
        ],
        [
            0.295683601810166,
            0.00026597278876738795
        ],
        [
            0.016875416260271225,
            0.8192278144410992
        ],
        [
            0.012357352364515616,
            0.9999965048872832
        ],
        [
            0.23820205890527577,
            0.25768348796303997
        ],
        [
            0.287468392454645,
            0.0001923809309536395
        ],
        [
            0.3277762565753065,
            0.5624708370496712
        ],
        [
            0.22198600508310246,
            0.9756180859053682
        ],
        [
            0.014053378744280092,
            0.8566073425337644
        ],
        [
            0.24538602454446554,
            0.2568542870126054
        ],
        [
            0.2370596104556397,
            0.2623820963756177
        ],
        [
            0.017065321591401846,
            0.8372984794879093
        ],
        [
            0.2836765469832334,
            0.00020214238541926832
        ],
        [
            0.01254611633165251,
            0.4116212411232729
        ],
        [
            0.2347064743957412,
            0.24470926988720598
        ],
        [
            0.23153322173905425,
            0.25828830102737743
        ],
        [
            0.013774445392987743,
            0.3348323546441817
        ],
        [
            0.23546398969245833,
            0.26588947331051793
        ],
        [
            0.19953597374599077,
            0.15626574519976433
        ],
        [
            0.012671005682311864,
            0.8498124331493813
        ],
        [
            0.2855761296859169,
            0.00032923501582748926
        ],
        [
            0.3270303888937467,
            0.5550247018388662
        ],
        [
            0.24532631326102003,
            0.2565842944041875
        ],
        [
            0.23927212954487945,
            0.2570523236971952
        ],
        [
            0.015490751577759245,
            0.8519871321327965
        ],
        [
            0.20275856093247305,
            0.18257289153130107
        ],
        [
            0.3134211087393468,
            0.9901452935013584
        ],
        [
            0.28967497411970244,
            0.0002846772782880702
        ],
        [
            0.010817382977514549,
            0.5840553483898203
        ]
    ],
    "r_thresh_deg": 5,
    "t_thresh": 0.035,
    "t_thresh_prec": 0.04
}