{
    "match_ratio": 0.16666666666666666,
    "recall": 0.16666666666666666,
    "precision": 0.0625,
    "n_avail": 6,
    "n_pred": 32,
    "out_scores": [
        1.0,
        1.0,
        1.0,
        1.0,
        1.0,
        1.0,
        1.0,
        1.0,
        1.0,
        1.0,
        1.0,
        1.0,
        1.0,
        1.0,
        1.0,
        1.0,
        1.0,
        1.0,
        1.0,
        1.0,
        1.0,
        1.0,
        1.0,
        1.0,
        1.0,
        1.0,
        1.0,
        1.0,
        1.0,
        1.0,
        1.0,
        1.0
    ],
    "min_trans_rot_dists": [
        [
            0.15390005081799404,
            0.40402382542657134
        ],
        [
            0.14049058321390367,
            0.09962913560243492
        ],
        [
            0.016333552529162104,
            0.382217210573795
        ],
        [
            0.01471561794673482,
            0.047837854303067195
        ],
        [
            0.035055436761348945,
            0.2399090234139537
        ],
        [
            0.033837520044433925,
            0.9753300730451052
        ]
    ],
    "min_trans_rot_dists_prec": [
        [
            0.2804918280655979,
            0.5715408378236373
        ],
        [
            0.15390005081799404,
            0.40402382542657134
        ],
        [
            0.28259623248341365,
            0.020237462504716364
        ],
        [
            0.2788624066004665,
            0.2399090234139537
        ],
        [
            0.1467374810959606,
            0.9681853144482274
        ],
        [
            0.020134407614970616,
            0.09962913560243492
        ],
        [
            0.015539853311006354,
            0.4292095647729759
        ],
        [
            0.2813157429250387,
            0.5603870269011946
        ],
        [
            0.013948295202203026,
            0.04179101668403673
        ],
        [
            0.283592806641062,
            0.5631972743349634
        ],
        [
            0.2908690989540173,
            0.6990952377921259
        ],
        [
            0.28765298272435186,
            0.02204859656319358
        ],
        [
            0.1471284452478282,
            0.2902501184802456
        ],
        [
            0.13979660454647902,
            0.5492339009617296
        ],
        [
            0.2913759216989568,
            0.5758713623371822
        ],
        [
            0.14123652738149603,
            0.9637613377017352
        ],
        [
            0.14660959809920412,
            0.5199798662594732
        ],
        [
            0.27337445300604607,
            0.7054641218267828
        ],
        [
            0.28919722565351025,
            0.572219591565285
        ],
        [
            0.12564683111190467,
            0.3726317047740221
        ],
        [
            0.282682652136145,
            0.5890683530449574
        ],
        [
            0.16322919578005918,
            0.382217210573795
        ],
        [
            0.2875628990927086,
            0.6847705712083063
        ],
        [
            0.01471561794673482,
            0.047837854303067195
        ],
        [
            0.014781309079524355,
            0.7051080932941294
        ],
        [
            0.2837968753377306,
            0.5655565541006766
        ],
        [
            0.13786576544196424,
            0.9753300730451052
        ],
        [
            0.283131379604206,
            0.5640273966231083
        ],
        [
            0.13685361752232406,
            0.9631841441854745
        ],
        [
            0.1479390260472319,
            0.34960227766482654
        ],
        [
            0.14519560647777718,
            0.9419790613095969
        ],
        [
            0.14426073281340968,
            0.546849086931594
        ]
    ],
    "r_thresh_deg": 5,
    "t_thresh": 0.035,
    "t_thresh_prec": 0.04
}