{
    "match_ratio": 0.25,
    "recall": 0.25,
    "precision": 0.0625,
    "n_avail": 8,
    "n_pred": 32,
    "out_scores": [
        1.0,
        1.0,
        1.0,
        1.0,
        1.0,
        1.0,
        1.0,
        1.0,
        1.0,
        1.0,
        1.0,
        1.0,
        1.0,
        1.0,
        1.0,
        1.0,
        1.0,
        1.0,
        1.0,
        1.0,
        1.0,
        1.0,
        1.0,
        1.0,
        1.0,
        1.0,
        1.0,
        1.0,
        1.0,
        1.0,
        1.0,
        1.0
    ],
    "min_trans_rot_dists": [
        [
            0.009847645053846136,
            0.6353933893756574
        ],
        [
            0.01637955614913015,
            0.0005484275564899832
        ],
        [
            0.09443418313226158,
            0.1204628975606582
        ],
        [
            0.09707441547274646,
            0.3188846095842215
        ],
        [
            0.14168350073766806,
            0.043581672846413344
        ],
        [
            0.1370828013092201,
            0.38547163994725653
        ],
        [
            0.013191634668813729,
            0.043581672846413344
        ],
        [
            0.013947962966625756,
            0.38547163994725653
        ]
    ],
    "min_trans_rot_dists_prec": [
        [
            0.2291684563411071,
            0.8563646332778552
        ],
        [
            0.009847645053846136,
            0.6353933893756574
        ],
        [
            0.010947574020604338,
            0.9772142292094305
        ],
        [
            0.2338253020738399,
            0.862051392218762
        ],
        [
            0.22551889908522219,
            0.9999445024310067
        ],
        [
            0.016187103721920212,
            0.9999999971010899
        ],
        [
            0.22703983468082767,
            0.4453731811708672
        ],
        [
            0.31574501075961076,
            0.365543532961385
        ],
        [
            0.3153482035951078,
            0.44459598484247953
        ],
        [
            0.011614724688924613,
            0.1204628975606582
        ],
        [
            0.01646013438604237,
            0.999996206779775
        ],
        [
            0.22541995572310458,
            0.9886528427307162
        ],
        [
            0.29818995679127674,
            0.5927434544891331
        ],
        [
            0.23222780607604032,
            0.6123885111989569
        ],
        [
            0.3110976493019947,
            0.4815949734479211
        ],
        [
            0.017188886916595415,
            0.9999951599048694
        ],
        [
            0.013191634668813729,
            0.043581672846413344
        ],
        [
            0.38596911563329644,
            0.6058616850198002
        ],
        [
            0.31542096993303714,
            0.9999981246570561
        ],
        [
            0.3121087786600267,
            0.7255263342795715
        ],
        [
            0.013911326923159212,
            0.9998577529705472
        ],
        [
            0.012367841138078796,
            0.4771087940998241
        ],
        [
            0.010714484779532976,
            0.9489250212046534
        ],
        [
            0.38193330047747265,
            0.5248111926788814
        ],
        [
            0.3001120684440825,
            0.6540699301392692
        ],
        [
            0.2229447358586125,
            0.38547163994725653
        ],
        [
            0.009856900364722051,
            0.7876925207614176
        ],
        [
            0.019570111942026222,
            0.9999994637718266
        ],
        [
            0.2992889125605358,
            0.4691088337373328
        ],
        [
            0.014671730643750743,
            0.6153199787603165
        ],
        [
            0.01637955614913015,
            0.0005484275564899832
        ],
        [
            0.22871698372914945,
            0.14262708726248663
        ]
    ],
    "r_thresh_deg": 5,
    "t_thresh": 0.035,
    "t_thresh_prec": 0.04
}