{
    "match_ratio": 0.0,
    "recall": 0.0,
    "precision": 0.0625,
    "n_avail": 6,
    "n_pred": 32,
    "out_scores": [
        1.0,
        1.0,
        1.0,
        1.0,
        1.0,
        1.0,
        1.0,
        1.0,
        1.0,
        1.0,
        1.0,
        1.0,
        1.0,
        1.0,
        1.0,
        1.0,
        1.0,
        1.0,
        1.0,
        1.0,
        1.0,
        1.0,
        1.0,
        1.0,
        1.0,
        1.0,
        1.0,
        1.0,
        1.0,
        1.0,
        1.0,
        1.0
    ],
    "min_trans_rot_dists": [
        [
            0.18527932087197235,
            0.03568751806683135
        ],
        [
            0.18576297830269792,
            0.29015768683998056
        ],
        [
            0.03760229270767778,
            0.034150963570488635
        ],
        [
            0.03360125180945516,
            0.29015768683998056
        ],
        [
            0.08074810561960319,
            0.49474362341486033
        ],
        [
            0.07089791476697621,
            0.30965513410858025
        ]
    ],
    "min_trans_rot_dists_prec": [
        [
            0.19539208463381547,
            0.49474362341486033
        ],
        [
            0.20055081629795457,
            0.9580652783724923
        ],
        [
            0.04149377452727559,
            0.9999915108807989
        ],
        [
            0.1928015891483908,
            0.504999976524182
        ],
        [
            0.04125912946908548,
            0.38573090200297466
        ],
        [
            0.0353994216355438,
            0.9975159115924181
        ],
        [
            0.18859642116131062,
            0.950966999160145
        ],
        [
            0.19447449953700974,
            0.9558210628320658
        ],
        [
            0.1847206697161415,
            0.30965513410858025
        ],
        [
            0.045585885870325894,
            0.5988393658595874
        ],
        [
            0.04523190196618549,
            0.38121391026287454
        ],
        [
            0.19392593894194698,
            0.9592863444483575
        ],
        [
            0.19822909538556002,
            0.5203014057971869
        ],
        [
            0.03661403457028048,
            0.9988439615524959
        ],
        [
            0.03830469836313807,
            0.03568751806683135
        ],
        [
            0.042739363604521186,
            0.3280512078921435
        ],
        [
            0.032920567731533595,
            0.501084528048843
        ],
        [
            0.03533340765701557,
            0.9990767499325997
        ],
        [
            0.03391409201615275,
            0.5020447528068812
        ],
        [
            0.03554543829164756,
            0.32661490992470577
        ],
        [
            0.19433775763501862,
            0.9513206575028503
        ],
        [
            0.19247225481132094,
            0.9508505360767142
        ],
        [
            0.19236835507769204,
            0.5226034894825822
        ],
        [
            0.19673456823494495,
            0.9579568389562876
        ],
        [
            0.046328246588767406,
            0.9998917344537303
        ],
        [
            0.03782870429647167,
            0.31568435092426095
        ],
        [
            0.037516609413246985,
            0.3889808728520521
        ],
        [
            0.1928065341811981,
            0.5033174905459147
        ],
        [
            0.03760229270767778,
            0.034150963570488635
        ],
        [
            0.04398912398699907,
            0.9998815235577614
        ],
        [
            0.19271397831977596,
            0.9554111999301192
        ],
        [
            0.03360125180945516,
            0.29015768683998056
        ]
    ],
    "r_thresh_deg": 5,
    "t_thresh": 0.035,
    "t_thresh_prec": 0.04
}