{
    "match_ratio": 0.16666666666666666,
    "recall": 0.16666666666666666,
    "precision": 0.15625,
    "n_avail": 6,
    "n_pred": 32,
    "out_scores": [
        1.0,
        1.0,
        1.0,
        1.0,
        1.0,
        1.0,
        1.0,
        1.0,
        1.0,
        1.0,
        1.0,
        1.0,
        1.0,
        1.0,
        1.0,
        1.0,
        1.0,
        1.0,
        1.0,
        1.0,
        1.0,
        1.0,
        1.0,
        1.0,
        1.0,
        1.0,
        1.0,
        1.0,
        1.0,
        1.0,
        1.0,
        1.0
    ],
    "min_trans_rot_dists": [
        [
            0.03411561364055152,
            0.9997206128166777
        ],
        [
            0.03411561364055152,
            0.3612966888826691
        ],
        [
            0.030173534303831125,
            0.054978082880975054
        ],
        [
            0.013693465484861032,
            0.2316817004178997
        ],
        [
            0.028432055226626167,
            0.709112563769468
        ],
        [
            0.1042627682386129,
            0.21879598813941115
        ]
    ],
    "min_trans_rot_dists_prec": [
        [
            0.03411561364055152,
            0.9997206128166777
        ],
        [
            0.30829132503909973,
            0.709112563769468
        ],
        [
            0.029823045948908545,
            0.05667819063137369
        ],
        [
            0.023087084358886123,
            0.9164655023577661
        ],
        [
            0.03194742687169782,
            0.05375832708687467
        ],
        [
            0.022442102982879342,
            0.838100843213599
        ],
        [
            0.046064897463058356,
            0.9997716131796693
        ],
        [
            0.029903416735153395,
            0.05756652333568735
        ],
        [
            0.023155771261866253,
            0.8556152428362099
        ],
        [
            0.04902230907282404,
            0.028773841583693116
        ],
        [
            0.10850823435476294,
            0.8479814070409324
        ],
        [
            0.04307594185441166,
            0.9997958538658541
        ],
        [
            0.030623696242605563,
            0.05871029441571296
        ],
        [
            0.022220179834417278,
            0.5484408192610518
        ],
        [
            0.23146254009776285,
            0.6952614642408118
        ],
        [
            0.1061029271032156,
            0.5071751565754096
        ],
        [
            0.044157785475108076,
            0.9995080767854303
        ],
        [
            0.038292692737342655,
            0.5202109711586638
        ],
        [
            0.05022673201346812,
            0.034421331808256794
        ],
        [
            0.3068808486110817,
            0.7175042695814874
        ],
        [
            0.1037026030631827,
            0.4838455241234476
        ],
        [
            0.046887662069186174,
            0.9997695707532187
        ],
        [
            0.036774546927528115,
            0.9998131322051299
        ],
        [
            0.013693465484861032,
            0.2316817004178997
        ],
        [
            0.030173534303831125,
            0.054978082880975054
        ],
        [
            0.04316387980460711,
            0.03000252733272646
        ],
        [
            0.02029199129072711,
            0.21879598813941115
        ],
        [
            0.10452410594179334,
            0.49006004509338186
        ],
        [
            0.14595836459910916,
            0.4495876388930272
        ],
        [
            0.04655019333473873,
            0.02936502878131264
        ],
        [
            0.02354173034686334,
            0.7463011069874609
        ],
        [
            0.020764713900413085,
            0.5647344786542017
        ]
    ],
    "r_thresh_deg": 5,
    "t_thresh": 0.035,
    "t_thresh_prec": 0.04
}