{
    "match_ratio": 0.2,
    "recall": 0.2,
    "precision": 0.15625,
    "n_avail": 10,
    "n_pred": 32,
    "out_scores": [
        1.0,
        1.0,
        1.0,
        1.0,
        1.0,
        1.0,
        1.0,
        1.0,
        1.0,
        1.0,
        1.0,
        1.0,
        1.0,
        1.0,
        1.0,
        1.0,
        1.0,
        1.0,
        1.0,
        1.0,
        1.0,
        1.0,
        1.0,
        1.0,
        1.0,
        1.0,
        1.0,
        1.0,
        1.0,
        1.0,
        1.0,
        1.0
    ],
    "min_trans_rot_dists": [
        [
            0.07664578433877864,
            0.0012001547206896834
        ],
        [
            0.2101013030921771,
            0.0026931226370859873
        ],
        [
            0.05194513002605984,
            0.0012001547206896834
        ],
        [
            0.16246920681550087,
            0.0026931226370859873
        ],
        [
            0.03277664702648777,
            0.17740147504674164
        ],
        [
            0.01902893054589512,
            0.0009043903779188955
        ],
        [
            0.2343549293783601,
            0.8129683856986629
        ],
        [
            0.15949876229110702,
            0.008143285815829682
        ],
        [
            0.06942279529783525,
            0.8129683856986629
        ],
        [
            0.02084053762912913,
            0.008143285815829682
        ]
    ],
    "min_trans_rot_dists_prec": [
        [
            0.3833727847361194,
            0.8129683856986629
        ],
        [
            0.24297400206743427,
            0.17740147504674164
        ],
        [
            0.3721007655988199,
            0.8511408984024229
        ],
        [
            0.38544990695482195,
            0.8095359163930811
        ],
        [
            0.022452951311620006,
            0.08666667212909851
        ],
        [
            0.24338527986146744,
            0.1982117271056777
        ],
        [
            0.38774427945869117,
            0.14404645965592666
        ],
        [
            0.08738302310932092,
            0.1894343248377729
        ],
        [
            0.18643853428111004,
            0.8031054797862935
        ],
        [
            0.3296789440475447,
            0.21011891700090624
        ],
        [
            0.02126918269216494,
            0.0026931226370859873
        ],
        [
            0.3901278307604765,
            0.14714939454040776
        ],
        [
            0.02084053762912913,
            0.008143285815829682
        ],
        [
            0.24740899428063395,
            0.18302664824071868
        ],
        [
            0.3867363759070448,
            0.1452493956939359
        ],
        [
            0.08167073230868792,
            0.19626539108416197
        ],
        [
            0.0637218461975013,
            0.9850673243489919
        ],
        [
            0.24275391165872726,
            0.18666340046889962
        ],
        [
            0.38574383018130226,
            0.8112270228269371
        ],
        [
            0.05529658292372547,
            0.8972480102553655
        ],
        [
            0.38612226459601234,
            0.7959963024467923
        ],
        [
            0.024414759841338767,
            0.0015409986594924208
        ],
        [
            0.06779330694326673,
            0.9828920122923241
        ],
        [
            0.07664578433877864,
            0.0012001547206896834
        ],
        [
            0.2283629179679666,
            0.6461475923724169
        ],
        [
            0.1664071629297165,
            0.18273746419541548
        ],
        [
            0.1853508871019401,
            0.8174146941176821
        ],
        [
            0.01902893054589512,
            0.0009043903779188955
        ],
        [
            0.3867079232853323,
            0.1428231435684132
        ],
        [
            0.18374165609707546,
            0.7949625115871386
        ],
        [
            0.2997889785996413,
            0.23981183220153024
        ],
        [
            0.05204060576423537,
            0.20587583472002657
        ]
    ],
    "r_thresh_deg": 5,
    "t_thresh": 0.035,
    "t_thresh_prec": 0.04
}