{
    "match_ratio": 0.0,
    "recall": 0.0,
    "precision": 0.0,
    "n_avail": 6,
    "n_pred": 32,
    "out_scores": [
        1.0,
        1.0,
        1.0,
        1.0,
        1.0,
        1.0,
        1.0,
        1.0,
        1.0,
        1.0,
        1.0,
        1.0,
        1.0,
        1.0,
        1.0,
        1.0,
        1.0,
        1.0,
        1.0,
        1.0,
        1.0,
        1.0,
        1.0,
        1.0,
        1.0,
        1.0,
        1.0,
        1.0,
        1.0,
        1.0,
        1.0,
        1.0
    ],
    "min_trans_rot_dists": [
        [
            0.2593193477186603,
            0.1723548581668214
        ],
        [
            0.24019675151566308,
            0.046977599332858166
        ],
        [
            0.23035470072474998,
            0.1723548581668214
        ],
        [
            0.21249441390773682,
            0.04247559163942072
        ],
        [
            0.07296597491253627,
            0.1723548581668214
        ],
        [
            0.0621031848523503,
            0.046977599332858166
        ]
    ],
    "min_trans_rot_dists_prec": [
        [
            0.2593193477186603,
            0.1723548581668214
        ],
        [
            0.21527895389110444,
            0.8779246976566092
        ],
        [
            0.21269805928281116,
            0.046977599332858166
        ],
        [
            0.23804799683528735,
            0.991468901351767
        ],
        [
            0.21537308935206936,
            0.8644482100338016
        ],
        [
            0.2123330046494572,
            0.05382880953261582
        ],
        [
            0.21439439306726069,
            0.8636200764514793
        ],
        [
            0.24024563402700816,
            0.993133144018197
        ],
        [
            0.2479743838568807,
            0.7843588658809789
        ],
        [
            0.21614568950399576,
            0.046984548972901496
        ],
        [
            0.2139220848353812,
            0.04983402953066385
        ],
        [
            0.21327176437534306,
            0.04971938998623737
        ],
        [
            0.011157156506723222,
            0.9988401778759878
        ],
        [
            0.21207230271372338,
            0.048344456449994966
        ],
        [
            0.21360931347535206,
            0.8846497147093212
        ],
        [
            0.014943643698804023,
            0.9999936260012462
        ],
        [
            0.2139843139545049,
            0.8618286733616378
        ],
        [
            0.21695241920121452,
            0.8673474733316049
        ],
        [
            0.21410869809779345,
            0.864657323918839
        ],
        [
            0.21600069343638342,
            0.875540382945088
        ],
        [
            0.21514480518175677,
            0.056347840223516465
        ],
        [
            0.21372818945808614,
            0.04960023500099697
        ],
        [
            0.008382285861364204,
            0.9993384864817472
        ],
        [
            0.12248885614583649,
            0.21567399542909926
        ],
        [
            0.2592168133850501,
            0.2005308759204394
        ],
        [
            0.016772850214031694,
            0.9999991276595765
        ],
        [
            0.21660459712338104,
            0.8655329515847358
        ],
        [
            0.23396524679103847,
            0.9784243958791061
        ],
        [
            0.21453706482139598,
            0.8659710414094648
        ],
        [
            0.21249441390773682,
            0.04247559163942072
        ],
        [
            0.2108600811361181,
            0.05201234652317499
        ],
        [
            0.21268534455263088,
            0.8986541808506985
        ]
    ],
    "r_thresh_deg": 5,
    "t_thresh": 0.035,
    "t_thresh_prec": 0.04
}