{
    "match_ratio": 0.21428571428571427,
    "recall": 0.21428571428571427,
    "precision": 0.125,
    "n_avail": 14,
    "n_pred": 32,
    "out_scores": [
        1.0,
        1.0,
        1.0,
        1.0,
        1.0,
        1.0,
        1.0,
        1.0,
        1.0,
        1.0,
        1.0,
        1.0,
        1.0,
        1.0,
        1.0,
        1.0,
        1.0,
        1.0,
        1.0,
        1.0,
        1.0,
        1.0,
        1.0,
        1.0,
        1.0,
        1.0,
        1.0,
        1.0,
        1.0,
        1.0,
        1.0,
        1.0
    ],
    "min_trans_rot_dists": [
        [
            0.02968279375290943,
            0.11875908082158315
        ],
        [
            0.19089236281098934,
            0.64563722254505
        ],
        [
            0.0203845462708908,
            0.22928079324305328
        ],
        [
            0.1614954782812748,
            0.1863113085048994
        ],
        [
            0.019226961425531704,
            0.0382881768795984
        ],
        [
            0.32117049756271554,
            0.2337381049890751
        ],
        [
            0.019816119234667733,
            0.002434589749764071
        ],
        [
            0.19228014603712448,
            0.1863113085048994
        ],
        [
            0.08454094735272265,
            0.6506783788036914
        ],
        [
            0.09026302387235555,
            0.1863113085048994
        ],
        [
            0.010729271326246294,
            0.999953478600987
        ],
        [
            0.020492258662580465,
            0.021388737008231518
        ],
        [
            0.01813368917009748,
            0.9999614595514522
        ],
        [
            0.01813368917009748,
            0.13678575416203087
        ]
    ],
    "min_trans_rot_dists_prec": [
        [
            0.17077507998847347,
            0.8675085630968351
        ],
        [
            0.4069996069616379,
            0.22983495040228674
        ],
        [
            0.02968279375290943,
            0.11875908082158315
        ],
        [
            0.17790167688302935,
            0.3138458185953177
        ],
        [
            0.1817746509706263,
            0.40961592950796444
        ],
        [
            0.1706581322657016,
            0.8721272350536858
        ],
        [
            0.3385753728574314,
            0.6506783788036914
        ],
        [
            0.17051085857752546,
            0.8737662996692492
        ],
        [
            0.34109118675048705,
            0.40229431256207826
        ],
        [
            0.020492258662580465,
            0.021388737008231518
        ],
        [
            0.33624000730216885,
            0.9819190442885273
        ],
        [
            0.2055524854395653,
            0.23572892361609254
        ],
        [
            0.17211308131525754,
            0.8759335698849084
        ],
        [
            0.34138053833076265,
            0.8077943595724786
        ],
        [
            0.3383039396288283,
            0.38631004140073555
        ],
        [
            0.34314916364102827,
            0.13678575416203087
        ],
        [
            0.5339202556919824,
            0.5719321111617421
        ],
        [
            0.2839066372067391,
            0.6570337170610301
        ],
        [
            0.02010514978343079,
            0.00421766077825092
        ],
        [
            0.03164607718043082,
            0.11911362177498463
        ],
        [
            0.34076465755296703,
            0.37729865817137753
        ],
        [
            0.1764486412437486,
            0.29943071159757706
        ],
        [
            0.1614954782812748,
            0.1863113085048994
        ],
        [
            0.019816119234667733,
            0.002434589749764071
        ],
        [
            0.016089691472352497,
            0.64563722254505
        ],
        [
            0.20639614949212542,
            0.22928079324305328
        ],
        [
            0.3397829510814743,
            0.38123062848823375
        ],
        [
            0.1694901729554533,
            0.7673025627470358
        ],
        [
            0.1738524096373865,
            0.2337381049890751
        ],
        [
            0.019226961425531704,
            0.0382881768795984
        ],
        [
            0.17326169622965534,
            0.8708587605079828
        ],
        [
            0.40747650457427365,
            0.2232425317988277
        ]
    ],
    "r_thresh_deg": 5,
    "t_thresh": 0.035,
    "t_thresh_prec": 0.04
}