{
    "match_ratio": 0.16666666666666666,
    "recall": 0.16666666666666666,
    "precision": 0.1875,
    "n_avail": 6,
    "n_pred": 32,
    "out_scores": [
        1.0,
        1.0,
        1.0,
        1.0,
        1.0,
        1.0,
        1.0,
        1.0,
        1.0,
        1.0,
        1.0,
        1.0,
        1.0,
        1.0,
        1.0,
        1.0,
        1.0,
        1.0,
        1.0,
        1.0,
        1.0,
        1.0,
        1.0,
        1.0,
        1.0,
        1.0,
        1.0,
        1.0,
        1.0,
        1.0,
        1.0,
        1.0
    ],
    "min_trans_rot_dists": [
        [
            0.02537163261500288,
            0.33075512425436904
        ],
        [
            0.01638024253315404,
            0.335910260511195
        ],
        [
            0.0306705060821079,
            0.013058969292660039
        ],
        [
            0.0354071617052762,
            0.0774888237413125
        ],
        [
            0.10215309150749154,
            0.517198747508684
        ],
        [
            0.11523398881983227,
            0.09130538692416978
        ]
    ],
    "min_trans_rot_dists_prec": [
        [
            0.05242729283817776,
            0.9857991093906123
        ],
        [
            0.037528773063016545,
            0.09130538692416978
        ],
        [
            0.0354071617052762,
            0.0774888237413125
        ],
        [
            0.01638024253315404,
            0.9999988070527579
        ],
        [
            0.22027607796789722,
            0.6803887162699818
        ],
        [
            0.038217975503777715,
            0.07929403891922715
        ],
        [
            0.2309725529553212,
            0.517198747508684
        ],
        [
            0.02537163261500288,
            0.33075512425436904
        ],
        [
            0.04439793981471435,
            0.10870585557820789
        ],
        [
            0.22402009577228468,
            0.9962518014090738
        ],
        [
            0.22350593111693404,
            0.9963338424336162
        ],
        [
            0.012358546039348384,
            0.9994454764862516
        ],
        [
            0.2130364147183301,
            0.8051557099516046
        ],
        [
            0.21451354431356728,
            0.995777237181938
        ],
        [
            0.22571521800665917,
            0.9971541510148015
        ],
        [
            0.035999081236738104,
            0.009099167271334085
        ],
        [
            0.03853251699519287,
            0.10395470396261708
        ],
        [
            0.22130182273517823,
            0.99501845798931
        ],
        [
            0.21152373653950057,
            0.9956836221538802
        ],
        [
            0.023085473977504437,
            0.3968564600319343
        ],
        [
            0.03359672133712365,
            0.014826369994665134
        ],
        [
            0.04893299751138734,
            0.9908442744315921
        ],
        [
            0.04601748286487608,
            0.9847402428912422
        ],
        [
            0.23023464492319254,
            0.9966183996846394
        ],
        [
            0.035704896846831875,
            0.07687715593299482
        ],
        [
            0.044396701816420366,
            0.9853314688215205
        ],
        [
            0.051754128123401084,
            0.9858570881608837
        ],
        [
            0.0306705060821079,
            0.013058969292660039
        ],
        [
            0.21801039449243875,
            0.9964233617748676
        ],
        [
            0.044603388249221165,
            0.9846970904119656
        ],
        [
            0.04902670602901044,
            0.985465750431531
        ],
        [
            0.051064698970128886,
            0.9771964359894317
        ]
    ],
    "r_thresh_deg": 5,
    "t_thresh": 0.035,
    "t_thresh_prec": 0.04
}